7.164768 -5.803132
6.508065 -4.941701
7.164768 -5.803132
11.142315 -3.131006
11.142315 -3.131006
9.804837 -2.553187
5.103766 -5.228967
4.684518 -4.334487
5.103766 -5.228967
4.684518 -4.334487
5.851362 -4.080270
8.988703 7.620286
7.235240 6.457813
8.216734 6.517335
3.536933 6.908075
3.303877 5.712706
1.516168 6.393341
1.675416 5.473073
1.516168 6.393341
1.675416 5.473073
1.272123 5.076314
1.474866 4.249431
1.474866 4.249431
9.236729 -5.178368
7.877917 -4.119763
8.693998 -1.814683
8.693998 -1.814683
8.467360 -1.975368
8.222899 -0.922819
8.222899 -0.922819
8.489828 -0.546488
8.489828 -0.546488
7.873140 -1.177132
7.873140 -1.177132
7.313418 -0.662261
-1.668957 1.094622
-1.064303 1.008410
10.471784 -1.172614
8.693998 -1.814683
5.856398 -5.206628
8.984219 -0.839343
10.471784 -1.172614
9.966103 -1.055623
8.443645 -0.425033
8.666540 -0.498381
7.873140 -1.177132
5.851362 -4.080270
7.873140 -1.177132
7.404144 -0.342469
9.997311 -2.330501
11.082422 -1.166791
11.179797 -1.347484
8.076254 -1.570067
8.058208 -1.610952
9.485858 -2.191341
9.898710 -1.703467
8.453356 -1.241860
8.209258 -1.144868
9.278637 -2.396600
9.131823 -2.593116
8.000723 -1.841297
-4.076415 0.676894
-2.988979 0.686965
-7.373008 1.555981
-5.587902 1.370602
4.526168 7.797816
7.222788 6.389677
3.626637 6.710559
7.474582 6.562587
7.242943 4.777071
6.700731 7.482110
7.734624 6.890091
6.241046 8.263979
5.654730 6.322244
6.477691 6.024392
6.477691 6.024392
1.638701 3.946402
1.638701 3.946402
1.804741 3.359621
9.363136 -2.091043
7.997326 -1.540267
9.431970 -2.388406
8.049991 -1.767242
9.653796 -2.523459
6.596149 -2.642927
8.561229 -0.820652
8.933566 -1.193028
10.040307 -0.723822
9.996591 -0.458117
7.885430 -0.675783
8.513295 0.164451
9.351722 -2.350104
8.014511 -1.741211
10.125812 -1.072391
9.256497 -0.803658
8.384107 -0.654431
8.453618 -1.471849
7.334734 -1.089136
8.107019 5.805736
6.986489 7.446845
5.641908 6.820919
6.785430 4.462673
8.315720 6.241256
6.662169 6.277893
7.136808 6.248380
8.352748 7.788697
4.219034 6.300214
4.131526 6.444136
6.901290 4.849534
7.323653 4.553317
6.729857 7.827573
5.864664 6.328159
5.682073 7.558632
5.048404 6.192818
6.983758 5.344050
8.181564 6.788460
7.208839 4.529236
4.265271 -3.440008
-1.400353 1.753158
-0.751386 1.540083
8.296150 6.412354
6.965071 7.080114
8.233774 6.596225
7.930466 7.196986
6.946756 5.125206
7.093320 5.076119
-0.275076 3.262031
-8.239059 1.652744
1.020711 2.788553
7.873140 -1.177132
7.873140 -1.177132
5.194658 -3.218839
10.676033 -2.770887
8.746775 -0.736904
8.288103 -1.020392
9.116529 -1.747670
8.361500 -1.373824
8.312844 -1.237813
9.763563 -1.732814
8.315519 -0.853876
-2.851452 0.854728
-1.950280 0.841130
5.710554 4.962982
7.756470 7.086941
2.421339 5.685333
6.679190 5.631873
8.265024 7.305461
7.116285 5.621639
5.048404 6.192818
6.941869 5.672810
6.940379 5.529517
4.468735 -3.904296
4.088786 -3.045868
9.168211 -1.741780
8.834697 0.229159
5.298768 -2.809057
9.168211 -1.741780
4.325850 4.239684
4.561452 3.448994
3.993403 3.511158
9.411232 -1.443093
8.442092 -2.324293
7.318290 -1.175870
7.447325 -1.063025
9.846975 -1.081866
8.493770 0.230923
9.463576 0.287513
7.598568 -0.717482
10.237629 -2.150469
8.228567 -1.517830
9.240643 -0.847923
8.885565 -1.074766
8.347311 0.289118
8.885565 -1.074766
8.885565 -1.074766
8.885565 -1.074766
10.681110 -1.374487
8.570006 -2.108174
8.363625 -1.097426
8.788182 -0.918459
2.189665 8.264023
2.189665 8.264023
3.314038 6.826971
6.709191 6.043780
6.658999 6.090107
6.709191 6.043780
6.709191 6.043780
1.688497 5.357081
3.118359 5.617027
5.790980 7.132005
7.019344 5.370231
6.597914 5.694364
7.593643 5.297006
6.769530 5.122996
5.878867 5.382379
6.769111 7.133867
7.049454 5.208677
6.915351 5.260239
8.410521 7.033011
7.696195 4.473041
6.988614 5.153282
7.342020 5.266621
7.539770 5.133050
7.451968 5.256570
7.331522 7.704177
7.089491 5.746482
6.629636 5.738203
7.293761 5.007174
7.037187 5.404914
6.175592 5.088502
7.559539 5.049170
7.220698 5.074971
4.848580 7.145966
5.788710 7.084291
7.412026 6.895589
5.949801 7.134983
6.999265 5.547125
5.435205 6.908765
4.542547 6.154074
5.814585 5.512718
5.600778 5.992991
6.808567 5.715256
6.708584 6.529909
5.605597 6.303732
4.805445 5.731911
6.457732 4.851660
6.862374 4.736752
7.190008 4.526416
6.484854 4.659005
6.679690 4.759770
6.081901 4.838102
0.812510 1.473224
1.131921 1.302925
2.091018 3.842776
2.145318 3.216579
6.159968 5.007892
7.220518 6.341964
7.443344 4.892601
6.901290 4.849534
7.050362 5.160620
7.136130 4.982608
7.064599 5.913444
6.203904 6.282932
2.849354 6.523008
-8.250884 1.627004
-6.236542 0.658730
-6.346315 1.458508
7.019649 5.175766
-2.148813 2.934999
-1.365743 2.469308
-3.839032 -1.113413
-2.666468 -0.770981
-2.355284 -1.418245
-3.271502 -1.590050
-1.502888 -1.043928
-2.500149 0.081204
-3.530789 -0.049542
0.702844 -1.929295
1.006600 -1.479559
4.010845 -2.915761
7.645964 -1.523751
7.077991 -1.528391
8.427585 -1.012019
-0.138659 -2.170706
-0.818653 -2.769795
1.525572 -2.008623
7.409422 4.375304
4.383601 4.740524
0.594004 4.167866
0.113111 4.400895
-0.560082 3.837663
0.300763 4.278221
0.858617 5.243892
0.936991 3.433528
1.275971 4.052211
1.512529 3.318466
1.275971 4.052211
4.162652 6.350907
5.788429 4.849600
3.070822 4.517336
7.122025 4.344468
-5.083643 -2.318897
-3.651203 -1.797896
-4.504982 -1.180765
-3.250564 -0.871602
-3.290718 -1.587104
-2.203878 -1.197755
-3.290718 -1.587104
-3.596697 -0.777697
-2.415816 -0.498458
-3.131788 -1.983505
-2.093153 -1.537150
-3.738655 1.854129
-2.915797 0.556926
-2.038483 0.608588
-3.131103 1.802917
-4.250159 -0.751488
-2.970137 -0.477816
7.244940 4.725248
4.751363 5.522575
4.306961 6.396957
4.381036 4.712529
3.727099 4.834247
6.798553 -1.654629
8.818363 -1.499010
5.150561 -0.776682
-4.180177 0.510296
-3.035866 0.514397
-1.690230 0.914564
1.389407 2.646789
-3.509419 -0.481223
-2.307339 -0.270154
0.852889 -2.414893
1.206358 -1.187683
0.338230 -1.209177
0.322564 -1.318265
-4.410244 -0.402240
-3.049482 -0.176149
3.815879 -4.149571
3.716321 -2.882374
2.722928 -3.950689
-0.398065 0.217984
0.130521 0.301525
-3.698156 0.356809
-2.651347 0.380342
11.015575 -2.111244
10.044003 -0.994247
8.451407 -0.960954
8.253297 -1.492419
8.480450 -0.879899
5.921566 -1.045755
8.125167 -2.762106
7.011746 -3.465147
6.192816 -1.365149
7.963856 -2.560677
7.742658 -1.358494
5.434589 -3.544800
7.176464 -2.217126
5.093906 -3.098724
3.828234 -4.764545
3.463851 -3.686545
7.615477 -4.087957
6.610863 -3.210324
7.615477 -4.087957
6.526631 -3.649915
8.302690 -2.569616
5.972073 -2.543917
11.447762 -0.955259
9.070741 -0.186754
9.133788 -0.846568
-3.439609 -0.661463
-3.439609 -0.661463
-3.439609 -0.661463
-2.422665 -0.465267
7.811209 5.173708
7.156129 4.592303
7.438215 5.305124
3.481121 4.900326
4.496851 6.637752
1.071434 3.042146
1.257215 2.624425
7.051881 -2.845514
8.170615 -1.531787
5.088836 -0.952812
6.639788 -2.278947
7.688652 -3.445533
4.646101 2.288198
4.272043 1.953289
-3.026850 -0.204986
-1.953845 -0.031455
-3.846368 0.644490
-2.594544 0.623822
-2.038483 0.608588
-3.724722 -0.071576
-1.910624 0.550383
-2.729110 0.987940
-2.729110 0.987940
-3.668877 1.084409
-2.525424 0.995575
-3.668877 1.084409
-4.853669 -1.301756
-3.527595 -0.973058
5.669098 7.138400
4.548460 6.366056
4.390136 5.809790
1.834665 4.552805
6.079241 6.547590
6.408371 5.801402
3.243369 6.920157
4.794895 4.895618
6.831945 6.179072
4.181943 5.871725
4.652609 5.914043
4.233304 4.759556
4.097102 6.961522
6.543288 5.552024
6.612847 4.455918
6.408371 5.801402
6.069973 4.984554
4.584661 4.840418
6.677442 6.297933
7.373695 4.469005
7.603752 3.891291
4.644227 4.941241
7.189459 4.876402
6.949188 4.921520
3.305464 4.255681
3.822232 3.270899
0.595364 -4.641648
0.894026 -3.703686
6.380295 8.691734
5.181714 6.221096
0.974761 -0.691973
1.253320 -0.457190
8.276060 -3.316884
8.675344 -0.782840
8.632484 -0.183508
6.628913 -4.095995
5.870249 -1.732415
8.743649 -2.565663
8.200376 -1.662197
9.121280 -1.077618
8.509078 -0.660992
5.704347 -0.771503
5.708385 -1.324501
8.617982 -2.838391
8.472440 -0.848734
6.500974 -2.510444
9.536124 -0.795371
9.242138 -1.224289
9.383843 0.174827
5.848070 -1.037520
9.055940 -1.187351
7.366941 -1.075852
8.663058 -0.643744
10.080422 -2.341969
8.531606 -1.739935
8.260208 -2.250293
8.045167 -1.334663
7.937081 -1.280523
8.021970 -1.487184
6.926023 -2.259263
5.609495 -2.309105
9.002072 -3.863860
8.827007 -3.544936
6.994857 -3.773496
6.716421 -4.234679
7.562986 -2.690053
8.607450 -1.726044
8.445521 0.004342
5.210401 -4.168339
3.364275 4.570790
7.029171 5.565853
2.240172 3.873976
1.813366 3.084152
3.954133 4.521582
3.650741 3.634940
1.421047 1.576892
1.620607 1.403004
-2.651031 -2.549535
-1.685955 -1.946403
-5.060477 0.704039
-3.568217 0.664079
-2.563254 3.054094
-1.547693 2.574504
-2.563254 3.054094
-2.733442 3.957929
-1.816613 3.306419
3.235767 -0.239669
3.082875 -0.098068
0.632639 5.112565
0.993677 4.175701
0.224683 -2.487510
1.463935 -0.298967
1.463935 -0.298967
0.632186 -1.907756
0.224683 -2.487510
0.224683 -2.487510
7.523794 -0.520772
8.627104 -1.313025
9.593216 -0.255587
6.547778 -1.477277
9.578427 -0.760389
8.989134 -1.251830
8.521230 -0.721353
7.478078 -1.563403
7.970190 -0.693148
9.426774 -0.289818
8.683043 -0.693762
5.343780 -0.389029
8.028132 -0.789628
8.453262 -0.451011
8.672584 0.106230
8.133907 -1.506766
8.668125 -0.663678
7.927172 -1.261731
7.721744 -1.949488
8.090479 -1.463924
10.220524 -0.926170
7.810546 -0.810394
7.755496 -0.769255
7.778965 -1.213921
8.389237 -0.698805
8.939818 0.252040
8.315519 -0.853876
8.894538 -0.302638
9.003722 0.550133
7.821615 -1.878448
6.067290 -0.602597
9.168595 -2.495375
9.463087 -0.911354
8.209258 -1.144868
9.729151 -2.655388
6.056700 -1.304548
6.582238 -2.081156
8.406292 -1.461417
8.222551 -1.594840
9.665148 -2.152436
8.845252 -1.116279
10.100049 -2.877515
8.423236 -2.229019
8.606270 -0.812745
7.924821 -1.716082
7.745694 -1.194428
7.816120 -1.964896
8.225401 -0.922276
6.466732 -4.259154
8.819597 -0.813374
8.576559 -1.959260
4.527362 -2.772197
7.201594 -3.209989
6.180693 -2.388147
2.878193 2.404047
-5.762969 1.119480
-3.358029 1.656755
-3.876635 -0.079872
-3.988062 0.423806
-3.289541 -0.202424
-2.130690 -0.060356
-2.834295 -1.311805
-1.705273 -0.948592
-0.459649 0.922199
0.666605 3.034607
1.059684 2.498646
-4.853257 0.787439
-3.393328 0.745611
-2.497624 -0.848442
-2.497624 -0.848442
-2.497624 -0.848442
-2.497624 -0.848442
-1.642048 -0.632055
-4.918722 -1.063171
-3.289102 -0.010944
-3.494354 0.402511
-3.373442 -0.982735
-3.890171 -0.217025
-3.671702 2.500942
0.747050 3.970766
-2.406693 2.090208
0.112659 2.715015
0.536847 2.257239
8.308246 -0.907014
9.713618 -0.747578
7.380222 -0.126784
8.627162 -0.031116
8.160328 -0.391092
6.557495 -0.452512
7.755496 -0.769255
8.064148 -0.810021
7.755496 -0.769255
8.382482 0.267814
7.755496 -0.769255
7.923742 0.007642
8.749091 -0.940979
7.582750 -0.227448
5.233237 -1.507748
8.519506 -1.008792
8.970585 -0.078657
9.256497 -0.803658
7.394248 -1.883806
8.152904 -1.677102
9.127920 -0.480104
9.127920 -0.480104
9.127920 -0.480104
8.271997 -1.762125
8.274016 -0.035079
7.863637 -0.083751
8.032040 -0.998624
8.516410 -0.272901
8.696155 -0.654621
8.644838 -0.040765
8.844766 -0.227182
8.872996 -0.756660
8.547943 -0.750434
6.276023 -0.932707
7.793007 -1.495482
7.888273 -1.463690
9.148067 -0.699176
8.454619 -0.876894
8.576430 0.485148
8.679668 -0.634516
8.361262 -0.837989
9.027352 0.576930
7.233602 0.520445
8.085934 -1.167059
8.110135 -0.975680
8.613601 -1.415623
8.691354 -1.612487
8.157223 -1.699764
7.078337 -0.189898
7.812666 -1.289805
8.101402 -1.631395
5.133185 -2.225129
5.142363 -2.178646
7.181776 4.470635
6.591749 5.701559
7.150556 3.206630
8.612139 5.061243
4.178308 6.470450
3.083401 6.247621
4.556829 4.833321
7.814609 5.337616
6.915351 5.260239
7.067107 5.402607
8.952715 5.904704
7.029171 5.565853
8.791413 5.737625
8.519506 -1.008792
10.472604 0.796831
8.422363 -1.202851
9.804554 -1.070011
8.128192 -1.329967
8.850321 -0.595212
7.286029 0.040720
9.371881 -0.611788
7.907469 -2.046278
7.621795 -0.999445
9.675650 -0.828935
8.210854 -0.968025
7.988982 -1.172396
9.304538 -1.110068
9.175306 0.356212
7.115688 -0.127376
9.010308 0.931659
5.350702 5.918273
9.029040 5.414682
6.444472 5.997414
7.264397 2.602410
8.885749 4.547952
7.501291 5.106832
9.268890 -0.188314
7.834098 -1.222420
8.314121 -0.728875
9.367361 -0.114565
8.623935 -0.762918
8.356075 -0.464440
8.544199 0.685815
9.541404 -0.376806
7.165500 -0.064081
9.557068 -1.171053
9.153500 -0.099411
8.069490 -1.813884
7.410579 0.012062
7.812500 -1.803743
7.355140 -1.920310
8.006144 -1.485945
6.151471 -1.143364
7.538440 -1.027588
8.985550 -0.634358
8.210854 -0.968025
8.886357 -1.148986
8.009526 -2.051080
6.038326 -0.503503
8.405743 -2.234336
7.442213 -0.541330
9.282666 -0.814197
7.725697 -0.484878
9.182236 0.147141
7.983089 -1.926506
7.529601 -2.390897
7.970436 -1.381115
7.592598 -1.470565
7.766061 -1.060302
8.217582 -1.359367
8.166695 -0.893382
8.220424 -0.924482
6.980639 -1.543308
7.005661 0.326223
8.330053 -1.654330
8.871562 -0.566276
8.740168 -0.143296
8.333415 -2.072658
6.900547 0.348073
8.715128 0.062048
8.596758 -0.216703
8.456578 -1.509877
6.922268 0.185071
9.127325 -1.181314
6.626485 -3.139384
8.103730 -1.412227
8.543436 -2.552447
6.792566 -4.834347
8.176835 -0.925377
8.636830 -1.768752
6.635881 -1.245804
8.267233 -1.304973
9.338120 -0.808670
8.028857 -1.238665
8.657125 -0.575070
8.700128 0.094670
6.375523 0.701094
8.306400 -0.950809
8.352816 -0.698793
7.060447 0.341369
8.510540 0.015651
8.582922 -1.562149
8.259083 -1.654881
8.593634 -0.887101
9.651712 0.426824
7.329747 -1.019709
8.991849 -1.106188
7.162209 0.867427
6.467027 0.182716
8.809178 -1.134039
8.575259 -0.187630
8.148907 -0.715801
8.791939 -1.012286
8.148510 -1.868657
5.364541 -0.483301
6.922268 0.185071
8.469063 -1.522714
8.707666 -1.471080
7.128205 -0.981234
8.250060 -1.865991
8.212441 -0.904826
8.158289 -3.166813
9.392090 -0.512927
8.035006 -0.887621
7.005661 0.326223
7.026866 0.494862
8.983593 -1.457201
7.575811 -1.659884
8.464194 -2.011707
4.140105 -0.071800
7.459067 -0.059843
8.920772 -1.529063
7.207774 1.404628
8.188719 -1.618969
8.727197 0.432825
8.042743 -4.053156
9.122283 -1.147598
8.449611 -1.396259
6.922268 0.185071
9.624426 -1.270165
5.329784 -2.448656
6.592823 0.530053
8.492446 -2.793181
7.495224 -1.225370
6.984800 -0.092439
8.104511 -0.779739
8.172975 -2.161826
7.227138 -1.836097
7.416451 -0.104598
8.892751 -0.110406
8.315646 -1.443250
7.834490 -0.000946
8.348999 0.456929
8.658848 -0.445129
8.651557 -0.300994
8.062485 -0.757289
8.167022 -2.488573
8.800445 -1.176022
6.307504 -0.380777
8.080526 0.027235
6.572090 0.413325
6.642947 0.332838
8.176323 -0.129324
8.762261 0.007530
7.263649 -0.121685
6.785195 0.355342
6.565670 0.653917
6.762041 0.434154
6.592823 0.530053
8.279401 -0.078375
8.525573 -1.329912
8.389427 -2.169117
6.836921 0.433060
7.854754 -0.058569
4.076427 -2.844297
6.785023 0.432979
7.924027 -2.249441
8.945608 -0.819509
8.317764 -1.467562
6.623816 0.491043
8.209258 -1.144868
7.711509 0.216840
6.572090 0.413325
6.296325 0.446883
8.127860 1.628000
8.919501 0.427843
8.125812 -1.596109
8.264460 -0.541829
8.125812 -1.596109
8.290542 -0.111943
2.459868 3.823334
7.057387 0.403941
6.850811 0.082145
6.592823 0.530053
8.833557 -0.038951
8.594623 -1.111343
6.729896 0.359781
9.506393 -0.412873
9.333126 -0.325536
6.522466 -0.978746
6.379718 0.588036
8.407216 -0.494560
6.488697 0.272172
8.232706 -0.500190
6.580760 0.360325
9.091879 -2.613112
8.206118 -0.256060
8.499653 -1.320085
6.729896 0.359781
7.161891 -0.201681
6.145423 -0.037887
7.161891 -0.201681
7.161891 -0.201681
7.057387 0.403941
6.944191 -0.495731
6.835687 1.259223
8.422363 -1.202851
8.355979 -2.104099
6.581560 0.351209
8.705611 -0.955863
7.815454 -1.508204
8.487805 -0.899056
4.916164 -2.436690
8.209258 -1.144868
8.106180 -1.195817
7.872030 -1.449957
8.209258 -1.144868
8.315519 -0.853876
8.528625 -0.911859
8.528625 -0.911859
-4.476810 -0.999400
-3.136709 -0.657325
-0.877233 4.161863
-0.205503 3.442826
-3.807595 -1.586208
-2.737641 -2.125523
-2.378139 -0.852333
-2.672947 -0.976120
0.426517 2.688791
0.426517 2.688791
2.903610 2.674746
1.460326 4.183931
-1.428177 0.746576
0.138060 1.981221
2.375860 4.495310
0.998491 -5.963723
1.232849 -4.639383
-4.518419 0.041852
-3.348934 0.046916
-3.348934 0.046916
-3.129585 0.167099
-4.460787 1.154901
-3.103847 1.116914
-3.084760 1.032803
3.125704 0.414252
3.492656 -0.189356
6.771278 0.629429
6.772873 0.720731
7.321572 0.499517
6.889684 0.744859
5.967881 -0.419620
1.911861 0.716560
4.812867 -3.828630
5.728833 -5.252821
5.536461 -5.078110
6.827574 -2.788955
6.984314 -1.231100
6.443330 -2.589349
8.671065 0.006750
8.513282 -1.815073
8.246472 -1.732537
7.615339 -2.051025
6.815769 -2.163552
6.962996 -2.660436
7.299095 -0.577318
7.828098 -1.963887
3.859615 -2.886113
7.891281 -2.109818
8.341692 -1.934069
8.360897 -1.050101
8.645594 -1.811487
6.137978 -1.116650
7.219609 0.188007
5.229941 0.416157
3.737303 -1.207645
4.884377 -2.482758
7.408958 0.073668
8.459848 1.499840
5.522441 0.776210
7.351509 0.588920
7.331790 0.334569
6.039862 0.041574
-0.788574 -1.907440
-0.984425 -2.779142
-2.452482 -1.476625
0.334609 -1.685314
-1.395610 -0.432675
2.891238 -4.510661
1.050430 -2.789893
1.523226 -2.293874
3.354221 -3.515620
1.341255 -3.511857
2.586919 -4.300239
1.551506 -2.592696
0.027253 1.915391
0.475639 1.683033
-1.901543 0.697035
1.915832 5.379609
-1.886786 1.642924
2.710260 4.103836
5.340721 -1.967429
8.523717 -1.188270
8.744304 -0.020285
4.547826 -3.920566
4.777836 -3.616738
7.623070 -2.344337
7.175634 -2.323546
7.974709 -2.833983
4.964941 -3.755197
6.730129 -2.887659
5.802320 -5.333453
6.259240 -2.955281
7.209975 -2.320846
3.239527 -3.501061
7.998396 -2.733682
6.259240 -2.955281
6.428694 -2.863052
6.287497 -2.602160
6.180278 -2.783642
6.180278 -2.783642
6.180278 -2.783642
6.835085 4.636331
6.425771 4.447528
6.877464 5.223595
6.735409 5.015978
6.363167 4.882613
6.406309 5.246450
5.771661 4.975658
5.690978 4.454107
7.066581 2.698019
6.059057 3.572187
6.270808 4.190249
6.640633 5.721970
5.974462 4.665375
6.246096 5.536520
1.788729 3.679354
7.043314 3.031554
7.575323 4.677854
7.373695 4.469005
7.460509 4.653773
6.693083 4.368402
6.457732 4.851660
6.803680 4.771365
1.418599 4.311708
7.373695 4.469005
6.945266 5.675004
6.664558 4.667486
4.323220 4.837516
7.810163 4.810928
6.208205 4.570826
6.463490 4.411116
7.575323 4.677854
5.622033 4.745505
1.990834 2.610398
7.115384 5.061372
7.272627 4.631240
6.425771 4.447528
7.156129 4.592303
6.835085 4.636331
7.323653 4.553317
2.051492 3.464850
7.373695 4.469005
7.156129 4.592303
6.884481 5.327063
6.363167 4.882613
6.161539 4.673765
2.692682 3.754977
4.318350 4.427722
4.926524 5.741704
2.941178 4.266851
2.929265 4.246686
2.487554 4.257497
-3.802795 1.185223
-2.528753 1.619326
-1.473180 1.393494
3.690281 -2.959475
5.221525 -1.704373
-1.235936 -1.452150
3.792323 -2.896404
-2.053348 -1.905572
-2.812977 1.351059
-2.661279 1.328979
-1.957209 0.976050
-3.030383 0.098597
-2.244765 0.925816
-2.440188 1.413384
-3.678074 1.747170
-0.296407 1.937475
3.467096 -0.874346
3.280083 -0.581471
3.467096 -0.874346
3.813885 3.784545
1.291254 3.689709
-1.039127 4.236687
-1.799259 2.087726
1.878115 3.156865
1.719635 3.863757
7.490756 4.424962
4.274240 3.530646
8.521081 -0.111563
8.243024 -1.424806
5.324912 1.818536
4.193275 4.235201
3.806257 3.451808
3.515599 3.047303
3.279176 2.527888
1.596194 2.391767
1.796429 2.005196
-0.351758 3.506034
-1.039127 4.236687
2.990787 4.663208
1.385018 3.347278
0.361356 3.861324
2.873301 4.491972
2.610607 2.761437
0.147235 1.704930
0.156673 1.970388
2.211963 3.396572
2.265509 2.755744
7.163888 0.343213
6.726505 -2.209253
9.360939 -0.258284
7.808990 -1.223423
6.517466 0.509431
7.074445 -0.334154
6.559365 -4.474256
6.938740 -0.042664
6.592823 0.530053
7.649019 -1.435458
8.708794 -0.715821
4.543051 -3.990314
4.075391 -2.975750
9.064550 0.797806
7.046776 1.321794
7.563112 0.640062
7.255204 -2.772525
6.912287 -2.679644
5.186905 -0.227692
9.387625 -1.893122
6.298912 -1.672354
4.683177 -1.989882
7.555643 -0.558201
7.180117 -0.322613
5.686498 -1.397206
6.125875 -1.571792
6.061409 0.058270
6.491690 -2.712584
5.463276 -1.751114
7.143550 -2.679123
5.962904 -0.944582
5.930729 -1.645447
6.985164 -2.427343
6.834898 -2.638356
5.506381 -1.357543
5.686498 -1.397206
5.686498 -1.397206
-1.245868 0.712386
-0.034102 1.006804
-0.499766 0.667285
-1.377674 1.448634
-1.990687 0.356564
1.784603 1.716203
0.857655 2.673634
-1.199218 3.216891
3.014972 2.357442
-1.223367 0.414330
-0.453737 0.451497
-1.249853 2.609178
-0.483886 2.208787
1.246791 4.714811
2.895827 7.149442
5.008119 5.255797
1.219880 4.472332
1.286513 5.156654
1.640732 4.084093
3.673980 -3.249679
3.390887 -2.378240
0.379062 1.477927
-0.076416 0.326309
0.233295 1.718093
-2.999656 0.824774
-1.924478 0.776898
-1.924478 0.776898
-1.472607 0.227591
-1.489382 1.002658
-2.019936 -0.724927
-1.169982 1.251369
-2.999656 0.824774
-1.292710 1.083981
-2.019936 -0.724927
-2.999656 0.824774
-2.999656 0.824774
-2.999656 0.824774
-2.019936 -0.724927
1.815135 -3.267411
-0.514666 -3.279585
-0.162271 -1.778103
0.847749 -1.509759
0.266851 -1.979313
0.779140 -1.118477
1.145270 -1.715614
1.127826 -2.071128
0.588315 -3.113256
1.790859 -2.416407
1.856470 -3.369056
1.768003 -2.159321
4.167398 3.491851
1.970780 2.772839
4.882542 6.647408
5.197476 6.503904
2.379573 4.083779
6.453223 5.384963
5.913680 5.359329
3.457558 1.428179
3.485335 0.679309
0.259969 2.964240
1.116172 -1.723553
2.242044 -1.261493
0.236184 -0.266141
1.550995 -1.091420
1.133562 -0.994655
8.565921 -0.756776
7.633353 0.226973
8.468779 -0.950834
8.102099 -1.709590
8.443419 -1.305377
6.696929 -0.137144
8.432727 -1.712488
6.923916 -0.910961
4.576553 -3.375315
6.317531 0.615522
7.053977 -0.252811
9.052219 -0.299204
7.260268 -1.661380
6.102281 0.406837
6.587948 -3.031050
7.513452 0.373467
8.736971 -2.097841
4.176660 -2.256270
6.715511 -2.680621
5.234960 -2.500542
7.340120 0.713981
9.209764 -1.212148
7.512940 0.595490
5.841189 -2.295841
7.327914 1.099074
5.435096 -0.374004
6.365493 2.112570
7.090632 -0.105716
6.716841 1.037842
10.355750 -0.634145
6.997544 1.281979
9.633331 0.876187
6.236767 0.172252
7.131232 0.120477
6.946213 0.570307
6.066356 0.561878
8.715604 0.293411
6.665825 0.308154
6.665825 0.308154
6.014681 0.848159
6.545419 0.131485
0.971888 4.742138
0.701371 4.160090
0.045429 3.194759
-0.679490 3.700076
2.704024 -5.288012
2.605785 -3.923966
-0.405956 2.677537
-0.008359 3.140915
0.633188 2.239284
-0.483776 3.184755
1.333824 5.075183
0.738289 3.476072
0.019643 3.546379
2.055458 4.386894
2.517251 3.638213
1.704298 3.396386
1.447275 2.772125
1.175145 3.739679
1.747704 2.192751
-0.156138 3.294800
-0.645275 3.079249
0.021143 4.332990
5.931016 -3.330425
4.618293 -3.264777
5.812133 -4.168036
6.291872 -5.152892
2.900697 -2.543085
1.451319 -3.302886
4.237526 -4.161677
6.996949 -0.908282
6.766962 -0.156068
-0.384986 3.233934
0.185006 2.713194
0.221090 -4.528920
4.603849 -2.711386
0.041451 -2.750419
0.611562 -3.862944
1.690120 0.359842
0.962124 2.353382
1.230444 1.665596
2.886373 2.579004
0.513200 3.309314
0.093988 2.525510
-2.768378 0.528837
-0.377516 3.767464
0.736776 1.918296
7.084373 -1.385900
7.347433 0.567005
9.323801 -0.241198
6.026013 -1.967895
6.712733 -2.424925
5.991462 -1.147551
8.351572 -1.924203
7.209481 1.256501
8.992382 -0.559612
6.890276 -2.809743
5.732404 -0.860048
7.861732 -2.796036
6.208773 -2.908913
7.256810 -0.236787
5.490210 -1.266187
8.176068 -2.002333
6.659021 -1.823807
5.239641 -1.866308
5.398378 -1.688676
6.880300 5.148357
6.901290 4.849534
7.317674 5.081494
6.901290 4.849534
7.379421 5.088832
7.208839 4.529236
7.122025 4.344468
6.796242 5.115783
6.252399 4.737792
3.581841 4.447493
4.414734 4.827005
5.749850 6.304077
2.808389 4.214639
7.341387 5.194975
5.336846 6.586435
2.430241 4.024164
5.048404 6.192818
7.410467 4.738084
3.459689 2.977648
2.220194 4.001613
6.387448 4.600017
2.656837 4.156020
2.240123 3.818003
7.558239 5.422971
2.658666 4.741462
2.745851 3.397476
3.412275 4.172524
2.576755 3.729443
7.410467 4.738084
6.704267 4.507894
5.171319 6.573598
5.170273 6.210819
5.048404 6.192818
5.048404 6.192818
5.825564 2.081341
1.819727 -3.229798
0.640892 -0.347948
0.818839 3.193300
1.371343 2.847243
4.408261 -2.576175
-2.587416 -1.647486
-2.058514 2.086907
0.007601 1.477334
-1.133217 1.785651
2.098963 4.201527
2.773927 4.056894
2.252227 4.038425
4.114951 4.373762
1.296612 2.327169
-0.262403 2.559754
0.347411 2.203625
-0.379524 -3.093416
0.327882 -2.240071
0.327882 -2.240071
0.139367 -2.408556
-1.710553 -3.009394
-0.828472 -2.244426
1.930145 -6.677851
2.086924 -4.358394
0.696045 -4.376082
1.168119 -4.915802
8.583708 -2.845193
3.789205 -1.952177
6.416557 -3.138072
6.765725 -1.887489
6.208656 -0.677920
6.247617 -2.643076
4.483835 -1.490627
6.073216 1.569309
6.572443 0.387699
3.464918 1.140998
6.101835 2.351330
1.972464 2.556310
2.315222 1.775036
1.725165 4.169721
1.807463 3.746516
1.880635 3.341635
8.565900 0.009211
6.050941 0.408633
2.144092 2.231316
4.537955 -2.357408
6.573224 -0.459582
7.345661 -1.944108
8.046564 -0.011686
6.225416 2.227110
4.831041 -3.962143
4.101396 -4.573656
6.304469 -3.903227
1.674065 -3.043050
4.108889 -2.285339
5.167865 -2.659908
3.507904 -2.321842
6.941654 -3.120041
8.066142 -3.528800
4.435142 -2.919789
4.438692 -2.993369
5.921661 -2.755616
4.476873 -2.538116
7.822955 -3.787688
5.428163 -2.148322
4.369268 -1.648144
4.374054 -1.989781
3.888978 -3.375907
3.489510 -0.405704
6.776470 -2.480370
5.772634 -1.054765
2.994434 -2.131492
3.952672 -3.233950
4.409948 -2.964043
2.970579 -4.069476
2.872924 -3.067864
2.249130 -3.170279
2.506582 -3.109039
3.132076 -3.716137
1.075123 -1.630908
3.865594 -5.187686
2.549311 -3.012921
1.468095 -2.116152
1.204643 -3.218000
6.485094 -2.645791
2.044359 -4.433677
3.212230 -1.556473
2.897948 -1.597486
4.852683 -3.128108
0.853864 -2.597764
1.738558 0.058044
1.323464 0.854828
0.610811 -0.555162
-0.831819 -0.435148
1.872113 -0.318170
-1.049109 0.827531
-1.950280 0.841130
-1.950280 0.841130
-1.802727 -0.931460
-0.936238 -0.617376
1.463935 -0.298967
-0.621747 -0.273741
1.951865 -0.470451
-0.226912 0.578183
-1.812892 -0.664416
-0.939364 -0.404468
1.837765 -3.540844
2.704060 -3.790263
1.945042 -2.195584
2.778554 -2.209247
2.390536 -1.758417
3.555381 -1.575791
3.580398 -0.156064
3.339470 -0.519580
3.134737 -0.431914
4.477140 -2.365091
3.200641 -1.297303
3.299101 -1.236344
3.172029 -1.214692
3.607663 -0.371376
3.172829 -1.223808
3.298643 -0.964356
2.922263 -1.815525
8.734313 0.701223
3.552774 -0.314362
3.708159 -1.764362
6.574917 -0.723995
6.370555 -0.091045
4.459057 -1.915285
3.367834 1.895479
3.412049 -1.410823
2.933352 -2.328391
3.728326 -1.817289
2.591379 -2.401711
7.368702 0.126123
6.942714 -0.779797
6.652411 -2.724245
2.368395 3.762404
5.331037 1.817459
3.388651 3.356729
3.935521 2.370711
1.507380 -1.643729
4.386905 -1.642477
0.401077 -0.761021
1.560696 -0.755700
4.954955 -1.824440
0.206945 2.874340
3.648581 -2.147451
0.566559 -1.447689
-0.935289 -1.543623
-0.724950 -1.624377
1.486294 -1.280716
2.430748 -0.666844
0.851849 -1.811363
0.586579 -1.126047
0.537066 -2.518258
0.124282 -0.799394
-0.685667 -2.308165
1.018203 -1.555379
-0.320481 -2.392954
0.146869 -1.137471
0.146869 -1.137471
1.000905 -1.514265
1.289973 -1.118635
1.926189 1.169752
0.915337 -1.727753
1.895798 -3.303787
7.962291 -1.603548
5.180362 -1.760118
3.701456 0.803494
5.123362 -1.730573
4.605728 -2.659714
3.205376 -1.408866
3.049132 -3.802298
2.911329 -2.776405
3.049132 -3.802298
2.532886 -2.606893
3.960576 -1.931495
3.622956 -3.985067
1.858180 -2.676521
3.172049 -3.242117
2.830395 -3.654018
2.269868 -4.952700
3.648183 -1.892465
1.041104 -2.525159
1.111193 -2.880380
4.196921 2.597109
2.497867 3.511243
4.530722 3.232044
5.420078 4.802287
1.821400 3.177732
2.970606 3.487427
2.360417 3.606488
7.006474 3.387031
3.250442 4.264657
5.523587 1.724866
3.624615 3.653339
2.552022 3.890271
1.673423 4.213106
0.948520 4.308237
1.282401 3.480859
0.948520 4.308237
4.408502 4.280848
3.518495 3.213935
2.472972 4.358255
3.129876 5.673274
0.618785 4.271243
3.375293 5.023407
2.488323 2.916530
1.996606 3.853245
-0.607776 1.963579
1.249281 3.414008
1.135785 2.710526
1.165051 3.474612
-2.237425 -0.096642
-1.301366 0.012837
-0.630438 -5.098787
-0.224870 -4.611164
-1.474240 -3.178655
-0.473310 -2.521885
3.590612 -5.470924
6.218500 -2.534570
1.820239 -3.359770
3.424584 -4.061252
3.350363 -3.811735
0.346159 -3.286635
0.748585 -3.576044
1.078942 -2.671291
3.146174 -3.873178
3.302996 -1.974449
1.780680 -1.439442
3.646077 -3.836917
0.814590 -4.221730
4.479434 -1.383425
1.523475 -3.072761
1.917861 -2.432880
1.260489 -1.019572
-2.340560 2.029958
-1.715089 0.806280
-1.063999 1.835897
2.483068 1.318070
2.497898 1.169570
2.483068 1.318070
6.204740 -4.622813
2.676366 -3.426255
7.631486 -2.830433
8.285059 -2.096261
3.711775 -3.506803
4.881706 -0.075338
4.991781 0.186684
2.186323 0.004532
2.084243 0.788778
0.003139 -0.011998
5.555694 -0.287470
1.582336 0.742644
-1.406540 0.162650
-0.626427 0.414695
-0.423877 0.322820
-1.257761 0.396847
-0.673194 -1.933572
-1.714593 0.108891
-0.427028 -3.071244
4.800108 -3.084401
1.401422 -3.995302
3.147961 -2.931712
2.855822 -2.286292
-1.314926 1.427855
-0.000872 1.656635
-1.304134 1.759001
-0.201407 0.967249
-0.427862 -1.830792
6.176588 -2.287475
4.313968 -2.467632
5.002043 -3.635536
4.987860 -1.057241
7.219370 -0.068983
4.511880 -1.419256
4.677082 -0.227545
3.703001 -1.858446
1.224456 3.341122
3.980964 2.723378
2.533337 3.734801
2.261954 3.822862
1.811075 5.421309
2.408205 4.615576
-2.160767 2.652479
2.157497 5.320809
2.125399 5.527173
2.541645 3.296687
2.302829 3.514536
1.383630 2.466787
1.643867 4.071369
2.018628 1.786495
1.945992 2.550288
-0.262850 2.450645
-0.569520 0.354992
1.849821 2.873235
0.719357 2.500345
-0.838741 0.912510
4.758160 1.834106
5.966799 0.983439
0.783238 3.752769
-1.785828 0.563590
-0.888908 0.579780
-0.439891 0.502527
-1.111935 0.782092
0.227280 0.603489
-1.109163 -0.461038
-3.765888 0.545444
-3.490391 -0.425169
-2.490458 0.533316
4.588919 -0.545963
4.661814 -0.516582
-0.762741 -1.521359
3.225975 -1.755950
1.896578 -2.024598
3.265723 -2.328565
2.173140 -2.606690
5.829022 -1.606496
4.018930 1.277775
-1.298604 2.559858
-0.518262 2.127185
8.356392 -1.510602
7.300989 -2.455126
5.077745 -1.182957
5.867003 -1.669263
7.140081 0.018731
7.743010 -1.983588
5.168102 1.895732
3.871471 -3.826531
4.196183 -6.231658
5.692933 -2.851511
0.893871 -3.649737
6.666792 -2.355813
1.366989 -2.736035
2.301054 -2.720566
2.903296 4.280114
2.479898 3.882141
2.062294 3.171702
4.151787 3.856376
3.735212 5.250588
2.361231 4.523675
2.764259 4.967403
0.970388 4.644687
2.362010 4.093277
2.266263 3.085280
2.399766 3.744947
2.837669 4.939164
1.632518 5.024856
1.487379 3.519028
1.806078 4.030061
4.487244 5.658829
2.610908 2.232245
3.428668 2.981556
1.979891 1.940333
1.451482 2.991148
1.385938 4.389646
1.616333 3.548483
-0.933250 2.808658
1.713233 2.299772
0.430564 0.861253
-0.495564 0.200016
-0.246461 2.394354
0.373098 1.184226
2.478497 -3.983150
1.945196 1.155487
-1.531904 -2.022676
3.846574 -3.304557
3.360172 -1.793627
3.591909 -2.814132
3.228667 -4.132398
5.202491 -2.775752
-0.943345 0.289651
1.371714 2.144544
2.623922 5.591151
1.490976 3.177752
1.590026 5.866403
0.572640 3.818116
-1.246382 2.194040
-1.692646 2.523900
1.942891 4.339562
1.788531 3.184579
2.235795 3.241015
2.984997 3.945161
1.383021 3.622004
1.719638 3.741862
1.846906 2.784882
-0.108050 2.846900
1.747656 3.301181
1.321855 3.975913
-0.914478 1.300412
-1.029451 0.745427
2.643835 3.505700
-1.386248 1.786210
-0.630950 1.528881
-1.746656 0.325553
-2.241367 -0.258858
0.001756 0.044630
2.238099 6.114156
0.195657 2.818751
1.482548 -2.204871
3.340074 -2.717671
6.541995 -0.856202
3.790991 -1.984634
4.436160 -1.993714
4.684277 -1.168397
-2.230313 -0.612246
-1.208657 -0.370063
-2.230313 -0.612246
-3.536196 0.727630
-2.369069 -1.245685
-1.987928 0.409878
-1.696175 -1.060376
-2.393746 0.242323
-0.879763 2.940948
-0.166994 2.370159
-1.910818 -2.618193
-2.534330 -2.152936
-2.530983 -3.156843
-1.303318 -1.750829
2.783228 4.818074
4.245215 4.294297
4.053388 5.767416
0.815519 3.082085
-1.424519 4.162274
-1.066891 3.331489
-0.420172 1.994823
-1.158688 2.365690
-1.158688 2.365690
1.086415 4.885543
0.110529 3.980155
-0.220063 4.046676
0.310051 2.070205
0.981378 4.572229
-1.349863 1.532833
-0.520327 1.331034
-1.928335 0.153446
-6.145487 0.554097
-4.248009 -1.229990
-4.278962 0.801950
-3.868057 0.256399
-4.063602 -0.069533
-1.391035 -0.041930
-2.891612 0.123415
-0.469486 1.444750
0.759697 1.329615
-0.560979 0.833591
-0.156300 1.675231
-1.433249 1.045344
-2.478129 -0.862985
-1.976032 0.557475
1.479489 1.489810
-0.825956 2.752853
-0.724744 0.312524
-0.630728 1.315413
0.332901 2.066134
-1.402719 1.531868
0.415630 2.142213
-0.659619 1.621970
-0.589460 1.261203
-1.090016 -0.212711
-0.088263 0.740361
-0.192913 0.408788
-0.839511 0.156568
-1.103570 -0.095991
-0.586754 -0.380127
-0.954756 -0.403948
-1.893322 0.250057
-0.433565 2.249889
1.792212 0.498126
-3.059651 1.391439
-2.107186 0.859835
-1.510713 1.257483
-2.411203 -0.177137
-2.590383 -0.070607
2.199618 2.590382
-0.560370 2.373683
-1.003554 2.803733
0.553577 2.035228
2.209937 5.005338
3.308150 2.859950
2.264496 3.252329
2.124439 4.694528
2.504915 3.477621
0.664138 3.756165
3.115546 3.985414
3.100451 3.953087
1.869874 5.208453
2.310807 3.424633
2.294859 3.559857
1.516314 3.306486
3.082248 4.938486
4.568932 5.465372
2.204795 3.513062
3.858074 4.106255
4.152957 5.676517
2.887855 4.216069
2.167097 3.948175
2.243788 4.367272
1.912928 2.481470
1.831999 -0.830333
0.150861 -0.734107
2.501402 -0.072721
1.813016 -1.827994
0.963437 -3.112722
0.187732 -1.009680
4.361845 -1.694594
4.139064 -0.456996
-3.523898 -0.042595
-2.701340 -0.418572
-3.017983 -1.321299
-2.279229 0.109825
-3.478609 0.009363
-2.525424 0.995575
0.019716 -1.772551
9.000890 0.679271
8.789049 0.156230
8.624490 0.355789
7.782513 0.074194
7.331790 0.334569
7.724019 -0.041178
7.767993 -0.211776
7.759217 0.398961
6.578897 -0.516488
4.631304 -2.830674
7.484658 -0.038855
2.993877 -1.945522
0.570834 -4.158788
0.400953 -3.491950
0.841606 -2.622926
2.057839 -2.022585
5.306944 -2.822996
4.556437 -0.454687
3.024479 -3.173194
4.884525 -1.534127
3.190979 -1.950282
5.501031 -0.929349
4.280274 -2.749463
3.187195 -2.557867
3.418385 -2.029110
6.398814 0.781910
3.558650 -3.020584
3.164886 0.961342
-0.604959 0.567480
-0.486911 0.597853
1.779045 0.290064
-0.212933 0.683756
-0.597660 0.973457
-0.636428 0.671363
-1.999541 -1.249611
-3.464278 -2.125827
-2.822560 -1.638613
-3.064494 -2.002109
-2.197318 0.610295
-1.378387 -2.035527
-1.701308 -2.640344
-2.094494 -2.067277
-3.120110 -0.264722
-2.844993 -2.012163
-2.936213 -0.908764
-1.688227 -1.531203
2.217340 4.630043
1.731883 3.417153
2.446327 3.596322
-0.300426 3.174182
2.225446 3.340641
1.817419 3.190799
2.294949 4.635140
0.878110 4.062136
2.444181 5.091522
2.130361 4.654847
0.009219 2.779763
-0.016915 2.650135
-0.334127 2.867021
0.009219 2.779763
0.711914 2.995582
2.080304 3.550274
0.787995 3.009955
1.490941 4.087489
-0.419624 3.037031
1.385608 3.990982
2.040595 4.661031
2.134253 5.199159
1.984935 3.003782
2.030087 3.889374
1.559502 4.319139
0.614562 5.311030
3.035998 3.697656
-1.258967 2.852117
1.869016 4.292139
2.093500 4.939306
1.336175 3.224849
0.672044 3.126587
2.222801 3.926369
2.031813 5.608816
3.196654 2.594362
1.868583 2.942962
1.713703 4.091382
-0.839026 2.645331
-0.430734 2.516333
0.136732 3.392627
1.581868 4.717062
0.778922 4.951385
0.829151 4.560927
1.555944 2.710433
1.904483 2.780580
-0.164312 4.124235
0.114609 2.138996
2.336616 3.248876
1.458157 3.032011
-0.431991 3.619512
0.601314 3.661338
-0.114626 3.957564
-0.495873 2.767247
2.230175 3.773877
-3.098541 4.421760
-3.634023 2.619121
-1.218720 2.736202
-1.394203 2.421206
-2.397534 0.174596
1.874423 4.440467
0.160464 4.086677
-0.201453 3.926506
-2.623876 2.687840
-2.830500 -0.134550
-4.551310 -1.532814
0.287123 -0.717508
-2.772262 -1.067749
-0.957879 -2.763546
-2.992653 -0.212758
-3.035685 -0.579643
-4.533444 1.309349
-4.441747 1.290012
-7.013906 1.661237
-4.934313 1.439688
1.643899 -3.423797
0.825459 -2.986414
1.436063 -3.097918
0.432096 -4.041685
-1.917330 1.435106
-0.983072 1.227604
-6.434974 0.836923
-4.035913 1.115623
-3.716756 0.290509
-4.807270 -0.273079
-3.170374 -0.046800
-3.035611 0.597353
6.985546 -2.888425
4.676504 -2.707335
3.228393 -1.493829
3.647360 -3.409779
-0.652702 -2.110507
-1.108364 -1.932402
0.250133 -1.285710
0.537730 -1.081609
0.367319 -3.150485
0.319633 -0.950636
0.075589 -0.345839
-0.683275 -1.396956
-0.398204 -1.389816
0.971667 -0.771339
1.259988 -0.505467
-1.970037 2.921908
-0.994098 0.620781
-1.212355 0.844790
-0.751881 2.858214
-1.969968 0.371718
2.773297 -1.356007
2.826164 -1.850440
8.182301 -2.470920
6.424273 -2.125444
4.579786 -1.813855
2.192924 -3.122956
-1.151329 1.534307
-0.323296 1.290430
-3.713558 -0.086609
-3.295061 1.302008
-1.128180 0.786465
-4.358643 0.898010
-2.875636 -0.085099
-3.574782 0.325868
3.662386 -4.473040
4.147456 -3.759068
2.632913 -3.740870
3.844566 -1.988618
2.141708 -1.684381
3.023289 -0.559757
1.657675 -3.858251
1.074481 -1.704570
-0.584857 -2.722785
0.065748 -2.010500
4.438779 -3.661527
3.886439 -0.777133
5.800670 -3.029791
6.537820 -0.132188
3.916352 -3.706200
2.591694 -1.888424
1.130080 -2.384035
0.441423 -2.657367
2.235867 -0.154633
2.742298 -2.166786
1.965853 -2.473501
2.692950 -3.269837
3.211948 -4.083797
2.418841 -2.392969
3.594319 -4.376106
3.323015 -3.623825
6.768747 -0.515558
6.252679 0.439584
6.296325 0.446883
3.382754 -0.980997
1.625099 -2.085428
5.352845 -4.615344
3.868140 -3.592886
1.454182 -2.684813
3.616348 -2.412185
3.293216 -2.763720
2.942092 0.539894
3.444115 -3.667229
-1.297493 -1.498569
-0.409062 -2.449541
-4.745733 -0.962544
-3.373216 -0.394324
7.086777 0.850893
6.969521 0.874204
8.519965 1.374835
7.540698 0.692061
7.242544 -1.298146
6.001090 -1.778849
6.559555 0.191686
5.965380 -0.089310
8.516406 0.407897
8.736300 -0.187495
5.976343 -0.096963
9.384799 2.015941
7.716120 0.149555
7.314117 0.595976
6.711239 0.036638
4.031216 -2.449745
4.862270 -0.379095
-1.628011 4.743601
-0.751577 2.859571
-0.344046 3.412677
1.618353 -1.716292
0.146869 -1.137471
-0.077891 -0.023932
0.148931 -0.273421
2.465649 -2.766423
-0.497637 -0.598636
0.684959 -2.165778
0.808755 -2.229554
0.879162 -0.861677
0.248532 -0.469548
-1.849817 0.814950
-1.390476 2.153887
-0.660759 1.820353
1.673590 0.377369
1.853004 0.435119
-1.053951 0.126292
-0.787835 1.899069
-0.588984 1.323334
-0.795543 1.490017
-0.194275 0.533850
2.225859 0.767967
-2.169457 -0.429303
0.869417 -0.793670
1.194171 0.958966
1.459863 0.866556
1.204941 4.241386
0.005153 3.210473
0.615118 3.032786
0.310724 2.969313
-1.696397 2.762047
-0.778518 1.281883
0.615118 3.032786
0.435655 3.023695
1.339609 3.379810
-1.495238 -1.280981
-0.640580 -0.853448
-1.315682 2.337018
-1.456615 1.948435
0.349618 1.211578
0.349534 1.695219
-0.096823 0.950942
-0.582672 2.003616
-1.365743 2.469308
-3.199155 1.737526
-1.493904 -0.428549
-2.666468 -0.770981
-3.854572 -0.356827
-2.368427 -0.128372
-0.979365 0.640227
-2.038483 0.608588
-3.784060 -0.190202
-2.382042 0.009605
-3.784060 -0.190202
-2.123270 -0.212594
-1.542812 -0.174837
-1.560751 -1.045326
-0.661483 -1.689041
-2.186754 -0.239900
-1.592395 -0.380811
-2.470203 0.625855
-1.463180 0.104274
-0.658017 -0.685991
-3.157029 -0.943957
-2.735749 -2.137439
-3.796982 -1.095830
-1.871044 -0.573841
-1.410112 -0.181053
-2.026375 -1.579217
-0.292168 0.042018
-1.296671 -0.258688
-1.469509 0.211951
-1.224816 -0.586735
-2.445148 -0.856491
-1.319534 -0.525502
-3.415351 -0.392182
-3.348032 -0.553454
-2.100807 -0.148899
-1.257278 -0.140197
-3.415351 -0.392182
-4.476891 -0.260970
-2.883023 -0.048083
1.547799 -2.501857
5.537347 -2.567400
4.543919 0.960586
-0.708375 0.155359
-1.012510 0.899375
3.288811 -2.052514
-1.379389 -0.290655
0.861409 -2.206469
-2.400274 -0.303513
-1.916130 -0.289096
-1.023601 -0.076101
-1.816499 -0.586506
-4.331424 -0.209553
-3.157468 0.651459
-4.384943 0.281294
-2.414066 0.741057
-3.191266 1.562638
-3.167301 1.483565
-1.852684 0.501065
-3.140993 1.110981
-3.194661 1.031027
-2.463358 0.179461
-2.597251 0.018747
-3.198501 -1.039752
-1.688336 -0.623275
-0.779053 -2.984957
0.088110 -2.466666
-0.097773 -2.097855
0.612250 -2.035033
0.246998 -2.579637
0.007190 -1.515635
0.052371 -2.711806
-0.025142 -2.293359
-4.792631 -0.985846
-3.061544 -0.655779
1.321347 2.706223
2.737022 3.671446
0.275880 4.451389
1.475310 3.392622
-0.591184 3.716069
-1.059530 3.380265
3.390531 4.211817
2.640982 3.537747
1.756048 3.909778
1.601832 3.215140
-0.904611 3.252807
-0.683657 3.139800
-1.058900 3.357120
0.394043 4.272426
-0.738848 4.202305
-0.207306 3.448757
1.108158 3.621044
4.325842 4.363332
1.001444 4.858100
-0.035725 3.880668
-1.347273 2.181958
0.994908 3.443375
0.994908 3.443375
1.697580 2.848920
0.994908 3.443375
-4.305621 1.199836
-1.967878 0.037821
1.206677 1.990872
2.506483 3.578162
-1.324527 2.201156
2.008184 3.733287
-1.092196 1.427933
-3.546352 0.379442
-1.999166 0.441855
-2.483175 -1.023343
-2.719205 -0.883055
-2.632030 -0.546072
-4.149152 0.819250
-1.335442 -0.425275
-2.422704 -0.846155
-2.090386 -1.159328
-1.300542 0.129620
-2.366981 -0.042514
-4.518078 -1.583043
-2.882077 -1.116214
-4.133336 -1.671533
-2.570683 -1.178248
-4.133336 -1.671533
-1.023408 -2.273252
-0.339721 -2.304907
-0.443575 -1.694411
-1.589063 2.500061
1.650185 4.652744
-1.120985 1.154041
-4.117854 -1.386919
-1.178928 -1.433983
-1.583137 -1.804259
-2.860459 -1.133808
-2.586061 -2.693010
-3.092315 -0.984527
-0.203956 -2.294839
-0.131993 -1.804166
-2.345987 -1.009988
-4.020042 0.730347
0.024913 0.370093
-2.692242 -0.457756
-1.802083 -0.644247
-1.392602 -0.038937
-1.349880 0.436737
-1.025095 0.361179
-2.245279 0.014998
-0.779816 0.348975
-1.832584 -0.479226
-1.893259 0.861939
-0.576802 0.882440
0.022765 -1.721893
0.146869 -1.137471
0.070924 0.227378
0.585996 -0.725905
-1.203516 -0.695387
0.041153 -4.069800
-0.048129 -2.800362
-0.455784 -2.171300
-2.355240 -1.372066
-1.974571 -1.252723
-1.488322 -2.925419
0.223988 -2.534099
-1.853891 -1.616623
-0.362024 -1.840984
2.650954 -1.647149
-0.074824 -3.010076
0.965185 -3.213941
-0.301014 -3.046424
0.465324 -3.485431
1.709565 -2.590400
-0.239245 -2.246723
-1.867640 -2.181522
0.107204 -2.538228
0.852067 -2.665093
0.286025 -0.873341
0.017825 -2.555724
-2.115891 -1.316258
0.004538 -0.556234
-1.139726 -2.791990
0.393010 -2.160333
-0.234505 -2.034107
-0.330870 -2.228678
-0.479911 -1.492418
-1.792636 -1.699692
0.430456 0.150324
-1.032138 1.554077
-0.135984 0.636288
-1.466170 1.946074
1.984377 3.040169
-1.095902 3.577431
-0.500545 1.587369
-1.604362 2.019957
-2.048492 -1.024493
-2.259218 -2.685931
-0.283610 -1.423589
-0.414634 -3.159297
0.925502 -3.573602
-0.967910 -1.697707
-2.218763 -1.276895
0.636102 -1.104241
-1.600849 -3.070145
1.602587 -3.600578
-1.900530 -0.790548
0.610837 -3.074435
-0.648098 -1.279842
-3.437869 -0.975567
-3.487362 -0.980831
-2.110631 1.277600
-0.799837 1.266301
-2.556761 0.258079
-1.760377 1.076483
-2.037395 0.225692
-3.183120 0.641870
-2.127952 -1.113887
-2.019004 -0.371266
-2.498861 -0.059944
-3.721820 0.652145
-1.999430 -0.530969
-1.824631 0.094834
-1.475494 -0.915318
-2.024446 -2.357677
-0.816532 -0.676028
-1.473612 0.490968
-2.383632 -0.735044
-2.026520 -0.846901
-0.075055 -1.555522
3.203736 -0.953519
-1.081383 2.620454
-2.182075 -1.660170
1.072424 -1.901452
-1.741006 -1.031646
-1.922910 -0.952952
1.704541 3.847394
-2.155586 0.123919
5.629864 -0.035455
2.617590 -3.436201
-3.448438 -0.580144
-2.116403 0.198896
-2.430223 -0.745325
-4.979270 -1.588239
-1.757498 -1.918548
-1.777504 -1.866487
-2.733878 -1.324144
-3.952436 -1.081067
0.112239 -2.551667
-2.549758 -0.909602
-0.273271 -2.086105
-1.854519 -0.933263
-1.997978 -0.582435
-0.686429 0.490084
-0.880700 1.620269
-0.148009 1.695365
-1.091033 0.695069
-0.693173 1.973112
1.470798 3.355908
1.437450 3.076762
-1.195755 1.128027
0.050302 1.646309
-3.890501 -1.387760
-2.801582 -0.405354
-2.830861 -0.885020
-2.498538 -1.405030
0.283955 -1.552424
-2.014995 -0.712341
0.409752 -0.915301
0.070924 0.227378
-2.020358 -0.744840
-2.190331 -0.681666
0.143769 -0.522615
-1.996146 -0.562440
-4.171749 -0.838248
-2.683255 -0.820638
-2.542400 -0.495628
-2.432056 -0.765321
-2.424758 -0.806618
-1.117038 -0.808407
-2.016074 0.043538
-3.611536 -0.514723
-0.356463 2.026530
-2.219440 -0.805179
-2.093153 -1.537150
-2.018526 -0.724844
-3.438341 -0.869008
-2.130272 -0.560586
-2.617803 0.303180
-1.424558 0.435436
-4.097620 0.419745
-1.038332 0.593196
-1.861724 1.389836
-3.161537 1.631223
-3.161537 1.631223
-3.853997 1.824678
-3.131103 1.802917
-1.286034 -1.083049
-0.458248 -0.703122
-3.348934 0.046916
-3.348934 0.046916
-3.348934 0.046916
-4.038097 0.105821
-3.606296 0.462871
-2.486699 1.502585
-2.046598 0.197505
-3.348934 0.046916
-3.348934 0.046916
-3.348934 0.046916
-4.041487 -0.836217
-2.955139 0.886254
-3.333066 -0.269797
-2.089196 3.653828
-1.346907 0.760874
-2.364394 0.820844
-1.523051 4.026901
-3.153915 1.281398
-4.601566 1.364429
-1.791256 1.125897
-3.153915 1.281398
-0.425049 0.724492
-3.153915 1.281398
-3.260338 0.930901
-3.512145 -0.132068
-3.148213 -0.703481
-2.044001 0.005821
-2.926391 1.120966
-3.333683 1.191024
-2.653637 -0.029502
-1.627034 1.082393
-3.253344 0.885820
-0.749709 0.550073
-2.969521 1.275037
-2.279849 0.259348
-3.319138 -1.225215
-0.791294 -0.201701
-1.574206 0.141361
-2.905789 0.425768
-2.130428 -0.117240
-3.459130 0.970850
-3.144598 0.888213
-2.887840 1.462959
-2.377997 -0.709298
-2.017212 0.999140
-2.667722 0.875965
-1.522264 2.005431
-3.213585 0.163656
-2.651280 0.120750
-1.569299 -0.355774
-1.657140 -0.375854
-1.869829 0.050683
-3.345966 1.900801
-3.169203 -0.138549
-3.302233 0.783485
-0.738918 0.714277
-3.485760 -0.147361
-2.155967 -0.008308
-2.402243 0.658193
-3.080028 0.109725
-2.547470 -0.769346
-1.957226 0.491684
-2.461525 0.150213
-2.733880 0.471750
-2.001535 -0.077256
-3.852950 -0.192765
-3.366893 -0.459678
-3.277597 -0.568045
-3.225127 -0.867258
-3.175770 -0.858254
-2.975796 -0.489114
-2.696238 0.540668
-3.805411 1.060206
-2.082908 0.747212
-2.500822 0.349351
-1.937254 0.160850
-3.863370 -0.319041
-2.408236 -0.067787
-3.044691 0.487688
-1.785005 0.520935
0.907036 4.154760
1.055317 3.747682
1.025263 2.021627
2.630001 2.747118
2.289151 4.655800
2.696123 5.354045
2.975290 5.615820
1.539965 5.831533
0.676035 4.628938
3.276186 4.009189
0.813270 4.719600
-3.791331 0.344391
-3.754933 1.549542
-1.943804 0.353667
-1.514261 -0.195983
-1.916463 0.105911
-1.164837 0.575612
0.698389 -1.181205
-2.583193 -0.227620
-1.126315 0.028446
-2.798663 0.505249
-2.599728 -0.379090
-2.267987 0.127307
-1.401004 0.489142
-3.160379 0.816667
-1.870544 0.774302
-2.151104 1.884950
0.727248 1.691151
0.702842 1.659367
0.702842 1.659367
0.191795 1.259231
0.427675 2.979387
0.619601 3.222595
1.040318 1.120579
-1.041447 1.630461
-3.124945 -0.633302
-1.855162 -0.339001
-3.090630 1.324501
-3.058224 1.422140
-2.177774 -0.207675
-1.854730 1.429592
-0.721969 1.345317
-1.683278 1.582977
-3.992501 -0.271038
-2.469678 -0.049301
-2.434334 -0.121696
-2.921867 -1.259642
-3.670767 -0.639755
-2.391537 -0.535847
-3.272795 0.240915
-2.484068 -0.545988
-1.767548 -1.016690
-1.129176 -0.020001
-3.980159 -0.912882
-2.960937 -0.492176
-2.237840 -0.403989
-1.943287 -0.113538
-0.551038 2.786987
0.901734 2.708384
1.460024 3.679006
1.813060 3.150669
-0.331747 1.653513
2.760847 2.373873
1.843335 -1.398257
1.600311 -2.541827
3.025398 -2.943852
-3.393411 0.868129
-3.169809 0.794571
-3.389956 0.267882
-1.643475 -0.122951
-3.968216 0.023830
-4.609934 1.611708
-1.948370 0.047995
-2.626199 0.510164
-1.453998 0.578014
-3.874722 -0.613823
-3.329850 0.926098
-3.508722 -0.154182
-3.036986 -0.215699
-1.348150 0.170275
-1.421540 0.820727
-1.703823 0.091351
-1.945135 1.633554
-0.998064 0.739530
-3.153915 1.281398
-3.838053 -0.121602
-3.838053 -0.121602
-2.101664 0.391154
-2.670686 -0.467049
-0.966788 -0.070881
-0.720004 1.041676
-1.973877 1.441647
-2.875636 -0.085099
-2.273739 -0.160915
0.898081 0.761905
-1.118135 0.667938
-2.888895 -0.058931
-2.960937 -0.492176
-1.669609 0.107552
-3.030117 0.007596
-1.784517 0.156895
-2.809063 -0.021128
-1.874668 0.175164
-0.919697 0.807115
0.583829 2.121507
-1.550380 -0.344081
-3.566817 0.384498
-1.782024 0.220493
-0.459929 -1.250004
-2.936671 0.342932
-0.117846 0.367625
0.564061 -0.915629
-2.926837 0.107732
-1.815543 3.622533
-2.584320 -0.483401
-4.270087 -1.639082
-2.711215 -1.156801
-2.545725 2.007482
-2.816048 0.529981
-0.643749 1.493764
-2.799617 1.597667
-0.139995 -1.710999
3.582547 -1.489156
-0.975041 -1.711676
-1.718408 -0.695995
1.368580 0.457723
-1.211956 -1.255540
0.123811 -2.284479
2.522979 -3.076633
0.495562 -1.429262
0.566799 -2.107544
0.663687 -0.733912
-0.124336 -2.602671
-0.800094 -1.302759
-2.722387 -0.094127
-1.383916 0.057822
-1.206388 1.839328
-0.297348 1.541883
2.382141 3.600360
0.431135 2.143704
2.513502 2.770032
0.728163 3.266351
1.050518 2.609281
1.073326 1.367172
1.115218 2.917952
-3.096950 -1.097115
-2.028870 0.304203
-1.738971 0.879375
-2.986507 -0.901901
-1.990733 -0.717317
2.951927 -2.291523
0.227087 -1.006995
1.419718 -1.328615
-0.399274 -3.099529
5.213358 -3.421548
-1.528077 -0.312682
-0.938162 -0.000991
-2.862744 -1.656277
-2.899152 -0.100119
-2.363983 -0.033004
-1.653158 -0.137104
-2.900229 -0.407067
-3.036998 -0.876312
-2.941194 -0.438041
-2.085954 -0.380684
-2.131843 -0.684267
-0.517433 -1.604091
-3.233410 -0.432596
-1.926769 -0.758916
-1.936044 -0.290667
-2.353487 -0.775466
-3.531601 -0.759653
-2.095510 -0.118988
-1.006051 0.721867
-2.998651 -0.518438
-2.059238 -1.251172
-2.861923 -1.692034
0.248337 -1.420987
-2.985715 0.840826
-3.348032 -0.553454
-3.233410 -0.432596
-3.233410 -0.432596
-3.348032 -0.553454
-3.348032 -0.553454
-3.422236 -0.731791
-2.098769 -0.384200
-3.522841 -0.304258
-2.392625 -0.394832
-4.467239 1.522552
-2.889933 -0.610675
-2.489013 -0.904507
-2.980866 -0.893395
-2.436764 0.135858
-4.274264 1.243338
-2.624362 -0.714784
-1.570950 -0.410773
-2.941811 -0.956626
-3.176689 0.234691
-3.573549 -0.486004
-3.393702 0.549971
-3.345854 0.546031
-3.043357 0.018884
-2.396262 0.190752
-2.590103 -0.818720
-2.277541 -0.484283
-1.857349 -1.245842
-3.015145 -0.649602
-0.018852 0.217946
-0.404801 0.562954
-2.116327 -0.617204
-1.413360 0.469748
-1.458024 0.154602
-1.519480 -0.259807
-2.485049 -0.609270
-1.637391 -0.777321
-0.470890 0.789710
-4.932721 -0.979557
-3.254429 -0.636324
-2.241745 0.678438
5.103730 -4.874864
3.869232 -2.834029
4.152795 -2.968025
4.618306 -2.794746
3.182573 -3.179323
3.913046 -2.863022
3.648423 -2.326883
4.390293 -2.984537
2.979998 -2.493609
3.295028 -2.396889
3.442974 -2.783536
4.181910 -2.694688
1.555009 -3.850705
0.687091 -3.170776
1.959939 -3.208209
-1.190523 -2.316903
1.580719 -2.400458
-0.770776 -1.149516
3.104640 -1.909214
3.084314 -1.891320
0.452526 -1.406595
2.247739 -2.975614
1.219174 1.699441
-0.769726 1.413038
1.666909 1.530819
1.493646 2.128081
1.445956 1.800877
1.445956 1.800877
-0.584559 2.188697
-1.061626 -0.642403
1.076791 2.048283
2.067887 1.999664
1.946573 1.865891
-1.092394 1.380626
1.783187 1.358001
1.599320 1.383461
3.187391 -0.598371
1.793513 -3.327688
2.353258 -3.967746
2.390964 -3.189432
1.058715 -2.388296
1.723016 -2.977221
0.230221 -4.025467
1.692897 -4.129512
1.179099 -2.816693
3.179976 -3.819119
2.489993 -3.088259
1.659709 -3.115915
2.571703 -3.409582
1.038770 -3.046874
0.132041 -2.470215
1.811941 -2.958298
2.299470 -2.385755
2.280999 -2.535103
1.107839 -3.154826
0.666669 -1.727723
2.770063 -3.846925
0.855789 -2.621059
3.042820 -3.899394
0.180853 -2.976928
1.068079 -1.585767
0.410086 -2.727616
0.694076 -3.474528
-0.381353 -3.084135
0.439660 -2.487415
0.525202 -2.132028
0.890161 -2.977343
0.860414 -2.670171
2.216518 -2.439564
1.829979 -2.969046
1.028191 -2.183788
0.202146 -2.838423
0.943391 -2.664738
-0.211971 -2.251157
2.567930 -2.902700
2.194933 -2.527289
2.725548 -1.819526
1.889479 -3.106916
1.867801 -2.457356
3.411953 -4.216409
1.910258 -1.475790
2.011542 -2.425965
1.843061 -1.596266
3.766595 -2.486329
3.271871 -4.716374
0.559419 -2.727044
2.952011 -2.484171
3.009493 -2.070942
2.854118 -2.739850
1.312638 -4.081409
1.327786 -2.941260
4.166365 -4.290713
2.592093 -2.392981
2.789835 -2.749528
1.515933 -2.411130
1.554720 -3.080566
2.719002 -2.757509
2.868332 -2.970950
1.421896 -3.577793
1.423147 -2.959029
2.793770 -2.510676
2.910470 -1.828731
2.228340 -3.945188
1.503724 -2.396700
2.116992 -2.683066
1.268190 -3.394335
3.558289 -3.156984
0.875291 -3.590237
1.540351 -2.845090
2.905247 -3.293770
2.944350 -3.859969
1.695918 -3.383170
1.402987 -3.182425
3.195121 -2.343968
2.894266 -2.784734
1.136029 -2.996132
2.697242 -2.482750
0.203749 -3.534186
2.477984 -3.354074
-0.948609 -2.107195
0.678332 -3.334924
2.946055 -0.779733
4.673738 -3.233822
1.525742 -3.617804
1.732858 -2.351830
2.671233 -2.917777
2.644774 -2.545222
-1.191284 -2.507253
0.637342 -1.397124
-1.004102 -4.330757
-1.336285 -3.809002
0.460424 -3.539908
0.200610 -3.282993
1.441254 -2.578810
0.045371 -3.387163
0.519475 -2.501962
-0.723490 -1.492251
0.344351 -2.890556
0.837659 -2.604233
-1.261703 -2.388587
0.190557 -3.373653
2.390595 -1.478188
5.958187 -1.482090
2.247943 -2.583861
-0.328947 -1.609249
-0.726581 -2.083597
-0.258074 -2.537764
0.133699 -2.412580
1.502265 -3.143286
1.328128 -2.468906
-2.766871 -1.055151
-2.382402 0.084713
-0.998824 -0.569480
-0.763203 0.104412
-4.007006 -1.001961
-2.993539 -0.500842
-2.394326 -0.638089
-2.449448 -0.350600
-2.574625 -1.061997
-1.187664 -0.144694
-0.241136 0.509728
-3.102163 -1.365965
-1.759256 -0.909973
0.779814 0.427120
1.143086 0.424436
-2.489276 1.908882
-2.711931 2.003943
-1.041493 0.667484
-0.623458 0.842232
-1.379354 0.767761
-2.170266 2.716073
0.069807 -0.739577
-1.113958 0.409282
-0.878889 0.903606
-1.079776 0.509897
-1.812913 0.609003
0.492696 0.935888
-0.760234 0.359036
-3.704006 1.339541
-1.556619 1.460179
-1.728091 1.229200
-3.058224 1.422140
-3.775372 -0.894861
-2.280232 -0.579350
-2.017812 -0.026904
-2.656945 -0.290685
-1.872441 1.043783
-1.604538 0.403874
-4.563005 -1.026858
-3.946694 0.451335
-4.315345 1.187207
-3.416725 0.937464
-3.342757 -1.041601
-2.557992 -0.822112
-1.982709 -0.811142
-2.777296 -0.802316
-2.895358 -0.331799
-3.248451 -0.207561
-2.953932 -1.527271
-1.720220 -0.489119
-0.991518 -0.928724
-1.970622 -1.427135
-2.800548 2.326904
-1.533910 3.058996
-1.452362 1.475605
1.234202 2.880471
-3.267047 -0.506080
-1.852507 0.034870
-1.665808 0.116926
-2.448123 -0.505019
-2.401410 0.382975
-2.324875 0.513701
-1.394510 0.518073
3.177916 -1.342691
0.204790 -2.293776
0.996259 -2.125832
-0.353271 -1.473524
0.491406 -1.881997
0.463186 -0.793531
0.938016 -2.143453
1.163062 -0.840171
4.042591 -1.898969
2.115266 -0.939931
6.272693 -0.330740
5.637613 -0.600808
3.449247 -1.812831
1.517769 -1.115618
4.778253 -1.829900
-1.438711 -1.375013
-0.928561 -1.379977
0.153771 -1.828760
-1.277698 -1.107395
1.398308 -0.814471
1.406141 -1.676104
1.567235 -1.390165
-0.340104 -1.716487
-0.998016 -1.409147
-0.501365 -0.832253
-0.817040 -0.601921
0.201883 -1.516122
0.311220 -0.912862
-0.273500 -1.871597
0.271495 -0.611451
1.105095 -1.626723
-0.000219 -1.384539
-0.792352 -1.460772
1.155310 -2.133980
0.750385 -2.226320
-0.694049 -1.399971
-0.450712 -1.448885
-0.214887 -1.247683
-1.374392 -1.069583
-0.658272 -1.035816
-0.013190 -1.417334
0.049693 -0.862484
1.525733 -2.692961
3.019198 -1.573026
7.077593 -3.278905
2.919427 -1.814046
5.497996 -4.482008
5.274223 -3.659553
4.644942 -3.872422
3.739151 -2.989282
3.255231 -1.414611
4.052676 -1.750417
2.988724 -3.148527
-1.526131 -0.238711
-2.378412 0.197224
-4.242008 0.130498
-2.426197 -0.401546
-0.401101 -0.182109
-1.481770 0.023123
-2.444249 -0.966069
-2.902427 -0.241444
-3.251325 0.406420
-3.321173 0.074780
-3.497928 -0.399872
-3.368586 -0.537920
-3.175165 -0.649407
-2.978954 -0.784699
-3.133098 -0.709643
-4.881179 1.152271
-4.537721 0.926932
-2.698796 -1.034900
-2.921828 -0.921821
-2.402583 -1.292967
-2.662546 -1.169010
-3.123045 -0.927674
-2.301808 -1.044849
-1.472378 0.132460
-2.449114 -1.003162
-2.436325 -0.840717
-2.366941 0.486217
-2.806961 0.096489
-2.558791 0.651719
-2.550055 0.643086
-2.553754 -0.294703
-1.923397 -1.005000
-2.464848 -1.038615
-3.534240 -0.791213
1.234890 -3.581178
4.743915 -3.121859
0.057408 -2.714050
0.387578 -3.083826
5.176858 -2.739400
-1.789202 -0.420769
-3.841553 0.583503
-0.398126 0.870383
-1.230040 1.515726
-2.873013 0.242971
-3.709044 0.609235
-2.843114 -0.058941
-2.658019 -0.149272
1.846333 3.586895
0.410932 1.080764
1.618097 2.008226
1.258110 3.239389
0.586275 2.102820
0.817630 3.069127
-1.125019 3.213072
0.815789 5.031975
1.702643 4.540721
2.249437 3.688198
0.333638 2.512657
0.562886 2.891028
-1.268918 2.423806
1.259432 3.708403
1.385648 4.038469
1.322841 3.036260
1.139366 5.454912
2.488384 3.425368
1.367185 3.479465
2.388852 4.190637
1.642025 3.467155
1.542825 4.713553
0.627695 3.894670
0.998081 3.729775
1.460969 -1.021796
0.456497 -2.212153
5.781400 -1.073538
-3.023097 -0.842394
3.551000 0.173133
5.915975 -1.346564
5.192445 -2.131544
5.070524 -0.956067
4.772176 -0.874891
4.772176 -0.874891
2.730369 3.274624
2.760847 2.373873
4.628703 -3.839004
4.145435 -2.886895
5.407126 -1.732479
3.603346 -2.793611
5.322197 -2.008488
9.323801 -0.241198
4.160411 -0.315447
7.789594 -3.866646
3.862541 -3.989978
4.981792 -2.712131
3.001226 -2.595618
4.600962 -2.617277
3.383775 -2.330365
2.192185 -0.980886
7.613237 -2.442397
4.958558 -2.845129
3.010544 0.626101
3.186486 0.605977
2.766282 0.733191
-3.761818 -1.383034
-2.371606 0.081881
-1.202633 -2.495276
-1.085383 -2.745674
-1.190277 -2.779249
-1.125177 -1.511400
-1.341318 -2.689840
-1.910376 -1.746237
-1.081121 -2.565409
-1.085383 -2.745674
-1.341318 -2.689840
-2.919497 -0.461826
-0.611625 -0.314399
-1.949002 -0.097840
-1.631283 1.268061
0.522754 -1.107543
-1.288572 1.828048
-1.793591 0.159989
-1.169697 0.350075
-1.257045 0.397045
-2.883779 0.223202
-3.103058 0.737498
-2.729756 0.238298
4.489325 -2.523438
1.299498 -2.028635
0.276392 -2.185558
5.090669 -3.407160
6.751346 -2.537975
7.929585 -2.643482
1.878746 -1.662678
6.210312 -5.020422
6.888130 -1.848913
4.278682 -2.009008
5.935873 -3.053267
-2.589620 -1.243659
-2.333975 -1.107315
6.417498 -3.973353
6.709947 -2.136736
6.272594 -2.619588
4.048380 -1.914665
7.582451 -1.479224
4.632860 -4.433239
3.775370 -4.333337
5.516848 -2.905943
3.276588 -3.697104
4.202121 -5.560288
6.923984 -5.354983
6.032631 -4.236484
6.419636 -3.510199
5.982470 -5.289727
7.032970 -3.214201
2.972032 -2.978750
2.240848 2.758618
3.936441 -0.012160
3.064305 -1.304683
0.301453 2.948325
0.760479 3.796940
-0.061934 1.820769
0.776571 1.846189
2.442124 3.245964
0.500123 2.169610
-1.277057 0.851089
-0.584003 3.163719
-2.593006 1.037229
-2.593006 1.037229
-1.630551 0.922497
-2.802234 0.801064
-2.277014 0.442109
-0.940467 2.933789
-1.360073 3.125166
-0.700306 1.542275
6.188282 -2.004729
3.083478 -2.863806
4.474050 -2.101670
3.269787 -0.411098
-3.450539 1.403459
-5.122818 1.558694
1.755415 -0.418648
2.720669 2.113506
4.063466 -1.070034
1.096866 -0.260556
1.930937 -0.383022
2.370186 -0.910060
3.228768 -1.211452
1.884744 0.346468
-1.219770 1.202029
-1.925847 1.109628
-1.533436 1.750887
-1.518411 0.132924
-2.375906 -1.005788
-1.584136 1.612568
-2.306763 1.616789
-0.867379 1.036550
-0.702535 2.403129
0.518520 1.537179
1.445169 4.448694
4.692420 -1.322655
1.974786 -2.061519
3.192778 -1.994611
2.130633 -2.304267
2.681107 -1.270647
3.824480 -2.159103
2.773856 -1.623898
0.919477 -1.908148
3.164426 -2.109464
1.936335 -1.002995
2.123221 -2.292301
3.055671 -0.360663
2.091381 -1.235064
3.398182 -1.347758
5.027986 -1.268387
4.388217 -2.148169
2.237490 -1.000673
2.431206 -0.997569
1.668344 -1.260940
1.881794 -1.369096
1.496508 -1.346007
3.073315 -1.996554
4.755363 -1.387120
3.591832 -1.889298
3.608701 -1.518472
2.418823 -1.696267
3.305844 -0.166070
2.298516 -2.117693
0.197290 -1.709564
1.383673 -1.248058
5.846963 -1.794846
4.347814 -1.731798
5.078548 -1.645961
6.441539 -0.297497
5.078548 -1.645961
1.819046 -1.917876
3.596949 -3.019058
0.623416 -1.474144
1.495745 -2.123850
2.202012 -1.299995
1.618253 -1.286414
3.000120 -0.956382
2.244708 -1.316069
5.507900 -2.139448
4.479626 -1.930180
0.980184 -1.346262
3.882526 -1.549216
3.699840 -1.334849
1.606433 -1.801600
3.104824 -1.470298
2.126391 -0.865285
1.218337 -0.893177
1.736124 -1.174474
0.324563 -0.513355
1.409577 -1.255960
2.041264 -0.832234
2.202046 -0.752243
-1.116901 -0.832793
2.427058 -0.816135
2.435469 -1.069100
1.516301 -1.314868
2.863515 -0.972762
4.225271 -2.385882
-0.810516 -1.658214
0.474697 -1.933522
1.683078 -1.222081
3.669240 -1.626552
-0.109765 -1.577508
2.077894 -1.042949
2.388152 -3.562412
1.494027 -2.232913
1.609576 -1.926053
3.583725 -1.590023
3.691554 -2.136506
1.948595 -1.054054
-0.493432 -0.989774
6.173950 -1.328532
-2.212721 -1.033873
1.574281 -1.312197
-1.019696 -1.346025
0.499294 -2.068582
2.210942 -1.487667
2.909679 -1.872871
2.358056 -2.460036
1.697118 -2.176895
0.320647 -1.396152
-1.405721 -0.269070
-2.459735 -0.308558
-2.844171 0.436201
-5.007154 0.791516
-4.407350 1.353666
-4.669030 1.327203
-4.564025 1.055069
-5.050329 1.377307
-5.059048 1.566528
-3.322110 -0.728264
-3.526943 -0.930424
-3.223200 -0.895895
-3.042567 -0.283056
-3.087151 -0.887497
-3.321878 -0.300476
-3.200791 -0.275138
-3.311796 1.821046
-2.685316 0.643325
-3.446412 0.710187
-3.795135 1.167572
-4.384622 1.361980
-2.538454 1.660346
-4.125185 2.242815
-4.158893 2.409076
-3.067750 2.265208
-4.044147 2.343773
-1.693107 1.805207
0.259346 4.531389
0.330559 5.154071
-2.843789 3.013534
1.191239 3.369362
0.627775 2.743720
-0.251017 2.998711
0.482901 5.290043
-0.793897 3.009341
1.967108 3.904437
-0.793897 3.009341
1.340529 5.290468
1.743425 4.573983
-0.793795 4.795713
1.301434 4.595352
2.655489 3.840434
0.931343 4.402724
0.811379 4.326292
0.803284 4.654887
1.057409 4.255251
1.308495 4.586255
0.481332 3.324621
0.963203 4.409170
0.691076 5.123012
-2.076223 4.712909
-1.917381 4.633762
1.216250 4.176104
0.387598 5.318084
0.843308 4.451975
0.836089 5.192509
0.705441 4.581552
0.327445 5.185788
1.485075 5.476469
0.831579 5.283725
0.608630 5.089913
0.684616 5.020828
0.730987 4.874443
0.730987 4.874443
1.914260 3.876093
1.913630 3.724282
1.853218 4.271828
0.391748 3.228349
1.882607 4.523556
1.077013 3.341047
1.124699 3.369301
1.874423 4.440467
1.761123 4.396378
0.579125 2.643226
1.077013 3.341047
0.331743 3.489835
1.826738 4.412213
1.077013 3.341047
1.077013 3.341047
1.678550 4.329168
1.077013 3.341047
1.699756 4.497807
1.132883 3.452390
1.077013 3.341047
-0.350913 3.091808
1.651374 4.227456
1.124699 3.369301
-0.607431 2.939826
1.124699 3.369301
1.124699 3.369301
1.124699 3.369301
1.077013 3.341047
1.699756 4.497807
1.124699 3.369301
1.124699 3.369301
1.124699 3.369301
1.130576 3.396889
1.124699 3.369301
1.747442 4.526061
1.518443 3.475937
0.545976 2.761951
-0.265068 3.273938
-0.429293 3.325571
1.093951 3.422105
-0.136471 3.318976
1.438368 2.987520
1.687378 3.210556
0.814564 3.206002
1.476598 3.376818
-0.191022 4.825530
-3.059639 0.201673
-1.862596 0.121680
-1.914066 0.556574
-0.746768 2.415702
-2.611455 0.874117
-1.351211 0.674332
-1.529222 0.820308
-2.611455 0.874117
1.442996 2.206703
-0.965759 0.597623
1.257215 2.624425
1.257215 2.624425
1.257215 2.624425
1.257215 2.624425
0.857657 2.140613
-3.852713 -1.457230
-2.410918 -1.009743
1.702883 -3.113519
-2.066159 -1.362574
-3.453626 -1.935957
-2.045711 0.493521
-3.324394 -0.030986
-2.007926 -0.656128
-2.437191 -0.028075
1.699940 -2.668577
-0.285793 -1.837801
-0.161409 2.343094
-1.694308 0.932886
-1.787594 1.555853
-0.026529 3.071310
-1.074091 0.971066
-2.490402 1.178663
-2.196872 2.342950
-2.705451 0.389839
-1.903214 1.786752
-1.932591 -0.127958
-2.427378 0.966905
-3.097460 0.292932
-2.773589 -1.569350
-2.782948 -0.708187
-0.444145 0.941961
-1.282382 0.864308
0.428757 -2.334015
1.528822 -2.595076
2.776658 -1.584955
0.835401 -2.796595
1.270747 -1.949895
3.816270 -4.237706
2.266539 -2.562615
0.004628 -3.351018
2.268124 -2.592399
4.058068 -3.393201
3.873868 -3.094451
7.006438 0.921715
3.932639 1.516230
5.517006 1.220667
4.866068 1.068384
0.807186 1.783751
0.015938 2.457248
-1.546602 2.830008
2.024857 3.026133
-0.452083 3.361308
-0.480554 0.840841
2.374067 1.818273
-0.878855 0.947129
0.579635 1.977223
-1.666520 0.471111
2.117208 1.939603
-0.904594 0.859250
2.391569 0.481646
-0.032558 0.721884
0.126971 3.430998
0.611842 3.468006
-3.719120 -1.126852
1.772662 3.247831
1.592485 1.327771
1.813038 1.202240
2.723630 2.021056
3.852464 1.986645
2.771391 1.842558
2.503062 1.282604
2.503062 1.282604
4.809530 -1.003193
6.208773 -2.908913
2.918907 2.380499
2.923273 2.122125
2.848411 1.992160
4.352177 2.241063
-1.161014 2.781372
-1.447164 1.690317
-1.509448 -0.764553
-1.123676 0.599141
3.410083 -2.227846
4.698923 -2.746099
3.874333 -2.716159
3.037604 -2.439606
2.559050 -5.420198
3.542047 -2.369438
1.458173 -3.746923
1.506318 -1.936834
2.852979 -4.093127
5.091904 -2.823931
2.952484 -2.137615
4.259925 -2.084477
2.907694 -2.305640
4.097603 -2.529188
2.144996 -2.924870
2.357934 -3.179377
1.448306 -4.163138
-1.640556 -3.444451
0.312923 -3.160711
0.745680 -3.609426
3.323821 -3.362551
2.393739 -2.944313
0.950134 -2.946946
2.499045 -3.724508
1.395331 -4.208379
2.055357 -2.680269
1.843899 -3.091320
-0.106059 -3.744942
0.788314 -2.783764
2.311754 -2.750227
0.913844 -3.742769
3.142700 -3.843187
1.631345 -3.578782
2.616939 -2.212626
1.335421 -1.847140
2.917445 -2.000669
2.822064 -3.206325
2.062799 -2.171297
1.539395 -2.090915
1.807833 -3.312871
0.752968 -2.919213
2.617005 -2.295236
2.340015 -1.989983
3.267966 -2.502052
1.458041 -2.519751
2.953116 -2.787600
6.091722 -2.809378
1.385170 -2.355884
3.103993 -0.611990
2.942896 -2.395804
3.277279 0.439764
0.454875 -1.876696
1.504976 -1.072137
2.818498 -2.502871
1.486219 -2.560840
2.154260 -2.168719
2.477911 -3.109187
-1.517892 -2.474911
-2.132708 -3.277834
0.734931 -2.818786
4.554953 -5.094981
3.405619 -2.254559
4.936846 -2.680612
1.533224 -4.106662
-2.083555 2.302374
0.098334 1.749991
-1.652725 -0.050003
-2.368749 0.575869
3.524343 -0.507579
-2.969523 0.702687
-0.827355 0.441538
-0.389939 0.319710
-0.523547 -0.201727
-1.315497 0.615280
-0.340814 -0.043867
0.170432 0.079657
-1.065508 -1.658995
-2.021380 1.965888
-0.614179 -0.210550
-0.434807 -0.243147
-1.403202 -0.030520
0.957727 -1.247372
-0.709642 -0.116243
-0.936735 0.878122
-1.437196 -0.032180
-3.068393 -0.271720
-3.458711 -1.117871
-2.998651 -0.518438
-1.716852 -0.007756
-2.611207 -0.233070
-3.998050 -0.376195
-1.689795 -0.053818
-2.493428 -0.158590
-2.684023 -0.011146
-3.417078 0.745750
-2.950406 0.978032
-2.334454 -0.373820
-0.431542 0.388355
-1.637682 -0.304346
-3.799664 -0.209424
-2.246552 -1.080814
-2.693930 0.181014
-2.785612 -0.724752
-2.698243 -0.293827
-1.093934 -0.101766
-2.698243 -0.293827
-2.698243 -0.293827
1.445798 0.794618
0.076783 0.641300
-0.650830 -0.741145
0.072167 1.795141
-3.634950 -0.701498
-3.326013 1.850549
-2.706542 1.387740
-1.956427 -0.584965
-3.400759 -0.554152
-2.372860 -0.390025
-3.730557 -0.790414
-3.250204 -0.234972
-3.420399 -0.404218
-2.091481 -0.353813
-3.587265 -0.673244
-2.411209 0.841295
0.696385 2.164083
-0.873784 2.113778
-1.862696 2.615901
0.197040 2.571854
0.197040 2.571854
-0.873784 2.113778
-1.729219 2.593099
1.020191 3.534181
-1.255701 1.043709
0.630906 3.073139
0.128761 2.688676
-0.946343 1.541285
0.658825 1.874648
-2.678533 0.797288
1.479978 1.334207
0.568873 3.543123
1.749990 1.592026
0.935640 2.321369
-0.857448 1.925276
-1.962106 1.406072
-2.078536 0.753155
-2.532549 -0.355338
-2.243345 1.798683
-1.245277 1.545565
-2.059759 1.179008
1.145892 3.814262
-1.365383 -0.296911
3.279176 2.527888
-2.042572 -0.545146
-3.126300 -1.089002
-1.116673 1.648561
-1.222989 -0.210635
-0.467206 1.497625
-1.826452 0.412923
-1.111842 1.869690
-1.314313 0.918289
-2.058996 -0.311799
-2.969595 -0.017788
-2.059217 1.079739
-2.898355 0.418316
-2.879399 -0.705927
-1.047865 2.509283
-2.738773 0.195671
-2.987531 -0.286990
-2.020560 -0.605029
1.226351 2.090056
1.098539 1.880497
1.028677 1.613457
2.356610 1.425261
2.356610 1.425261
2.543571 1.457870
0.332735 1.471919
0.035308 0.222179
1.652683 -2.519681
2.377150 -3.417117
5.008482 -1.341259
4.486597 -3.882165
2.085457 -3.130567
2.902648 -2.968295
2.073213 -3.350939
2.954827 -3.158604
4.808278 -3.153617
2.324741 -2.213786
2.126369 -3.069192
2.001643 -2.706554
1.886925 -3.573041
0.688454 -3.697863
3.159079 -2.536068
1.403350 -1.764172
-1.228244 -2.052464
2.715664 -2.682834
5.172936 -2.764795
1.487394 -3.017074
-4.118202 -1.438223
-3.754901 -0.856291
-4.333297 0.621740
-2.432976 -1.061081
-3.112602 -1.827599
-2.917978 0.011024
-2.013262 -0.815053
-2.320329 0.620799
-2.144828 -0.705568
-2.281476 -1.552093
-1.815178 -0.765294
-4.268781 -0.000175
-2.542044 -0.355675
-2.382900 -0.839590
-2.001013 -0.639444
-2.529905 -0.900662
-3.145177 -0.937974
-2.095878 0.267356
-0.214036 -1.036139
-3.571280 0.152122
-1.688342 0.051309
-2.014543 0.748064
-1.780343 0.596736
0.148147 3.128417
-3.251981 -0.247900
-2.470043 -0.046648
-1.109271 0.220923
-1.756289 -0.753754
-0.815701 -0.286932
-1.821060 -0.336595
-3.402561 -0.307289
-2.279243 -0.536818
-2.233267 -0.492679
-1.538489 0.090190
-0.425776 -0.265101
-1.167174 -0.517187
-1.381972 0.906741
-1.519480 -0.259807
1.599680 0.736815
-2.148488 0.384315
-2.697232 0.854267
-3.854040 -0.806207
-3.306553 -0.623108
-2.435535 -0.184745
-2.111319 -0.688006
-2.201520 -0.644361
-3.119736 -0.595104
-1.065191 -0.148304
-1.834223 -0.302657
2.075432 3.590510
1.136210 3.596006
1.446536 3.808511
2.621875 3.566180
2.621875 3.566180
5.185054 3.271963
3.162351 2.320239
0.658778 2.522813
3.711012 -0.229803
4.703492 -1.553451
1.155073 -1.040197
2.466712 -1.265460
3.828138 -1.886872
3.467593 -0.340180
6.465877 -0.605380
2.422597 -0.834948
0.116945 -0.414301
3.489872 2.376286
0.750085 1.832167
3.481372 4.978296
2.142504 4.196159
2.644967 2.220737
2.082358 5.619603
2.141393 4.385156
2.644491 4.236166
1.787781 3.530328
0.917097 2.421460
1.424980 2.743166
2.278820 3.267754
-1.168466 0.618294
-1.254842 1.273771
2.214636 3.509188
2.140210 2.361944
1.808164 2.716049
1.763020 2.927123
1.180024 2.437793
2.742973 3.929360
1.001239 3.717635
-0.681389 2.036926
-1.312205 1.350719
4.817495 2.314716
2.553064 3.559174
2.162454 2.005628
2.550599 1.910239
2.423878 1.769367
-3.739695 3.039820
-4.023312 2.868332
-0.513913 1.890852
-2.550281 2.635786
4.956357 -2.891011
4.494501 -3.419752
3.082950 -1.888376
3.960505 -5.406911
4.317607 -3.912676
4.075354 -3.771889
3.758323 -2.569846
3.025417 -2.380531
3.790977 -1.509117
2.819239 -2.475392
4.199335 -3.776380
-2.690626 2.727515
0.338704 2.923884
-3.405799 1.332156
-4.056028 1.436723
-5.403407 0.678825
-4.800032 1.158126
-3.964044 1.301288
-3.507659 0.984952
-1.291873 2.724605
-3.512956 2.629056
-4.441589 1.438919
-4.581009 1.771074
-2.134827 1.325459
-2.945856 1.451037
2.199028 -1.788116
2.262569 -1.327229
-0.092052 -1.526696
-1.398577 0.246138
-2.248021 -0.186562
-1.266977 -0.141414
-2.727610 0.081668
-1.112526 0.745175
-2.613118 -0.564826
-2.468972 -1.192570
-3.192565 -0.489693
-2.394620 -0.440776
0.478744 -3.478635
0.892067 -2.592759
6.328630 -4.666598
2.570779 -2.258143
1.026465 -2.061957
4.765704 -0.695116
2.716763 -0.318653
2.788754 -1.929806
5.017909 -0.516995
1.073065 -1.934804
2.863236 -1.496536
3.295806 0.152322
4.111705 -0.442913
0.040072 -0.790453
3.789599 -1.855697
5.810263 1.108135
-0.166156 -2.351864
-0.671381 -2.462120
1.174444 -1.596466
-0.603386 -2.447606
2.692954 -2.286274
0.762111 -3.214990
1.324262 -4.279893
3.842980 -3.255786
3.235114 -2.197392
2.230483 -2.677322
1.062990 -2.333566
1.089352 -1.204221
-0.426931 -0.838429
0.109988 -2.074278
1.716069 -2.302423
0.602742 -1.670569
-1.671557 -1.843234
-2.048996 -1.002049
1.865710 -4.551605
2.587096 -3.830582
2.713385 -2.654891
1.646256 -4.015887
2.423679 -2.504409
1.023287 -2.967417
2.979042 -2.946950
2.013872 -4.414573
2.289731 -4.377721
1.696837 -3.423331
2.040944 -2.253920
2.725801 -3.382282
3.001238 -4.925740
0.593774 -3.899846
-0.119182 0.818884
-2.196354 -0.794118
-0.897855 0.931544
-1.140329 -1.881537
2.062550 -4.381518
2.682072 -5.323657
2.231189 -4.232593
0.315082 -3.581831
1.660923 -0.337017
1.973124 -1.963873
1.678192 -3.515119
-0.053766 -1.399314
-0.100749 -1.890343
-2.322619 -1.692898
-1.458979 -1.141995
2.242666 -2.865925
4.126281 -2.178357
0.826901 -2.980957
0.279069 -1.835695
0.761704 -2.443213
-0.313731 -1.664714
0.328787 -1.178075
-1.377490 -1.321897
3.754504 -2.415955
2.393276 -0.357848
1.820393 4.657646
2.517509 4.881907
2.573792 3.956306
3.249049 5.411663
2.464171 5.286608
1.253933 4.114034
2.883609 3.572556
2.515318 3.483763
2.096388 3.532363
1.652879 4.271722
1.606228 3.667967
2.047607 3.160971
1.726602 2.636698
1.473036 2.845202
1.315711 2.452822
0.986664 1.361209
1.718403 5.358350
2.515811 5.254224
0.652104 4.057321
-0.358583 1.815021
-1.440427 3.485108
2.064940 3.107944
-1.345384 2.238303
0.566636 -2.061004
1.820058 0.292935
-1.267304 0.810226
-1.319014 0.257581
-1.465439 -0.564287
-1.086682 0.992108
-3.742103 0.616514
-1.049373 1.708990
-0.397647 0.889638
1.334205 -3.450188
0.299350 -0.093258
-1.003672 -1.360479
1.087704 -0.869953
0.542602 -1.984081
2.848780 -0.117373
4.223432 -1.485401
2.668643 0.781542
1.949392 -0.463840
-0.858681 1.557557
1.990142 1.273760
-1.197032 0.819318
1.189649 0.947150
0.871174 1.060084
0.871174 1.060084
6.436853 0.575691
5.605807 -3.110985
4.790854 -2.078822
5.563102 -3.592637
4.259669 -1.814242
1.074035 -2.499117
4.341903 -1.728959
2.710009 -2.004728
-2.748495 0.790828
-3.680246 0.925493
-3.377962 0.381972
-1.234910 0.671004
-2.462344 0.710109
-2.046884 0.675650
-0.952404 0.623471
-0.728002 0.242055
0.450395 -2.785893
-0.296365 -0.869223
0.865654 -1.853052
-2.763430 -1.836275
-0.086794 0.445951
-3.010618 -0.251346
-3.727301 1.359537
-2.992696 -0.676348
-2.200382 1.628629
-2.599466 -0.044353
-0.032882 -1.842457
2.348330 -1.875271
1.485856 -3.241204
1.734338 -3.491645
3.421379 -2.933748
2.266923 -2.552039
2.868736 0.185330
-2.706278 0.911885
3.301981 -0.283945
3.522863 -0.501301
-1.973293 0.631774
-0.628082 2.113586
-0.705596 0.811109
-0.708593 0.299644
5.941205 -3.035525
5.635800 -3.533588
5.995029 -1.754026
6.296325 0.446883
4.391343 -1.269383
6.781728 -3.341357
0.155656 -1.536271
2.964067 -3.333180
5.259073 -0.813982
5.643753 -2.843253
6.478150 -3.185433
3.239348 -3.248959
3.329982 -4.405142
4.373384 -2.141010
3.316591 -2.705755
5.601035 -2.575491
2.420480 -1.700408
1.542301 -2.424042
1.960125 -2.910551
3.583277 -2.768745
1.176209 -2.451662
4.693211 -1.319130
3.129205 -3.679766
0.505637 -4.334947
3.433750 -2.559166
2.797803 -2.550246
4.167646 -2.551099
3.001029 -4.253674
2.883674 -2.797108
3.842221 -4.131503
3.032941 -3.519326
2.626427 -3.099143
-0.680116 -2.633017
3.465334 -2.932350
2.278204 -2.707108
0.820734 -3.966918
2.001140 -2.165080
1.658920 -2.963829
6.010324 -2.924426
7.402201 -3.345971
3.713357 -2.455487
5.142975 -1.282381
3.179168 -2.106289
3.202478 -2.154112
3.104461 -2.518206
2.813905 -3.670713
2.805116 -3.021659
-0.250462 -1.870856
0.430674 -3.601883
-1.021999 -2.449408
1.689837 0.950888
3.053034 -3.039308
5.122199 -5.118924
4.896237 -2.533647
3.012752 -3.218446
5.303613 -3.524136
2.468735 -4.095794
3.506380 -4.425932
3.094963 -3.008308
3.563282 -2.599458
3.521845 -2.772106
4.393458 -2.696649
5.044227 -3.257168
5.378238 -2.974942
7.198263 -3.218058
0.655468 -3.120081
3.605743 -2.864595
1.089216 -3.723383
6.591601 -0.671971
3.649683 -2.686372
3.609988 -3.436362
3.243115 -1.658245
6.500822 -3.275045
5.102558 -2.592879
-0.632204 -1.383485
1.584521 -0.067294
3.688835 -4.217414
3.622504 -2.569875
2.816371 -2.976591
3.823402 -2.730991
3.719393 -3.580820
3.081768 -3.109481
5.675303 -1.857155
1.633394 -1.404205
0.683038 -2.252559
2.882101 -2.328228
3.436364 -3.348996
3.295711 -3.431141
4.152809 -3.151300
6.459333 -1.090629
6.523684 -3.212589
7.634770 -3.858631
2.539295 -2.268266
0.420948 -3.404587
0.719815 -3.861449
1.630097 -3.687268
2.134199 -2.626512
2.592403 -2.893578
2.221513 -2.534894
2.540018 -0.998307
3.014362 -3.068010
3.131301 -3.384364
2.246128 -4.238174
2.139099 -2.496538
3.862682 -3.016387
2.619351 -2.975354
6.666918 -0.515915
6.332074 -3.331782
4.811921 -2.795349
3.867750 -2.784412
3.452399 -2.369032
2.668489 -2.039870
5.612476 -0.468049
1.523019 -2.965826
4.237411 -0.791725
6.564188 -3.460070
6.531443 -3.201374
4.758157 -1.414581
4.398233 -2.330138
4.430951 -2.100636
3.585507 -2.123099
3.241107 -2.787671
4.208433 -1.853984
3.370775 -2.907215
3.546118 -2.686100
4.972497 -2.929223
5.926219 -3.037399
6.466508 -3.098250
4.245920 -4.395010
5.977736 -2.817010
5.261199 -2.958131
3.065222 -4.372627
2.681000 -2.706666
3.423174 -3.100074
3.230567 -2.216475
3.222563 -2.804194
2.608408 -0.488991
3.725009 -2.459533
2.059978 -1.542641
4.276806 -4.046662
5.979462 -3.455421
1.781509 -1.115200
2.209793 -2.337773
3.805226 -2.531070
4.767720 -2.645787
4.082838 -2.732397
5.133133 -4.716029
3.239491 -2.514336
4.599175 -3.337074
5.601705 -3.086966
5.499001 -3.450559
6.312640 -0.157053
2.953216 -2.285783
2.898234 -2.578074
3.721956 -3.176098
5.503397 -3.017661
3.547925 -1.804636
5.267560 -0.625016
5.792862 -0.764577
4.485377 -3.631818
2.712140 -2.965404
1.534165 -3.132599
2.936353 -3.049267
-0.737291 -1.703033
2.796790 -2.809582
1.337568 -2.141115
6.778784 -3.050046
-1.321296 -2.270556
3.786733 -3.232641
2.924703 -3.602672
0.216415 -2.221357
2.621810 -4.461491
3.386566 -3.421923
1.573946 -4.197896
4.372224 -5.032924
4.183744 -4.308201
4.183744 -4.308201
7.240911 -0.925922
2.466922 -3.926127
6.645155 -0.613899
2.889094 -3.062927
3.598566 -3.238708
6.796694 -3.243548
3.775389 -2.838165
5.068093 -3.413738
3.608058 -2.288682
4.340982 -0.334547
4.834883 -2.731705
6.238677 -2.976651
3.396765 -2.425072
3.655086 -2.512186
3.942125 -2.704818
2.845456 -2.994102
5.381748 -2.518882
6.381358 -3.747587
3.851508 -2.841965
2.943104 -2.099068
3.088816 -2.165654
3.615648 -3.584588
2.472272 -4.915306
1.883221 -4.163972
2.778492 -2.949847
2.854122 -3.262830
0.766383 -0.714649
1.884280 1.100193
-1.991860 0.812484
2.011869 -2.155407
-0.431348 -0.194670
-0.174662 0.636023
-1.744197 2.088381
-1.546699 1.224810
0.791025 -0.650983
4.246918 -2.229674
5.753144 -0.731220
6.054470 -0.794334
3.429510 -2.101455
2.799110 -2.636868
6.166904 -3.473807
0.932402 -2.370454
3.663798 -3.073891
1.962573 -2.232993
2.101168 -3.594030
2.523811 -4.098159
2.429540 -3.823607
3.835910 -5.244769
3.072704 -4.063296
-0.448090 -2.423768
0.691693 -3.130819
2.554452 -2.628961
1.264970 -0.911652
2.164843 -3.137532
1.234359 -3.613367
3.486768 -2.933111
0.626580 -2.452007
4.599800 -3.428990
3.050904 -3.428240
3.844765 -4.409056
2.799498 -3.000351
2.601692 -3.908406
4.579686 -2.490463
1.032124 -3.549296
4.790774 -2.602530
2.547410 -0.110884
2.602904 -4.033485
1.449982 -3.548850
2.958002 -2.552295
1.380087 -3.426976
3.151065 -2.002403
3.253538 -3.788360
4.310699 -3.535079
2.568728 -4.175718
0.662820 -3.012045
1.783077 -3.709649
1.228204 -2.478425
0.849410 -1.876958
4.400451 -3.194299
3.211406 -2.475309
2.902604 -2.530890
-0.755388 -2.707901
-1.551010 0.502489
-1.850858 -0.412470
3.471075 -3.393610
3.598488 -2.636222
3.157816 -3.204670
4.564404 -3.130051
4.347318 -1.510500
1.926691 2.872270
1.811720 -4.043259
4.755239 -5.476522
5.009112 -2.308761
3.598357 -3.476664
3.898785 -2.942960
-1.375706 -0.525155
-2.223690 -0.426470
3.180601 -2.891056
6.724010 -3.120919
5.985834 -3.533483
3.960503 -4.291301
4.146235 -4.153354
3.133543 -4.640187
4.067469 -3.871377
3.349968 -3.348799
2.598593 -4.990819
3.598395 -4.659657
3.266027 -3.066138
0.849919 -2.450743
2.599628 2.703109
2.061339 4.335267
1.861188 3.017966
1.680958 3.460932
1.583448 3.063992
2.683269 3.350699
2.208001 4.429024
-0.781726 3.904785
-0.122146 2.737989
-0.927839 3.317788
-1.066271 1.236421
-1.506277 0.966828
-0.696862 1.658314
2.366785 3.635536
1.738768 3.047296
0.920045 2.380643
2.276813 3.539967
2.276813 3.539967
1.151745 3.344803
2.329588 2.840877
2.624440 3.594174
1.972316 2.605814
2.613322 3.499069
2.565551 3.645979
2.193209 3.322967
2.849173 3.795795
2.988847 4.239151
0.876942 3.176134
2.643835 3.505700
2.643835 3.505700
-2.895265 -0.576882
-2.052797 -0.705849
-1.570852 -2.151032
-1.924331 -1.905574
-1.819438 -1.871999
-3.349574 1.183421
1.689670 -1.150713
-3.359110 -1.313998
-2.441603 -0.913796
-1.349198 -0.416700
-1.437761 1.927276
-3.249113 -0.799862
-2.716263 -0.479965
-4.540893 1.044033
-1.968414 -0.742110
-2.736738 -0.028280
-1.465951 1.012024
1.451954 -1.918102
-1.330458 1.539117
-3.099080 -0.713056
-1.792730 -0.440800
0.432935 0.676196
-0.667076 -0.093959
3.933314 0.213168
-3.215397 -0.267692
-3.878036 1.050449
-3.158693 0.327794
-3.180533 0.728340
-2.432938 1.118905
-2.967966 0.266020
-2.317773 0.789707
-2.615160 -1.087596
-2.017433 -0.753562
-1.148279 0.438067
-1.043685 0.314229
-2.698365 0.254328
-3.167589 0.299237
-2.977937 0.034083
-2.860979 0.817319
-2.977581 0.091596
-2.068660 -0.184054
-3.521592 0.496673
-4.242008 0.130498
5.220936 -0.896198
0.558016 -0.574822
4.909378 -2.647879
1.588880 -1.705984
1.691082 0.658732
-2.026297 0.775487
-3.586690 0.405211
-1.860247 0.625646
-0.783707 0.868447
-2.451979 0.722802
-1.812139 0.971413
1.722720 -1.377387
1.878940 -0.968332
-4.370217 0.964570
-2.600744 1.480975
-4.355810 1.701402
-3.360902 -0.471480
-4.396272 -0.294631
-5.059048 1.566528
-4.948974 1.579949
-3.292385 -0.971538
-3.136116 -0.729327
-3.314753 -0.312768
-2.449114 -1.003162
-2.544887 0.039712
-3.295881 -0.199578
-3.039340 -0.821351
-3.207915 -0.881088
-3.283819 -0.302698
-3.052100 -0.858166
-3.081140 -0.928252
-3.140221 -0.909598
-3.133274 -0.804558
-3.220799 -0.215185
-3.315362 -0.298974
-3.371981 -0.256616
-2.993402 -0.583035
-2.455082 -0.938042
-3.123491 -0.916062
-3.133274 -0.804558
-3.162984 -0.780838
-3.115664 -0.450863
-2.951434 -0.605253
-2.894354 0.242897
-3.162944 -0.829018
-2.441199 -0.449812
-3.969432 0.285940
-4.332640 0.336744
-4.650349 -0.699187
-3.055584 0.269421
-3.841114 -0.510867
-3.722298 -0.282726
-3.351950 -0.090073
-2.236740 0.529000
-3.093471 -0.824772
-2.880062 -0.303761
-3.223481 -0.535413
-3.087151 -0.887497
-2.949207 -0.776002
-3.026233 -0.310106
-3.174676 -0.298124
-3.099752 -0.274142
-2.333169 -1.014969
-3.082132 -0.472511
-3.174676 -0.298124
-3.405229 -0.203065
-3.833758 0.168666
-3.661164 0.323190
-2.222006 -0.660959
-3.251590 -0.302513
-3.135106 -0.824554
-3.208737 -0.318306
-2.798548 -0.726811
-3.511048 -1.025036
-4.065983 1.323079
-4.720615 1.322376
-2.949928 0.191147
-2.805454 -0.467851
1.183078 2.737731
-3.173276 -0.412894
-3.052176 -0.938049
-4.237685 0.169664
-4.083978 0.331696
-3.366893 -0.459678
-3.234494 -1.018806
-2.566348 -0.670114
-4.351152 1.225783
-4.772037 0.390865
-4.926619 1.411028
-2.619793 -0.911272
-3.114989 -0.891962
-3.134492 -0.788983
-2.059959 -0.449680
0.243629 0.621187
0.164841 1.328338
-0.181203 0.179779
0.738010 0.569885
-0.095267 1.030336
5.006502 0.897657
4.470222 0.817751
-2.963654 -2.468698
-0.050947 -1.240404
-0.542983 -1.116911
-1.085502 -0.073476
-1.824631 0.094834
-1.170149 -1.183609
-1.713315 -0.401896
-1.081658 -1.240005
0.091807 1.473062
1.855744 2.871012
1.902152 0.814756
-3.346955 0.530710
-1.975650 0.580771
-2.366675 0.440661
-1.303046 1.359975
-3.047566 -0.062758
-1.007864 0.247595
-1.752661 -0.016672
-1.808777 1.307279
-2.193471 0.412275
3.296443 2.135034
1.900076 2.414837
0.907437 2.419329
1.987527 2.168934
-1.172010 -0.023581
2.629647 1.923485
0.260215 2.268455
-1.407839 2.256880
-1.688014 2.091887
0.114501 2.917939
-0.779184 2.793828
-0.881574 2.948641
-0.867107 3.070100
-0.769415 1.114779
0.599521 2.268682
-0.841391 0.885704
-0.065357 2.539967
0.966038 3.374822
0.320899 2.738768
-1.253437 2.204767
-2.710317 2.490719
-1.214132 0.219473
-1.604675 2.105663
-0.768037 0.900396
-0.853637 3.225604
-0.853637 3.225604
2.308511 5.831699
2.824310 5.385283
2.711783 5.883972
-0.009452 2.791037
4.056648 4.174354
0.817875 3.652589
0.101713 3.442082
1.569643 3.274149
0.149666 3.856672
1.434969 3.671707
1.388904 4.075363
3.058671 5.709386
2.633057 2.898788
2.483686 5.727523
1.304312 2.826548
-0.498844 3.772196
2.016848 3.292128
2.328194 5.988342
1.972140 2.905923
1.483795 4.930422
2.355162 6.031505
-0.874048 0.641988
-1.296174 -0.007193
-2.137516 -0.040313
2.076557 1.545461
2.985020 1.477576
1.438385 1.402502
-1.165058 2.518826
1.429361 2.880475
1.215395 2.708295
-0.224605 0.995046
-1.159267 2.399664
-0.142968 3.238088
1.096010 2.065967
-0.959876 2.060943
1.327269 2.729903
2.841048 5.477237
1.271119 3.781297
0.349781 2.926197
1.097118 4.131262
-0.718207 2.304786
1.780066 2.774887
1.835236 2.759349
1.245634 2.920924
1.305988 2.845755
1.523554 2.722457
1.304312 2.826548
1.300384 2.785129
1.748024 2.768119
1.305988 2.845755
1.292662 2.718104
1.294149 2.777914
0.658390 1.873026
1.404191 2.307614
-0.838336 2.319618
-0.802474 2.273670
1.038584 1.995138
1.290325 2.478963
0.717589 3.230386
1.103744 2.616680
-0.959876 2.060943
1.718596 2.208960
2.084828 2.437199
0.683258 3.707031
1.275920 2.383127
1.812357 4.054048
2.577372 3.281592
1.518008 2.321215
1.334538 3.005179
1.103420 2.771939
1.278486 2.411121
1.460543 2.269121
1.294149 2.777914
1.288331 2.444457
0.801682 1.990196
1.346113 2.511851
1.305390 2.794733
0.660955 1.901020
1.431363 2.895877
1.444879 1.517542
1.331473 2.542017
0.970591 2.025177
1.228573 2.913888
1.286083 2.431761
0.809346 1.687003
-1.006291 1.808928
0.904282 1.971957
0.682707 1.759515
0.719156 1.494177
0.855808 3.091213
0.889807 2.088512
0.836289 2.001995
1.315430 2.662062
0.832342 2.036417
1.321310 2.493383
-1.006291 1.808928
0.879177 1.788857
1.149370 2.600934
0.836289 2.001995
1.356437 2.545880
1.036988 3.135248
-0.157545 1.436406
0.195311 3.782645
0.960409 2.760448
1.347790 2.531058
0.836289 2.001995
0.364454 2.745569
0.824450 1.934154
0.787506 1.683213
-1.178980 2.145891
-1.416956 1.199650
0.593221 1.511127
-0.635867 2.488462
1.054837 1.819794
0.660955 1.901020
0.836289 2.001995
-0.356963 1.498090
1.312036 2.453535
0.603490 1.848925
-1.006291 1.808928
-0.167464 3.227028
-1.361001 2.346108
-1.132721 2.540113
-1.103882 2.160557
-0.987600 0.219094
-0.277961 1.103958
-2.859833 -0.276493
-2.274390 0.812640
0.621859 0.795962
4.271955 -1.309996
2.478924 0.019873
-0.595055 1.508794
-1.547009 1.466035
4.960550 0.275893
-2.075956 0.624120
-3.258840 1.804238
-1.788205 1.191713
-1.719430 1.104236
-3.169904 0.271828
-3.403286 1.076928
-3.552602 0.996006
-4.145486 -0.025243
-3.236190 -0.364957
-3.647402 -0.663833
-3.277999 -0.729913
-2.472473 -1.048983
-3.830823 -0.389617
-3.677301 -0.012495
-4.896587 1.700606
-0.869008 2.156959
-0.313677 0.670985
-1.200991 0.656454
-0.428200 0.658534
-1.013124 -0.951063
-2.214346 0.322103
-2.995149 1.462668
-1.113706 -0.005293
-1.617369 1.281229
2.782740 -1.275874
0.705328 -1.616265
-3.487643 1.344838
-2.099151 -0.049651
-1.523051 4.026901
-3.815808 1.628772
-1.275383 1.351062
-0.674233 3.216759
-2.818742 1.751442
-3.997887 0.689171
-1.523051 4.026901
-2.751442 0.306044
-1.358246 0.651774
-2.369208 0.728931
-3.133079 -0.675864
-2.226127 -0.595185
-1.584554 -0.552758
0.091849 0.080754
0.281126 -0.576413
0.523076 -2.672000
0.876678 -1.453900
1.697534 -2.478917
-2.483799 -0.545397
-1.600361 0.731974
-2.627803 0.587594
-4.292808 0.468241
-3.570775 0.449136
-2.658053 -0.356198
0.702723 1.859470
3.377029 2.096095
3.199947 2.135042
0.706342 1.748558
0.763696 2.721604
0.475355 3.154532
1.630339 4.041925
0.511719 2.248341
-2.494596 -0.313958
-2.200489 -0.952814
0.958619 -2.691552
1.459803 -3.517197
3.858620 -0.048183
3.535129 -0.133410
4.448516 0.057391
1.070375 0.143048
0.738822 -0.174066
2.822857 0.223281
-1.144174 -2.449167
-1.224557 -1.270791
-0.242475 -1.547948
-2.400805 -0.479829
-3.037640 -0.771802
-3.384349 -0.939480
-2.937804 -1.020112
-0.851852 1.950547
-0.090486 2.642186
0.589991 2.368114
1.013142 2.652181
0.651907 2.867212
0.553595 2.988081
0.853899 1.320757
-0.791032 2.017181
-1.562512 2.052022
0.565017 1.771516
-1.230748 0.374433
-1.480636 1.180384
-1.132020 3.216809
-0.090719 3.422730
-1.871351 0.666725
-3.348934 -0.109901
-2.857698 1.125052
-3.361802 -0.306880
-2.583492 -0.238708
-1.060764 0.321910
-1.001942 0.383374
-1.242115 0.478318
-1.697720 0.604337
-1.111208 -0.054000
-1.148982 0.061719
-1.249257 0.410602
-2.117792 0.516696
-0.488288 1.961430
-0.801222 0.304355
-1.416900 0.199171
-3.442402 1.189696
-4.557413 1.101057
-2.779046 0.597298
-3.983136 0.018493
-2.183492 -0.101080
-2.578972 1.458533
-3.439298 1.318887
-3.379033 1.332269
-2.832516 -0.438029
-3.214395 1.144428
1.001279 -2.642866
6.302667 -1.087175
5.110805 -0.246562
-2.145198 1.908247
-1.032408 1.563922
1.727932 -1.297725
1.858964 -1.278040
2.660760 -3.477558
-1.154950 -0.862298
0.146067 -0.569738
-0.564968 2.387793
-0.342238 -2.822482
3.342574 -3.595864
-0.895495 -1.562073
-2.136777 -1.818699
-1.846395 -0.429323
-1.456433 -0.774337
-2.300681 -1.914587
-1.430207 -1.064899
-1.023344 -0.897888
-2.200428 -0.171397
-0.374167 -0.951209
-0.066700 -3.091948
-2.026799 -1.335364
-1.042056 0.033733
-2.668044 -0.063926
1.368175 -4.123013
2.686401 -3.368938
1.345922 -2.734980
3.809473 -2.256765
2.832408 -2.505261
2.904753 -2.522125
0.974319 -1.779530
5.125387 -0.687626
3.388171 -3.970410
0.719601 -2.210723
3.021068 -3.586425
1.510358 -4.071608
0.622477 -1.962968
0.341548 -2.694570
1.049680 -2.047577
-0.269693 2.345140
2.679395 -2.815083
3.194006 -0.603200
0.266326 -1.930153
0.385524 -2.181278
5.309618 -0.879248
4.781867 -2.842301
4.276974 -0.781165
5.241618 -1.305909
2.866278 -2.810700
3.417764 -1.369371
1.420354 -0.547203
-0.869262 -1.128935
-0.067237 -2.264969
5.107172 -1.197064
4.920839 -3.109460
4.255574 -0.740943
6.691651 -2.809489
-3.170982 0.154774
1.853087 -2.134688
-2.952299 -0.982501
-1.469578 -2.284608
2.160113 -3.024185
0.527100 -3.321282
1.703162 -3.081584
-0.773043 -4.081886
2.242985 -3.766767
1.006772 -4.409245
0.817090 -3.063607
2.409915 -2.574433
1.787225 -2.478997
2.234460 -2.662994
3.299683 -2.728087
0.334442 -1.789294
1.947193 -1.753491
-0.183030 -1.617738
2.961740 -1.968702
2.175626 -3.067602
2.832348 -2.852628
1.839256 -4.999808
3.619696 -3.217605
2.955738 -3.253597
3.302464 -3.097542
4.781980 -2.816143
2.858985 -3.726272
4.038031 -2.489268
2.010081 -2.902061
2.808804 -2.710139
1.856809 -2.710847
0.603735 -2.335541
2.186285 -2.437933
2.704266 -3.145896
2.713679 -2.489047
1.356370 -3.219871
2.298817 -3.557610
-0.068005 -1.799864
4.011737 -2.865864
2.885804 -2.169301
-1.230828 -0.332960
-1.978738 -0.702331
-0.789461 0.439804
-0.442218 -0.921625
2.997038 -1.638213
2.958895 -2.720650
2.393965 -2.731198
2.600553 -2.566088
2.125596 -3.107822
1.207452 -2.769480
1.376144 -1.976532
-0.026691 -2.747517
2.220350 -3.909352
-1.287059 -1.345530
0.611976 -0.806603
2.294259 -2.961992
-0.845907 -2.192339
-2.848777 -1.397697
2.224159 -2.747867
0.533273 -3.162322
-1.800883 -1.830295
0.719304 -1.766800
2.272674 -2.192125
1.659313 -3.451636
3.687177 -2.847311
2.220400 -2.621651
1.569843 -3.084581
2.831802 -2.429783
3.216143 -2.717786
3.564615 -2.979988
1.684363 -3.470985
2.646773 -3.504981
-1.066330 -0.046854
2.838615 -3.227179
1.765086 -3.010086
2.221569 -3.204549
1.504546 -2.431983
2.049610 -2.374496
2.914943 -1.499884
3.067310 -2.845268
3.422679 -3.184076
2.490201 -4.290055
3.203748 -3.032232
2.253801 -3.112705
0.760337 -1.825858
2.639001 -3.964695
2.332806 -3.739697
1.726868 -4.824882
0.655033 -2.515089
2.064295 -2.370522
1.994689 -2.221871
3.621840 -1.881644
2.663891 -3.506347
1.902281 -2.046414
4.607444 -1.084607
2.613811 -1.324932
0.371929 -2.692363
3.193508 -2.462170
2.448947 -2.898861
2.026633 -2.473820
2.653927 -2.986223
4.763643 -2.605411
2.026991 -2.357890
3.949053 -2.913981
2.882272 -2.082446
3.067338 -3.628211
0.984824 -1.130932
-1.496980 -1.970777
2.457168 -2.725076
1.592650 -2.410726
4.062102 -3.139321
3.182812 -3.162439
1.488769 -4.649688
3.221741 -3.952101
1.055660 -2.146470
2.329744 -3.816281
3.848423 -2.802254
0.436296 -2.669423
2.468916 -2.513975
2.637864 -3.098486
2.319159 -3.316287
1.982728 -2.468556
-4.252942 -1.990686
-3.634877 -1.072102
-3.035432 0.193841
-3.147774 -0.441179
-2.564892 -1.407236
-2.599154 1.328306
-0.681044 0.896483
-3.015886 0.172046
-0.068924 2.166845
-3.000867 -0.419223
-0.920147 0.220271
-2.354481 0.984723
-0.165463 1.186701
1.596693 1.287863
-2.482252 -0.691168
-1.848517 -0.800781
-1.363406 -0.640077
0.144841 -0.581076
-1.431070 -0.680631
0.555047 -0.563616
-0.123645 -1.457786
-3.037463 -0.933383
0.003799 -0.958597
1.701654 -3.860407
4.346940 -0.801913
2.537746 -1.248109
1.590041 -1.718278
-0.025234 -1.732378
0.322374 0.374298
-0.350414 0.920382
-0.994180 -2.328207
-1.810179 -0.340027
-0.075451 -0.884161
-1.164746 -1.392764
-0.781507 -1.937715
-3.649579 1.353974
-4.529941 1.333523
-4.244355 1.267534
-3.165173 -0.372285
-3.572315 2.721760
-1.885862 2.191039
-0.405198 2.217333
-3.004918 0.350767
-4.055481 2.567268
-1.840863 0.169126
-3.182974 2.204906
-2.703788 2.671129
-2.870674 1.995873
-1.742577 2.357755
-4.077612 1.175915
-3.084491 0.989837
-4.779901 1.803079
-2.259735 0.951646
-2.246970 0.652116
0.494106 2.095229
1.466707 0.442459
-1.563020 0.812801
-2.986939 -2.333120
-1.892724 -1.798708
1.788914 -2.953824
-0.011032 -1.483023
0.282942 -2.867645
0.643547 -1.882660
-0.900798 -0.848333
5.558569 1.117441
4.501695 -1.082986
4.866464 -1.866607
5.383389 -2.112287
4.036444 -2.102761
4.984483 -2.116303
5.190142 -1.744189
4.330831 -2.605810
5.190142 -1.744189
5.374341 -2.301933
4.316218 -1.503258
6.709730 -1.177634
-0.198197 -1.682231
-1.396868 -1.268521
-0.433870 -1.205712
1.719837 -1.690919
4.645753 -3.449774
-0.030610 -1.982598
3.685841 -2.677753
3.597786 -2.014762
2.805400 -2.364132
5.267339 -1.688862
4.255261 -2.375784
4.830544 -1.603513
-0.044878 -2.088495
3.023225 -2.899066
0.650355 -2.154169
2.631076 -2.006558
2.257697 -2.250433
5.331152 -2.200726
6.077279 -2.110856
2.324465 -1.981111
2.396959 -3.043705
2.993029 -1.208758
2.867543 -2.001975
4.469020 -2.424489
2.252343 -3.521581
1.249166 -2.819069
0.449410 -3.153871
0.908444 -1.526267
-1.523373 -0.870769
0.504103 -0.842628
-2.968882 -1.369215
-3.808910 -1.144972
-2.021502 -0.126160
-1.544041 -0.279968
-1.479192 -0.170021
0.045174 0.539304
2.177351 0.123922
0.155039 0.487426
2.916055 0.659281
1.028007 0.656055
5.093350 0.672204
3.623147 1.820469
2.714613 1.912359
5.549876 -0.793318
4.200285 0.498830
2.763731 1.771879
2.487976 1.927601
2.573203 2.156104
4.663496 1.247517
-0.669051 0.724270
-1.313040 0.518665
0.165028 0.069881
-1.878274 0.967754
-4.040372 1.237547
-3.146106 -0.692351
-2.492432 0.420970
-3.537630 0.665361
-0.809632 0.096166
-2.046598 0.197505
-0.655094 -0.007145
-2.046598 0.197505
-2.068134 0.252572
-3.747373 0.172413
-1.874668 0.175164
1.530890 0.786026
1.389178 0.914616
2.977703 2.178321
1.742266 2.722805
-0.448494 -1.641447
1.608588 0.484592
1.631998 0.794125
1.796850 -0.656878
1.943188 -0.384594
-2.827592 0.985091
-3.206492 -0.475595
-1.363798 1.484799
-4.157510 1.425241
-3.113813 -0.666478
-4.070590 0.042491
-2.394184 0.286762
-3.005220 -0.259093
-2.981829 -0.727223
-3.275185 -0.753691
-3.382451 -0.772517
-2.808635 -0.954031
-2.518884 -1.085052
-3.222593 -0.950772
-2.069504 -0.557558
-2.173774 -0.991310
-3.116747 -1.028172
-2.506137 -1.030164
-3.088984 -0.907493
-2.240922 -1.164131
-2.483175 -1.023343
-3.076450 -0.913137
-2.265222 -1.096168
-3.178235 -0.934680
-2.630568 -1.072104
-2.371195 -1.034376
-2.962807 -0.936004
-2.768162 -0.734115
-2.630568 -1.072104
-2.258557 -0.778082
-2.368840 -1.137708
-2.154817 0.265559
-3.070625 -1.062610
-3.029485 -1.040892
-2.529601 -1.006050
-3.121213 -0.907678
-2.258201 -0.670906
-3.087151 -0.887497
-2.410837 -1.013175
-2.807676 -0.960761
-2.630447 0.477507
-1.492092 0.355714
-2.919877 1.042740
-2.431302 0.633791
-4.117026 1.147660
-1.966717 0.857154
-2.820224 -1.259825
-2.127260 0.035166
-3.025370 -0.862942
-3.152403 -0.260241
-2.227487 0.494896
-3.410761 -0.357359
-2.308487 -0.869685
-3.175165 -0.649407
-2.477700 0.499678
-3.091464 -0.439602
-2.852606 -0.506913
-2.515994 -0.888115
-1.748488 0.218153
-1.549267 0.090645
-2.591243 -1.142132
-2.436219 -1.142802
-2.573546 -1.045102
-2.539485 -1.024921
-2.864698 -0.987763
-2.939845 -0.929183
-2.506137 -1.030164
-3.285651 -0.322694
-1.874876 -0.094282
-2.510273 -0.945049
-2.878262 -1.048092
-2.136685 1.115929
-1.659945 0.217582
-2.265192 -0.900557
-2.864698 -0.987763
-3.283708 -1.090597
-2.874028 0.032073
-3.333471 0.764497
-3.494063 0.944395
-2.889390 -0.938258
-2.677063 -0.481908
-3.076568 -0.349883
-2.990336 0.213988
-3.035861 -0.516158
-2.436219 -1.142802
2.616902 2.869742
-0.208917 3.421359
1.175562 3.570424
1.488394 0.512943
0.447545 1.960927
0.123107 2.969369
-0.046502 2.286278
-0.952069 0.761032
-3.736178 0.839554
-1.859478 -1.231583
-2.985377 -0.201593
-2.544588 0.048881
-1.542227 0.841938
0.141992 0.103379
-2.146774 -0.066877
-2.229760 -0.685674
-1.602061 -0.007551
-3.754255 1.401155
1.490498 -3.811778
0.324681 -3.036072
-0.316741 -1.539560
0.761155 -1.566120
1.679087 -2.802028
2.458830 -3.672902
1.274265 -3.102783
3.474589 -1.396173
1.475372 -2.343212
2.224838 -2.416083
-0.038740 -2.804333
-0.935812 -0.653305
-2.099504 -0.329304
-0.672760 0.458412
0.326760 1.928120
-1.065658 -0.806512
-0.751732 -0.333245
0.675106 -1.884311
0.139785 -0.843144
-2.773687 -1.240023
-2.865802 -0.842916
-3.170614 -0.862514
-2.551941 -1.439666
-2.753137 -1.144784
-2.753137 -1.144784
-2.505632 -0.799186
-2.171412 0.091791
-3.232491 -0.952926
-4.601845 -0.450479
-5.055851 1.308838
-4.652013 -1.073542
-3.106929 -0.265981
-3.313702 -0.689608
-3.724104 -0.753774
-2.769126 -0.077403
-2.498096 -0.086446
-2.668366 0.006089
-1.754945 -0.525286
0.618441 -1.870385
-1.798647 -1.226473
-2.073531 0.268890
-2.462695 -0.509097
4.387455 -3.119085
-3.071560 -0.357329
-5.355422 -0.982706
-3.910395 -0.654068
-4.294353 0.396007
-4.612196 -1.195977
-5.149837 -1.070545
-3.908619 -0.004471
-3.763898 1.296704
-5.114199 1.279623
-3.568825 -0.175668
-3.352084 -0.733052
-2.691450 0.693092
-2.414299 0.096742
0.597484 0.900572
-0.309357 1.031629
-0.176136 0.772011
-1.389823 0.786396
-1.465588 0.688437
-0.243709 3.226972
0.693209 2.358807
-1.946450 0.004896
-1.559435 -0.188229
1.127429 0.804271
0.972735 0.773999
0.723922 0.777214
-0.943066 1.496231
-4.125416 -0.506128
-2.754258 0.954454
-2.628301 -0.309727
-2.443349 0.152686
-2.264001 -0.708301
-3.721469 0.693196
-3.650146 -0.275821
-2.518899 -1.031690
-1.394607 0.723084
-3.883072 -1.059077
-3.278060 -0.569193
-4.598168 1.141306
-3.781728 0.591787
-3.256816 -0.486113
-4.322445 0.927570
-3.199793 -0.459110
-3.196995 -0.933909
-2.361110 -0.886916
-2.495236 -0.920223
-2.454414 -1.091593
-3.000417 -0.892631
-1.946971 0.246641
-2.662539 -0.707476
-3.507133 0.432116
-3.114026 0.656177
-3.085391 0.471629
-3.283354 0.435327
-3.206817 -0.238381
-3.589150 0.702863
-2.692942 -0.751137
-3.140979 -0.758422
-1.716651 0.984550
-2.899848 -1.032370
-2.443991 -0.388842
-2.429866 -0.446193
-3.529930 0.260130
-3.572084 1.251453
-3.897173 -1.301227
-2.163010 -1.078493
-4.318825 0.260517
-2.831223 -0.676639
-3.018434 -0.929240
-3.731044 -0.057004
-4.368861 -0.213163
-3.158078 -0.753321
-3.332479 0.526544
-3.433737 0.805919
-2.781549 1.524140
-1.285414 2.074100
-2.819401 -0.460705
-0.919465 1.524425
-2.520576 0.993439
-3.982065 -0.746839
-4.507162 0.974804
-3.099213 -0.784377
-2.117307 -0.649671
-4.258839 -0.740249
-4.089928 -0.319911
-1.328036 2.982263
-0.840799 1.321884
0.496734 0.687659
0.403988 -0.134468
-0.041532 0.750927
-3.277945 0.324470
-4.262008 0.352854
-3.237271 -0.461723
-4.558824 0.970792
-5.046039 1.405936
-3.753265 -0.380685
-3.271002 -0.681384
-2.100106 -0.664926
-2.491785 0.008208
-2.687888 -1.049018
-2.596507 -1.051923
-2.348712 -1.055295
-2.904559 -0.910994
-2.939845 -0.929183
-2.339903 -1.078964
-2.539485 -1.024921
-2.807676 -0.960761
-2.132504 -0.679877
-2.384406 -1.088532
-2.291454 -0.866037
-2.175843 -0.479917
-1.949487 -0.612586
-2.958459 -1.065990
-2.184901 -0.597213
2.624341 -2.957889
-0.034710 0.202670
0.025673 -2.063532
3.187161 -2.861236
2.814929 -3.106538
3.667828 -3.678399
2.669978 -2.908725
1.363989 -3.731383
1.289785 -3.377413
-1.284667 -1.906898
1.479472 -3.320296
1.219880 -3.675294
1.567381 -2.591191
1.240948 -2.495665
2.346847 -1.696399
1.062963 -3.151514
-2.392378 -1.926839
3.311576 -3.144445
3.457894 -2.786112
2.394063 -2.834187
0.661248 -2.977054
0.983567 -2.207737
-0.098223 -2.289852
0.580404 -1.820678
1.224361 -1.595532
-2.012262 -0.605278
3.287750 -2.630197
2.628865 -2.664718
0.978131 -2.611652
1.114692 -3.206282
1.418334 -3.007569
2.790547 -3.920464
2.453280 -2.084955
1.468334 -1.439442
2.475065 -2.337543
1.636011 -2.433380
-1.413750 -3.084524
3.053194 -2.566005
4.696023 -2.733403
4.147775 -0.835872
2.231450 -2.924027
2.722985 -2.601325
1.070190 -4.192857
0.879756 -2.959791
3.005580 -2.859705
1.410001 -2.857079
1.879775 -2.966138
4.292417 -2.488666
2.174377 -2.106447
3.222007 -2.816577
3.493024 -3.328219
2.925234 -2.015159
2.166882 -3.013167
1.028532 -4.490322
4.177068 -5.063759
3.137232 -4.246828
3.364588 -2.021324
3.076615 -1.807132
2.572562 -1.678748
0.794316 -2.186200
1.557477 -3.035979
2.283018 -2.020271
0.178011 -0.001672
-0.422726 -2.857998
4.684977 -3.410426
-1.776274 -0.865631
1.442107 -2.972289
0.936468 -2.632721
-0.210916 -2.710679
0.354725 -3.911751
2.858915 -2.938646
2.422042 -2.585811
0.641924 -2.943870
1.070403 -2.946261
0.805468 -2.271796
2.944852 -2.527203
0.832648 -4.490196
-1.686406 -0.382010
3.189875 -2.257921
3.198743 -2.509516
2.442650 -2.848878
1.200880 -2.402995
-1.496466 -1.756268
2.328378 -2.981019
4.570922 -2.724297
0.916693 -3.442459
1.121503 -2.348635
2.029592 -3.481916
0.647951 -2.324310
1.247188 -2.585197
2.861430 -2.578207
1.689403 -2.703601
1.771999 -1.905500
0.473619 -2.634763
-3.013986 -0.869644
-2.936533 -0.847641
-1.726658 -0.076096
-2.066009 0.221430
-1.553406 -0.628241
-3.513532 0.131712
-2.655816 0.140276
-3.595527 -0.872347
-1.807297 -0.969050
-3.822232 0.421445
-3.791439 -0.631244
-2.789839 -0.547485
-2.674630 0.059137
-2.581671 0.063056
-2.274604 0.324450
-3.238175 -0.536918
-3.871426 0.426683
-2.568939 -0.249825
-2.822723 -0.920804
-2.380174 -0.438060
-2.172590 -0.921457
-2.163632 0.668089
-3.808123 0.529279
-4.126593 0.427276
-2.342241 -0.494365
-4.502476 -0.549052
-2.979543 -0.554500
-2.606469 -0.687488
-2.354260 0.185873
-2.854589 0.089557
-2.965779 0.024360
-2.881343 0.078710
-1.482989 2.166837
-1.206124 1.807480
-0.035965 1.636503
0.605579 0.901506
0.227983 2.592692
-0.276059 1.603125
2.897950 2.027294
0.239040 3.025540
1.262051 3.296838
0.431630 2.652439
0.330690 2.537782
-1.372211 1.956264
1.555312 1.819456
0.892185 0.693683
2.247491 1.221965
-0.664913 1.086505
1.027266 0.380988
2.390781 -3.156184
2.038086 0.887811
2.839718 -2.588116
4.954258 -2.820522
4.389241 -2.149635
4.720217 -3.192502
0.931300 -0.804127
1.765964 -2.506628
5.549868 -0.543755
3.801750 -3.978870
1.214245 -0.995724
4.347773 -2.604653
3.142645 -4.959827
1.984237 -0.928762
2.538187 -3.279277
-4.710278 -1.229857
-4.099352 -0.314089
-3.244643 -0.660320
-3.162347 -0.771300
-2.779004 -1.152273
-2.348403 -1.186592
-2.913961 -0.954863
-2.318931 -1.161995
-2.619441 -0.929761
-1.537315 -1.049027
-1.744906 -1.475444
-2.138253 -1.213438
0.749868 0.949547
1.023412 -0.522050
-1.094087 1.256041
1.007107 1.164876
1.118164 0.880116
0.774839 -0.121288
0.712842 -0.251454
0.712842 -0.251454
0.352573 0.811752
0.582072 -0.305748
0.583319 -0.438121
0.449173 -0.007600
4.689070 0.304453
0.712842 -0.251454
1.510136 -0.174562
0.724891 -0.377572
-3.357039 1.301144
-2.701136 1.225298
-3.884378 0.457068
-1.469964 2.349667
-4.125512 -0.085260
-4.871843 1.572335
-4.617175 1.574950
-3.932655 -0.008260
-1.651092 2.037147
-1.843430 2.512161
-4.306606 1.126832
-0.384589 3.330231
-1.783764 2.653920
1.167380 2.150266
-0.870668 1.651015
-2.725292 1.974981
1.137636 2.236494
-0.736524 1.467896
-0.617785 1.360921
-2.985446 -0.835484
-2.577181 1.246930
-3.581974 -0.657503
1.680167 -1.772059
0.808070 1.389309
0.920890 1.425870
0.528620 1.332351
-4.466797 0.996051
-2.781588 -0.847893
-3.092985 -0.123835
-2.743575 -1.082949
-2.248217 -0.595171
-2.251172 0.399297
-2.449114 -1.003162
-2.724295 -0.018346
-2.351744 -0.472850
-2.512055 -0.193948
-2.325218 -1.016461
-3.437989 -0.782575
-3.168092 -0.858514
-2.663019 -0.363664
-2.436831 0.118152
-2.276326 0.110142
-2.766880 0.359817
-3.401080 0.893813
-3.475149 0.989525
-3.122430 -0.892103
-2.096772 -0.002531
-2.968815 0.802214
-2.016025 0.048378
-2.821665 -1.042317
-3.341627 -0.581589
-2.493776 -1.262107
-1.974012 -0.034301
-3.052038 -0.938178
-2.195815 -1.074974
-3.016760 -0.933571
-3.145639 -0.767083
-2.368384 -0.519102
-2.387198 0.166602
-2.261245 -0.555380
-2.366316 -1.089590
-4.429105 0.928382
-4.555185 -0.270612
-3.183057 -0.566004
-2.846002 -0.712654
-2.583224 -0.925717
-3.004830 -0.923690
-3.065012 -0.293481
-2.978644 -0.400484
-3.243930 -0.974449
-2.276269 1.073237
-3.457520 -0.606719
-2.973196 -0.831695
-3.427867 -0.205846
-4.514507 0.001091
-4.312104 0.058250
-3.328919 -0.881830
-2.982042 -0.855572
-2.586606 -0.963501
-4.747535 1.213266
-2.907403 -0.761749
-3.250257 -0.680199
-3.078700 0.214844
-2.209476 -0.496720
-4.239507 -0.061731
-4.430141 1.525254
-4.355810 1.701402
-4.857424 1.322132
-4.909826 1.513138
-3.163524 -0.270604
-2.384549 0.905250
-3.999842 0.979226
-3.400965 -0.015406
-3.112294 -0.682181
-2.106833 -0.541647
-4.071453 -0.370682
-4.808429 1.341599
-3.219102 -0.694925
-2.495236 -0.920223
-3.879422 1.139379
-3.182895 0.943519
-3.451806 0.150569
-2.336579 0.229456
-2.775042 -1.001471
-3.908784 0.425284
-4.060537 -0.309114
-4.097422 -0.163881
-3.828006 1.445842
-4.086961 0.093336
-3.342595 -0.711710
-3.009870 -0.469438
-3.189223 -0.905135
-4.192666 0.007944
-4.900141 0.821189
-3.058192 -0.820165
-4.252468 -0.201812
-4.138043 -0.215072
-3.219124 -0.502142
-2.449114 -1.003162
-3.960985 -0.002712
-4.377974 0.641073
-2.937146 -0.879123
-4.482197 0.023658
-3.123608 -0.632624
-3.318228 0.702608
-2.514350 -0.300198
-4.113744 0.785378
-3.170955 -0.933938
-3.345691 -0.309473
-2.976148 -1.078895
-2.994207 -1.036286
-2.864698 -0.987763
-2.905784 -0.909002
-2.332946 -1.097531
-2.543896 -1.216552
-2.224047 -0.784343
-0.450526 0.169439
0.859949 0.343211
-2.108120 -0.557858
2.809108 -2.395570
-1.203594 -0.332010
-3.586682 0.592788
-2.001123 0.383154
-3.486253 0.331913
-3.008470 -0.442159
-3.394546 -0.065231
-1.627098 0.106706
-2.862533 0.166053
-2.314822 0.141685
-1.927660 -0.806276
-2.885831 1.259391
-3.200479 -0.170759
-2.985101 -0.816179
-2.909565 1.197822
-3.446580 1.411205
-2.851339 1.298906
-3.172008 -0.563035
-1.992031 1.697157
-3.376571 1.030570
-2.430670 0.908918
-2.431733 0.673100
-2.554033 0.211316
-1.473016 1.056075
-1.681917 -0.097720
-1.964456 1.254807
-2.220078 2.234788
-1.100908 -0.036828
-2.440401 0.473666
-2.684370 2.503241
-0.903932 1.445702
-2.842012 1.205821
3.798257 1.516780
0.120373 1.933617
-0.375619 -0.081249
1.305008 1.595373
0.488009 3.514414
1.210463 0.917358
-1.222702 2.343886
1.765085 1.925018
2.073014 -1.103731
-0.694087 -0.042565
-0.314575 1.171560
-0.476760 1.530110
-1.603937 0.812090
-1.590837 1.648803
3.005362 0.185983
-1.254429 -0.140445
-0.786473 -0.415669
0.485811 1.024995
0.485811 1.024995
-0.087946 0.316185
1.405007 5.394427
0.387033 4.004555
0.934400 3.521860
0.362127 3.010642
1.640268 3.735954
1.645283 5.438689
-3.906014 -0.028934
-2.135112 0.124149
-2.501071 0.263023
-2.786672 -0.497279
-0.986358 1.439165
-1.033674 -0.053152
-1.872579 1.452230
-2.093246 1.093657
-3.526319 1.428960
-4.427434 1.149676
-5.121771 1.780934
-4.699295 1.620973
-2.733184 -0.477490
-2.402118 -0.768302
-3.093410 -0.120893
-2.902966 -0.312904
-2.344349 0.732005
-2.105528 -0.346366
-1.490833 1.029163
-0.021917 3.790781
-1.139947 1.466987
-1.764327 1.389474
-0.825094 0.591316
-0.732755 1.678381
-0.866985 0.682222
-1.749983 1.281375
-1.668139 1.262353
-0.618672 0.274924
-2.176093 1.244554
-3.172180 -0.847680
-3.421606 1.130505
-3.297245 1.177346
0.616643 2.530044
-2.715560 1.025302
-3.021703 1.463315
-3.059163 1.710727
-2.873139 1.973464
-3.025957 1.200732
-2.895358 -0.331799
-1.836072 0.983033
-3.025957 1.200732
0.004468 2.984089
0.786178 1.405845
-0.817786 1.061370
-1.523120 0.653062
1.229690 3.911618
2.850534 1.303285
2.083527 2.742830
1.924587 1.486391
0.968298 0.653077
1.068101 0.895086
1.186650 0.727386
0.754084 1.276097
3.903152 0.692301
0.769865 0.696117
2.072085 1.122976
1.026670 0.757309
4.222935 1.206522
3.731127 0.567260
1.222991 0.528197
1.113006 1.650172
1.688872 0.529039
2.583246 2.025855
1.219716 0.922815
0.935999 0.285826
1.354282 1.155838
4.280963 0.870344
0.694102 0.436511
3.909579 0.648938
2.255167 1.019769
1.435946 0.870600
0.895971 0.721470
1.078623 1.358415
4.556242 0.676531
0.957590 1.156902
4.041628 0.762051
1.522351 0.059392
1.000895 -0.230324
0.059880 0.667711
1.218812 0.120373
0.594673 0.693604
4.617770 0.318477
1.147379 -0.096154
0.820061 -0.069972
1.696000 -0.550579
0.237749 0.825734
3.413532 0.197501
3.822169 -0.032278
-3.453443 0.818212
-4.089761 -0.404034
-3.749887 0.241635
-2.864805 -0.894819
-2.456685 0.423089
-3.615095 -0.202437
-3.483634 -0.474517
-2.365921 0.242557
-2.938429 -0.533803
-2.787516 -0.956037
-3.087151 -0.887497
-2.024014 0.212880
-2.905784 -0.909002
-1.616327 -0.084061
-2.905784 -0.909002
-2.784245 -0.650328
-3.123045 -0.927674
-2.931777 -0.583917
-2.587227 -0.583678
-2.363500 0.125612
-2.999962 -1.087269
-3.062806 -0.304828
-2.920079 -1.215605
-3.245848 -0.342908
-3.214512 -0.896642
-3.151375 -0.142673
-1.772155 0.044403
-3.913605 1.767691
-3.405133 1.790911
-1.678896 1.048546
-2.052806 -0.498330
-3.346735 0.358229
-3.306694 -0.352271
-3.265536 -0.671166
-3.076075 -0.682641
-3.649850 -0.391367
-3.917303 -0.570052
-4.238328 1.131674
-2.419320 -1.108164
-3.063756 -0.960363
-2.916362 -0.911602
-2.916362 -0.911602
-2.867185 -1.101078
-2.973385 -0.938604
-2.919233 -0.916386
-2.826985 -1.147852
-2.288226 -1.002164
-2.454658 -0.819493
-2.465095 0.203262
-3.109543 -0.739804
-2.596507 -1.051923
-2.351005 -1.054921
-2.483175 -1.023343
-3.285651 -0.322694
-2.535066 -1.166671
-2.573546 -1.045102
-3.270757 -1.032926
-2.483175 -1.023343
-2.941678 -0.949179
-2.962807 -0.936004
-2.379303 -0.813715
-2.483175 -1.023343
-2.362776 -0.988828
-2.719043 -1.178910
-2.472473 -1.048983
-2.528021 -0.720668
-2.951309 -0.369770
-3.229510 -0.897160
-1.994696 -0.996552
0.854314 -1.016774
-2.883188 0.686767
-2.487777 -0.876954
-2.160957 -0.382914
-2.023868 -1.152467
-1.723661 -0.311762
1.382986 -0.544331
0.196189 -0.574017
-1.349128 -1.060824
-1.933551 -0.002442
-1.866139 -0.473844
-4.167102 0.016542
-3.531548 -0.516624
-3.371505 -0.502389
-2.552801 0.581046
-2.941748 1.461190
-3.126160 -0.947495
-3.271002 -0.681384
-3.122666 -0.417857
-3.265998 -0.672313
-4.166611 0.648043
-4.657734 1.315388
-4.188692 0.915076
-2.812046 -0.753681
-2.876867 -0.791698
-2.983899 -0.620963
-3.147774 -0.441179
-2.438412 -1.028802
-2.384076 -0.948546
-3.120412 -0.889681
-2.136277 -0.649364
-2.907617 -0.928998
-1.798746 0.272756
-2.495236 -0.920223
-2.896915 -0.954638
-2.962807 -0.936004
-2.309985 -1.090710
-2.610459 0.158112
-1.917604 -0.787479
-2.742101 -0.240356
-3.036410 -0.630390
-3.260015 -0.796627
-3.013463 -0.953535
-2.169638 -1.076426
-2.098104 0.556398
-3.388354 1.512289
-3.126708 1.098274
-1.723899 0.825018
-1.063999 1.835897
-2.833620 -0.267623
-3.996010 0.385333
-3.787387 -0.049738
0.488712 -0.178104
-3.121213 -0.907678
-3.317310 -0.144377
-2.372176 -1.031180
-2.761049 -0.695572
-2.111975 0.200471
-2.885159 1.229606
-2.909565 1.197822
-2.443461 0.883925
-2.236251 -0.068681
-1.231750 1.720728
-1.288149 1.797814
-1.361033 0.825493
-2.554372 0.604990
-0.487116 0.692478
-1.710042 0.101172
-3.929287 0.010405
-0.687515 0.494785
-3.019066 -1.020130
-3.212271 -0.930258
-3.159767 -0.931742
-2.902062 -0.427063
-3.782577 -0.698459
-2.218341 -0.592066
-3.325758 -0.400678
-3.047963 -0.943282
-3.158323 -0.932280
-1.263873 2.089032
-0.530629 1.766203
-0.945855 1.592758
-1.860778 2.229699
0.399944 2.409659
-0.464925 1.889386
0.757768 1.728757
0.969252 1.425109
0.998942 0.994406
0.408623 0.918123
-0.416025 1.590862
1.109965 1.068182
0.078041 1.490139
1.128744 1.576822
1.646534 2.006986
0.405842 2.718743
0.922443 1.596360
-1.343889 1.130935
0.786098 1.129562
1.122211 1.692783
2.624302 1.410369
-0.941037 1.355034
0.902239 1.356694
0.761556 1.538422
0.907502 1.321277
0.315542 3.078540
0.803330 1.388791
0.844428 0.891001
1.479556 1.156045
0.371434 2.990714
1.090502 1.654321
1.106840 0.917668
0.740393 0.494916
0.951339 1.742059
0.030910 2.822306
1.232519 2.675763
-1.814985 0.309945
-1.632718 0.762739
-0.803439 0.375870
-1.814985 0.309945
0.971501 3.377109
0.419671 0.410448
-1.113317 2.183091
-0.566019 2.765715
-0.971231 2.023982
0.831770 2.042929
-1.318902 0.366170
0.511225 2.340349
-0.602810 2.318418
0.830006 1.920732
1.315430 2.662062
1.182390 1.727689
-1.450802 2.122599
-1.076417 2.101795
-1.057798 2.441327
0.660955 1.901020
-1.101827 1.560410
0.834336 2.070923
0.836289 2.001995
0.832342 2.036417
0.959324 1.950824
-0.908280 1.591482
-0.591789 2.886828
0.985640 1.446375
1.016217 2.009430
0.477223 2.334115
1.214995 1.419501
0.576368 2.368961
0.923756 1.869907
0.132797 2.804953
0.993653 1.684812
0.866952 0.937156
-0.253975 2.804206
1.080746 0.930603
-1.002571 1.569770
0.072693 2.736557
-0.835402 2.247682
-0.903902 1.381447
-2.402114 -1.119023
-2.153742 -0.204969
-0.347399 -0.725406
-2.185918 -0.396542
-1.302493 0.257910
-2.623444 -0.286960
0.458190 -1.154844
-0.010493 -2.147499
1.134686 -2.492116
-1.387427 0.322317
-1.147470 -0.594117
-0.481088 -0.972576
1.046016 0.309479
-0.634157 -0.985943
0.785573 -0.814356
1.249813 -0.475686
0.185880 -1.372275
1.211685 -1.671148
-2.134942 0.154060
0.339923 -0.861072
0.184924 0.999392
-0.774018 -0.977620
-1.346119 0.544363
-0.025597 0.830133
-2.568592 -1.502563
-2.941678 -0.949179
-2.402731 -1.126058
-3.179366 -0.328591
-1.522040 0.280610
-3.348430 -0.689315
-3.232662 -0.998811
-3.173940 0.132516
-0.962677 0.947763
-1.093261 0.127852
-1.151888 -1.088070
1.122400 0.678838
-1.594511 -0.348007
2.167957 3.154817
0.151588 1.880276
-0.660518 2.350110
-2.532164 -0.878840
-1.989392 -1.053872
-0.637329 -0.542081
-2.876931 0.727054
-3.026685 -0.381072
-1.950706 -0.360804
-2.057502 -0.677714
-3.454949 -1.516024
-2.650058 0.445610
-3.722332 -1.003104
-3.650901 -0.819064
-3.807113 -1.012125
-2.984523 0.483859
-3.707297 -0.838838
-2.892829 -0.405396
-3.245585 0.748909
-3.707297 -0.838838
-3.707297 -0.838838
2.118504 -2.047399
-0.792876 0.126069
-0.097901 -1.049124
0.358061 -0.758151
1.272983 3.803221
1.162114 4.107051
3.163964 4.190247
1.287760 2.450968
0.579785 1.839847
-1.803262 0.905664
-3.760403 1.237814
-4.106381 0.632879
-3.209760 0.044985
-1.098682 -0.387333
-1.705757 0.703367
-0.906498 -1.758019
-3.301391 0.136102
-1.397986 1.417648
-1.693680 0.137634
-3.300824 -0.298444
-3.930588 0.297679
-3.197635 -0.491898
-2.218322 -0.369588
-2.252330 0.623987
-3.353054 0.180774
-3.209760 0.044985
-3.664522 0.361787
-3.843945 0.676489
-3.257677 -0.178309
-3.213961 -0.466756
-3.213961 -0.466756
-1.727010 -0.085011
0.044947 1.272350
-0.425112 -0.714821
1.579201 -1.106521
3.941237 -0.802134
0.555087 1.202354
3.294817 1.881433
5.009137 0.700328
5.091020 1.776913
4.766879 1.976767
6.639123 -0.374611
0.397413 -2.218871
0.306444 -1.013562
1.715110 0.267754
3.922361 2.562805
4.457981 0.784478
1.222606 1.634006
2.598426 1.703952
0.650600 0.703151
3.205392 -1.671681
5.978004 1.089555
0.502593 1.283771
0.751127 0.560823
4.382936 1.835389
3.796050 0.454625
3.358687 0.514256
3.723330 0.419783
2.358568 -0.987234
2.229055 1.263080
3.691981 0.157867
5.978004 1.089555
2.957195 1.254125
4.255790 0.663673
4.374307 0.108286
3.944931 0.274446
4.764295 0.533468
5.978004 1.089555
0.447035 0.377659
3.904262 0.109445
6.063724 1.051686
5.248274 0.325694
1.459299 -0.024323
4.049022 0.535573
2.930960 -2.005782
1.867148 0.855312
-0.655377 -1.724593
3.541397 -0.773202
2.961104 -2.374696
1.268972 -4.115746
1.432740 -4.825193
1.619041 -4.846405
1.795402 -3.625728
-0.348485 -2.297326
-0.150544 -2.973154
1.220800 -4.636329
3.027623 -2.440606
2.289097 -3.431232
2.542434 -2.640780
1.344001 -3.031720
3.548658 -2.219401
5.062441 -2.913229
5.003449 -4.414277
2.764047 -2.844169
2.272411 0.542056
6.599300 -2.245487
5.432869 -2.499810
2.215550 -2.258972
-1.427007 -1.674109
1.981359 -3.690845
2.882732 -1.743287
-0.054245 -2.220977
2.460780 -3.330723
2.218888 -3.136892
-0.312412 -2.547865
0.597716 2.153571
1.120949 0.752346
-1.819345 1.631414
-0.889884 0.381164
0.902364 1.544491
0.855407 1.499195
1.120837 1.083452
1.226039 1.559251
0.567023 2.234925
2.057472 1.487649
2.118952 0.808660
1.194610 1.145832
1.393051 2.615414
1.463638 3.402402
1.627077 1.650384
1.538773 1.007208
1.612118 1.065779
-0.140821 0.812636
-2.491599 -0.635141
-1.240597 -0.317935
3.445341 -2.781937
-0.372561 -1.180739
2.459940 -3.605921
1.466873 -2.361697
2.733310 -2.733673
5.221943 -5.521881
2.879572 -2.738310
1.363943 -2.460517
1.989886 -2.959422
3.510108 -2.770758
1.514540 -3.019562
2.786187 -2.784331
1.540812 -3.005423
2.956021 -2.538392
3.325290 -2.574080
0.131102 -2.543121
3.088544 -2.670621
2.458529 -2.763215
2.753535 -1.639572
-3.743547 -0.740305
-2.829465 0.956661
-2.097636 -0.345789
-3.837634 -0.358852
-1.026832 0.122579
-1.062706 0.696210
-3.320328 0.290932
-0.657910 -0.921927
-2.939143 0.309864
-0.961312 -0.570055
-2.633586 -0.517587
-1.697996 -0.216045
-1.753243 -0.038443
-2.048135 -0.027346
-1.507252 -0.886066
-1.367764 1.397994
-0.705527 -0.861846
-2.730651 -0.388938
-0.113603 -0.035981
-2.563506 -0.773671
-1.333748 -1.897269
-3.135889 0.373775
-2.437381 0.111165
-2.998651 -0.518438
-1.054335 -0.565957
3.141503 3.176751
-1.585639 0.353748
-2.462301 -0.466774
-1.517372 -1.062858
-2.719099 -0.554934
-2.718780 -0.787200
-2.462410 0.037817
-1.417404 -0.305220
-2.751372 -1.407066
-2.493405 -0.931577
-3.679252 -1.144814
-1.025648 -0.862001
-3.225786 -0.543520
-1.060633 -2.133012
-1.770447 -1.538999
-3.588880 -0.567309
-4.780528 1.321412
-4.407115 0.593894
-3.091763 -0.771296
-3.050289 -0.569947
-3.123045 -0.927674
-2.926423 -0.684607
-3.015937 -0.959361
-3.057826 -0.069917
-3.139563 -0.348805
-3.135106 -0.824554
-3.244522 -0.302575
-3.057826 -0.069917
-3.123045 -0.927674
-2.855417 -0.695111
-3.148962 -0.789752
-2.067171 -1.217631
-0.924319 -1.888129
0.487128 -2.422235
-2.114127 -1.768047
-0.299767 -1.619289
-0.661173 -0.564998
-0.181653 -2.435653
1.533339 1.461880
-0.397261 3.956230
1.016515 2.563064
-0.482157 3.803572
-0.900878 3.602445
0.874620 1.457944
1.483420 2.756843
1.915445 3.502584
1.701460 2.961480
1.313777 3.184548
1.832834 2.834519
1.338577 2.393414
1.358118 2.378997
1.329692 2.356708
1.346436 3.002301
1.030188 1.745678
1.160748 1.747113
-2.640118 1.854928
-2.723989 -0.422348
-1.580623 -0.937402
-1.296550 -0.977634
-2.554937 -0.239959
-0.873386 -1.144627
-0.930688 -1.296555
-2.013262 -0.815053
-2.030066 -0.607126
-0.986767 0.437257
0.440629 1.993586
1.023625 1.851367
0.036169 1.078999
1.229738 1.794976
-0.265957 0.486071
-0.936444 1.292183
-0.248770 0.728092
-0.990834 0.427522
-0.829539 2.001113
-0.837612 -1.971048
-0.434238 2.922381
0.149271 0.481800
0.166449 1.716689
-1.050167 2.314374
0.992283 2.783655
-2.411258 -1.097929
-1.919290 -1.785211
-0.815372 -1.622548
-2.005279 -0.913774
-1.082396 -0.485608
-1.567639 -2.328242
-1.726111 -2.045224
-0.767714 -1.652356
-1.539827 -1.961508
-1.875361 -0.677373
0.542614 -1.303573
-1.523663 -1.227749
-0.503160 -0.487857
0.308900 -1.589505
-0.529892 -1.679829
-0.877512 -1.165757
0.931407 -3.009085
-0.186199 -1.534111
1.874351 -1.720355
-0.864800 -1.229132
0.141853 -1.590067
-2.250250 -1.160978
-0.864871 -1.361937
-3.300227 0.089028
-3.204312 0.579170
-3.708422 -0.419491
-2.971997 -0.939030
-2.941678 -0.949179
-2.483175 -1.023343
-2.728820 -1.215613
-1.898919 -0.449823
4.639753 -2.807500
4.528169 -2.396264
3.086581 -2.054820
2.264186 -2.322627
2.220182 -1.060083
4.065475 -2.284491
4.763643 -2.605411
1.849740 -2.418277
3.093576 -2.807778
3.925188 -2.943252
3.877750 -2.406752
0.549322 -2.061901
0.519173 -2.069950
2.640362 -2.479391
3.740091 -3.067850
-2.853839 0.858358
-0.887781 0.980207
-2.038923 0.432499
-0.707288 1.766427
-0.674966 1.519025
-1.532463 0.342689
-0.194269 2.287025
-0.385218 -0.193355
-0.821817 1.333339
-0.337300 -0.481804
-1.193562 1.681178
-1.086563 3.391154
-1.374326 3.510824
0.200240 1.211468
-1.288855 1.659737
-2.633065 -0.343830
-1.634556 0.222063
-1.803289 -0.439659
-3.156627 -0.116514
-2.613421 -1.631122
-1.515162 0.116903
-2.018526 -0.724844
-1.596203 -0.886299
-2.306799 -0.083398
-1.182334 0.537727
-1.115108 -0.045968
-3.406655 -0.384840
-2.064312 -1.145325
-3.248898 -0.858474
-3.328038 -0.139699
-3.285876 -1.032808
-1.283445 -1.718501
-2.603622 0.996033
-2.452831 -0.637286
-2.724558 -1.808947
-2.675592 0.069351
-0.783221 -3.337775
0.795582 -1.988250
0.866014 -2.694193
0.485006 -1.753224
-3.728810 -1.636477
-2.315980 -1.122927
-1.035434 -0.307117
0.168233 -1.526997
0.261802 -1.861892
1.114668 -2.042681
0.786561 -1.662360
0.674974 -2.240108
0.064923 -0.663633
-0.233944 -1.612555
1.497204 -3.053703
0.805869 -1.719018
0.552742 -1.776727
1.038227 -1.769953
-1.393482 1.291577
-0.122405 1.632932
-1.145601 0.919709
-1.276900 0.145264
-0.394973 0.256020
-2.672189 -1.076760
-1.982113 -0.493158
-2.122652 -1.027234
-1.876678 -0.832604
-0.718303 -1.976956
-0.904920 -1.530383
-1.877063 -1.805013
-1.624369 -0.924000
-2.022459 -1.980495
0.534650 -2.667210
-2.060432 -1.643788
0.937668 -0.220796
0.293374 2.401023
0.816055 3.939446
-1.116306 2.041235
-0.470063 2.941222
-0.136018 2.899562
-1.496169 1.016815
-1.662190 2.041561
-0.569429 3.383582
-0.348433 2.967801
0.138609 2.793619
0.158400 1.474237
-1.515256 1.632113
-0.535929 0.999684
-2.480333 2.338786
0.880921 1.972349
0.548416 2.430760
5.194164 2.319407
1.430771 2.624004
1.278133 -2.153070
-2.750884 -2.098714
-1.513783 -0.970653
-0.872312 -1.387530
0.097021 -2.517267
-0.806857 -1.487415
-0.979725 -1.499001
-1.497077 -1.197394
-3.638830 1.286828
-2.431021 1.323619
-1.670679 2.009396
-2.686819 -1.037078
-0.256896 0.562828
-2.979841 0.643767
-1.623678 0.882483
-2.940274 1.032668
-3.312321 1.483942
-1.618702 0.902058
-2.876691 0.995944
-0.376238 0.436738
0.238763 0.463461
1.918553 -0.787065
0.384484 0.135686
0.223982 -0.407200
-1.762541 2.286501
-1.041609 1.538967
-1.872902 2.170641
-1.119097 0.109023
-1.296821 -0.282084
-2.060669 -0.746151
0.002804 1.078420
-1.485794 -0.057332
-1.242001 1.528194
-2.266246 0.398773
-1.632675 0.665538
0.867432 0.062841
1.226590 0.130564
0.867432 0.062841
-0.355047 0.892598
-1.342224 1.527219
-1.266362 0.330883
-0.361303 0.059306
-0.118076 0.791105
-0.873665 1.478067
-2.704922 -0.323373
-0.816491 -0.109849
-0.378736 0.391630
1.277361 -0.191693
2.749592 2.696840
0.321208 1.590843
0.861793 3.846404
-4.309511 -1.326116
-2.553732 -0.322566
-2.278625 -1.111639
-3.152078 0.732777
-1.874330 -0.652766
-2.533737 0.623751
-2.358641 -0.838328
-3.279392 -1.038028
-3.180055 0.957437
-2.415570 -0.972020
-2.172919 -0.637442
2.444208 -2.898967
1.183543 -2.376389
-1.404952 -0.634768
-1.768688 -0.280508
-3.448455 0.960360
-1.086558 0.937469
-0.742444 1.046260
-1.141566 1.015844
-3.446633 0.158849
-3.339101 0.013387
-1.022974 -0.355079
-3.096820 0.746237
-2.157978 0.129761
-2.510597 -0.401693
-3.087927 -0.791117
-3.114594 -0.541104
-0.184804 -1.694442
-1.422335 0.859734
0.485111 3.092319
0.293107 -0.175117
0.055627 1.847633
-1.849040 1.047569
-1.193268 0.484156
-1.613192 0.434993
0.594067 1.483267
-0.260807 2.870285
0.085046 2.016676
0.480303 -4.080653
-0.363371 -1.943418
-0.689339 -0.859375
-0.130095 -1.480846
-0.046817 -1.904379
0.118719 -0.183885
0.502114 2.553714
-0.558568 0.724313
-1.231559 1.749923
-0.999215 2.513762
1.071884 -2.244123
0.676567 -3.553579
-2.673641 -1.267096
1.632641 -4.350144
1.410376 -3.728493
0.233061 -2.361046
-0.049546 -1.937062
1.236826 -0.379964
2.970398 -3.249029
1.202091 -4.211896
-2.648378 0.718294
-4.777217 1.525774
-1.806371 0.157444
-0.903827 -1.281446
-0.169787 -1.586849
-1.309847 -1.385465
-1.323938 -0.832955
1.228089 -0.667866
-0.603337 -1.423912
1.082753 -0.554173
0.418849 -1.575651
3.055279 2.129846
4.265109 -1.677133
1.593192 -1.865105
-1.661287 -1.003026
-0.671824 -0.167152
0.199985 -2.057132
1.172813 -2.875534
2.993459 -2.560973
0.982784 -2.335646
2.078494 -2.221261
3.942100 -1.930178
-3.340638 -0.156379
-1.705093 -0.679301
-1.101111 -2.659541
-1.404239 0.022687
-1.949733 -0.567001
-3.373815 -0.910077
-0.356769 -1.373476
0.826102 -2.523482
1.424568 0.206424
-0.635521 -0.574860
-0.844539 -2.379109
-2.013262 -0.815053
0.323150 -1.312466
0.355583 -2.648514
-1.549580 -1.149788
-0.456085 0.318344
-0.645543 1.400829
-1.289370 1.140683
0.596746 1.730262
-0.638788 -1.823330
-3.727957 -0.608317
-2.126916 -0.156363
-2.771322 0.285985
-2.697245 -1.013162
-3.079184 0.073150
-4.042477 -0.154169
-3.428018 -0.568004
-3.385522 0.315461
-3.552896 -0.369411
-3.290815 -0.419724
-2.907617 -0.928998
-3.003605 -0.045011
-3.047963 -0.943282
-2.466985 -0.221471
-2.907420 -0.228678
-2.897191 -0.351794
-3.159413 -1.034414
-3.140464 -0.955935
-1.661873 -0.909572
2.146684 -1.803463
0.485217 -1.274457
-0.009168 -1.601265
-1.387226 -2.683892
0.811473 -2.812840
-0.346635 -1.720830
-1.749393 -1.357066
-1.280279 2.858148
-0.571452 2.782489
-2.404248 1.403625
-0.361086 -2.012611
-0.893708 -2.464774
-1.268648 -1.437756
0.392935 -1.722848
-0.226181 -1.583103
0.885717 -1.964118
-0.385932 -2.478568
-0.368539 -1.496074
0.605875 -1.701567
-0.229889 -2.762985
0.785540 -0.354971
0.647662 -1.053120
0.802151 -1.135040
-0.195014 0.057434
-2.090440 -1.100007
4.478090 -3.158945
2.522685 -3.271854
1.986099 -3.056802
-0.182240 -1.370026
0.686910 -2.419804
1.799759 -1.514601
4.584565 1.628781
2.705899 1.051646
1.939651 1.241812
1.853813 1.842929
2.280085 3.169021
1.093110 3.308130
2.280085 3.169021
0.310880 1.516667
2.274538 2.046906
-3.182256 1.080524
-3.184825 -0.541402
-3.259574 -0.628868
-1.877316 -0.566476
-2.131117 -0.349248
-1.572419 -0.583290
-2.165824 -0.627447
-2.944431 -0.587969
-1.026949 1.352615
-0.494049 2.254615
-0.691039 0.977408
-2.095740 1.258173
1.424748 1.933820
-1.051842 1.494487
-2.364715 -1.641952
0.099642 -1.220496
-3.316333 0.265908
-2.917342 0.307911
-1.736671 -0.729127
-2.428047 -0.660131
-1.573139 -0.564282
-1.633911 -0.916750
-1.731769 -0.311308
1.483882 0.826904
-0.035883 -1.572829
-0.697516 -2.110253
0.780960 1.779220
0.829275 2.713188
0.484380 2.169465
-0.252249 1.285410
0.191046 1.533315
1.370895 0.988333
0.529491 1.481378
0.697355 1.527356
1.319379 1.375657
0.177451 3.002213
0.365890 1.077948
0.634441 0.879870
-1.473058 0.537942
3.485469 0.365483
1.208255 1.266142
0.870841 2.349937
0.894843 1.405806
0.954677 1.836560
0.603930 2.565924
0.954677 1.836560
-1.850317 0.125129
-1.864838 -0.739949
0.336636 -0.603505
-1.816031 0.103291
-0.992845 0.383184
-1.467619 0.877055
-2.945921 0.389319
-1.203159 0.814823
-1.969441 -0.555505
-0.248798 1.319584
-1.519303 0.171947
-2.344809 -0.818599
1.504707 3.327540
0.759583 1.823635
0.289576 2.992772
0.094753 1.923705
-3.456522 -0.242717
-2.639958 -0.309293
-1.432034 -0.855714
-1.257957 -0.988114
3.069691 -2.690201
0.527409 -1.841338
0.029356 -1.424454
1.554409 -2.431402
-0.649030 -1.934961
3.119084 -3.331458
-0.369200 -1.577161
-1.321260 -3.396251
1.265090 -4.319408
-1.234591 -2.784234
-2.013262 -0.815053
-0.104185 -2.515853
1.464184 -2.294068
0.471639 -2.225628
-1.112993 -1.696092
-2.582992 -1.528136
-0.498674 -1.397785
-1.282446 -1.877015
0.058681 -2.066650
-0.089666 -2.092852
0.410254 -1.623223
0.932772 -2.741527
-0.514454 -2.320555
-1.608292 -1.628181
-0.845005 -1.267560
2.971663 -0.431491
1.595886 -0.199027
1.023668 -0.073380
-0.746222 -1.643811
-1.581488 -0.090757
-1.915972 -1.542281
-0.258832 -1.103726
0.359058 -2.562551
-0.023790 -1.813771
-0.317331 -1.267548
-0.778731 -0.940891
-3.775661 -0.673330
-0.972739 0.581600
-1.054211 0.920138
-2.185179 -0.546740
-0.586836 0.601887
-2.544719 -0.139579
-2.287286 0.610103
-2.089100 -0.503327
-1.851958 -1.228465
-1.283642 -1.799608
-0.221568 -1.377394
-1.104586 -0.140973
-2.691434 -1.300317
-1.678239 -0.529883
-4.443267 0.201493
-3.844628 -0.313359
-1.903184 -0.582636
-4.041487 -0.836217
-2.318891 0.456111
-1.553894 -0.676173
-0.915825 1.050246
-2.297838 -0.746611
-2.038957 -0.799311
0.783538 2.069325
2.158322 4.460762
-0.491426 0.702230
-0.402098 0.638108
1.823579 2.094948
0.186140 0.692253
-3.119580 0.776084
-3.757534 0.498901
-1.148581 1.787378
-3.992083 2.054830
-1.453789 0.938198
-2.227252 -0.402308
-1.770002 0.992796
-2.380134 1.544286
0.374575 2.724102
-4.066839 1.849018
-1.980491 -0.545644
0.364986 2.777663
-3.772125 1.911005
-3.772125 1.911005
0.159725 0.325782
-0.708941 1.532376
-2.463621 -0.358557
-1.403874 -0.648756
-2.787520 0.735088
-1.968739 0.124427
1.150151 2.086699
0.335062 1.694846
-0.509786 2.016470
-0.796982 1.215479
-1.371050 1.985351
0.096888 1.291745
-2.656813 -0.897660
-1.594941 -0.671301
-1.357594 -0.497301
-0.236012 -1.351469
-0.037032 -0.899346
0.147611 -1.590143
0.228187 -1.778924
-0.987507 -0.822137
-1.377441 -0.583505
1.336608 -2.448442
-0.511684 -1.178761
-1.687412 -1.037534
-0.969615 -2.118685
-2.896800 1.024936
-2.915101 -0.309736
-3.713376 1.197472
-2.384597 -0.771490
-1.818594 -0.313538
-2.361258 -0.408616
-1.944466 -0.042606
-2.193224 2.129415
-2.116674 1.545572
-2.326681 1.794805
-1.757679 -0.003116
-1.795971 0.111585
-2.695694 -0.495022
-1.554749 -0.607890
-1.883868 -1.465113
-0.134968 -0.921438
-1.326499 -0.387595
-2.849053 -0.754467
-2.673837 0.776977
-1.493275 -0.216859
-3.089375 -0.520059
-1.559062 -0.476917
0.582466 1.490876
-2.834184 -1.040078
-0.936942 0.173883
-1.912454 1.616752
-1.826437 -0.203917
-3.225220 -0.466647
-2.824438 1.391388
-1.878516 1.183154
-3.267294 0.334424
-3.931527 0.070284
-3.475407 0.534945
-2.896305 0.686005
-1.580147 0.195743
-2.655101 0.087361
-0.653379 1.583728
2.178840 1.758957
0.367125 2.939349
0.967915 0.736349
-2.232859 -0.513748
-1.590292 0.144890
-1.393650 0.412885
-0.967666 -0.020421
0.238145 0.269697
-0.274268 0.287056
-0.227024 0.262214
-0.648858 0.122048
-1.909207 -0.161264
-2.852238 -1.121047
-2.635067 0.058628
-1.776660 0.021486
-1.613279 -0.913706
-2.134831 2.127366
-0.473582 1.397536
-1.532826 0.748283
-2.554632 1.849560
-1.489793 1.217801
-1.575613 0.840564
-2.366440 0.282931
0.876731 1.725965
-1.366894 0.899039
-0.769856 0.597345
0.024197 1.807852
-1.108729 0.412460
1.114500 1.191568
-1.863788 -1.292131
0.999544 -1.754195
-1.447158 -0.862516
-2.984583 1.851246
0.754493 3.183209
-1.040143 1.496260
-1.454574 2.358077
-2.221814 1.450866
-5.149837 -1.070545
-4.354569 0.520737
-2.357017 2.502897
-3.644044 -0.500287
-3.517904 -0.340382
-3.250826 -0.076345
-1.954986 -1.640194
-2.780904 0.551973
-3.286429 0.346781
-4.666546 1.332079
-2.262568 0.343310
-0.043760 -0.525918
-0.838345 1.769621
-1.920339 -0.361727
-1.458720 1.202949
-0.473851 0.465026
-1.773065 0.999020
1.513088 0.959885
1.025681 0.503747
-0.660777 -0.857940
-0.694875 -0.856853
0.012572 -0.642543
-0.330020 0.885258
2.088683 2.240978
1.491777 1.632508
-0.476710 -0.194226
1.320917 2.389969
0.025799 0.670691
0.077541 2.666399
0.104313 2.871857
-1.130548 0.030670
0.000263 2.668875
0.431568 2.198357
-1.615503 0.090005
0.062848 2.455866
1.359140 0.006451
-2.043166 -0.463660
-3.314266 -0.751476
-1.092183 -0.411401
1.321873 1.430163
1.554038 1.265367
-2.543259 -0.662611
-2.669647 -0.522414
-1.129851 -0.261757
-2.756253 -1.699832
-1.889209 -0.724756
-2.613749 0.049316
-1.297553 -0.622576
-1.942525 -1.362777
-3.526346 1.020374
0.331744 -2.044431
-0.178115 -2.726348
-0.178115 -2.726348
-0.178115 -2.726348
-0.178115 -2.726348
-2.571383 -0.951448
-1.592878 -0.633946
-0.239868 3.138604
0.086035 3.193074
0.116238 3.256990
3.042753 2.008471
-2.535601 -1.091520
1.446314 3.366360
1.303481 2.211257
2.251494 3.257339
2.359949 2.384731
1.737282 4.261995
-0.796979 3.544324
0.055617 2.584648
-0.300333 3.081812
2.767952 3.370868
3.798092 3.530740
1.737597 2.144651
0.893795 3.414220
2.410431 2.994821
2.218490 2.745422
3.140503 2.740909
1.363339 3.988868
1.832977 2.511863
0.461181 2.309091
-0.181544 1.844216
2.064351 2.783061
-2.852607 0.998444
3.611453 3.480659
0.968889 2.259503
2.911721 2.676035
-1.409183 1.777912
3.279176 2.527888
3.279176 2.527888
-0.279397 1.367794
-0.026186 3.649943
0.317908 2.187319
-0.712634 2.024085
-0.392763 2.130444
0.305945 2.144288
0.072273 2.524139
0.010902 2.454178
0.240844 2.567832
1.957470 3.149120
1.201334 2.222239
1.825658 3.695501
2.193892 3.172674
1.806527 3.036467
-3.744321 1.400772
-2.272474 0.617466
-3.203505 0.594239
-2.785823 0.742775
-2.070835 -0.357929
-2.257914 -0.751359
-0.843585 1.603939
4.738438 -0.690411
2.010514 4.121567
-1.802934 1.464882
-2.285547 0.578570
-0.981438 2.272961
-2.267229 1.325865
-1.812169 2.542422
-0.977543 1.709149
-0.614882 1.707325
-2.121981 2.773591
-1.434823 3.003356
-0.363571 1.528085
-1.083829 0.959594
1.067437 2.443214
-0.831630 2.922238
-1.127292 3.243053
-1.113040 1.164035
-0.690484 3.256457
-2.289987 0.760652
1.753873 2.282568
0.201865 3.725338
-0.900927 3.272778
2.330812 2.705341
-1.092996 1.450571
-1.657301 -1.282778
-1.459860 -1.061315
-2.134042 0.373040
-0.726848 2.124882
-0.614413 -0.009114
0.294303 0.597853
-1.219584 3.021809
-0.165711 2.373736
1.621274 2.095647
-0.733501 -1.412726
0.314606 0.467564
-1.525762 0.247699
-1.908939 1.221361
-2.486096 -0.955351
-1.560121 -1.007452
2.039734 1.457567
1.489074 2.125023
-0.945606 1.218753
-0.504768 0.585643
0.175844 0.191302
-0.300119 -0.200068
-0.616515 0.602471
1.571773 -0.567019
0.735038 2.287954
-0.640034 0.735463
-0.438482 0.379932
-0.266088 1.164325
-0.361171 0.404685
-1.011020 -1.304382
3.360755 0.068765
1.393732 1.243562
0.801801 2.287850
0.443624 2.371153
-0.052608 1.499343
1.324620 0.978442
0.475954 1.605871
0.969568 2.079507
-0.248374 1.674138
0.491079 2.024426
3.457283 4.388516
4.082303 3.736341
3.852370 4.451600
3.714659 3.912752
1.440476 2.542247
0.898575 -1.533473
-0.766497 1.802085
1.334321 3.803199
1.432719 2.173087
2.306426 2.431815
1.880728 2.729975
-0.382312 1.916930
0.657423 -0.228427
-0.869570 2.095686
0.381615 1.787029
2.075553 0.942114
-2.275924 -1.070529
-1.343087 -0.358811
2.153470 2.400788
2.031175 1.069760
0.369882 2.215513
1.002341 1.229924
0.264920 1.562520
4.170077 0.628784
4.181906 0.477375
4.010441 0.559687
1.230154 1.245770
-1.037359 0.984919
-0.046078 1.656355
3.155899 1.932124
-0.999642 1.179603
0.227698 2.847220
-1.226459 1.775281
0.491627 1.701485
-0.133666 2.770583
-1.433823 1.869730
0.612440 2.044030
0.804247 2.018190
1.433403 2.045188
1.044179 1.880600
0.844971 1.735308
1.579685 1.997487
0.784940 1.655219
0.983730 1.982608
0.831770 2.042929
-0.391048 0.362982
-0.903612 1.502781
-0.812437 2.160483
0.995471 1.865042
-0.963557 1.586376
-0.076423 1.951798
-0.602449 1.516215
-0.701529 1.785062
-1.275808 0.481555
-1.359278 0.359999
-1.277793 0.274255
0.078376 2.913433
-0.622777 1.939689
-0.244496 3.422201
0.042348 3.189850
0.451708 3.697450
6.285908 -2.162716
-0.491916 -1.028326
4.072576 -2.386037
2.809602 -3.154491
4.878527 -0.896518
3.967350 -2.632674
1.457455 -4.256314
-1.257002 -1.610179
1.668463 0.063231
-1.119502 -0.933366
-0.496979 0.569576
3.483874 -1.127544
5.958218 -1.095350
4.038862 -1.059150
2.066656 -3.258815
5.855087 -1.818814
4.230258 -1.502124
2.593389 -2.173403
5.694686 -1.924230
2.685173 -0.514227
1.363471 -0.538321
0.174504 1.342854
0.110809 -0.468522
0.869022 -1.833352
-1.764319 -1.219599
-3.558660 -0.407929
-2.262023 -1.050584
-0.132302 0.386107
-1.199741 0.438631
-1.051695 0.904670
0.010965 1.004118
-1.201036 -0.199750
-0.632951 0.697218
0.977044 1.822269
1.436977 1.361663
0.898742 0.358660
-0.404219 1.752614
0.686042 1.377978
-0.209170 1.284051
0.849783 1.802986
3.255486 0.735077
1.469926 0.559083
0.852953 -1.574178
0.954024 -2.356024
1.366310 -1.547103
1.499797 -4.582078
2.895678 -2.046256
1.463295 -2.933230
1.626508 -2.338933
-1.424069 2.497613
2.251020 2.953571
2.286613 1.964950
2.044008 2.711030
1.375802 2.332597
1.399201 3.993552
0.989421 2.951761
2.081079 3.607377
1.488853 2.688867
1.299963 2.739183
0.845709 -0.193360
0.091491 -0.382120
0.284782 -0.438020
-0.234084 -0.265908
0.284782 -0.438020
0.284782 -0.438020
-1.083813 0.915742
-1.504435 -0.193723
0.134829 2.789685
0.386405 1.630088
-1.672396 -0.644177
-0.707288 1.766427
-1.018029 -0.740812
-1.635712 0.092592
-1.296754 -0.409564
-1.121618 0.699418
-0.795469 0.587816
0.391554 1.603072
-1.753752 0.108197
1.720694 3.151954
-1.373145 1.004197
-1.719624 -0.527211
-2.041450 0.019660
-2.003126 1.539062
2.452366 1.756894
-2.909677 -0.045262
-1.426351 0.171230
-1.166132 0.065936
-0.893157 1.373329
-0.737385 2.179042
-0.298094 0.589605
0.372999 0.559797
0.509925 -1.296986
-1.710522 -2.442356
-0.306713 -1.954959
-0.277592 -1.990255
0.347350 2.776666
-1.018386 2.216370
0.677800 2.958013
-0.393062 3.236966
-0.884638 0.875079
-0.059821 2.737879
-0.456608 2.648863
2.625504 3.153532
-0.165648 2.925475
-0.426928 3.174615
1.214994 2.420212
0.465569 2.930052
-0.640955 1.007769
-1.511853 -0.080064
-1.962787 2.130302
-0.665531 3.088739
-0.083675 2.495943
-0.460805 2.796378
-1.405698 1.219310
-0.171927 3.095141
0.716956 2.279702
0.781282 3.224331
0.106127 1.485532
0.140592 2.076083
-0.506561 2.971803
-0.940709 3.255012
-0.801824 3.591880
-1.396769 3.744880
-2.367350 -0.703353
-1.563232 0.648841
-1.168909 0.425126
0.411339 1.385797
0.490371 1.432716
0.308010 1.820123
-0.237520 2.636008
0.441272 3.542746
-2.108002 0.196091
-0.236206 2.848602
-0.294590 1.379257
-0.965732 0.677007
0.439068 3.162207
4.110148 0.340144
0.403730 0.820005
0.357181 1.599478
3.104696 1.328660
2.414364 -2.031263
2.262117 -1.695088
2.220471 -1.710902
-1.680637 1.888254
-1.260020 0.823896
-0.875955 1.749098
-0.119919 1.690077
0.050121 0.389778
-1.715784 -0.279359
1.846928 -0.570357
2.084011 1.338952
1.252837 -1.651256
2.166141 -3.106362
1.678402 -2.675541
1.851276 -2.806363
1.175931 -2.918324
1.548352 -2.199679
0.114171 -1.729656
-0.239615 -3.524901
2.046135 -3.387230
2.025484 -2.224584
2.269850 -0.050637
1.857817 -2.376311
0.886511 0.927098
1.270728 -2.848195
0.871791 -2.249759
2.768065 -1.754570
0.536472 -3.223899
1.514928 -2.617050
-0.026683 -1.558186
1.678663 -3.235090
3.199041 -3.008521
2.013507 -2.633453
-0.362189 0.659349
1.727017 2.064398
0.197765 3.193163
0.774140 2.791057
-0.632879 2.279328
4.542640 1.895658
1.517510 2.945658
-2.731165 2.059133
-1.139072 1.394075
2.197119 2.613453
-1.866735 -0.212195
-1.052784 -0.715931
-1.592928 -0.743324
-2.845169 -1.375835
-0.625729 -0.410298
-1.043775 -1.146556
0.881654 2.788199
-0.062455 0.102278
0.337198 -1.975044
-0.938740 -0.079592
-2.667722 0.875965
-2.667722 0.875965
-2.667722 0.875965
-3.439427 0.846562
-2.667722 0.875965
-2.667722 0.875965
-2.665156 0.903959
-2.584721 0.983743
-1.727805 0.858221
-1.693738 0.192477
-1.577500 0.194016
-2.136179 0.087847
-2.541086 0.144256
-1.408947 1.082442
-2.128832 -0.033283
-0.745649 0.258728
-2.783030 0.914611
-2.700319 -0.936063
-3.584451 0.887253
0.522793 0.775354
-2.875636 -0.085099
-2.960937 -0.492176
-3.323131 -0.763189
-2.350671 -0.340877
-0.540329 1.451059
-1.491259 -0.636901
-1.024929 -0.469970
-2.758760 0.025207
-1.299407 1.130945
-0.745649 0.258728
-1.781685 -0.224998
-1.587205 -0.652521
-1.046612 0.185811
-3.393312 -0.586042
1.789965 3.769315
-0.281082 3.542888
-0.589054 3.149416
0.814277 2.658432
0.909923 3.633829
1.053680 2.153918
0.764919 3.654901
1.140827 2.033020
0.243492 2.347226
0.056433 1.765419
-1.839099 2.276679
0.224053 2.417415
-1.307777 0.163100
-1.307509 -0.957708
-1.693713 -0.765057
-0.855806 -0.934890
-1.377755 1.713149
-0.360694 0.337970
1.292751 2.141289
1.093977 -2.503914
-0.928727 -0.231093
1.943554 2.854677
1.013625 1.859922
2.321553 2.569307
2.551764 1.786856
-1.218928 3.160267
0.434246 1.048009
-0.290875 1.435577
-0.298228 0.908724
2.077108 3.341892
5.500482 2.150323
5.440478 2.233878
2.118527 2.517400
4.345245 2.123431
4.168478 -0.039960
3.401087 2.193926
1.547107 0.432325
2.095120 2.363564
0.103494 3.329388
1.017666 3.078048
2.430198 2.486867
-0.551267 2.105222
2.453789 3.479649
0.364221 2.161226
-0.150098 2.186274
-0.740223 1.781945
0.622230 1.785902
0.141229 2.232940
-0.193352 1.997419
1.432700 3.476025
-0.604063 2.649798
-0.326771 2.824964
-0.163114 1.005031
-1.181749 2.210466
1.910072 -0.770559
-0.465453 2.021976
-1.464059 2.802398
0.549816 0.967066
-1.159332 2.892543
-1.710615 3.123361
2.162021 1.718479
0.784426 -1.030056
0.766729 -1.134653
-0.769771 1.722898
0.996613 4.258763
-0.675814 1.968084
-2.920509 0.055780
4.365814 2.199382
3.939218 1.288472
5.536583 2.346335
6.128566 2.314293
3.154609 3.008630
3.097728 2.721091
-2.265596 -0.653310
6.635568 0.382336
6.635568 0.382336
2.312092 2.972604
2.274980 4.329288
1.765143 0.565575
-1.086721 -1.236574
-0.351457 -0.862655
-1.136695 -1.299596
1.479071 0.034818
-0.713539 1.566459
1.895556 2.834054
2.876157 -0.694714
-0.761551 2.348018
1.355245 3.025126
-1.077657 0.053468
-0.296262 0.230473
0.235104 2.691171
0.384053 3.274524
0.340878 2.580940
-0.386037 2.178536
1.555202 0.871602
-0.603793 -1.951537
1.216902 -0.155333
-0.029122 -2.970140
1.895010 -1.759960
-1.493632 -0.934561
-1.921078 -0.932956
-0.220306 -1.836737
0.253448 1.801908
-0.598016 3.574890
0.098815 2.356173
0.096670 -1.813217
0.497506 -2.895859
0.932676 -1.767458
-3.146735 -0.858626
-2.941678 -0.949179
-2.718786 -0.744890
-0.466021 1.652158
3.426576 2.461222
0.234147 1.665158
-3.038246 -1.541320
-2.730169 -0.345982
-4.305032 -0.588968
0.931988 0.400955
-0.244835 0.054685
1.211599 0.574845
0.778889 0.716005
-0.283661 0.799302
-0.731888 2.440250
-1.374740 1.970706
-1.379722 1.711436
0.459619 3.366177
0.188720 2.165727
-0.859455 -1.216206
-1.133268 1.200133
-1.922042 1.325016
-1.968700 -0.314020
-2.745091 -1.591366
-1.339831 -2.592560
-2.928152 -2.172717
-0.615068 -0.389074
-1.676332 -0.710408
-2.318891 0.456111
-1.258926 -1.195958
-2.318891 0.456111
-3.170570 -0.220461
-3.242339 2.016361
-1.565474 -0.584428
-1.715387 -0.566351
-1.885919 0.537693
-1.293503 -1.793559
-1.325145 -1.841544
-2.372652 -0.941655
-1.348048 0.342493
2.632202 -1.900508
1.637651 -1.459380
2.105491 -1.404322
-0.276069 -2.789931
-2.847609 -1.014091
-0.128879 -0.244870
-0.609539 -1.109599
0.432401 2.051407
-0.758759 1.930289
-0.248346 -1.189772
1.782818 -2.197395
-0.409997 -2.521133
4.443057 -0.997982
-0.134227 -2.113185
-2.309047 -1.168822
-2.191323 -0.946473
-2.591002 -1.283758
-0.454775 -2.127928
-0.992203 -0.216157
0.553083 -1.351402
2.997663 -3.128163
-1.037929 1.270831
-2.125605 1.449246
-2.124228 -0.713504
-0.108707 -1.238780
3.189875 -0.824789
4.853392 -2.194094
0.311267 1.511336
0.285219 1.067298
0.699202 0.756843
0.453692 1.495603
0.182203 2.871201
0.705416 0.668457
-0.190239 1.374268
4.096513 0.147466
-1.395781 0.398393
0.701158 1.646615
-0.241348 0.559741
0.426385 1.274787
1.104397 2.079653
1.009723 3.182416
0.614466 3.276164
0.629402 3.070782
3.094952 -3.254605
3.272350 -0.599916
5.340947 -1.984002
5.248037 -2.380877
5.176721 -2.133984
-0.369391 2.352817
1.818807 0.874114
0.911817 1.151350
0.851143 1.165871
0.955973 1.173697
3.296625 0.378652
1.479208 -2.561978
1.696286 0.766878
3.380442 -0.523775
2.304182 2.671740
2.084520 3.828123
3.984471 4.044054
3.947564 3.779788
3.412950 3.965035
2.491260 3.202490
0.080777 0.636194
-1.989543 0.461427
-2.174176 1.327895
-1.852390 -0.291379
2.662012 -1.681043
3.375473 -3.541684
3.753943 -1.338243
3.164489 -2.205224
3.442599 -0.489971
3.060145 0.517140
1.494425 1.698411
-3.416432 0.958950
-3.123608 -0.632624
-2.938256 -0.554194
-1.160638 -0.261416
-2.383307 -1.164030
-2.876198 -0.468966
-2.761549 -1.206834
-1.443672 -0.155151
-3.851489 0.162761
-2.073720 -1.082058
-3.729811 -0.142027
-3.164643 -0.152115
-2.390573 -1.202758
-2.723149 -0.594658
-2.186864 -1.314915
-2.786277 -0.610032
-2.538315 -2.004426
-3.253195 -0.045400
-1.170408 -0.065101
-2.294505 -1.172811
-3.565437 -0.290365
-2.205691 -0.594001
-1.454389 0.477766
-2.998411 1.287517
-1.872777 0.286925
0.841478 2.630484
2.084035 2.373427
-0.704261 2.116104
2.323449 1.950520
1.145275 1.635815
2.355512 0.430380
1.199393 2.500704
1.056285 1.514331
2.389660 1.266576
0.600957 2.460315
0.651409 2.628173
1.881275 3.123933
1.573252 2.290795
-0.412129 3.730082
1.286503 0.659796
0.947549 1.680958
1.381916 -1.177750
-0.140769 2.863379
3.083890 0.552474
0.802719 1.040597
0.510393 1.274316
0.614579 1.740867
0.073814 -2.202868
-0.801428 -1.191960
0.707764 -0.912148
-2.032824 -0.768699
-1.107111 -1.407316
-0.369151 -3.352193
0.459930 -1.518539
0.241634 -1.291498
1.107192 1.063435
2.555309 -2.363202
-0.300375 0.026662
4.550856 -1.041553
1.619496 1.452957
0.648683 -0.661800
1.882587 -0.967660
1.110070 2.554907
0.745004 2.160971
1.394760 2.766315
-1.000429 1.235993
1.836387 2.096724
-0.914253 1.477042
-0.084881 -1.699735
1.215245 -0.844935
1.707439 -0.846556
0.631191 -1.576394
0.136289 -1.967338
3.462549 -0.169256
3.203481 -2.610420
-3.323208 -0.545796
-2.110704 -0.790202
-1.435059 0.003925
-2.218501 0.534969
-2.345267 -0.579366
-0.919407 1.342552
-1.828944 0.894995
-1.473120 -0.219311
2.205991 -2.752130
4.139855 -2.593713
2.876750 -1.438640
5.694383 0.060837
-0.230405 -0.224040
-0.762989 0.704545
1.228824 1.344567
1.879415 2.236416
1.151598 1.068168
2.002627 1.837292
1.332002 1.192450
2.160717 -0.261382
0.029552 -0.172977
2.072379 -0.412090
1.699155 -0.989151
2.013877 -0.862332
4.140489 -0.804854
3.334881 1.409558
2.072804 2.387274
1.230695 0.401930
1.917316 0.544320
1.619047 -1.443229
0.262378 -2.661773
2.704026 -2.990034
2.227042 -3.217935
2.784944 -0.084061
3.876944 0.407864
2.018285 -0.232085
1.181560 -0.224617
-2.491785 0.008208
-1.983961 -0.991139
2.082403 -0.072355
3.682751 2.782718
-0.838057 0.238271
4.320034 0.110688
2.031975 1.060643
3.200404 -0.693215
1.484500 -0.446925
-0.791124 2.624856
-0.884362 2.737922
1.879946 1.364189
-2.012314 -0.620740
-1.330430 -0.043104
1.600647 1.556619
4.369834 0.477488
3.053312 -0.331438
-1.361729 -1.280717
-0.300344 -0.877911
1.831592 -1.376187
3.080306 -0.178750
-0.164521 1.278502
-0.334783 0.866460
1.390680 0.654975
1.430945 1.219677
-0.486674 1.943595
-1.990403 -0.257680
1.573805 -0.530449
-1.192391 -0.628275
-0.267018 -0.498292
0.589153 -0.422948
4.120609 1.546615
0.960644 -1.593599
2.089129 -2.331633
2.009293 -1.268073
1.432013 -0.144402
2.907922 0.021873
0.074502 -1.813560
-2.145198 1.908247
1.702877 3.234994
0.611924 1.239993
0.611924 1.239993
0.399207 0.167937
2.662207 -0.458816
2.931254 0.055444
0.053865 0.049471
3.764450 1.083447
1.270467 3.830589
1.673259 3.397427
0.773486 1.879716
2.606685 0.185483
2.178575 3.551897
0.522883 2.944661
2.101359 3.032885
2.659149 3.507439
1.880090 1.325157
0.359258 0.281943
4.959256 -1.817888
3.870482 -0.768398
3.562514 0.991326
4.851473 -0.039733
2.031175 1.069760
2.689001 0.196231
-0.356693 -2.072205
0.720268 0.236470
0.307026 0.398884
-2.488129 -1.302499
1.306120 -0.285945
0.894469 0.436712
-1.666944 0.093813
-1.836454 -0.119475
-1.409996 -0.648055
-2.209032 -0.976839
-0.730987 0.153005
-1.274690 0.212602
-1.824645 -0.573074
-3.548669 -1.585679
-3.592828 -0.364364
-3.431274 0.091640
-3.700088 -0.409699
-2.240234 0.157942
-2.073930 0.504925
2.498801 0.414091
4.129484 -0.253403
0.947970 0.090111
1.121002 -0.177983
0.819830 0.402748
0.057829 1.242288
1.953272 0.213190
-0.420615 0.629707
0.947800 -0.427685
2.123054 0.275047
-0.250509 0.638437
1.273277 -0.078596
1.141482 0.010450
0.408415 -2.858481
0.878758 1.467237
0.532387 1.269747
1.301595 1.498506
0.635431 2.971130
0.512723 3.062663
-2.775329 -0.844626
-3.650689 0.723951
-3.013691 -0.701764
-1.673691 0.053872
-2.018526 -0.724844
-1.785497 -0.686303
-1.961348 -0.064986
-2.833597 -0.615631
-2.701772 -1.458233
-2.701772 -1.458233
-1.474207 -0.990368
-3.127550 -0.569731
-1.829692 -0.282464
2.805346 0.155961
3.056104 0.060512
4.029230 0.639731
4.332802 0.431865
0.965552 0.036618
0.334679 0.036200
3.944349 -0.255458
2.672099 0.519379
4.415170 0.487808
0.666271 0.218149
0.876833 0.560521
0.590959 0.840140
0.876833 0.560521
0.781615 0.582285
0.748065 0.539871
4.415170 0.487808
0.789140 0.598665
0.876833 0.560521
0.301040 0.518812
1.781387 0.349127
1.249564 0.277429
4.233723 0.094362
0.914591 0.487386
4.449992 0.345420
0.874498 0.109337
0.796151 0.147345
3.847212 0.703005
2.182675 1.640209
2.921556 1.257652
1.106899 0.416874
0.922514 0.747138
4.138120 0.617644
0.883794 0.863326
4.483231 -0.088686
4.470260 0.470027
3.598735 0.242225
2.393290 2.111261
0.903325 0.481557
4.049022 0.535573
2.372195 -0.118756
4.151425 0.202120
3.938152 0.424702
1.792508 0.810231
3.768237 -1.430992
4.142655 0.551018
-3.205147 -0.609862
-2.169175 -0.503808
-0.958185 0.272249
-2.570712 -1.064503
-2.000518 0.476391
-2.444286 -1.160051
-2.551663 -0.400468
-2.377475 -1.500566
-3.709872 -0.885134
-1.296098 -0.509410
-4.055635 0.475408
-3.199673 -0.332330
-2.640290 -1.076655
-2.676889 -0.696795
-2.763305 -0.397657
-2.764043 -0.859052
0.475309 -0.140897
-0.768664 -0.655958
-2.679368 -0.921551
-1.995441 -0.718753
-2.072079 -0.644630
-1.445489 -0.848982
-2.016016 0.674932
-0.723812 -1.803365
-3.323056 -0.737352
-2.742272 -1.011050
-3.086414 -0.488026
-2.230041 -0.793942
-2.946854 -0.183368
-2.333210 -0.618928
-2.119306 -1.089161
-1.936267 -0.201689
-1.531500 0.216848
-0.644978 0.354175
-1.121685 0.010455
-0.902494 -0.042007
-2.548634 -0.707460
-2.053150 -0.425603
-1.363835 0.686527
-2.597589 0.660953
0.328929 -1.047308
-2.041440 -0.139084
-1.889749 -0.741103
-3.331280 -1.366315
-2.021502 -0.126160
0.404020 -1.753548
-0.469688 -3.427968
-0.533214 -3.048544
-0.011385 -1.879345
-0.009515 -1.261943
-0.672991 -1.854816
0.717668 -0.702830
-1.847988 -1.293928
-1.597466 -0.061288
0.096717 -2.264001
-0.529086 -2.988178
0.133956 -2.098635
0.198155 -2.522277
1.142624 -3.169694
2.744843 -2.003387
-0.517011 -1.809717
1.607793 -1.638243
-1.106339 -2.119889
0.679083 -2.891239
0.335280 -1.680803
-0.734227 -1.990935
1.007965 -2.444693
-3.667062 -0.603459
-1.611867 -0.777218
0.698400 -2.285354
1.181171 2.293547
1.447275 -1.726355
3.130773 -2.541307
-0.273357 -0.668204
0.627075 0.006832
-1.917185 -1.299801
-0.470566 0.230847
4.024535 -1.294647
1.615885 2.789594
2.406807 0.735151
4.310972 0.433559
-0.322774 0.215422
-0.988035 -1.320646
2.029295 -2.531965
-0.403102 -2.587083
-0.998883 -1.187717
-0.529624 2.006368
1.583183 1.060066
0.995013 -2.139440
-0.361045 -1.161452
-1.349193 -1.372809
0.464579 -0.909920
0.095175 -1.625076
0.324518 -1.822547
-0.770965 -1.893134
-2.358877 -0.922435
-1.984858 -0.749762
-3.226012 -1.181793
-2.666133 -0.463778
0.945162 -1.766075
1.789791 -1.804419
-1.448910 -0.388668
-3.017960 -0.519179
-2.418961 -0.270912
-1.700777 -0.163116
-1.640483 -0.218411
-1.696871 -0.773057
-2.247766 -0.496865
-1.798971 -0.629795
-1.050522 -1.291893
-2.968174 -1.208768
-2.516841 -0.154021
-1.192268 0.562791
-1.601985 -0.825237
-1.534473 -0.514581
-3.491269 -0.683419
-1.879757 0.126794
-1.134904 -0.982687
-1.541263 -0.129305
-3.282336 -2.005246
-1.170189 -0.870180
-2.113773 -0.323858
-2.092834 -0.546704
-2.679305 -0.580104
-2.455904 -0.396474
-1.840555 -0.512606
0.594789 -2.211734
0.523618 -0.534498
-0.327998 -2.136139
-0.442402 -1.542604
-0.117696 -1.374072
-1.596232 -0.641488
0.038455 -3.102541
-2.731530 -1.070635
-1.879658 -0.409029
-1.358697 -0.926520
0.284956 1.226350
0.952347 2.597494
-1.265358 1.196025
3.276128 0.542330
0.266323 0.728118
3.641158 0.048129
0.969289 1.922680
0.170793 2.997623
3.993659 0.276126
5.829022 0.598011
4.305185 0.777709
2.581109 0.024161
4.063553 0.491785
3.922804 0.127231
3.133166 0.148208
-1.131083 0.012967
-1.930715 0.172473
1.113303 0.162842
0.781615 0.582285
1.162299 0.710001
0.854822 0.792431
1.468812 -0.442144
0.691732 0.837408
-1.027917 -0.020776
1.195716 0.048906
0.791521 0.047852
3.116015 0.348942
3.534635 -0.001266
-3.546962 0.645026
-2.046598 0.197505
-1.678002 1.443090
-2.005754 -1.093578
-1.250248 0.982662
-3.330192 0.901335
-2.847017 0.980834
-2.982940 1.224338
-1.567164 -0.851032
-0.852314 -1.534836
-1.406343 -1.008641
-3.016441 -1.286575
-2.247341 -0.740298
-0.461962 -0.901944
-0.057247 -2.098553
2.007600 -3.179650
1.071494 -2.333436
0.827863 -2.685375
0.640891 -2.242452
-1.197032 0.819318
-0.388926 0.951223
-1.367341 -1.479478
-1.286389 -2.167902
-1.384221 -0.262137
-0.366906 1.200352
-3.087612 -1.617056
-1.054236 0.051702
-2.172174 -1.213248
1.272168 -1.347067
0.283416 -0.487227
-0.107654 1.492981
0.780567 -2.651603
-1.731066 -0.832477
0.605684 -1.400557
-1.573029 -1.422604
-0.256669 -0.922222
-1.534442 -1.294217
0.884592 -0.358068
-0.587252 0.204555
-0.946369 -1.399565
-1.945503 -1.088083
0.371492 -2.165198
-1.044519 0.203133
-2.143472 0.021942
-1.297813 -0.100170
-2.027364 -0.072191
-0.678091 -1.612264
0.887674 -2.651294
-0.351507 -2.540167
-1.393562 -1.503278
0.881594 -2.543535
0.770877 -2.696366
0.724461 -2.948382
-0.947401 -2.098234
-1.775863 -1.286434
-2.275449 -1.000852
-3.554827 -1.007739
-2.931345 -0.948761
-2.467053 0.055192
-2.875086 -0.672195
-2.550523 -1.173524
-2.789975 -0.754494
-2.413224 -0.183219
-3.182027 -0.312479
-0.669749 -1.840225
-1.648257 -0.893635
-2.577239 -0.481150
-2.359391 -0.964059
-2.874214 -1.317268
-2.272256 -0.509114
-1.835161 -1.023940
-3.328461 -1.916389
-3.651702 0.178623
-2.691428 -1.155330
-3.484360 -0.220161
-2.722687 -0.639726
-1.819786 -0.914419
-2.661208 -0.937502
-2.279438 -1.347733
-0.983981 -1.724476
-0.552796 -1.387851
-1.689418 -0.810663
0.553008 -0.531689
-1.118206 -1.125824
-0.005085 -1.286537
1.608086 -1.551976
2.322082 -0.035311
2.609635 0.147176
-1.196325 -1.148948
1.760679 0.927399
0.150542 -1.038069
2.130390 -1.536217
-0.597442 -0.751497
-0.539582 -0.804678
2.319301 -0.763888
-0.152257 -0.460271
4.974367 -1.490128
5.379529 -1.877631
-0.905757 -0.733077
4.404194 -2.553027
3.691690 -1.653556
-2.490333 -1.393781
0.367644 -1.360345
-0.537728 -1.547437
-0.038428 -1.600437
0.499752 -1.138930
-0.068113 -0.690354
0.519545 -2.910387
0.094762 0.907820
-0.002025 0.448894
1.091909 1.119105
-0.712011 0.768930
0.190861 0.812172
0.278790 0.460740
-0.365215 2.668063
-1.947093 -0.011133
-1.516075 3.219184
-0.483547 3.602729
-0.460539 3.685405
-0.626110 2.028593
-2.014626 2.176388
-2.510257 0.919669
-2.053221 1.476990
1.031920 -1.952963
0.637261 -1.640923
2.149179 -2.403592
-1.658817 -1.298072
-0.714685 -0.867174
1.048683 -2.514423
-0.059627 -1.152822
0.661090 -2.166828
-0.521440 -2.340841
1.093541 -0.820478
-0.120045 -0.359961
-0.687903 -1.119085
0.575579 -1.406511
1.175166 -1.045217
0.336607 -0.798453
1.403381 -1.810680
1.289805 -2.190403
-3.449653 -0.811136
-3.733687 -0.285807
-3.870133 0.487683
-4.789158 1.261972
-4.749710 0.989095
-1.874179 -0.127886
-3.199339 -0.838576
-2.125688 0.827715
-2.736926 -0.799398
-1.817854 -0.067280
-3.140031 -0.409882
-2.406495 -0.015106
-1.824826 -0.077865
-1.052404 1.116647
-2.040652 -1.586164
2.134470 0.815292
1.647910 4.262029
-1.033023 -0.188035
-1.495876 1.247810
-0.881491 -1.268903
-3.006256 -0.534466
-1.997601 -0.284419
-1.546950 -0.796440
-3.278658 1.192384
-3.303574 1.222144
-3.643778 1.083947
-1.542789 1.691163
-1.366975 0.813715
-1.236036 0.343209
-1.319245 1.287998
-3.145882 1.158352
-0.969404 0.599720
-1.344527 1.351655
-1.829982 0.071733
1.102373 -2.189677
-0.933819 -1.012033
0.887084 -3.748290
3.186820 -3.284479
3.349828 -3.100302
1.141329 -1.129607
0.372917 -1.255418
-2.868407 -1.087505
2.419808 -0.993792
0.872371 -1.693740
2.493260 0.000930
1.894404 -2.559334
1.388666 -1.093393
1.350019 -2.219657
-0.648422 -1.497388
0.859963 -1.451585
0.303474 -0.226217
-2.261114 -0.698668
1.106466 -3.328184
-0.754708 -1.025138
0.307326 -2.181609
-4.005449 -0.812431
-2.027519 -0.573629
-2.131069 -0.488520
-2.020046 -0.523366
-3.712470 -0.000778
-2.474261 -0.486112
-2.815087 -0.846204
-3.043774 -0.901599
-3.070958 0.912636
-2.864200 -0.130739
-4.083732 -0.029757
-0.691393 0.183673
1.749723 3.381767
-3.723356 -0.079585
-4.194965 -0.937521
-1.229406 -0.780714
-2.814961 -0.718960
-2.795017 -0.410789
-2.438823 -0.877076
-2.547206 -0.616721
-2.602607 -0.320115
-2.733919 -0.925864
-1.836552 0.111867
-2.403626 -0.553264
-4.091220 -0.426635
-1.368383 -0.680982
-3.120937 -1.189472
-2.237029 -0.894669
-2.130272 -0.560586
-0.958836 0.876068
-1.318149 1.199070
0.390554 1.595269
0.359230 0.776032
-0.282850 0.935498
0.636865 1.544392
0.388989 1.910518
-1.117001 0.473716
2.149141 1.025366
-1.692338 0.698740
-0.443767 2.116164
-2.368859 0.280938
0.456354 -0.668161
-1.856600 -0.308661
-0.647237 -0.272963
-1.659348 -0.868988
-1.719751 -1.505921
-1.450081 -0.696049
-0.398902 -0.666760
-1.402483 -1.624744
-1.440341 -2.925057
-1.922910 -0.952952
-2.450035 -0.890671
-1.650143 -1.137481
-0.002407 -0.200043
-3.156694 -0.367718
3.711655 0.873283
0.963873 1.926099
0.446333 0.757525
1.068983 2.530284
4.041615 0.036983
0.380355 1.005235
0.778301 1.410679
0.461291 0.599438
1.114390 -0.121131
2.583888 -3.248022
-1.743157 -0.224618
1.671773 0.284221
-1.574513 0.551475
-3.240466 0.507842
-1.692588 0.528534
-2.018952 0.636488
-2.256066 0.638239
-2.216065 0.602275
-2.279751 0.252518
-0.695518 -0.774218
-2.449875 -0.998695
-1.696874 0.635404
0.095402 -1.374542
-2.200789 -0.083303
-1.842767 1.615182
-1.698792 0.410834
-1.857163 -0.444887
0.271281 1.970827
-2.872387 0.212504
-1.106102 0.101491
0.075039 0.388368
1.811299 0.682591
0.254961 1.785667
-0.507461 0.405065
-1.975341 1.649275
0.027967 2.323467
-0.157924 1.007779
-0.896348 2.822436
-0.744018 1.471924
-0.751280 3.042275
-0.909144 0.368351
-3.914951 0.770259
-0.782241 -0.015938
-0.547984 0.699161
0.698667 -0.400777
0.043681 0.865013
-3.441692 0.201348
0.028278 1.123339
-0.920347 1.536711
-3.138193 -0.789952
-3.976134 -0.002090
0.555867 -0.050482
-0.238540 1.028104
-2.010485 2.768680
-1.414067 1.192104
-0.789809 1.373685
-0.591139 0.531412
-0.622170 1.952827
-1.863364 0.600336
-1.799144 1.458011
-0.787121 1.225952
-2.503033 -0.293754
-1.376117 1.259759
-0.335839 -0.040618
-0.808189 1.380653
0.181453 2.571787
-0.957855 0.160351
2.984131 1.416993
-2.077531 -0.379673
-0.345386 -0.678941
-0.226353 0.575026
-2.999732 0.879705
-2.292128 1.233978
-0.451857 1.419523
-0.858242 0.781914
0.248614 0.894205
-0.706545 1.232916
-0.472248 1.370620
-0.720856 1.432213
-0.000123 2.485878
-0.652228 2.520621
-1.074187 0.251416
-1.447200 0.824857
-2.293582 -0.184320
-0.774451 1.048236
-2.663718 0.976220
-1.687572 0.973375
-2.657253 0.458920
2.747726 0.974222
0.898710 0.372598
1.808004 3.360624
1.003112 1.144529
1.032881 1.043199
-1.075996 0.716287
1.257171 1.220516
-3.970311 0.255398
-3.141419 -0.526658
-3.015403 -0.945444
-4.533444 1.309349
-3.727067 -0.537855
-2.560563 -1.094295
-1.861353 0.038475
-1.386806 0.746232
-2.169638 -1.076426
-1.943846 -0.704394
-2.421956 0.638161
-3.152131 0.915938
-1.748615 -0.086370
-2.023654 0.414052
-2.001765 -0.383723
-1.369910 0.473767
-1.407784 -0.310134
-1.335755 -1.124759
-1.094237 -1.065173
-2.682301 -1.115912
-2.875606 -0.990274
0.280406 1.070750
1.817687 -0.279422
-0.159371 0.399453
-2.396543 -1.058926
-2.238056 -0.771041
-2.566014 -1.455429
-2.518427 -0.686449
-0.249184 0.704404
-1.876845 0.258695
-0.638176 -0.706677
0.381837 0.757222
-1.612586 0.134554
-2.349904 -0.836408
-2.434978 -0.659041
-2.621316 -0.870405
-1.024298 -0.639519
-0.962847 -0.353739
1.333684 2.116168
0.567951 -0.885979
0.336576 2.116594
0.912024 0.943723
-1.775096 -0.460896
-1.532824 -0.830982
0.354589 -1.194346
-4.275035 -0.625037
-4.466237 0.457529
-4.047862 -0.013544
-4.226331 -0.811686
-4.844191 1.539398
-5.150580 1.501976
-4.303001 0.768683
-4.631553 1.361108
-2.869720 0.464509
-3.099213 -0.784377
-3.722840 1.458945
-4.050043 0.856790
-4.841764 1.585943
-4.103851 0.410051
-1.118720 1.562267
-0.566986 -0.341914
1.224740 3.572764
0.139646 3.207118
1.382102 3.210467
1.064602 2.479871
-0.447656 3.350785
0.653150 2.040182
-0.536702 1.396707
0.535738 1.967462
3.097460 2.187712
-2.122257 2.831012
-3.725507 -0.197961
-3.872195 -0.527332
-2.164066 1.092991
-3.101557 0.488938
-1.270010 0.379260
-1.667259 -0.332060
-2.405898 -0.480277
-1.668360 -0.375545
-3.445938 1.454460
-2.796275 1.104227
-2.409021 0.300442
-2.300406 0.867084
-3.155985 1.499070
-2.279699 -0.448188
-2.494517 -0.250690
-2.003210 0.355233
-1.770387 -0.016582
-1.274987 0.054918
-1.969460 0.809773
-0.896113 0.110846
-2.136914 0.799955
-2.145818 2.504289
-1.134705 0.638534
-1.829559 0.842896
-1.294927 0.246825
0.922250 -0.915320
0.599367 -0.010115
-1.949840 0.688190
0.883779 -0.945030
1.386366 -0.463255
-0.067794 -1.610031
-4.586078 0.684365
-4.421072 1.311259
-2.614863 -0.979401
-3.554400 -0.795937
-3.087151 -0.887497
-2.358831 -1.071851
-3.616353 0.521455
-4.434668 0.385441
-1.935489 1.557405
-2.856134 -0.273971
-3.420634 1.174606
-4.743723 1.906223
-3.138726 -0.787175
-2.209157 0.651496
-2.470980 -0.655544
-2.606284 -0.633079
-2.399044 -0.352425
-2.016457 -0.685849
-1.800656 0.135447
-3.168474 -0.165806
-1.911777 0.536203
-2.583239 -0.765747
-2.589822 0.607293
-1.522322 -0.854324
0.341955 1.600307
-1.335297 -0.784927
-0.430524 -0.218367
-1.308314 -0.860362
-1.157369 -0.797218
-0.848572 -0.220784
0.894137 -0.935068
-1.233692 -1.006084
-0.518013 -1.469808
-4.218841 1.328964
-2.296425 -0.288279
-2.162134 0.059117
-4.095275 1.337364
-3.785008 0.151207
-2.429377 -0.260824
-1.681669 0.732112
-3.360377 1.294804
-3.658035 1.095154
-2.069288 -0.203839
-1.629246 -1.070703
-0.109752 -1.732820
-1.852309 -0.460653
-3.177324 -0.672078
-3.933747 0.454346
-2.028091 -0.480962
-1.476653 -0.941620
-3.465479 0.395226
-3.658248 -0.549902
-3.236657 -0.481389
-3.584114 0.372684
-2.992108 -0.941542
-2.958047 -0.921361
-3.117575 -0.905287
-2.840936 -0.962945
-2.304932 -0.241259
-2.273087 -1.086135
-1.838775 0.101730
-2.526704 -0.120448
-2.793437 0.107485
-3.009604 -0.938144
-1.423978 0.011758
-2.689534 -1.179705
-1.839819 0.501407
-1.989561 -0.306792
-3.678375 0.470530
-1.653964 0.364152
-1.125757 2.181364
-2.249006 1.045975
-2.140974 -1.174758
0.214512 1.715708
-1.959817 -0.300391
-3.572443 0.119943
-2.490102 -0.504604
-2.958047 -0.921361
-3.416551 -0.605571
-3.696026 -0.532307
-2.876046 -0.073603
-3.213061 -0.577131
-3.060530 -0.876279
-2.506137 -1.030164
-1.879013 -0.257975
-1.897675 0.030237
-2.104349 -0.502813
-1.017447 -0.131408
-1.099483 -0.466412
-2.781167 -1.081505
-3.615049 0.462822
-3.012199 -0.943579
-2.121648 -0.728353
-2.444472 -0.624910
-2.589098 -0.431823
-1.942444 -0.859701
-1.571776 0.060797
-2.457243 -0.206362
-1.141821 0.604250
-2.466351 -0.559184
-2.584247 0.764767
-2.258882 0.671245
-3.104516 -0.643425
-0.574887 0.948412
-3.658311 -0.043774
-4.460065 0.385468
-3.126552 0.190144
-3.073264 0.716584
-1.570339 0.828984
-1.061982 1.508376
-3.036456 0.171196
-3.380550 0.996755
-4.282991 -0.629113
-4.469740 0.364408
-1.670192 1.422730
-2.236052 0.168091
-1.994855 0.403089
-4.752574 1.609191
-2.173426 -0.305197
-4.676908 0.949723
-2.730344 -0.511355
-2.706698 -1.035547
-3.027292 -0.876101
-3.301457 -0.231518
-2.474202 -1.144933
-2.806376 0.092950
-3.334650 -0.173619
-2.232990 -1.085623
-3.451699 -0.127179
-3.249758 -0.282517
-1.398431 -0.137061
-3.521827 0.263234
-3.160911 1.605212
-0.859706 3.215147
-3.812585 1.398493
-2.830477 -0.359885
-3.628465 -0.083773
-0.783646 -1.328388
-4.646686 1.248512
-1.843270 -1.755064
-4.533752 0.941505
-3.249298 -0.231047
-3.121213 -0.907678
-2.458783 0.265120
-2.445204 -1.063553
-3.139563 -0.348805
-2.941678 -0.949179
-1.636908 -0.194327
-1.790734 0.320384
-3.377889 -1.086307
-4.056247 0.927454
-3.536167 0.063061
-4.551708 1.712792
-3.363081 -0.542194
-2.597022 0.557463
-4.503871 1.554883
-3.300017 -0.114462
-3.969491 0.268679
-3.846251 -0.044670
-3.591822 -0.476828
-2.911928 -0.663700
-3.699050 -0.590445
-3.315973 -0.403280
-1.986965 1.218018
-2.961411 -0.902238
-3.134033 -0.898128
-1.732388 0.786177
-0.044129 -3.075368
-1.888414 -2.354092
-0.823140 0.382061
-0.626418 -1.531060
-1.205839 -1.610611
0.968836 -2.332860
0.485592 -1.848491
1.654365 0.309949
-0.734695 -0.652365
-0.985008 -1.234198
-0.948493 -0.457130
-0.993173 0.717911
-1.007270 -0.936156
0.442416 -1.705825
0.067263 -1.753789
-1.463827 0.006528
-0.636615 -0.043353
1.292781 1.044354
-0.861685 0.331658
-0.567457 2.961540
1.374490 0.776641
1.538515 1.175271
0.802649 1.838032
1.626641 0.775729
-0.780511 -0.431317
1.706506 1.014610
0.038531 -0.187305
-0.669255 -1.341999
0.487268 -1.378419
0.008604 -1.485993
3.346190 -3.159706
1.665916 -0.920439
-3.197184 0.407337
-1.942234 0.093735
-1.471188 -0.826617
-1.480591 -0.796992
-2.934503 -0.727646
-3.133236 -1.009861
-2.272927 -0.692953
-2.322051 -0.175274
-3.420918 0.799126
-3.246437 -0.577926
-3.016760 -0.933571
-2.426164 -0.603176
-3.197374 -0.823142
-3.168553 -0.809164
-2.169638 -1.076426
-2.489952 0.028204
-2.252711 -0.495819
-2.460675 -0.183811
-2.304610 -1.046945
-2.484280 -0.528783
-0.100934 -0.795020
-2.438135 -1.203081
-3.900658 -1.018152
-3.046367 -0.962769
-1.284482 0.134006
-3.544828 -0.989556
-2.278901 -0.339138
-1.103211 -0.572642
-1.475909 0.883686
-2.132366 0.685690
-1.678562 -0.068979
-3.002203 1.065960
-1.516121 -0.449714
-1.464317 -0.844443
0.817187 -2.077870
-0.279022 -2.320563
-0.543461 -1.436232
-0.122486 -2.720619
3.216765 -1.483063
1.435537 -4.579396
1.970675 -2.589352
-0.562045 -1.611585
0.176540 -0.864263
2.153000 -1.560545
0.844226 -3.505992
2.191404 -2.838334
1.944356 -3.955173
1.501242 -3.032509
0.798555 1.483292
0.818491 1.697633
-0.179748 0.749999
0.654126 1.301027
-2.162925 0.594558
-1.393963 0.846055
-2.716500 0.663905
1.726229 2.392692
0.026641 1.633382
-1.998292 0.051461
-2.285674 -1.191927
-2.850195 0.611661
-4.087845 -0.195297
-3.329713 -0.912698
-4.044023 -0.129164
-3.439524 -0.495125
-2.918718 -0.377620
-2.473716 -0.774688
-3.412715 -0.599070
-3.946803 -0.093428
-1.804508 -0.336027
-3.330685 0.638058
-3.584364 -0.182599
-2.543149 -0.456911
1.435271 3.507384
2.528345 3.778347
2.412266 4.350570
0.797734 2.904021
0.301169 2.035596
-1.566107 2.425981
-0.072848 1.799329
-2.157832 1.460635
-2.257735 0.983399
0.978153 2.861993
0.356902 3.763386
1.478391 2.541640
0.792212 1.683155
-0.421129 1.907755
-1.353770 -0.497899
0.822235 1.413938
-2.031352 0.315221
1.424667 2.104535
3.849808 0.062823
-0.645970 0.609661
1.272210 0.609082
0.940153 1.535544
-2.877553 1.488524
-1.201949 2.174038
0.286269 2.466167
-0.432848 0.388540
-1.294228 1.683352
0.554700 2.550286
-1.738772 1.262324
-1.052595 1.420446
0.157976 0.768629
-0.482074 1.427052
-1.436208 1.761690
-1.197941 1.060026
0.093430 -0.721470
0.618641 4.080213
5.184983 0.773083
0.174332 3.278060
0.825291 3.042628
1.499736 2.910566
0.936392 2.837965
0.856427 3.318696
-0.370059 3.164551
0.193225 0.190010
-1.395737 0.536533
1.093564 2.707740
0.343040 4.545249
0.744873 1.066194
-0.367150 3.748159
0.970310 4.658829
1.707940 4.580896
-0.105253 3.067323
0.274226 3.430908
3.454098 2.645051
-1.317827 2.742073
0.273161 2.867968
0.597623 2.864724
0.059547 2.668378
-1.642872 1.728114
-2.030590 -0.579627
-0.880884 -0.988706
-0.130178 2.583055
-2.291909 0.900800
-3.671260 2.406875
-2.819969 -0.658674
-2.482064 -0.626106
-1.765408 -0.878388
0.407538 3.156343
-0.160630 0.682099
1.407663 1.045720
0.270724 2.973490
-0.213561 3.019346
1.231227 3.430521
1.921517 2.487100
1.781429 3.523071
0.844094 2.777253
0.038145 3.294038
2.006231 3.249848
3.398112 3.442164
0.634828 3.043319
0.698359 2.852202
0.015194 1.163687
0.409654 2.867823
5.713723 1.071983
2.218830 2.731128
0.452629 2.859539
-0.614223 3.340070
4.810949 0.502674
-0.710945 3.108655
1.191239 3.369362
1.191239 3.369362
0.481871 2.983197
1.191239 3.369362
-0.056283 -0.412041
-3.014589 -0.461259
-1.425680 0.246840
-1.229521 -0.347862
-1.023601 -0.076101
-0.355180 0.180411
-2.123013 -1.162604
-0.614523 0.380538
-2.199324 0.107397
-1.150743 -0.737825
-1.277269 -0.642060
-1.608657 0.108334
-2.596280 -0.108979
-0.116379 0.294785
-1.417717 0.224698
-0.809607 0.469411
-1.379389 -0.290655
-2.864698 -0.987763
-2.856052 -0.950837
-1.591419 -0.905323
-2.249760 -0.025787
-2.330905 -1.168930
-1.104370 -0.588145
-1.656721 -0.542655
-2.781514 0.235821
-1.420060 -0.713185
-0.930789 -0.104013
-2.673312 1.080562
-3.162893 -0.460867
-0.991540 2.461945
-1.281111 0.532516
-0.510895 1.572974
-1.590812 0.597397
-0.717752 1.559288
-0.733949 0.631281
-1.613764 0.441504
-2.228923 0.661426
-2.613218 1.012102
-1.118948 0.755818
-1.473757 -0.628992
-0.878715 -1.119046
-2.598464 0.944037
-2.657980 1.021008
-3.676806 -0.725310
-1.531047 0.188223
-2.000777 -0.749509
-3.266879 -0.433112
-1.951547 -0.559355
-2.164822 0.337865
-0.585379 1.535498
-1.136279 1.724639
-3.165949 1.582476
-2.194550 -0.616495
-2.526626 0.904250
-2.525613 0.065841
-2.258477 0.507652
-1.225346 2.372706
-1.342147 -0.873855
-2.731324 1.654903
-2.594808 0.030175
-2.478880 -0.579885
-1.742014 -0.430339
-3.586629 -0.975960
-1.454305 -0.551630
-2.676966 -0.070753
0.161974 0.261961
-0.046312 0.483339
-2.919836 0.625238
-1.701738 -0.350796
-2.206541 -0.349408
-2.271212 -0.654740
-1.455984 -1.230142
-1.663239 -0.827655
-3.355179 -1.370002
-3.332325 -0.182175
-2.054124 -0.484238
-2.915624 -0.312972
-1.253632 1.445707
-3.280357 -0.134200
-3.121213 -0.907678
-4.513709 1.603609
-2.954888 -0.602280
-1.911378 -0.735371
-3.029181 -0.638444
-2.295285 -0.740464
-3.329683 1.491732
-1.755262 -0.022368
-0.509955 1.697539
-2.520501 -0.952273
-1.992059 -0.485561
-2.860964 -0.871359
-3.266216 -0.957558
-0.228478 -0.486312
-2.133315 -1.056763
-3.089403 -0.836059
-0.853926 -0.454978
4.873402 -2.338297
2.327184 1.737920
0.636658 -0.872348
-0.768091 -0.156782
0.341285 0.215131
-0.207101 -1.089448
-0.889492 0.449826
0.500182 -1.516003
1.102135 3.505194
-2.337247 0.084208
1.295227 2.746098
0.549467 2.224252
1.316197 4.123043
0.585065 2.618075
0.101713 3.442082
1.121260 2.105036
-0.550939 1.647577
2.476398 0.968999
1.598952 0.779201
1.979465 -1.011520
-2.800226 2.159890
-2.783325 2.467469
-3.174896 2.507910
-4.645438 1.759735
-2.129258 1.018158
-2.109444 -0.223634
-2.392603 -0.153836
-2.504020 2.549833
1.124699 3.369301
0.931038 1.555563
1.078908 2.134500
1.404347 1.799308
-1.698514 -0.876732
-1.627524 0.378147
-3.709071 -1.189723
-0.116549 -1.024689
-0.853515 -2.245523
-1.029289 -2.048574
-1.439626 -2.237584
4.875628 0.200817
3.993100 0.179994
4.025406 0.374263
4.030314 0.553812
-1.233547 -0.274491
3.990220 0.278592
3.903949 0.455929
3.728432 0.125077
3.638283 0.281482
2.269172 1.726201
3.071761 0.269354
0.624634 0.628236
3.921227 0.440022
1.169383 0.193498
3.551048 0.445968
3.822943 0.156613
3.570944 0.149933
2.379055 -0.085272
4.090082 0.603281
0.770773 0.045982
4.204621 0.346329
-0.198721 -0.698997
4.161952 0.368831
0.391649 -0.637363
-3.246556 -0.915686
-1.817327 -1.052406
-2.820774 -1.325218
-0.405652 -2.042335
-1.021724 -0.349674
-3.185635 -1.213532
-1.559452 -1.390811
-3.379199 -0.983686
-1.770318 -0.153617
-3.226719 -1.626514
-4.586857 1.204812
-3.846903 -0.407351
-2.151020 -0.930484
-3.052206 -0.223492
-2.004260 -1.069179
-1.089782 0.029750
-3.393166 0.053191
-2.416034 -0.357578
-3.579551 -0.186052
-2.493458 0.607203
-3.001644 -0.325901
-2.441351 -1.030345
-3.176702 -1.064578
-2.565102 -0.809366
-1.883155 -0.565617
-2.136682 -0.990153
-1.966892 -0.300485
-1.787652 -0.733493
-2.997603 -0.410116
-0.323448 2.725890
-1.881789 -0.684891
-1.606212 -0.470843
-2.853997 -1.013403
-2.042193 -0.930737
-1.325153 0.704569
-2.561792 -0.969730
-2.144994 -1.024848
-2.238641 -1.404261
-4.125466 -0.203794
-2.998793 -0.127854
-2.599934 0.410433
-1.209316 0.171432
-1.105720 0.059928
-1.025379 0.241008
-0.051235 -1.723303
-0.369773 -1.443544
-0.688611 1.120282
-3.792540 -0.645422
-1.012865 -0.812664
-1.766241 -1.214204
0.901473 1.138311
-1.261903 0.695301
1.077635 0.413713
0.082517 0.082942
-0.655496 1.930086
-1.128032 3.546988
3.856585 0.751364
4.171981 0.103815
3.678218 0.587577
4.109337 0.181533
3.957990 0.222902
3.911628 0.248290
3.898601 0.490575
0.733246 0.667970
3.975182 0.449287
4.323046 0.603307
1.344776 0.782978
3.432363 0.330646
1.513720 0.293358
3.845387 0.047959
3.258491 0.289590
2.378915 1.472001
0.846397 0.149667
0.807883 0.148949
-0.485817 0.181426
-1.294805 0.655650
1.194382 0.716735
1.129629 0.566871
0.954200 0.437102
-0.000004 1.563111
0.428373 1.778098
0.413026 0.743753
-0.097673 2.008745
0.213241 0.387012
0.339032 1.322767
0.354387 1.693083
0.428373 1.778098
1.551162 2.690263
0.415745 1.377047
-0.939457 2.055985
-0.715589 2.154578
-0.340346 1.033185
1.220468 3.391850
0.021927 0.397628
0.213241 0.387012
0.528620 1.332351
0.619687 1.767483
1.335392 2.191309
0.170432 0.079657
0.684858 0.392891
0.744649 0.055132
0.420427 0.755448
0.452497 0.683963
-3.570567 -0.564843
-1.600831 -0.676314
-2.851166 -0.047532
-2.713820 0.021537
-1.638921 -0.137491
-2.224897 -0.578246
-1.821757 -0.542518
-1.450843 -0.909511
-2.036921 -0.660134
-2.535123 -0.759724
-2.158338 -0.431074
-2.787347 0.378189
-2.208981 -0.304576
-2.921505 1.384533
-0.799500 -0.426714
-2.020502 -0.889089
-2.960937 -0.492176
-2.865220 -1.004643
-2.442179 0.191592
-2.090134 -0.060136
-2.088984 -0.154245
-1.882676 -0.651666
-1.469173 -0.579098
-1.211623 0.280222
-1.811041 -1.385127
-2.253838 -1.257130
1.821997 0.709030
1.735362 2.974075
0.438258 -0.136478
-0.419716 2.257979
1.323271 1.912967
0.553654 3.065391
3.561141 1.121956
5.586841 0.936205
1.324044 0.975268
0.875476 0.824825
-0.006930 -0.105761
2.653560 0.872174
0.258366 0.501726
0.710958 1.405787
0.504221 0.235832
3.806565 0.824853
1.242740 0.773032
0.407021 0.375404
-0.129500 0.276775
-0.497668 -0.692011
0.836052 1.499234
-0.429293 3.325571
0.961645 0.204252
0.481553 1.156781
1.063175 0.272365
-1.419538 1.090212
0.867856 0.170179
0.737104 0.746835
-1.319848 0.265590
0.619405 2.273956
1.057962 0.194925
0.815294 1.517995
0.127497 0.802740
1.028718 0.539694
-1.059400 -0.758279
-1.321243 -0.372434
-1.069848 -0.814149
0.224443 -0.282709
1.350290 1.444976
-0.760105 1.321131
1.763800 3.284676
3.973909 0.484878
1.235627 0.251144
1.397813 0.538662
-0.666057 0.662322
1.063446 0.830111
1.034629 0.628690
0.145124 0.703137
0.748591 0.215157
0.984041 0.888826
1.644603 1.362575
-3.076799 -0.920351
-3.047963 -0.943282
-3.086030 -0.824630
-0.669743 -0.655820
-2.558062 -0.514750
-2.511636 -0.532044
-4.041355 -0.405698
-3.416574 -0.637979
-2.064285 -1.062429
-2.796356 -0.740455
-2.850372 -1.137234
-1.960515 -0.594298
-2.211820 -1.349101
-1.443096 -0.132325
-2.275795 -1.172870
-1.836627 -0.257126
-2.176533 0.346989
-3.087151 -0.887497
-3.065255 -0.099097
-3.759653 -0.597294
-4.186916 -0.434463
-3.375181 -0.913789
-1.730073 1.082867
-2.573207 -0.854540
-1.934363 -0.819099
-1.926140 -0.442843
-2.199383 -0.977861
-2.860363 -1.022939
-2.261181 -0.965191
-2.149754 -1.071340
-2.500683 -1.132922
-2.319384 -1.116312
-2.999469 -1.010798
-3.371188 0.981600
-2.142001 -0.963060
-2.136943 -1.256587
-1.617620 0.328584
-1.296002 1.341179
-0.789839 1.810745
-1.313241 0.855283
-1.724900 -0.467651
-2.658903 -0.834621
-0.437179 -1.205678
-1.677601 -0.544753
-1.645313 0.204511
-2.063833 -0.886093
-2.387613 -1.168034
-2.857404 -0.686135
-1.491046 -0.716100
-2.597754 -1.081279
-2.020814 -0.370670
-2.009264 -0.791463
-2.480420 -0.044546
-2.091935 -0.830345
-3.087151 -0.887497
-1.829413 -1.051378
-2.037246 -0.199901
-1.765743 0.583482
-1.954928 -0.777021
-1.871883 -1.085414
-4.184160 1.293700
-3.107063 -0.846303
-2.989018 -0.850665
-3.157366 -0.205290
-3.013567 -0.565879
-2.440045 1.225777
-3.320930 -0.327300
-3.147092 -0.175628
-1.237126 0.678352
-2.362647 -0.127518
-3.328363 -0.845474
-3.151424 -0.909333
-2.656684 -1.234359
-2.540389 -1.070194
-3.099448 -0.930397
-3.198601 -0.978629
-3.159767 -0.931742
-2.764085 -0.479888
-4.983762 1.351103
-1.705874 -0.587912
-4.460533 -0.720269
-3.669866 -0.499726
-3.288313 -0.306581
-4.271303 -0.257801
-3.924446 0.718819
-3.174834 -0.258535
-2.905942 -0.869412
-3.846529 -0.151953
-2.895358 -0.331799
-4.445649 -0.592535
-3.938921 0.777066
-4.825601 1.209259
-2.907617 -0.928998
-1.897348 -0.212717
-3.501795 0.260724
-3.323908 -0.545730
-4.117539 0.455908
-4.513087 0.798729
-3.533727 -0.607006
-4.358022 1.296325
-4.182012 0.604445
-3.213979 -0.654382
-3.047250 -0.954976
-3.147548 -0.723601
-2.832327 -0.900677
-3.019752 -1.017686
-2.346816 -0.910523
-2.576830 -0.673102
-2.895083 -0.934642
-2.939845 -0.929183
-2.943982 -0.844068
-3.320930 -0.327300
-2.941678 -0.949179
-2.948934 -0.620931
-2.803999 -0.599605
-2.843569 -1.000938
-2.929419 -0.351980
-2.152059 -0.472614
-2.506286 -0.465388
-2.910637 -1.025556
-2.678939 -1.068924
-2.864698 -0.987763
-2.215959 -1.129068
-1.810548 -0.861643
-2.960895 -0.041136
-3.046131 -0.923286
-2.876756 -0.949914
-2.982698 -0.913390
-2.129397 -0.855823
-3.286670 -0.395340
-2.490227 -1.032667
-2.941678 -0.949179
-2.970164 -0.919034
-3.046131 -0.923286
-2.443118 -1.001049
-3.400414 0.286859
-3.702981 -0.519623
-3.812423 -0.352498
-2.702543 0.530587
-3.151743 -0.805101
-2.807604 -0.696149
-1.155769 -0.131357
-3.178294 0.066703
-4.375255 0.590543
-3.627820 -0.393393
-2.791875 -0.743031
-4.667771 1.151226
-3.454027 -0.786121
-3.701150 -0.393667
-2.615112 0.071631
-2.564584 -0.146094
-2.275533 0.775281
-4.489483 0.930204
-2.562695 0.140139
-2.639392 -0.054085
-1.969455 -0.257615
-2.503351 0.118260
-3.325291 -0.696021
-3.385086 -0.858664
-2.625481 -1.168952
-2.408093 -1.038951
-3.055220 -0.615034
-2.363963 -0.970732
-1.749060 0.691344
-1.449161 -0.996226
-3.113610 0.704744
-2.807676 -0.960761
-3.127737 0.457164
-2.780989 0.525587
-3.201058 -0.778202
-2.558853 -1.152692
-3.159307 -0.941793
-2.286553 -0.780276
-2.553386 -1.040378
-3.058712 -1.044005
-2.202609 -0.591361
-4.910024 -0.021487
-3.307045 -0.334650
-4.024063 -0.492864
-3.902116 0.855038
-4.323946 1.094709
-2.397991 -0.454551
-2.732752 -0.936779
-3.560858 0.280664
-2.902421 -0.785490
-2.396438 2.199226
-2.521757 1.963130
-3.206972 2.142314
-1.619992 2.555491
-0.741459 1.011841
-4.007868 0.261363
-1.405901 2.325145
-4.795239 0.916325
-3.437897 -0.397303
-3.190393 -0.096201
-3.303032 1.810363
-2.460577 0.830275
-4.039445 0.116883
-4.797674 1.248472
-2.602035 1.343748
-3.789660 0.497626
-2.516514 0.494703
-3.091486 -0.608379
-4.858091 1.362248
-3.086558 -0.631363
-3.142707 -0.990653
-3.573677 -0.077070
-1.654058 1.626959
-2.991526 -0.754648
-3.078720 -0.877845
-2.656075 -0.930916
-3.281063 0.308321
-2.285102 0.024280
-2.965453 -0.494079
-2.786077 -0.670323
-2.663532 -1.049790
-3.121213 -0.907678
-2.529601 -1.006050
-1.182478 -0.730354
-2.539485 -1.024921
-2.233438 -0.051881
-2.485977 -1.025440
-1.149335 0.844119
-1.424308 0.706203
-2.845792 -0.171455
-2.873920 -0.512700
-1.706693 0.931892
-3.169293 -0.411196
-2.202878 -0.497929
-2.507032 -0.427731
-2.457398 -0.449545
-2.907590 -0.921625
-1.357759 0.735950
-1.946558 0.861878
-1.783190 -0.048756
-3.121213 -0.907678
-2.169638 -1.076426
-3.123756 -0.256176
-2.971459 -0.388837
-1.809123 0.177743
-2.676056 -0.877328
-3.085516 -0.749789
-2.914337 -1.088927
-2.425792 -0.419730
-3.835740 0.901762
-3.564028 0.321015
-1.494042 0.376803
-1.388534 0.414335
-1.723146 -0.204598
-2.068223 -0.352840
-2.904485 -0.433132
-2.911409 -0.801214
-3.092808 -0.739680
-2.524711 -0.894108
-2.798023 0.325739
-2.521362 -0.401563
-2.815064 -0.158522
-2.142701 -0.423258
-2.031898 -0.223119
-2.768957 -0.868875
-3.728388 0.410149
-2.626137 -0.158069
-2.473333 0.045444
-3.065706 0.264435
-2.139016 -0.875255
-1.904855 0.053812
-3.172941 -0.505484
-4.016405 0.023538
-4.102910 0.147338
-3.930557 0.271447
-4.238120 0.941449
-4.451968 1.259643
-4.544442 1.443510
-3.854485 -0.324969
-4.722447 1.302380
-2.683629 -1.043414
-3.052556 -1.046823
-2.732752 -0.936779
-2.982344 -0.252660
-2.263497 -0.541063
-2.470799 -0.918769
-2.376381 -1.062478
-1.512329 0.140218
-2.255503 -0.594768
-0.842425 0.277248
1.595264 4.089154
-2.771573 0.905208
-0.850697 -0.690119
-2.260275 -0.719553
-2.018526 -0.724844
-2.244319 -0.697866
-1.874606 -0.303765
-1.511891 -0.817224
-2.203213 -0.870018
-3.034116 -0.803849
-2.171626 -0.020100
-2.359873 -0.607763
-3.034398 -0.822796
-2.324769 -1.051670
-1.705269 -0.927736
-2.324870 0.021042
-2.878677 0.074981
-2.088138 -0.772594
-2.559697 -0.172483
-2.473333 0.045444
-2.704262 -1.045119
-1.521412 -0.890323
-2.551172 -0.506381
-2.467384 -0.439972
-2.526377 0.144518
-2.138875 -0.699775
-2.052171 -0.479480
-2.176352 -0.644807
-2.285075 -1.288423
-3.038988 -0.892377
-3.166550 -1.123730
-2.422082 -0.130242
-2.329827 -0.851873
-2.766613 -0.542242
-2.500308 -1.165462
-1.368408 -0.419184
-1.715111 -0.269108
-2.415872 -1.102970
-2.645005 -1.156375
-2.051620 -0.772523
-2.581234 -1.215771
-3.127676 -1.071204
-4.424786 0.727757
-2.399531 -1.112194
-2.591119 -1.114136
-2.906442 0.173978
-3.529699 -0.839465
-2.622136 -0.581226
-2.190898 -0.501856
-3.123045 -0.927674
-2.223027 -1.231255
-2.351005 -1.054921
-2.245618 -1.310820
-3.047963 -0.943282
-2.791087 -0.402494
-1.454017 0.460659
-2.929419 -0.351980
-1.701864 -0.839419
1.892796 -3.520789
3.338099 -4.652064
-0.069835 -1.516235
-0.870270 -2.199873
-3.123045 -0.927674
-2.612792 -0.864687
-2.848484 -0.845418
-4.380882 0.605624
-3.491426 -0.650853
-3.397101 -0.413826
-2.611884 -0.525967
-3.257654 -0.106031
-2.204415 0.053485
-2.658974 -0.808039
-2.161910 -0.629923
-3.017421 -0.714550
-4.182012 0.604445
-3.551880 -0.148049
-4.472012 0.788656
-4.600057 0.843209
-2.434369 -0.193734
-2.692894 -1.080965
0.427381 -1.143994
-1.953257 -0.631366
-3.595248 -0.866445
-1.616260 0.215097
-2.716230 0.927365
-0.396732 -1.142175
-2.216064 -1.059132
-1.276050 0.786517
-2.292224 -0.392556
-3.084192 -0.368219
-3.096879 -0.853227
-3.385189 1.294851
-1.520775 0.318065
-2.093201 0.460732
-3.659549 -0.253227
-3.277310 0.850585
-4.152599 0.817084
-2.624865 -0.394014
-2.007892 -0.706547
-2.668401 -1.072178
-3.733526 -0.168027
-2.841998 0.204745
-2.347132 -0.834291
-2.845698 -0.313849
-3.648800 -1.096476
-2.021828 -0.671585
-1.636865 -0.708866
0.232529 2.775941
1.684257 4.094328
-1.491387 1.557665
3.043482 0.048820
-2.519903 0.587248
-2.591859 -0.104102
-2.168413 0.300376
-2.449677 -0.194584
-1.961730 -0.016148
-1.000012 0.141959
-0.492846 1.098468
-1.337503 0.222710
1.185619 0.703890
-2.391203 0.837865
-1.708426 -0.046385
-1.635349 1.218059
-1.847384 0.150715
-2.030619 -1.069710
-2.274913 0.188400
-1.391856 1.372398
-1.643737 0.526615
-1.348010 0.409637
0.764607 0.025748
1.005021 1.323361
-2.995737 -0.937431
-1.691577 0.955193
-1.847766 -0.654576
-1.420837 -1.325680
-1.137010 0.508592
-2.755990 -1.050519
-1.649820 -0.821344
-4.562345 0.353382
-0.607394 -1.319287
-3.176509 -0.318120
-2.262511 -0.869558
-2.084795 -0.619633
-2.343937 -1.054983
-2.942807 -0.078188
-2.884657 -0.357438
-1.023400 -0.523786
-1.419385 0.489236
-2.973039 -0.919300
0.030188 1.171344
-1.457702 -0.512896
-2.359418 -0.093313
-1.604645 -0.072483
-1.796448 -0.975291
-3.482125 -0.093825
-2.458017 0.593722
0.781615 0.582285
4.908302 0.595685
1.062374 0.205465
1.774017 0.475421
0.638854 0.481435
4.789137 0.537143
1.602136 0.692661
1.694471 0.310801
4.343096 0.755984
0.026994 1.965718
4.050981 0.733597
4.800733 0.639297
3.408317 0.031637
3.428176 0.413615
4.336270 0.599276
4.086876 0.437615
3.364255 0.652097
3.917712 0.693431
4.335556 0.608990
3.476744 0.318495
4.155716 0.428379
3.333716 0.025101
1.840545 0.045209
2.642713 0.224019
2.409097 0.044042
2.050754 0.354952
2.141598 -0.069175
2.747837 0.182195
0.788432 0.282250
0.290782 3.322196
4.718898 0.685120
3.434764 0.582534
4.887130 0.590000
3.393967 0.163326
3.593987 0.239781
3.938784 0.426823
3.768774 -0.119785
1.062374 0.205465
4.692463 0.631719
4.675112 0.511478
1.842277 0.802048
3.685330 0.877097
4.985124 0.270847
4.099079 0.496574
-0.944961 -1.010901
-0.233053 1.225847
0.510331 0.589537
0.036136 0.184297
0.535149 -0.021405
3.746478 0.343202
-0.418840 0.629559
-0.682244 -0.251417
1.036967 0.601678
0.357334 -0.187236
0.946421 0.395804
3.607669 0.358595
0.249134 0.864797
0.738678 0.093634
0.490636 0.045720
1.241122 0.346684
-2.282930 -0.491271
-1.739997 0.432017
-1.969424 1.771836
-3.431816 0.381938
-3.549493 -0.473868
-3.150873 -0.610252
-3.920971 -0.201333
0.067045 1.655700
-2.516586 -0.844007
-1.764248 -0.011171
-1.278189 -0.778095
-1.400086 -0.293632
-1.183373 -0.862015
-2.139269 0.655441
0.077698 1.202085
-3.098777 -0.593704
-1.882187 -1.822269
-2.956930 0.053534
-2.971642 -0.278300
-2.551637 -1.604613
-3.526045 0.873910
0.039898 1.204050
-2.140200 -0.769367
-2.035275 -0.469649
-0.663427 1.331580
-0.216804 1.534156
-0.216804 1.534156
1.326538 0.757628
0.606024 0.499789
0.368950 1.325640
-3.112564 -0.520538
-2.853622 -0.782907
-2.393494 -1.057097
-3.157264 -0.518199
-4.065175 0.731889
-3.233101 -0.508559
-2.131013 -1.059294
-2.314173 -1.007374
-2.234214 -1.110764
-1.655588 -0.689310
-1.932569 -0.332746
-1.596110 -0.061285
-1.819758 0.242533
-4.377439 1.178963
-3.734630 0.947386
-4.579914 1.390406
-2.570000 -0.935053
-3.087151 -0.887497
-3.663849 0.024370
-2.775402 -0.902472
-1.914471 -0.418870
-2.980866 -0.893395
-3.227924 0.471681
-4.202826 2.466593
-2.133032 -0.677397
0.167768 1.584128
-2.518389 -0.783419
-2.491716 -0.864147
-1.567477 0.860887
-2.510273 -0.945049
-2.410452 0.162083
-0.583258 0.749954
0.064317 -0.178546
1.369143 2.548158
-2.285358 -0.280023
-2.861032 -0.782469
2.891286 2.447522
0.631738 2.819676
1.862911 2.773411
2.098221 3.196799
1.944001 3.188694
3.354919 3.505513
-0.259160 2.933836
2.325200 3.278798
1.513401 2.185851
0.049752 1.798567
1.077166 3.419318
1.204125 3.325253
1.471931 2.099805
0.401438 0.974864
0.432583 3.144945
-1.615390 1.294083
0.411372 2.279475
3.028944 2.551961
2.359922 2.129426
1.472836 3.612299
3.272639 2.968850
2.841672 3.199279
1.258109 1.848220
-0.070703 0.598201
2.864280 0.860059
1.407974 2.531710
1.196140 3.314839
1.742231 3.862173
-2.258288 0.434586
1.783577 2.750614
2.923838 3.161001
-2.374183 0.012241
3.264020 2.914111
2.434619 3.409080
1.782005 2.269476
-0.655245 0.979889
3.050195 2.771108
2.729825 3.104141
2.338468 3.499628
0.923246 2.433637
1.156028 2.669306
-1.202589 0.078209
1.944001 3.188694
0.158768 2.329960
3.030362 2.401343
2.210676 2.327415
3.240812 2.624870
2.398301 2.246549
3.661046 3.381639
3.065550 3.104741
-0.097007 0.328555
-3.098138 0.469827
-0.381383 1.980026
-1.002007 0.882115
-1.454959 -0.781861
0.153281 -0.272071
-2.895358 -0.331799
-0.463605 -0.787520
-2.252850 -0.686486
-2.218785 -1.045895
-2.625730 -0.685489
-1.160637 0.674913
-1.909488 0.376442
-1.896986 -0.466169
-1.788059 0.563910
-2.428949 -1.400606
-3.092398 -0.575958
-2.163072 -1.016950
-2.811812 -0.875645
-2.264858 -1.038494
-2.172099 -0.980533
-2.757018 -0.547493
-1.539913 -0.105258
-2.585387 -0.670364
-1.444691 -0.197099
-3.361382 0.259479
-3.071440 -0.726810
-3.866333 -0.453068
-3.121187 -0.960201
-2.294221 -1.062262
-2.875710 -0.320265
-2.980866 -0.893395
-1.977576 -1.151705
-2.668935 -0.809829
-2.665660 -0.065388
-0.365078 0.143192
-2.134722 -0.358265
-2.133963 -0.336093
-3.203943 -0.692822
-2.457401 -1.067120
-2.356440 -1.088747
-1.661397 -1.503279
-2.216202 -1.130371
-2.653059 -1.039846
-1.256077 2.083316
0.576746 -0.376558
-1.014862 -1.314323
0.643206 -1.502015
-0.409122 -3.148117
-1.158464 -0.586271
-2.124426 -1.049798
-1.981945 0.337038
-1.064107 1.351324
1.080901 -1.007703
1.481751 -0.910484
-0.811028 0.674622
-0.686997 -0.078693
-3.340613 -0.526751
-3.065877 -0.410545
-2.980866 -0.893395
-3.907283 0.188730
-4.303310 1.566606
-2.824185 -0.254163
-3.563470 -0.117660
-0.641430 -1.437359
-1.002285 0.807996
-1.065602 0.471804
-3.019938 0.439296
-2.261357 -0.564407
-3.005450 0.393685
-2.789167 -1.056658
-2.401069 -1.016296
-2.539485 -1.024921
-2.864658 -0.193076
-1.453185 -0.533239
-2.050082 -0.431222
-2.369643 0.000984
-3.133098 -0.709643
-2.379431 -0.001897
-2.596507 -1.051923
-2.592640 -0.086922
-1.993353 -0.083379
-2.771162 0.709477
-3.953406 -0.324466
-2.895689 -0.722671
-1.837340 -0.770764
-2.451850 -0.733773
-3.556872 -0.271827
-3.132902 -0.439830
-2.785982 0.568465
-2.764141 -1.105496
-2.256200 -0.347390
-3.057002 0.033429
-3.303520 -0.557511
-2.077925 -0.630913
-2.988497 -1.018767
-1.596150 -0.162414
-3.284890 -0.311283
-2.970010 0.552418
-2.793184 -0.390793
-3.076450 -0.913137
-1.856040 -0.947533
-3.602481 0.203710
-2.609636 -0.967158
-2.303406 -0.675551
-1.888521 0.111739
-3.574973 0.751142
-2.637447 -0.264246
-2.195603 -0.226899
-1.868258 0.211360
-3.105850 0.663270
-2.303575 -1.107816
-3.917736 0.000358
-3.273137 -0.585944
-4.665341 0.107082
-2.983438 -0.829110
-1.857525 -0.229411
-1.500960 -0.668568
-1.492413 -0.757972
-3.042966 -0.177772
-2.237766 -1.104202
-1.101304 0.367856
-1.896166 0.097634
-4.020056 0.341239
-2.717816 0.147736
-1.969083 -0.205143
-4.246993 0.633828
-1.618973 1.337621
-1.875224 -0.039322
-2.619825 0.690073
-2.819931 0.757490
-0.922280 -0.460443
-0.979040 0.520662
-1.105454 -0.539777
-0.144185 0.535976
1.489558 1.868937
0.873121 0.378405
1.506814 0.478450
3.835624 0.316336
3.728561 0.248534
1.077339 0.759951
1.455349 0.587762
3.287247 0.256375
3.756434 0.288626
0.705097 -0.430840
1.423195 1.371746
4.038746 0.530894
3.458842 -0.108495
0.857890 0.226883
3.821691 0.229006
3.921560 0.060134
0.940986 0.319557
0.698608 0.853287
-0.735678 -1.055118
-1.239473 -1.165070
1.601372 -3.356327
2.664840 -2.060603
-1.859636 -2.135048
-0.663510 -1.247163
2.752254 -2.155793
-0.983793 -1.303959
-1.336412 -1.226265
0.684760 0.360676
-1.810870 0.213371
-3.764915 -0.988831
-3.470539 1.071816
-2.090138 -0.569552
-1.753288 -0.938900
-2.215959 -1.129068
-0.067501 -0.195557
-2.530077 -1.180435
-1.069718 -1.371180
-0.990117 -1.330854
-2.265624 -0.966201
-2.960348 -0.719032
-2.022800 -0.849416
-1.502048 -1.055914
-1.138647 -0.159714
-1.694153 -1.788469
-3.067686 -0.706352
-0.568676 -0.648583
-0.151875 -1.524097
-0.531720 -1.399569
0.713509 -1.268637
-0.117308 -2.400110
-1.753288 -0.938900
-0.411632 -0.376581
-1.916083 -0.072219
-2.868274 0.225509
-1.073029 -0.580785
-1.732639 -1.034349
-1.620262 -1.091680
-1.303700 -0.597722
2.055592 3.565182
0.620222 2.142437
1.340401 4.851458
1.262255 5.305007
1.129132 4.287234
1.529579 2.926713
1.826738 4.412213
1.124699 3.369301
1.082890 3.368635
1.085197 3.424136
1.746972 4.102047
1.077013 3.341047
0.301694 3.432982
1.077013 3.341047
1.077013 3.341047
0.458725 3.404241
0.033180 2.166733
-0.140608 3.404092
0.423277 3.998357
0.918734 3.524780
1.839263 4.831038
1.588190 4.724435
0.274652 2.548881
0.202546 3.119922
-0.719871 2.820223
1.191239 3.369362
1.738854 4.196698
1.124699 3.369301
-0.569664 3.388638
-0.306959 3.158907
-0.258076 3.277083
0.607783 5.352454
1.191239 3.369362
-0.445631 3.362830
0.403841 5.073541
0.302154 4.937630
1.773900 4.400391
1.066278 3.407279
-0.088786 3.347230
0.056633 3.073757
0.304334 0.417774
0.824837 4.016886
1.523554 2.848689
-0.144555 3.342486
0.874911 3.599786
-4.746665 1.426795
-3.797236 -0.338872
-4.130828 1.625941
-4.551708 1.712792
-1.727009 0.705797
-4.522816 1.655827
-2.505611 2.298994
-0.995837 1.617137
-0.394188 3.950842
-3.118236 -0.702278
-2.335121 -0.896704
-2.669406 -1.410713
-3.246832 -0.352421
-2.449114 -1.003162
-3.333975 -0.233693
-2.596507 -1.051923
-3.111116 -0.917793
-2.464212 -1.060507
-2.351093 -1.145368
-1.732496 -0.512619
-1.959078 -0.641838
-2.447609 -0.985421
-3.497126 -0.575286
-3.017234 -1.000135
-2.163072 -1.016950
-2.201612 -0.995775
-2.370956 -1.122860
-2.117182 -1.188203
-2.997064 -0.705158
-2.276539 -0.949749
-2.895678 -0.432539
-3.715339 -0.537487
-2.009136 -0.969252
-1.906229 -0.722383
-2.862612 -0.822714
-2.806472 -0.795907
-3.491509 -1.260647
0.588721 -0.607314
-0.293944 -0.289008
-0.539530 -1.117178
-2.142253 -0.814251
-1.200084 -0.502236
-1.467419 1.279356
-2.074315 -0.704287
-1.179744 -0.913646
-0.409230 -0.967725
0.342414 -0.951878
-2.273545 -0.838114
-0.851754 -0.161249
0.509206 1.354038
-2.937215 -0.000978
-2.534499 0.645436
-2.654287 0.102649
-2.434515 -0.493906
-2.844470 -0.093724
-1.900849 -0.679068
-1.023460 0.267350
-0.426995 0.018545
-1.239667 0.186300
-0.993840 -0.285618
-2.191462 -0.329271
-1.471650 0.260114
-0.506126 -0.517635
-0.609988 0.252984
0.619682 -0.802877
-1.312390 -0.260369
-0.724029 0.549482
-0.715055 0.753840
-1.286943 -0.038530
-0.100847 -0.595595
-0.243997 -0.614302
0.390939 1.681726
-0.299093 2.072133
1.005877 1.338339
3.963246 1.205945
2.848649 1.742474
1.126290 0.387317
1.079936 0.107111
1.135711 0.090462
3.512174 0.626177
3.974094 1.703808
1.579689 2.024583
2.218769 2.063377
1.713913 1.421845
1.971201 2.146163
2.483561 1.649288
3.848574 0.618111
-0.942773 0.094181
-2.457854 -0.462607
-3.070678 -0.608671
-2.160274 -0.748607
-2.109201 0.056897
-1.316600 0.049810
-2.170241 -0.619300
-1.811711 0.555807
-1.488709 -0.788133
-1.574414 -0.736340
-1.992545 0.005951
-1.271198 -0.000964
-2.226303 -0.883474
-3.000639 -0.425197
-2.649311 -0.563772
-2.355971 0.344403
-3.144168 -0.464935
-2.566714 -1.156925
-2.494747 -0.504818
-2.858251 -0.980540
-3.063756 -0.960363
-2.921828 -0.921821
-3.271002 -0.681384
-3.104992 -0.821466
-2.453981 -1.125227
-2.317032 -1.125187
-2.357206 -1.388435
-2.746661 -0.302760
-2.316460 -1.131698
-2.422530 -1.004482
-2.416078 -1.139875
-2.426134 -0.697717
-2.400226 -1.130020
-1.445601 -0.165077
-3.601539 -0.315860
-3.033974 -0.508148
-2.246701 -0.107817
-3.070223 -0.324018
-2.981904 -1.129879
-2.459849 -0.508186
-3.075119 0.183698
-3.174670 -0.498178
-3.140071 -0.711824
-2.275924 -1.070529
-2.423317 -1.119289
-2.513616 -1.135861
-2.694390 -0.170387
-4.197917 0.450280
-4.046762 0.969929
-2.636276 -1.000669
-2.273087 -1.086135
-2.803878 -1.064073
-3.047963 -0.943282
-2.941678 -0.949179
-2.555487 -1.087712
-2.049454 -0.356273
-1.844901 -0.922898
-1.509175 -0.718757
-2.197649 -1.203216
-2.555319 -1.054362
-3.050820 -0.697915
-3.124834 -0.603135
-2.450517 -1.084100
-2.000978 -0.236495
-1.871013 -0.827252
-4.055177 -0.098860
-2.215773 -0.999919
-1.811195 -1.000403
-2.013731 -1.105250
-2.512006 -0.484825
-2.028043 -0.320244
-2.176503 -0.911029
-3.927474 -0.412613
-1.974145 0.791314
-4.144104 1.228897
-2.559328 -1.006701
-3.004473 -0.904067
-3.596599 -0.390824
-3.377799 -0.447249
-2.849659 -1.111809
-3.175165 -0.649407
-3.706138 -0.358396
-2.503950 -1.014455
-3.402802 -0.716112
-2.636886 -0.984866
-2.588201 -0.972866
-2.635816 -1.048800
-2.483175 -1.023343
-2.719043 -1.178910
-3.012070 -0.903105
-2.807676 -0.960761
-3.045459 -0.803209
-3.030795 -0.936904
-3.204797 -0.468182
-2.970400 -0.509552
-2.483175 -1.023343
-2.334779 -1.117527
-2.807676 -0.960761
-3.230166 -0.500209
-3.670164 -0.310842
-3.961448 -0.342347
-3.014927 -0.913576
-3.173072 -0.607979
-3.267159 -0.362722
-3.271002 -0.681384
-3.618096 -0.676550
-3.698320 -0.581990
-2.506137 -1.030164
-2.596507 -1.051923
-3.299947 -0.978162
-2.832693 -0.905016
-3.587722 -0.619635
-3.731154 -0.424184
-3.649850 -0.391367
-3.649237 -0.085537
-3.201190 -0.491937
-2.450946 -1.023158
-3.468844 -0.545923
-3.781062 -0.382378
-2.356306 -1.143352
-3.123045 -0.927674
-2.303640 -1.064844
-3.102452 -0.324203
-2.939845 -0.929183
-3.060333 -0.594053
-2.536319 -0.771454
-2.506137 -1.030164
-2.351093 -1.145368
-2.074954 -0.356240
-3.012199 -0.943579
-3.269804 -0.610731
-2.973039 -0.919300
-2.558791 0.651719
-1.721960 1.169951
-1.681167 -0.917872
-3.357351 -0.505673
-2.162892 -0.911012
-3.165476 -1.006597
-3.023104 -0.959437
-3.156237 -0.869776
-2.324769 -1.051670
-2.943879 -0.943117
-2.905784 -0.909002
-2.741910 -0.953541
-2.506137 -1.030164
-3.441537 -0.090367
-2.307776 -0.979729
-2.220097 -0.618014
-1.425500 -0.939896
-2.364240 -0.665049
-2.525524 -1.180493
-2.636291 -1.132819
-2.251862 -0.701146
-1.811594 -0.755851
-2.000888 -0.863376
-2.138027 -0.836824
-3.761083 0.059915
-2.903860 -0.801239
-2.171011 -1.155077
-1.863730 -0.727501
-3.047196 -0.360169
-0.656709 2.679823
-2.863465 -0.799122
-2.820189 -1.457603
-2.169638 -1.076426
-0.701231 0.908569
-1.134719 -0.075851
-2.667469 -0.844672
-3.241533 1.098645
-2.588201 -0.972866
-3.088511 -0.810017
-2.639956 0.192583
-2.739165 1.168056
-1.338216 -0.591394
-2.997225 -0.903691
-3.045714 -0.614306
-2.551757 0.835462
-2.940502 -0.817769
-3.036052 -1.001522
-3.087771 -0.200901
-2.643777 -0.386375
-2.338314 -0.911593
-2.107105 -0.458224
-2.412497 -1.113809
0.221377 -1.131271
-1.463872 -0.854523
-2.238831 -0.864334
-2.840574 0.056932
-2.275621 -0.197471
-1.331216 0.507815
-3.616340 -0.255956
-2.448577 -0.437769
-2.144775 0.002912
-2.288069 -0.880470
-2.430158 -0.835390
-3.717807 -0.323739
-3.273309 -0.627794
-1.845827 -0.650851
-2.788635 -1.022194
-2.443371 -0.910666
-2.382662 -1.150616
-2.000004 -0.632250
-3.587722 -0.619635
-3.671162 -0.054822
-2.164097 -0.742739
-1.839344 -0.366712
-1.696932 0.461788
-3.237251 -0.060204
-2.463371 0.791699
-1.003407 0.220934
-1.265533 0.600637
-0.985160 0.678043
-1.170840 0.536624
-2.549449 -0.814544
-2.860696 -0.693643
-2.264297 -0.435025
-2.330970 -0.890934
-2.384295 0.093895
-2.003705 -0.218737
-3.010105 -0.668231
-2.525200 -0.761529
-3.254456 0.251608
-3.281775 -0.020625
-3.281416 -0.499577
-2.527419 -0.816570
-2.627426 -0.935946
-1.975179 -0.818633
-3.047566 -0.062758
-2.897258 0.028110
-2.624492 -0.309261
-2.691534 -0.329438
-1.791807 0.646044
-1.459356 -0.820421
-2.372726 -0.577382
-2.269808 -0.602954
-3.512798 -0.595653
-2.732752 -0.936779
-1.794336 0.496178
-2.603974 -0.936889
-3.070933 -0.446513
-1.214639 -0.198660
-1.205098 -0.774109
-2.960937 -0.492176
-3.135926 -0.494124
-2.474742 -1.029400
-3.423486 -0.643972
-3.613817 -0.519461
-3.587722 -0.619635
-3.182658 -0.480265
-1.199768 -0.168625
-1.060056 0.754938
-3.525398 -0.375197
-2.592492 -0.765507
-2.110149 -0.284335
-2.897317 -0.825964
-2.759372 -0.986930
-2.960937 -0.492176
-2.960937 -0.492176
-2.591859 -0.104102
-2.708057 -0.318395
-2.486122 -0.378539
-1.925366 0.037781
-2.547850 -0.000022
-2.393243 -0.838005
-3.070045 -0.140437
-1.443577 0.688560
-3.038095 -0.438659
-2.314636 -0.833007
-3.238656 -0.014015
-2.898358 -0.854190
-1.687593 -0.077845
-2.052765 -0.570805
-3.249585 -0.088191
-3.006262 -0.512462
-2.188265 -0.855156
-3.043959 -0.328841
-3.083394 -0.466141
-3.132868 -0.469835
-3.180401 -0.419818
-3.001644 -0.325901
-1.079249 -0.383902
-3.226016 -0.496935
-3.035861 -0.516158
-3.135645 -0.475177
-2.956729 -0.082019
-2.119229 0.641973
-2.212951 -0.860806
-2.131096 -0.573969
-2.773511 -0.789407
-3.596333 -0.692723
-3.016760 -0.933571
-3.628213 -0.483242
-1.356741 0.037941
-2.303322 -0.882564
-2.292244 -0.837008
-3.069516 -0.535962
-3.706811 0.135883
-2.986772 -0.966300
-1.961368 -0.636662
-3.132868 -0.469835
-3.060231 -0.472153
-2.642511 -1.148956
-2.682403 -0.323446
-0.623359 -1.220161
-2.551998 -1.193670
-2.159382 -0.848817
-2.950560 -0.109081
-3.596333 -0.692723
-2.769524 -0.795069
-1.907557 0.244251
-2.854250 -0.910503
-3.008470 -0.442159
-2.960937 -0.492176
-2.537942 -0.556055
-1.751386 -0.181798
-2.628301 -0.309727
-2.960937 -0.492176
-3.726574 -0.472752
-2.449935 0.119079
-1.924436 -0.424956
-2.138027 -0.836824
-3.008470 -0.442159
-2.807221 -0.358943
-2.138027 -0.836824
-2.309958 -0.814483
-2.960937 -0.492176
-2.960937 -0.492176
-2.138027 -0.836824
-3.042031 -0.489097
-3.008470 -0.442159
-2.984902 -0.522472
-2.960937 -0.492176
-2.960937 -0.492176
-2.958047 -0.921361
-3.114655 -0.606091
-2.402555 -1.161621
-2.126877 -1.144410
-2.608569 -0.948802
-1.984408 -1.244216
-2.260722 -1.123609
-1.888563 -0.523684
-2.193762 0.257939
-2.494671 -1.367753
-0.932064 -0.211091
-1.378651 -0.247676
-3.085749 0.328367
-3.118176 -0.854231
-1.683663 0.096075
-2.500453 -0.993101
-2.183113 0.927604
-1.931690 0.148161
-1.637844 -0.081340
-1.767038 -1.066307
-2.404299 -0.080322
-2.971232 -1.363043
-4.591670 1.208265
-1.877989 -0.264794
-1.127620 -1.959051
4.431043 0.278042
3.923334 0.424129
0.642207 0.214516
3.732530 0.330486
1.234199 -0.522684
3.270458 0.434585
-0.217120 -1.367079
0.647630 1.050074
1.441595 0.296508
1.377833 0.922618
-1.072114 -0.650086
4.139953 0.731047
1.380448 0.388417
2.076671 -0.096576
0.638539 0.437624
3.797522 0.151372
1.237110 0.194212
1.088087 0.319512
0.957505 0.430078
1.067313 0.728655
1.372730 0.980718
1.122104 0.550492
1.147167 0.597083
2.037136 0.079137
-1.517726 0.659460
1.872895 0.504129
0.949235 1.121314
0.530990 0.822709
1.249129 1.188680
1.946575 0.615671
1.193818 0.633945
2.106136 0.215661
1.451807 0.447975
4.082891 0.239541
-0.437767 0.593620
4.062183 0.288878
0.477195 0.914907
-1.179858 0.803526
-1.008283 0.198756
1.579381 0.247917
-0.098040 -1.091455
2.400505 0.520532
1.278454 0.877733
1.307912 0.001277
1.351308 1.880898
0.385058 -2.101465
-0.830740 -1.691775
1.237119 -1.554340
-3.023862 -0.788543
-1.767941 -0.494142
-2.382497 -1.490714
-1.152545 -0.358708
0.236720 4.318777
1.342209 4.001399
1.782315 3.660862
1.747442 4.526061
-0.275225 2.469369
0.388031 1.421027
0.839909 3.668914
0.492179 3.406754
-2.342125 -0.002722
-0.136578 3.416614
-0.178128 3.396581
0.906191 3.817808
0.408408 2.722842
-0.079853 2.903638
0.223190 3.168663
0.521611 2.931664
1.236015 1.935892
0.784817 1.158448
-1.759943 0.186297
-2.721567 -0.991030
-0.828033 1.063526
1.517435 4.189933
1.366441 2.274323
-0.673995 -0.874576
-0.282558 3.423999
-0.531593 -1.111211
-0.343940 3.213170
0.346463 2.793541
0.649424 1.542351
0.953733 2.604227
0.462569 1.712491
1.282817 2.449087
0.172975 3.167630
-0.270855 3.436560
1.008461 3.367761
-0.522044 3.213407
-0.743801 2.884696
-0.188525 -0.274252
-0.117269 1.420948
1.097977 3.755077
-1.681370 -0.244902
-1.259885 -1.100798
-1.138236 0.709656
-1.527979 1.719708
1.124699 3.369301
1.130576 3.396889
1.719835 3.076388
1.207837 3.303992
1.239221 3.343808
-0.600908 3.404311
1.124699 3.369301
1.086067 3.229245
0.508413 0.861631
1.083042 3.446906
-0.230500 3.272008
0.398031 3.007835
1.151799 3.498993
1.130576 3.396889
1.124699 3.369301
5.189820 0.594730
-0.316139 2.539966
1.124699 3.369301
0.605504 3.126526
0.345286 2.788937
-0.427904 3.334787
-2.338904 0.016848
-1.783940 0.494339
-2.443899 0.834220
0.681604 3.183565
1.082890 3.368635
0.405259 3.080999
1.288386 1.950689
-0.105724 3.266172
-3.183888 2.436646
0.183386 -0.077799
1.124699 3.369301
-1.437339 -0.797601
-2.256582 -0.029046
-1.355641 -0.625998
-1.145635 0.542835
-2.540190 -1.290839
-1.634763 -1.003146
-1.584418 -0.016551
-0.406075 -1.153319
-3.292356 -0.693378
-3.872965 0.110320
-3.078946 -0.687424
-2.145320 -1.483656
-2.519385 0.489919
-3.278811 -0.679509
-2.226661 -1.103428
-2.506137 -1.030164
-2.436325 -0.840717
-2.228493 -1.123424
-1.511084 0.023605
-2.449114 -1.003162
-2.388951 -0.926121
-2.404439 -1.099068
-2.594624 -1.114476
-2.226661 -1.103428
-2.078249 -1.336922
-2.250020 -1.149249
-2.857785 0.085827
-2.705276 0.068691
-1.684610 -0.318351
-2.283213 -1.091351
-2.024694 -0.439811
-2.305205 -0.502609
-1.907721 -0.538736
-2.608889 1.130672
-3.238858 -0.488363
-3.213979 -0.654382
-3.040789 -0.721748
-2.955719 -0.447219
-3.654399 0.299257
-3.624214 0.236321
-2.890121 -0.797036
-3.167460 -1.113478
-3.046490 -0.607380
-3.271002 -0.681384
-3.310540 -0.473989
-3.256582 -0.644633
-2.967851 -0.442430
-3.083978 -0.898054
-2.431020 -1.118406
-1.295502 0.786983
-2.722747 0.175731
-2.098875 1.519959
-2.586094 -0.236429
-1.284006 1.417217
-1.540965 -0.614435
-2.798278 0.200794
-1.590819 -0.346167
-1.649050 -0.587835
-2.235332 0.452150
-4.113660 0.660507
-2.603159 -0.794386
-2.929727 -0.912627
-1.771156 -0.666813
-2.495435 -1.055804
-2.819665 -0.593028
-2.917846 -0.805882
-1.426031 0.402046
-2.791649 0.144868
-3.144174 -0.914499
-2.046207 -0.470533
-3.007109 -0.723878
-2.522595 -0.982447
-2.709708 -0.939965
-2.965764 -0.191081
-2.740461 -0.943326
-2.539485 -1.024921
-2.169638 -1.076426
-3.087151 -0.887497
-2.128414 -0.266094
-2.217363 -0.537696
-4.634250 1.540303
-3.219124 -0.502142
-2.251573 -1.022261
-3.213979 -0.654382
-2.889857 -0.921246
-2.573546 -1.045102
-2.510526 -0.957589
-2.276510 -0.535954
-2.823223 -0.845046
-1.569019 0.695288
-2.150067 -0.511818
-4.152756 1.305074
-3.967541 -0.588384
-4.757405 0.854846
-3.959340 -0.066883
-3.902151 -0.125646
-2.909241 -0.905066
-3.133274 -0.804558
-3.258894 -0.249300
-3.133274 -0.804558
-2.953739 -0.846059
-3.251590 -0.302513
-2.350354 -0.476650
-3.262687 -0.345418
-2.236740 0.529000
-3.068549 -0.264432
-2.495236 -0.920223
-2.468973 -0.632876
-3.011800 -0.903465
-2.725113 -0.633097
-2.646913 -0.488325
-1.868024 1.211322
-1.308060 2.516538
-3.683198 -0.386123
-4.721960 1.240619
-3.653174 0.380644
-2.454278 -1.100192
-2.489952 0.028204
-2.483175 -1.023343
-2.408093 -1.038951
-3.122430 -0.892103
-3.285651 -0.322694
-2.483175 -1.023343
-2.485007 -1.043339
-2.519201 -0.950519
-3.328377 -0.225511
-2.299888 -1.100824
-2.839037 -0.930881
-2.400200 -1.059814
-2.483175 -1.023343
-2.369451 -1.256500
-2.941751 -0.230724
-4.588833 0.514916
-4.579284 1.030136
-4.205379 0.597246
-4.577380 1.061438
-5.052004 1.317722
-4.028731 -0.296928
-3.133274 -0.804558
-2.926423 -0.684607
-2.458545 -1.206444
-3.397101 -0.413826
-3.159570 -0.994824
-3.180385 -0.401237
-2.949855 -0.995040
-3.200479 -0.170759
-3.285651 -0.322694
-2.513681 -0.660985
-3.333881 -0.379047
-3.692420 -0.620288
-2.520803 -1.156591
-2.019432 -0.865895
-2.664049 -0.171037
-4.364175 1.082639
-3.014927 -0.913576
-2.210324 -0.698453
-3.180936 -1.045028
-4.698652 1.136895
-4.486327 1.415992
-4.504419 1.865080
-3.202342 0.154825
-2.553477 -0.931651
0.366441 1.240515
-4.719321 1.419127
-3.108134 -0.371845
-4.646911 1.242531
-4.808429 1.341599
-4.923434 1.536718
-3.911889 1.015786
-4.901982 1.343881
-3.285651 -0.322694
-3.016760 -0.933571
-3.012228 -0.863515
-2.376889 -1.029241
-3.164111 -0.064019
-2.483175 -1.023343
-3.179366 -0.328591
-3.135106 -0.824554
-3.123045 -0.927674
-3.295881 -0.199578
-3.013567 -0.565879
-3.088984 -0.907493
-2.980866 -0.893395
-3.162279 -0.044023
-3.249758 -0.282517
-3.087151 -0.887497
-1.782062 -0.969166
-4.741470 1.308097
-2.131023 -0.402239
-2.028170 -0.398367
-3.071609 -0.121497
-3.258015 -0.320890
-4.377110 1.264606
-1.716347 -0.091466
-3.130534 -0.776017
-3.191427 -0.225471
-2.495236 -0.920223
-3.176509 -0.318120
-3.158323 -0.932280
-3.421089 -0.343113
-2.243965 -1.062249
-2.071813 -1.305418
-3.166346 -0.822608
-2.924761 -0.371616
-2.642970 -0.283283
-3.133274 -0.804558
-3.222631 -0.235181
-2.901447 -0.391493
-1.541562 -0.435839
-2.875086 -0.932262
-5.075015 1.371658
-2.203699 -1.096607
-2.485007 -1.043339
-2.645805 -1.174372
-3.285651 -0.322694
-3.046131 -0.923286
-4.120203 0.546809
-3.932302 -0.390870
-3.712448 0.268661
-3.753265 -0.380685
-4.493071 1.257009
-3.104151 -0.749173
-2.512901 -0.411664
-2.291186 -1.106481
-3.590308 -0.362687
-2.298640 0.439383
-1.094050 -0.042798
-0.921631 0.291103
-2.388816 0.360842
-3.027074 -0.495052
-2.649237 -0.662691
-2.113761 -0.085256
-4.631553 1.361108
-2.975124 -0.933790
-3.068391 -0.304022
-3.002434 -0.235400
-1.935044 -0.284877
-3.115299 -0.853219
-3.256216 -0.645518
-3.061562 -0.729120
-3.152903 -0.443914
-3.370852 0.083904
-2.390852 0.403267
-4.504254 1.254261
-4.545506 1.412469
-4.081360 -0.186123
-2.495236 -0.920223
-2.907617 -0.928998
-0.638825 -0.175857
-3.051380 -0.925713
-0.696502 0.459090
-3.150710 -0.326905
-3.060025 -0.840161
-4.808877 1.721085
-4.714240 1.232284
-4.666151 1.010932
-4.796838 1.511194
-4.513709 1.603609
-3.574926 -0.367384
-4.719872 1.451927
-2.545242 0.031925
-1.717212 -0.408436
-2.980866 -0.893395
-2.337930 0.107928
-2.529630 -1.021381
-3.144924 -0.545317
-2.450335 -0.462575
-2.933637 -0.958706
-2.867478 -0.591991
-2.409926 -1.058947
-2.351689 -0.542762
-2.907617 -0.928998
-2.449114 -1.003162
-2.267747 -1.024667
-2.672746 -0.685340
-4.500069 1.742091
-1.974344 0.366100
-1.828989 -0.454008
-2.329778 -0.144711
-2.359265 0.639577
-3.613927 0.335978
-2.500156 -0.905617
-2.361635 -0.764669
-2.416133 -0.786822
-4.564718 1.233895
-3.784557 -0.219458
-1.652791 1.282276
-2.369322 0.205684
-4.333789 1.198617
-4.459632 1.094464
-3.750136 -0.099694
-4.602491 1.312955
-4.533444 1.309349
-2.607824 1.297700
-2.267441 -1.332347
-2.292398 -0.014919
-3.208737 -0.318306
-2.281197 0.011937
-4.138495 1.026249
-4.684264 1.020062
-2.689231 0.202027
-4.463625 1.153712
-3.517904 -0.340382
-2.239193 -0.712187
-2.514370 -0.961705
-2.473090 0.029160
-2.233421 -0.296749
-2.452595 0.058784
-2.278819 -0.151025
-3.636663 -0.610744
-3.539063 -0.168120
-3.320697 -0.668933
-2.236211 -1.168831
-1.342516 -0.817980
-2.603324 -0.603498
-4.223715 1.212038
-4.029269 0.534110
-4.579363 1.122841
-4.206473 0.705856
-4.522760 0.752464
-4.620713 1.039375
-3.511824 0.481866
-4.429363 1.224500
-4.671831 1.179987
-4.233551 0.977472
-2.875063 -0.858057
-1.583014 -0.357473
-3.444644 -0.982941
-2.680751 -0.051726
-4.586684 1.121094
-3.894247 0.945952
-4.653581 1.357027
-4.729919 1.382032
-4.436679 1.129468
-4.975925 1.338424
-4.089761 -0.404034
-4.727385 1.053063
-4.340801 1.073282
-3.089363 -0.550032
-4.390209 1.048411
-4.077859 0.714567
-4.692818 1.324068
-3.545444 -0.568832
-3.304693 -0.767871
-2.826980 -0.442671
-2.408093 -1.038951
-2.497069 -0.940219
-2.408093 -1.038951
-1.396079 0.622508
-3.121571 1.562377
-2.898705 0.698620
-3.311025 2.348171
-1.893404 0.065497
-2.110615 0.159757
-1.853928 0.133118
-3.945658 0.185559
-2.874477 -0.754760
-3.341627 -0.581589
-4.376467 1.141115
-2.942648 -0.931280
-4.593315 1.333938
-3.030061 -0.898287
-3.603577 -0.286575
-3.027528 -0.300221
-2.347462 -1.093322
-1.546046 -0.945764
-3.063662 -0.613301
-3.923032 0.526631
-2.216117 -1.089479
-2.107689 -0.213516
-2.979260 -0.848674
-2.309985 -1.090710
-2.807676 -0.960761
-4.603732 1.311385
-2.427086 0.032182
-2.229640 0.028721
-4.152599 0.817084
-1.592264 0.026371
-3.152668 -0.406922
-2.360190 -0.994370
-3.491632 -0.589963
-1.898694 -0.941720
-3.515825 -0.610026
-3.878628 -0.431472
-4.795696 1.337983
-3.422202 -0.551303
-3.764748 0.598122
-2.413257 -1.135981
-3.186023 0.023197
-2.431946 -1.025938
-3.046131 -0.923286
-2.964639 -0.956000
-2.943982 -0.844068
-3.068391 -0.304022
-2.569037 -1.170536
-2.441286 -0.981053
-3.035429 -0.948926
-1.901444 -0.586190
-4.754676 1.302195
-3.176462 -0.779124
-2.483175 -1.023343
-3.058192 -0.820165
-3.176783 0.105441
-5.018967 1.347428
-3.256077 -0.219792
-3.333578 -0.294429
-3.773773 1.103988
-2.313811 -0.180053
-1.878388 -0.260683
-1.498623 0.551700
-2.982698 -0.913390
-3.967541 -0.588384
-3.014927 -0.913576
-2.445716 -0.862870
-2.943982 -0.844068
-3.046131 -0.923286
-2.750247 -1.188620
-1.419748 -1.017548
-3.340616 0.321781
-3.649850 -0.391367
-2.666368 -1.195825
-2.747751 -0.440103
-3.802678 -0.024096
-4.528631 1.305896
-4.528631 1.305896
-4.528631 1.305896
-2.520835 0.148232
-4.682519 1.515670
-1.126461 1.102675
-4.469939 1.127284
-5.125253 1.353325
-2.135108 -0.546392
-2.983831 -0.041475
-4.375898 1.227588
-3.835600 0.182771
-2.743172 -0.978969
-2.124914 -0.776667
-3.076450 -0.913137
-2.732752 -0.936779
-2.853798 -0.877822
-4.038541 -0.107800
-3.887039 -0.048914
-4.987304 1.295792
-2.905942 -0.869412
-2.756647 -0.120208
-2.930969 0.390523
-4.492678 1.016127
-2.841737 -0.980942
-2.520835 0.148232
-3.835574 0.741614
-2.411601 -0.763115
-4.533444 1.309349
-3.071950 -0.940578
-2.785030 0.217104
-4.869639 1.332527
-2.879344 -0.802817
-3.318873 -0.858135
-3.084315 -0.903103
-2.670882 -0.444458
-3.125349 -0.822562
-2.190693 -0.861481
-2.901761 -0.446200
-1.375892 -0.114789
-1.918578 -0.565345
-3.605771 -0.019560
-3.683198 -0.386123
-3.638252 -0.243784
-3.451312 0.540614
-3.544368 0.890691
-3.477962 0.882153
-3.583624 0.308179
-1.793677 -0.543999
-2.309985 -1.090710
-2.488781 0.616503
-3.385507 -0.132868
-2.566632 -0.603205
-3.039865 -0.835437
-2.259781 -0.780918
-2.774997 -0.496272
-1.849068 -1.013299
-2.842700 -0.649942
-0.968000 0.590420
-2.873098 -0.951062
-2.939845 -0.929183
-3.147740 -0.394667
-3.123045 -0.927674
-4.854991 1.528946
-4.971434 1.297411
-2.905784 -0.909002
-4.532381 1.340389
-3.807060 0.560320
-2.607770 -0.275537
-2.387518 0.802655
-3.641857 -0.102326
-4.932805 1.486700
-4.668239 1.309956
-4.669415 1.276899
-4.683686 1.312179
-2.332001 0.572852
-4.731246 0.999336
-3.540736 0.183419
-3.281677 -0.630824
-3.781062 -0.382378
-2.895689 -0.722671
-2.094714 -1.052444
-3.985027 0.591779
-3.616792 -0.394660
-1.978495 -0.598704
-3.721984 0.797929
-3.121213 -0.907678
-3.563800 0.275222
-2.129492 2.080030
-1.588835 -0.108070
-2.260722 -1.123609
-2.001410 -0.646216
-2.226661 -1.103428
-4.060537 -0.309114
-3.752690 -0.289853
-3.620368 -0.592814
-3.060025 -0.840161
-4.959982 0.993510
-2.250929 0.562900
-2.729786 -0.350487
-2.680961 -0.430993
-1.220981 0.319355
0.450131 -0.613945
-4.545506 1.412469
-4.038777 0.343507
-4.533444 1.309349
-4.608368 1.285367
-2.236627 -0.129989
-3.691150 0.405783
-3.965396 0.115105
0.407723 1.963652
-1.957422 -0.776559
-2.298921 -0.253042
-1.900410 0.197208
-2.643961 -1.194518
-3.202182 0.592062
-4.008490 1.199086
-2.360580 0.114815
-4.608368 1.285367
-1.614761 -0.768058
-1.915793 -1.329331
-2.894411 -0.747550
-2.841737 -0.980942
-3.926455 -0.313319
-2.227921 0.998101
-4.671672 1.045689
-2.272254 0.834660
-3.634842 -0.323228
-3.517904 -0.340382
-3.755165 0.507125
-1.581461 -0.642580
-1.850566 -1.155521
-4.533444 1.309349
-2.708504 -0.797564
-3.167646 -1.007444
-2.797277 -0.421990
-4.601566 1.364429
-4.265719 1.057675
-3.897286 0.050721
-3.791409 -0.429086
-2.332946 -1.097531
-3.770083 0.094864
-4.493870 1.285868
-4.662957 1.147774
-4.662957 1.147774
-3.189510 0.036503
-3.019390 -0.706925
-4.879824 0.856464
-4.343557 0.624721
-3.113530 -0.819245
-4.258708 1.183010
-4.567622 1.095066
-3.651729 -0.562934
-4.654136 1.017460
-2.895358 -0.331799
-1.605101 -0.826282
-2.711328 -0.767903
-4.989639 1.323515
-3.126566 -0.806988
-2.983746 -0.983391
-4.867374 0.851255
-3.419693 0.703544
-3.865670 0.967690
-1.089405 0.362605
-4.621606 1.355431
-4.586857 1.204812
-3.671425 -0.330665
-2.222317 -0.750583
-2.550189 -0.590703
-4.510602 1.040390
-4.892721 1.340711
-3.034464 -0.581377
-4.591670 1.208265
-4.799717 1.100242
-3.166364 0.182412
-4.613293 1.319177
-1.971102 -0.178973
-1.916274 0.349620
-2.376932 -0.214732
-1.596660 -0.664621
-4.300393 0.891107
-2.757683 -0.498082
-4.361937 1.006157
-2.229368 0.979485
-3.781062 -0.382378
-2.807676 -0.960761
-4.860961 1.308092
-4.720615 1.322376
-1.598494 -0.049863
-1.018076 1.914062
-4.740351 1.374085
-3.608274 -0.362141
-4.887844 1.358631
-3.283819 -0.302698
-4.740351 1.374085
-4.818724 1.374134
-4.762485 1.128472
-4.667771 1.151226
-2.571387 0.444529
-1.670170 0.485679
-4.870620 1.314001
-3.119007 -0.224966
-4.868962 1.355802
-3.552896 -0.369411
-4.623815 1.287590
-3.841004 -0.524990
-3.508722 -0.154182
-3.706138 -0.358396
-3.654581 -0.341612
-4.609545 1.252310
-4.540978 1.287514
-2.247936 -0.736651
-4.533444 1.309349
-4.608368 1.285367
-4.591670 1.208265
-4.533444 1.309349
-4.533444 1.309349
-4.533444 1.309349
-4.533444 1.309349
-2.585330 -0.968082
-2.483175 -1.023343
-2.330744 -1.145014
-1.464831 -0.140834
-1.302367 -0.385040
-2.841737 -0.980942
-2.261281 -1.028132
-2.420353 -1.071412
-2.905784 -0.909002
-2.114401 -0.489155
-2.226661 -1.103428
-2.226661 -1.103428
-1.766243 0.039769
-2.026811 -1.166444
-2.301808 -1.044849
-2.215959 -1.129068
-2.506137 -1.030164
-2.162750 -0.770139
-2.826447 -0.891337
-2.585330 -0.968082
-2.351093 -1.145368
-1.932232 -0.610971
-2.393622 -1.255337
-2.867446 -0.995634
-1.846450 -0.665588
-3.078946 -0.687424
-3.087151 -0.887497
-2.748836 -0.893891
-2.048161 -1.359931
-2.034155 -1.187103
-3.641857 -0.102326
-2.483175 -1.023343
-2.763117 -0.098764
-2.399851 -1.036062
-2.705969 -1.005996
-1.144540 -0.486522
-2.366188 -1.054881
-3.156491 -0.912285
-3.012070 -0.903105
-1.512983 -0.377520
-0.733501 -0.055805
-2.818028 -0.771455
-2.972060 -0.818448
-3.078897 -0.953352
-2.970282 -0.355781
-2.972136 -1.243854
-2.428800 -0.557364
-2.292264 -0.755844
-2.112846 -0.463567
-2.335862 -0.808446
-2.572280 0.503541
-2.497806 -0.694313
-2.363685 -0.453527
-2.894212 -0.668197
-2.309286 -0.707157
-2.937071 0.650586
-3.577699 -0.661623
-2.795474 -0.602551
-2.934332 -0.844831
-2.948022 -0.975044
-0.246807 -1.941868
-2.156506 -0.703343
-3.364553 -0.200798
-3.001368 -0.928745
-2.786259 -0.872403
-1.923719 0.064187
-2.090736 -0.231267
-2.489810 -0.345539
-2.665378 -1.109341
-0.852721 -0.069690
-0.687714 -0.726540
-2.003015 -0.952486
-0.745591 0.782990
-1.222126 -0.588884
-2.907420 -0.228678
-3.101448 -0.158262
-2.630823 -0.919917
-1.160638 -0.261416
-3.341627 -0.581589
-3.253996 -0.857848
-2.597450 -0.341420
-2.662905 -0.747391
-2.375095 -0.759036
-2.667718 -0.743939
-2.256262 -0.616940
-1.474895 -0.214719
-2.473716 -0.774688
-2.382781 -0.647401
-2.485396 -0.632465
-2.414964 -0.383686
-1.993908 -0.436576
-2.593924 0.664515
-2.804751 -0.933182
-2.466300 -0.438590
-2.620309 -0.973676
-2.441904 -0.603102
-2.211335 0.040561
-3.636943 0.242337
-2.709504 0.023383
-2.358877 -0.602003
-3.407760 -0.680065
-2.539273 -1.213920
-1.972592 -0.540397
-2.839637 -0.168534
-2.962917 -0.480998
-2.245939 -0.056565
-3.326153 -0.403647
-1.692660 0.409543
-2.898000 -0.985772
-0.011333 0.681854
-1.617194 -0.328658
-1.794079 -0.160929
-2.396544 -1.055375
-2.024197 -1.648522
-0.154327 2.487199
-1.954677 -0.687838
-2.541303 0.402203
-2.343999 -0.171976
2.399107 0.904495
-3.965348 1.405627
-1.226574 -0.895878
-0.640696 0.591086
-2.871463 -0.743442
-2.564440 -0.316244
-3.533293 -0.097344
-1.904129 -0.751137
-2.896592 -0.596284
-2.928462 -0.490547
-1.126584 -0.514990
-2.342828 -1.009060
-2.358138 -1.163348
-2.773543 -0.675967
-0.741063 -1.104222
-2.548576 -0.332403
-2.072896 -1.328527
-2.877330 -0.308594
-1.876892 -0.498588
-3.180566 -0.897698
-1.803784 -0.630675
-1.194796 0.527926
-0.089815 0.416914
-2.562686 -1.389383
-2.473184 -0.433261
-1.842504 -0.065225
-1.578441 -0.705581
-1.850989 -0.577309
-0.989414 0.109126
-3.121213 -0.907678
-2.126406 -1.105330
-2.249307 -1.123824
-3.164877 -0.900751
-1.654617 -0.554635
-1.743505 -0.744811
-2.326113 0.422545
-2.291284 -1.114764
-2.030232 -1.184012
-2.774250 -0.458141
-1.419270 -0.458429
-1.506871 0.877618
-1.325910 0.477123
-1.504546 0.917053
-3.204435 -0.750016
-2.368494 -1.141440
-2.980866 -0.893395
-1.492568 0.454823
-0.529704 -0.530578
-2.033557 0.525872
-2.083352 -0.598294
-2.537518 -0.414463
-2.701999 -0.735991
-3.159526 -0.499843
-2.442889 -0.909140
-3.090395 -1.032152
-2.374032 -1.018770
-2.506137 -1.030164
-2.883795 -1.181638
-1.766682 0.853604
-2.212526 -1.314252
-1.710169 -0.634674
-1.938850 -0.692581
-1.734139 -0.716065
-2.539485 -1.024921
-2.939845 -0.929183
-2.732752 -0.936779
-2.408093 -1.038951
-2.465116 -1.065953
-2.301517 -0.640296
-3.137730 -0.328810
-2.409926 -1.058947
-2.491630 -1.046260
-3.110511 -0.933318
-2.939845 -0.929183
-2.275924 -1.070529
-2.619530 -0.643460
-2.214283 -1.118291
-1.807571 -0.330875
-2.573546 -1.045102
-2.226661 -1.103428
-2.919260 -0.546599
-2.191928 -1.281912
-2.274237 -0.381425
-2.192537 -1.392230
-1.596025 -0.617729
-2.366901 -1.014754
-2.827217 -0.965587
-2.187899 0.617984
-2.900536 -0.892463
-2.568423 -0.633564
1.108933 -0.065008
0.309020 -0.282512
0.807763 0.792630
0.938092 0.394978
0.722972 -0.292083
-2.099520 -0.561901
-0.949643 -0.971750
-1.016562 -0.833459
-3.629903 0.398351
-2.817561 -0.822097
-3.487189 -0.549719
-2.226661 -1.103428
-2.259399 -0.769904
-3.622517 -0.604506
-2.723227 -0.648959
-2.600734 -0.932785
-2.423514 0.020429
-2.615052 -1.138692
-1.809791 -0.468679
-2.179448 -0.318214
-1.748023 -0.532674
1.658775 -1.977438
3.098788 -0.832257
3.581620 -0.854420
-0.330953 -1.370441
0.846043 0.468073
-0.135298 -2.206551
-0.607878 0.496864
-0.170227 -0.712966
-0.417263 -1.738862
-0.756737 -1.829463
-0.993175 -1.156792
-1.982771 -0.352251
-1.176186 0.552556
-2.087074 -0.130877
-1.326398 0.627166
-1.220981 0.319355
-1.198788 0.640417
-1.230352 0.366008
-2.004161 0.101347
-1.802443 -0.249508
-3.288738 -0.288092
-3.461641 -0.583641
-2.480266 -0.986628
-2.384495 -1.057297
-2.144211 -0.512740
-2.152797 0.957236
-3.171338 1.248103
-1.180243 1.071061
-2.462741 -1.005402
-2.519772 -0.126774
-2.256222 -0.150666
-2.237807 0.057564
-2.519277 0.281738
-1.386945 0.820104
-3.604941 0.742556
-1.233422 -0.094270
-3.604195 1.171153
0.250166 0.884068
-2.969598 0.594425
-2.356366 -0.231492
-2.928107 0.111627
1.178199 -2.978813
-0.768455 -1.113946
2.234925 -2.024066
1.332970 -3.286680
-1.756372 -2.399181
1.872166 -1.453515
0.806967 -1.900117
0.889965 -2.317939
2.970214 -1.878457
1.033654 -1.407915
0.006019 -2.289976
2.936682 -3.667307
3.821635 -2.247643
-2.018895 -0.570719
3.799010 -2.700376
2.020810 -3.369153
2.245361 -2.548370
0.468454 -0.595581
0.663675 -2.017287
0.289240 -2.556498
-1.998498 -0.845998
-1.571500 -0.863474
4.257606 -3.278059
0.281300 -0.812615
-1.872579 -0.556268
-2.000327 -0.969399
0.828112 -1.891574
-0.501523 -1.376011
0.672139 0.138045
1.298367 -0.315330
2.993032 -3.755841
3.842959 -1.897886
2.297801 -2.644538
1.228498 -3.851711
0.445285 -1.871629
0.614084 -1.800205
-2.494136 -0.068672
-0.875727 -0.629493
-0.824929 -1.020285
-0.860883 -2.671749
1.412160 -3.084199
2.689001 0.196231
2.010727 -3.290295
-2.974720 -1.073118
-2.423266 -1.201838
-3.123045 -0.927674
-2.483175 -1.023343
-3.123045 -0.927674
-3.058192 -0.820165
-3.263326 -1.004748
-3.121213 -0.907678
-3.047963 -0.943282
-2.309985 -1.090710
-2.519543 -1.130083
-3.208737 -0.318306
-2.890496 -0.512129
-3.049323 -0.865801
-1.742952 -0.974138
-3.046131 -0.923286
-2.408093 -1.038951
-3.046131 -0.923286
-2.299283 -1.116350
-2.489244 -0.668262
-2.456352 -1.041653
-2.238999 -0.734019
-1.182037 1.209921
-3.248984 -0.521748
-2.458655 -0.936542
-3.025003 -0.371722
-3.078802 -1.108472
-1.895296 -0.637559
-2.335090 -1.082577
-3.114476 -0.880245
-2.569037 -1.170536
-1.644902 -0.574341
-2.592883 0.009588
-2.131041 -0.626956
-2.766813 -0.956960
-0.018063 0.795392
1.173819 0.343494
0.570488 -0.756892
-0.149760 -0.545274
0.874567 -2.206356
-1.407423 -1.880073
1.548826 0.046698
0.571994 3.154726
-0.330109 1.477786
-1.811097 0.544542
1.141637 3.450358
3.474973 0.749998
-0.233047 3.365977
0.623859 2.342585
0.784523 3.469580
0.422258 2.825977
1.661995 2.612512
1.124699 3.369301
-0.628643 -0.100346
3.141737 1.888195
-2.644744 -0.255378
0.206703 -1.050503
-2.396119 -1.769069
1.154303 -0.464077
-2.705234 0.908545
-2.193766 -0.480717
1.372841 -0.414910
1.728186 -0.560155
1.118132 -0.692442
1.344808 -0.056406
1.027919 0.427112
0.171857 0.249865
0.459578 -0.632369
0.852352 0.089614
0.896617 0.843263
0.518297 1.185323
3.899334 0.095029
4.004310 0.374379
1.158603 0.570884
2.705838 -0.407287
0.557589 2.522460
0.566120 0.360415
0.563310 0.376709
0.556562 0.333783
1.228448 0.481570
0.318992 0.146077
1.273475 -0.056520
1.251332 1.933894
-0.111691 0.314727
1.464427 0.491404
0.463315 0.321184
0.802760 0.591066
0.043785 0.297788
1.518402 0.004410
1.518402 0.004410
0.329623 0.621222
-1.866432 -0.864895
-2.366269 -1.045953
-1.750419 -0.227186
-2.376767 -1.254559
-2.362733 -1.316013
-2.238518 -0.194529
-1.356322 0.371419
-2.816494 -0.987202
-0.550005 -0.101835
-2.086615 -0.572517
-2.815287 -0.689006
-3.051135 0.195453
0.324527 -0.546676
-0.372212 -1.134570
-0.230227 0.473498
4.329087 0.440114
-0.673109 0.537635
1.669717 0.901219
-1.138063 -2.233115
-1.967166 -0.629127
-0.131071 0.136894
-1.110487 -0.212042
-2.035262 -0.154665
-1.138676 -0.875247
-1.123106 -0.038982
-0.695734 -0.173750
-1.797166 -0.357644
-1.381896 -0.187920
-1.882784 -0.029004
-1.891850 0.174569
-1.500717 -0.667265
-2.280665 0.036443
-2.305163 -0.003711
-1.857041 -0.277158
-1.828231 0.053861
-1.741078 -0.578279
-2.433215 -0.042354
-1.654561 -0.862885
-1.638583 -0.275059
-1.977315 -0.209118
-2.446619 -0.453822
-1.076625 -0.917526
-1.546145 0.087021
-1.556692 -0.868469
-1.015292 -0.708997
-1.514153 0.009402
-1.793749 -0.166482
-1.936108 -0.158133
-2.298828 -0.105702
-1.319196 -0.105802
-0.798862 -0.027474
-1.118437 -1.021610
-2.987302 -0.254078
-1.061483 -0.203808
-1.759190 -0.004218
-1.580442 0.023795
-1.199533 -0.597528
-1.224233 -0.244860
-1.522361 -0.973049
-1.592444 -0.131317
-1.305327 -0.241780
-2.076266 -0.145418
-2.042956 -0.415477
-0.701532 -0.452418
-1.807676 -0.134670
-0.510536 -0.436049
-1.725945 -0.148670
-1.640476 -1.030369
-1.290563 -1.011075
-2.141302 -0.663509
-3.123716 0.183278
-1.235383 0.323267
-1.587495 -0.059801
-1.182005 0.246138
-1.976177 0.010049
-1.765348 -0.474035
-2.529972 -0.205226
-1.821888 -0.035421
-0.408791 -0.752471
-1.879402 0.305456
-1.352062 1.308503
-2.326056 -0.199877
-0.923189 0.023457
-1.128715 -0.054250
-2.009835 -0.561001
-1.210202 -0.011944
-1.720575 -0.428423
-0.307067 -0.004486
-1.706107 -0.453004
-2.446619 -0.453822
-1.907043 -0.511880
-1.240353 -0.183360
-1.520327 -0.764984
-2.503641 -0.480824
-2.231920 -0.102873
-1.911552 -0.135361
-2.552736 -0.395187
-1.777732 0.036376
-2.230986 -0.093030
-1.807860 -0.005022
2.196606 -0.121863
-1.061483 -0.203808
-1.367618 0.202675
-1.489787 -0.613207
-1.582859 1.327041
-0.881021 -0.945880
-1.883287 -0.185443
-1.125292 -0.106196
-0.996520 0.746557
-1.061483 -0.203808
-2.361318 -0.046744
-1.886800 -0.017469
-3.186661 0.099081
-3.006251 -0.288288
-3.192800 0.259396
-1.266462 0.274719
-2.536975 -0.432603
-1.969221 0.327902
-1.077937 -0.090543
-1.111059 0.269299
-1.608858 -0.515459
-1.481592 0.017281
-1.460890 0.291126
-1.395152 0.254667
-1.061483 -0.203808
-2.398204 -0.290860
-2.364391 -0.887732
-1.519480 -0.259807
-1.023601 -0.076101
-0.555265 -0.289997
-1.201914 -0.055264
-1.746406 -0.384378
-1.597300 -0.724078
0.535844 0.300820
0.813761 1.436164
0.654356 0.926261
4.419282 0.606401
-0.566371 0.709149
-0.520035 1.757644
0.623663 -0.048352
-0.721851 0.280178
-2.941678 -0.949179
-2.345263 -1.095316
-2.132306 -0.544295
-3.121213 -0.907678
-2.240922 -1.164131
-2.461175 -0.900042
-3.123045 -0.927674
-2.305944 -0.959733
-2.483175 -1.023343
-2.376889 -1.029241
-3.088984 -0.907493
-2.291106 -1.070488
-2.889890 -1.053580
-2.952105 -0.961644
-3.088984 -0.907493
-3.177534 -0.308595
-2.807676 -0.960761
-3.080452 -0.200902
-2.643961 -1.194518
-1.494744 0.979319
-1.773219 0.498053
-1.902973 -0.074607
-3.045560 -0.929797
-2.223542 -0.556477
-0.759135 -0.379591
-2.732752 -0.936779
-2.698398 -0.122694
-3.051413 -0.831421
-3.113539 -0.956017
-3.285651 -0.322694
-3.123045 -0.927674
-3.014927 -0.913576
-2.766813 -0.956960
-2.238999 -0.734019
-2.972115 -0.375776
-2.732752 -0.936779
-3.120412 -0.889681
-2.825836 -0.954836
-2.864922 -0.905201
-3.251590 -0.302513
-2.941678 -0.949179
-3.208737 -0.318306
-3.208737 -0.318306
-3.001644 -0.325901
-2.322026 -0.735118
-3.055164 -0.753587
-3.002794 -0.863867
-2.959934 -0.931455
-2.149130 -1.239202
-2.622129 -0.640703
-2.894599 -0.309627
-2.302726 -0.890026
-2.409585 -1.087145
-1.787208 -0.449347
-2.465116 -1.065953
-2.807676 -0.960761
-2.316005 -1.027370
-2.742688 -0.690009
-3.110629 -0.370064
-1.287400 0.253459
-2.671378 -0.391556
-2.864922 -0.905201
-1.890105 0.018464
-3.134352 -0.533378
-1.170237 0.243821
-3.005528 -0.176919
-1.922793 -0.686439
-3.028827 -0.585353
-0.939344 0.735760
-2.994540 -0.277864
-1.966995 -0.605325
-3.022895 -0.945287
-2.642200 -0.818127
-2.408093 -1.038951
-3.039841 -0.260966
-2.629032 -0.570429
-2.626922 -1.217652
-1.080567 1.272595
-1.879930 -0.687572
-3.306964 -0.487800
-1.979713 -0.808319
-2.358877 -0.602003
-1.196854 -0.604994
-2.895358 -0.331799
-2.970942 -0.512134
-2.377574 -0.477622
-2.643961 -1.194518
-3.079323 -0.575673
-1.135445 0.560841
-3.471738 -0.457955
-2.143553 0.522116
-2.578668 -1.009576
-2.506216 -0.482372
-2.850631 0.881575
-2.354371 -0.565181
-3.035705 -0.346082
-2.322460 0.090799
-4.127456 0.695299
-0.970109 0.746181
-0.950235 0.400556
-1.435652 0.145543
-0.040634 -1.667554
-2.247057 -0.710424
-1.495871 -1.036232
-2.852842 -0.614293
-2.807676 -0.960761
-0.654941 -0.901854
-2.451256 -0.616175
-2.951929 -0.627736
-1.171585 0.596673
-1.216817 0.774535
-1.216915 0.331290
-1.514261 -0.195983
-1.046688 -0.070940
0.558158 1.433736
-2.229706 -0.543039
-1.297202 -0.670086
-2.382962 0.067202
-1.135449 0.889148
-1.011488 0.763611
-1.590635 -0.726926
-3.097749 -1.098301
-1.296008 0.751518
-2.130272 -0.560586
-1.538729 -0.689891
-2.674297 0.423270
-2.459416 -0.739959
-2.741085 -0.991859
-1.447542 -0.431721
-2.024152 -1.060663
-3.177064 -0.429280
-0.847212 -1.316705
-1.450895 0.884610
-3.423892 -0.806531
-1.814968 -0.831420
-1.099826 -0.852120
-1.401215 -0.201945
-2.083399 -0.593022
-2.090785 -0.859996
-2.483010 -0.506845
-1.922005 -0.656720
-2.915253 0.173779
-2.129975 -0.815976
0.542350 -1.620497
-2.800005 -0.899062
-2.369198 -1.186531
-3.044515 0.606148
-1.450758 -0.951308
-1.142418 -2.187232
-1.603925 -0.690133
0.039217 -2.139291
-2.718883 -1.036024
-1.410465 -1.405814
-1.608319 0.883326
-2.543622 -0.733549
-2.637836 0.946185
-2.546281 -0.516203
-2.370613 -0.793041
0.149843 -1.351908
-0.837852 -1.530397
-0.816867 -0.415353
-2.660121 -1.217719
-2.257833 -0.740620
-0.403333 -1.132098
-1.048060 0.084629
-0.674415 0.407970
-1.595188 -0.991692
-1.823760 -0.608608
-2.963955 -0.506091
-0.411112 -1.802242
-1.536418 -0.627099
-1.507975 -0.551615
-1.179435 -0.669213
-0.696313 -0.848267
1.027465 0.516835
-1.277132 -1.165992
-1.644513 -0.779799
-0.697606 -1.051597
-2.256262 -0.616940
-1.694188 -0.806456
-3.129711 -0.502615
-1.408400 -0.242533
-1.226821 -0.472032
-1.301220 1.242715
-2.159619 -0.752926
-2.131345 -0.558410
-0.865153 0.304123
-1.118667 -1.333115
-2.178505 -0.280375
-1.649896 -0.424006
-0.540160 1.903806
-2.918718 -0.377620
-1.087572 0.733050
-2.018579 -0.182461
-0.265101 -2.067020
-0.920011 -1.978407
0.630719 1.118228
0.312451 0.539748
-0.613634 -0.653801
-2.440547 -0.792328
-2.507400 -0.586503
-1.861902 -0.890633
-2.160305 -0.701639
-2.735934 -0.461953
-2.247131 -0.766260
-2.416707 -0.573188
-1.806241 -0.567998
-2.256262 -0.616940
-2.256262 -0.616940
-0.856188 -0.799742
-2.125420 -0.587322
-1.703889 -0.110604
-1.311523 -1.470877
-1.652328 -0.658402
-2.667926 -1.224813
-1.351013 -0.362332
-2.230544 -1.370583
-2.423544 -0.179483
-0.919299 0.573312
-2.777862 -0.516010
-1.216842 -0.571532
-0.161277 -0.134533
-0.935479 -0.746818
-2.256262 -0.616940
-2.255192 -1.043521
-2.111176 -0.366712
-2.144516 -0.781197
-2.411372 -0.114875
-2.651371 -0.829807
-2.862264 -0.099934
-1.290964 -0.622265
-1.745937 -0.646764
-0.817575 1.464294
-1.522281 1.604306
-1.887092 -0.689400
-1.198279 -0.400432
-1.589022 1.399638
-1.998670 -0.508797
-2.202742 -0.882281
-2.468972 -1.192570
-1.718865 -0.505039
-2.012971 -0.291398
-1.829394 -0.562424
-0.928705 -1.324179
-2.523329 -1.233312
-2.459455 -0.676931
-2.700984 -1.221520
-2.503033 -1.212751
-1.808334 0.576037
-2.548452 -0.625652
-2.032064 -0.746527
-1.995181 0.547497
-2.096211 -0.649774
-2.018526 -0.724844
-2.228035 -0.572386
-1.398838 0.409169
-2.130272 -0.560586
-2.144516 -0.781197
3.966751 0.246390
4.693239 0.030141
0.341531 -0.754413
1.477879 0.930204
3.949106 0.703034
0.230737 -0.565605
3.860667 0.429093
0.731113 0.195318
0.958654 1.316326
1.297274 0.833246
1.349425 0.811623
3.383761 -0.226712
0.621138 -0.130197
3.969513 0.637569
-0.158507 0.089585
1.247984 -0.263576
4.264632 0.158148
1.550202 0.522120
0.893129 0.626480
2.160814 1.928267
3.259835 0.189352
3.832393 0.373635
0.392052 0.608184
0.501628 1.742599
0.245982 -0.112704
1.293762 -0.042667
2.345700 -0.333821
-0.231212 -0.458795
-1.613609 -0.632159
1.160572 -0.277690
-1.751865 -0.671517
-0.480356 0.204420
0.797537 0.379351
-1.923843 0.128053
4.766786 0.212278
4.386890 1.184306
0.634772 0.017370
2.817993 -0.234862
1.049254 -0.256230
-1.840480 -0.029374
-0.981787 -1.072465
-2.707076 -0.820947
-2.243604 -0.436473
-2.089313 -0.578304
-1.088593 0.314140
-0.409910 -1.122841
1.340910 0.101365
-1.036704 0.769681
-1.238951 -0.502358
-1.553024 -0.722994
-2.693744 -0.566418
2.697974 0.129745
-0.929921 0.860214
-1.874668 0.175164
-1.854508 0.179888
-0.951909 -0.390795
-0.320156 0.827356
2.919472 1.182502
1.507143 0.971758
1.270373 0.740831
1.156559 0.874577
4.071278 0.386614
1.100928 0.465804
2.275393 1.155241
1.350802 1.518150
0.657732 0.542543
0.134717 0.402166
0.263046 0.462726
0.725968 0.389376
0.602747 0.364541
3.068300 1.387752
-1.915439 -0.799603
-1.814425 -0.619981
3.088095 1.348403
0.706073 -0.303568
2.747792 0.864361
2.747792 0.864361
0.487159 1.224802
-0.008004 2.323632
-0.686818 2.800092
-1.058830 1.224224
-1.914411 1.413108
-1.914411 1.413108
-1.914411 1.413108
0.049184 0.365189
-1.054467 0.297940
-1.636511 -1.011254
-2.342733 -0.670246
-1.141761 -0.384947
-2.248484 0.343504
-1.573988 0.350436
-0.990888 0.174002
-1.844784 0.044095
-2.239691 -0.299552
-0.891497 0.103503
-1.013669 0.338122
-1.779526 0.054542
-1.122084 0.756518
-1.158839 0.584072
-2.291737 0.952689
-1.862374 -0.052023
-1.677535 -0.243975
-1.837488 -0.031088
-0.906220 0.788059
-1.052398 -0.702255
-0.700430 -0.309083
-1.399054 -0.400816
-2.255887 -0.145321
-1.912113 -0.126561
-1.303586 -0.267285
-1.401468 -0.926580
-1.246587 -0.886024
-1.186671 -0.976547
-0.932653 -0.151122
-0.907758 0.671118
-1.087074 0.220337
-1.035951 0.576080
-1.174207 0.689580
-0.974147 0.785712
-1.204579 0.759579
-1.471261 -0.638727
-1.983976 -0.323268
-1.248443 0.283633
-2.451480 -0.594588
-0.986578 0.087626
-1.421950 -0.788187
-1.495091 0.058749
-2.830315 -0.267452
-0.986403 0.149201
-2.637142 0.105814
-0.913906 0.687953
-1.666944 0.093813
-1.997669 -0.085159
-1.431425 -0.364635
2.727125 0.007081
-0.864869 0.329865
-0.940948 0.650243
-0.807393 -0.521269
-1.300209 -1.207845
-1.361695 1.023341
-1.697888 -0.272523
-1.771386 0.386981
-1.490461 -0.708443
-1.193549 0.308339
-0.781584 -0.065691
-1.695181 -0.192779
0.934163 -0.551572
-3.270569 -0.565010
-2.516022 0.144780
-2.088684 -0.900191
-1.087757 0.175066
-0.943532 0.348066
-1.556362 -0.611926
-2.758288 -0.724734
-0.898078 -0.694882
-0.530920 1.356814
-1.046672 0.199155
-1.396913 -0.315602
-0.805809 0.457128
-0.845919 0.032400
-1.323800 0.335554
-3.650711 0.000945
-1.645049 0.225861
-2.098437 -0.551532
-3.069719 -0.700268
-2.547900 0.472099
-0.998333 0.716906
-3.222330 0.444470
-1.713858 -0.355304
-1.752450 0.379056
-1.227717 0.252030
-2.136914 0.799955
-1.406257 0.325185
-2.673930 1.013338
-1.590812 0.597397
-0.610289 0.107152
-2.511025 1.448549
-1.613192 0.434993
-1.668908 0.412703
-1.613764 0.441504
-1.291445 0.045222
-2.192059 0.771154
-1.157500 0.112063
-2.738836 -0.784701
-1.759469 -0.564404
-2.414511 -0.363232
-2.245922 -0.617826
-2.358397 0.874628
-1.745586 -0.751369
-1.872549 -0.960930
-1.502578 0.290394
-1.436719 -0.344570
-1.285037 -0.515434
-1.298903 -0.957023
-1.101524 0.791858
0.839145 1.057732
0.337232 -0.063581
-2.650628 -1.133185
-2.640884 0.229256
-3.016557 0.182345
-2.636291 -1.132819
-2.613921 -0.950511
-2.569763 0.247849
0.321311 0.219991
-2.906936 0.244978
-3.771302 0.359369
-2.269692 0.200445
-2.906936 0.244978
-2.585740 0.258057
-0.219021 -0.915391
-2.370406 -0.930373
-0.036477 0.018571
-0.663728 -1.059187
-1.665956 -1.084473
0.329609 -0.716559
0.769195 0.544580
-0.453075 0.174877
-3.191561 0.465893
2.159933 1.514462
2.930158 0.880812
4.299479 1.062970
2.694974 1.098107
4.531319 0.570126
0.229329 1.139878
-1.454915 -0.212122
0.368184 2.829856
2.046315 2.270875
3.099511 1.063464
-0.071318 -0.593956
-1.038620 -0.840189
-1.019054 -0.487275
-1.021441 -1.267337
-0.969886 -0.921011
-0.897990 -0.521489
-0.135174 0.297084
0.952978 0.137300
1.288484 0.492024
1.016524 1.730094
0.798555 1.483292
0.777237 1.345415
-1.617713 1.030385
-0.932126 0.265233
-0.833232 1.479695
0.582231 3.000611
-0.722065 -1.202496
-0.331384 0.365904
-1.599594 -0.730599
-2.666146 0.928682
-0.809728 0.345222
0.354255 0.520466
4.292215 0.423135
1.495615 1.513147
-2.474623 1.073887
-1.875418 0.312514
-1.218925 -0.034465
1.254524 -0.134585
-1.586543 -1.048943
-3.258275 -0.757733
-2.530519 -1.697110
-2.045573 -0.769647
-2.339757 -0.088949
-2.151422 -0.719920
-0.785183 -0.573697
-1.182247 -1.169308
0.883730 0.083861
-0.952662 0.979076
-1.291225 0.198245
-0.886507 1.074238
-0.795553 1.087247
-1.407989 0.305808
0.828499 0.456572
1.325819 1.117619
2.179041 0.510253
-0.833185 0.416720
-0.640259 -0.353001
1.268566 0.450950
0.074462 2.254327
0.316570 1.129623
-2.244319 -0.697866
-2.403852 -1.212058
0.468832 -2.009427
1.772386 0.138891
0.576721 0.338507
0.420276 0.454666
0.972941 0.278671
0.678982 0.598427
0.600080 0.261394
1.746023 0.804504
0.430300 0.072023
-0.595319 0.689324
0.676265 0.654168
4.416162 0.447683
-1.136689 0.501632
-1.337182 -0.493368
0.643836 1.603596
-0.744408 -1.139352
-2.620032 -0.558290
0.369372 -0.007005
-2.132300 -0.576553
0.323452 -0.146556
0.879461 0.403033
-0.305351 -0.987804
1.307319 0.132412
-0.952662 0.979076
-1.657627 -0.328895
-1.678945 -0.466772
-1.413780 0.424970
-0.376525 1.225770
-0.324491 0.755391
-1.589212 0.222551
0.258075 2.588615
-1.589212 0.222551
-1.312543 0.060368
-1.678945 -0.466772
-1.119962 -0.729740
-0.397675 0.002028
-0.874550 0.290416
-0.383862 0.537967
1.037430 0.253341
0.554474 -0.284240
-1.609367 -0.924767
-2.479090 -1.917277
-1.422710 -0.911218
-0.800476 -0.758448
-1.127858 -0.134190
1.060983 1.409119
1.104285 1.795205
0.657201 0.974917
2.920448 0.860295
5.725492 1.045922
-1.116464 -0.742534
-0.974473 0.734501
-1.324105 -0.667757
-1.701622 -0.500875
-3.210026 -0.416318
-0.781219 -1.102534
-2.912698 -0.913049
-1.050205 -1.071681
-2.709696 0.167570
0.478787 -1.029775
-2.676146 0.209984
-0.684762 -0.694599
-1.631823 -0.724412
-1.944430 -0.828514
-1.199846 0.397634
-2.246372 -0.008199
0.784003 -0.294686
-1.969612 -1.189791
-0.785574 -0.667656
-0.047313 1.142601
-1.017004 -1.152671
-1.825858 -1.581565
-1.997737 -0.675752
-0.973247 -1.024726
0.337330 -1.989468
-0.680949 -1.539444
-0.973600 -0.957695
-0.475657 -0.635147
-1.395565 -1.061289
-1.253699 -0.409310
-2.048421 0.199857
-2.365245 1.460231
-2.108752 0.890450
-1.064977 -1.276590
0.266619 -2.364746
-0.041823 -2.169328
0.595148 0.600076
0.893788 0.095431
-0.138965 -1.412594
3.111794 0.380053
0.772013 0.713207
1.181062 1.336017
-0.795706 0.690257
-2.155839 -0.737578
-2.328907 -0.443625
-1.824996 -0.342481
-1.918785 -1.229726
-1.944253 -0.836879
-1.496472 -0.797189
-0.254740 -1.555601
0.486450 -1.754203
0.047841 -0.474644
-3.171675 -0.456550
-0.925379 -1.043094
-1.461552 -1.017840
0.908474 -0.512577
1.594436 0.467719
3.863019 0.174431
2.207849 0.126129
1.453166 3.019919
1.461262 -0.041126
1.514520 -0.062532
2.070797 -0.016190
2.070797 -0.016190
0.335589 -0.531352
-1.249478 -0.920146
-1.829582 -0.541018
-0.975671 -1.183348
-1.078441 -0.866862
-0.188195 0.330041
-2.236228 0.581625
0.724031 0.158551
1.504480 0.477318
1.005996 -0.321230
-0.454512 -0.613946
-0.756871 0.305550
1.052463 0.462938
0.280338 0.458665
1.329509 -0.099052
0.790582 0.717306
1.101431 1.910981
0.562280 0.605456
0.650548 0.579822
-0.925352 -0.534247
-1.207021 0.033881
0.694773 -0.302745
-1.200114 -0.067938
-0.541360 -0.270362
-0.530406 -1.583997
0.167461 0.110614
-0.922143 -1.143425
-1.242128 1.071549
-0.923481 2.144495
-2.124886 -0.404944
0.448369 -0.407377
1.385177 1.888960
2.419424 -2.203365
-1.822776 -1.549834
-1.586444 -0.948095
-2.004837 -1.961605
-2.740975 -0.662063
-2.761135 -0.666788
-1.174766 -0.091114
-0.788866 0.272689
-0.418223 -0.511194
1.454488 0.002261
1.094644 0.148342
2.274538 2.046906
3.466901 2.023433
1.626401 1.442916
0.590000 1.751200
0.606466 1.408169
-2.569947 -0.079112
-1.374057 -0.741287
-0.978386 -0.591973
-0.229063 -0.267044
0.731162 -0.374174
1.332859 0.114354
1.474105 0.169022
1.397318 -0.551975
1.308195 -0.763576
1.062405 0.031940
1.982001 0.020624
1.158968 -0.632394
1.565195 0.569787
2.180969 0.527592
-0.785862 -0.276558
-0.576551 -0.751514
-0.654725 -2.118239
-0.403249 0.097846
-0.991823 -0.429404
-2.573425 -0.377004
-0.658445 -1.030755
-1.737521 -0.716072
-0.851605 0.545186
-0.828051 0.235820
-1.106841 -1.041769
4.408497 -0.036804
1.485919 -0.273392
1.341258 0.029082
1.610747 -0.132336
1.576751 0.945638
-0.054702 0.896752
3.810890 0.052184
3.789696 0.490997
-2.139694 -1.170545
-1.761352 -0.773887
-2.974726 0.854996
-1.206847 0.323565
-2.546881 0.826557
-0.605261 -0.852613
-1.531591 -0.696774
-0.566483 0.416185
-1.299126 -0.857258
0.665489 -0.060901
0.477546 -1.673788
0.667784 -0.023735
1.355385 0.563867
-0.526238 -0.237294
1.171889 0.284588
-1.371328 -1.342861
0.830726 0.342250
-1.357015 -0.057500
-1.193376 -0.395622
-1.312608 -1.460542
-0.557014 0.277409
-0.557040 -0.174961
-1.055617 0.531479
-2.239648 -1.262680
-2.201472 -0.161243
-0.545249 -0.756127
0.126331 -0.114805
-2.623721 0.907070
-1.066743 -2.129060
1.799594 -0.467352
1.059457 -0.614114
0.668870 -0.922157
-3.191692 -0.143022
-1.097636 -0.070041
-1.087722 -1.208354
-2.394608 -1.242716
-1.955251 -1.504172
-2.034965 -1.320729
-2.160287 -1.401334
-1.992800 -0.781762
-0.932221 0.403776
0.288784 -1.298984
1.436695 -0.937018
-1.683839 -1.112307
3.465208 0.191033
0.676356 0.011865
0.908994 0.979253
-0.467183 -1.137179
-1.199167 -0.255777
0.081713 -0.425621
0.114221 -0.783969
-1.273934 -0.543758
1.379683 0.344031
0.657331 -1.102287
0.154995 1.073508
0.034140 -0.939293
0.172694 -1.652296
-1.901457 -1.102075
-1.296405 -0.227262
0.577131 -1.955340
0.871884 -2.763309
0.987593 -2.014406
0.283967 -0.694890
-0.433619 -0.542516
-0.630474 -0.380728
-1.624228 -0.712786
-1.931344 -0.715165
-1.624228 -0.712786
-2.230315 -1.171527
-1.123718 0.353562
0.411494 0.641220
-1.084942 -0.874932
-1.088997 -0.403178
-1.068882 0.547034
-0.102579 0.764934
-1.618930 -0.702835
-2.211991 -1.169658
1.247282 1.905904
1.286902 0.234120
1.456029 0.315242
-1.397041 -1.167853
-1.090985 -0.946835
-2.095568 -0.149319
-2.171638 -0.169537
-1.512956 -0.829347
-0.116129 -1.491594
-2.520093 -1.171518
3.827504 0.210478
5.902720 0.324122
4.654673 0.690353
0.264108 -0.903001
-1.492055 -0.620186
0.089482 -1.146932
-0.215846 0.277221
0.043576 2.931428
0.095128 -0.090417
1.624131 1.794671
0.149798 -0.752331
0.520722 1.383698
-1.511759 -1.843019
3.281903 -0.831167
1.206500 0.008110
-0.104892 0.153869
1.112140 0.262883
1.005877 1.338339
1.231451 0.726646
0.871720 0.531299
0.679473 -0.472852
-1.196894 -1.039290
0.944543 -1.584119
2.500501 -2.701009
4.592087 -1.752845
0.924341 -0.990041
5.248338 -2.443325
1.087831 0.225228
-0.957542 0.185852
-0.589999 0.143232
-2.864196 0.628262
-1.857553 -0.743991
-0.799863 -0.844579
-0.581280 -2.102720
1.669896 -3.347101
-0.668096 0.807766
-1.647025 0.107462
-1.347841 2.176048
-1.127096 2.351528
-1.346028 1.228687
-1.346028 1.228687
-1.958108 0.911331
4.739678 0.322362
0.739251 -1.880690
0.178627 -0.730995
-0.115812 -0.211789
-1.941867 -1.152561
-0.609729 -0.323392
0.820472 -1.388249
-0.250240 -0.881622
0.140031 -0.024382
-2.104853 0.169764
-1.222709 -1.399966
0.442924 1.622052
0.709878 2.695660
0.065974 2.616388
-0.175901 2.592459
1.322764 1.721317
-0.078664 1.532862
-0.974029 -1.053361
-1.869260 -1.483741
1.342032 -2.259598
-1.080753 -1.905376
-0.638846 0.065684
0.167398 -0.326952
-2.170725 -0.598708
-0.756760 -0.109620
-0.608505 0.425486
-1.247690 0.158158
0.537745 -1.072292
-1.948077 -1.455412
1.609846 2.794609
0.017155 0.941184
1.162597 1.936904
1.942840 2.332133
0.592407 -1.699243
3.257101 0.099541
-2.165939 -0.662767
-2.936996 0.116783
-0.840791 1.367854
1.517227 1.719069
-0.236238 -2.307911
-1.733201 -0.374026
-0.264370 -0.947398
0.360342 -0.636670
-2.320818 -0.400320
-0.682561 -0.883659
0.293971 -1.048484
-0.429519 -1.294600
-1.240701 -0.388831
-2.190365 -1.487859
-0.292516 -1.004536
-0.190574 -0.368014
-0.601228 -1.831187
0.177798 -2.645646
-0.313713 -1.515864
-1.549853 -0.947861
0.942654 -0.243375
1.164481 -0.189325
1.667009 0.282712
3.307644 0.073408
1.559743 0.423612
-0.691705 -0.157279
-1.317562 -0.358672
-0.174855 -0.869467
-0.587676 -0.591404
1.421005 0.258948
0.363734 -0.353414
1.164266 0.530565
1.374134 0.998405
1.030423 0.828647
1.587020 -0.442095
-1.732482 -0.385421
5.072228 0.215075
2.054245 0.140105
0.202017 -0.776104
-0.323892 -0.307421
3.919648 1.895175
0.989098 0.473440
0.372069 -0.007391
0.644986 1.003776
0.445153 0.876846
0.837883 -0.217264
3.927049 0.418535
-0.687738 -0.561164
1.613861 -1.458164
-2.850783 -0.368692
0.245114 -2.484599
-0.212870 -1.611425
0.516488 -1.576617
-0.963916 -2.117138
-0.561993 -1.357137
-1.426813 -0.830432
-1.239768 -0.700696
1.124017 -1.850824
0.722323 -2.273133
0.754442 -2.175949
-2.116837 -0.327133
-0.735168 -0.831260
1.246099 0.597494
1.844356 3.072489
2.675897 0.781071
3.093360 0.620680
1.958223 1.456626
-1.059218 1.436362
1.612228 2.129777
2.529139 1.983346
1.668937 1.175786
1.095915 -0.220166
3.471911 0.558354
2.907362 0.724492
-0.171106 -0.727239
-2.340467 -0.174383
-0.995530 -0.589657
-1.354103 -0.899151
0.569624 -0.035636
0.701504 0.351624
-1.071460 -1.426559
-2.745173 -0.837117
-1.769987 -1.237450
-2.606241 -1.128607
-0.488765 -0.537867
-0.098259 -0.555178
0.365113 0.019971
0.184420 -0.505660
-0.257665 -1.138974
-0.076107 -0.633813
-0.689136 -0.447205
1.600416 -0.215761
0.088506 -2.054949
-0.723862 -1.275569
-0.893467 -2.416445
-0.874392 -1.547347
-1.363429 -1.050689
-0.655350 -0.059213
2.456413 0.227744
4.254881 0.826439
-1.654230 0.618427
-1.035396 -0.869675
-2.029556 -1.171654
-0.680382 -1.467000
-1.978835 -0.154429
0.631326 -2.085167
-0.866613 -1.292415
-2.037336 -0.369176
-0.286282 -0.417888
-2.184874 0.822849
3.426147 0.110316
-0.656120 0.541384
0.561028 0.580933
-0.773812 0.829298
0.413347 -0.356774
0.796246 1.118372
0.741509 0.871844
0.452497 0.683963
-0.157527 -0.604732
0.485811 1.024995
-0.157527 -0.604732
-0.222621 -1.014529
1.241191 -0.352641
-0.008366 -0.015046
-0.848969 0.773329
-1.761098 -0.158354
-1.154040 -1.067311
-0.095843 -0.673697
0.595066 -0.169869
0.199117 0.361593
1.687153 0.548929
3.726718 0.070647
1.164684 0.858674
0.471393 -0.032737
-0.517971 -0.834978
-1.621371 -0.597772
-0.809582 0.362982
5.384465 0.847820
-0.342320 0.027151
-0.775240 -1.236806
-0.217548 -0.731863
-0.878529 -1.382349
-0.569131 -0.497438
1.308910 -1.885649
1.613860 -3.343941
0.721916 -3.332738
2.662207 -0.458816
4.074561 0.724435
-1.019306 -0.822650
1.188945 -1.997957
-2.234099 -1.077530
-2.386860 -1.023618
0.724594 -1.119059
-0.641541 1.647560
0.901140 -0.217575
1.402936 0.949080
-1.411838 0.009798
-1.057999 -0.969569
-0.578572 0.159273
0.376350 -0.303004
-1.535816 -0.708593
1.194215 -0.853951
4.512337 0.324969
5.787127 0.450595
-0.215045 -1.279540
-0.996354 -0.952724
-1.935666 -1.379530
-0.776777 -1.087811
-1.005838 -0.934866
-0.113016 -0.971312
0.639530 1.764355
0.771722 1.489351
0.659427 1.259097
-0.970496 0.833728
-2.550616 0.782741
-0.418547 0.207785
-0.263783 -0.132737
-0.101474 -1.069046
0.138809 -2.557154
-0.745077 -0.068138
-2.114271 -0.669302
1.270888 0.468595
-1.324147 -0.718999
1.916053 -0.874958
-2.031661 -1.688616
-0.066972 -0.792557
-0.449433 -0.146450
0.656126 1.192408
-2.285191 -0.363363
-2.176422 0.296475
0.887602 -2.432198
0.019460 0.229994
-1.117697 -0.701883
-2.335947 -1.021009
1.037372 1.601880
-1.840497 -0.002885
-2.969845 -0.773796
0.545283 -1.367146
-0.138020 0.523063
0.568425 -0.533209
-0.194875 -0.049058
-1.064384 -1.158215
-0.487037 -1.020366
3.423688 -0.226181
0.383973 -0.369226
0.941150 1.667217
0.206647 1.446961
-2.995539 0.956012
-1.662127 0.910876
-1.901430 0.538438
-0.181787 0.110749
0.290610 0.200616
-0.132534 -1.266530
0.549371 -0.894517
-0.006493 -1.309153
0.112317 -0.802767
-0.241030 0.151242
-0.756224 -0.597528
0.115516 -0.052892
-0.585121 -0.210032
0.941701 -1.834665
-1.170983 -1.194280
-0.207299 -1.782861
0.228943 -1.921864
-0.288116 -1.182824
1.009119 -1.338073
0.681024 0.102059
0.706310 -1.864688
-0.769613 0.429966
0.574588 -1.882936
0.384314 -1.513144
-0.124053 -1.301273
-1.770164 -0.735744
0.440126 0.026918
-1.496629 -1.462623
1.742724 2.034691
2.321939 1.219557
3.234886 1.148770
2.241707 2.038039
0.915143 0.122901
2.226505 0.768969
1.785372 0.376546
2.206191 0.434483
2.486099 0.952002
3.237176 0.818869
1.904701 0.890668
3.450264 1.339503
3.353055 0.114510
-0.635719 -1.630434
-1.053584 -0.848897
-1.675303 -1.903306
-0.394898 -1.804633
-2.054769 -1.202341
0.026718 -0.341631
0.048231 -0.454559
2.858311 0.077875
0.618664 -0.031274
-0.475725 -1.235671
-1.095896 -0.651640
1.189026 0.856882
-1.347120 -1.793271
0.386193 -0.823592
-0.924470 -0.856556
4.183785 -3.583844
0.107605 0.854459
-2.611467 -1.396003
-2.558430 -1.245032
-2.198436 -0.565720
-0.394525 0.718194
-2.478616 -0.703403
-0.482710 -0.440610
2.288322 0.852295
0.572364 1.352251
0.149751 1.450874
-2.395018 -0.708815
-0.554906 0.746049
-0.321025 0.474359
-1.516142 -0.962438
0.281217 -1.330104
-0.403455 -1.927726
0.905495 -0.962256
1.149970 -0.250325
-0.860502 0.165415
1.668665 0.630293
1.616421 1.081448
1.206458 0.484562
1.408480 0.818921
0.883345 0.757364
0.673078 -0.341722
5.081253 0.230028
4.179457 0.219262
1.016002 0.725876
1.673978 0.501758
4.190025 0.304430
1.394062 0.346525
-2.124466 1.466095
-0.281157 0.546624
1.182999 -0.047816
0.603245 0.762488
1.460362 -0.570650
-1.996407 -1.480537
-1.258619 -0.918074
-0.929924 -0.545876
2.328867 0.473306
0.479893 0.531246
0.574351 0.407299
1.590676 1.088969
1.238520 0.441962
0.012627 -0.049514
0.778613 0.704702
1.362536 0.541182
1.513088 0.959885
-1.096518 -1.196101
0.682369 -1.720659
-1.457711 -0.664253
1.580118 -0.533377
-0.421730 -0.134011
0.971539 -0.786116
1.240844 -0.541342
-0.693587 -1.309779
-1.214754 0.014842
-1.100086 -0.704095
0.440177 -0.159827
0.384348 0.401068
-0.597433 -0.229596
-0.766775 -0.050643
-0.492760 -0.667351
1.829357 0.593322
4.987294 0.527391
-0.328921 -0.426929
2.224980 0.766098
1.108118 1.002850
2.429297 0.731372
1.022899 0.331132
-0.897614 1.090111
-0.896914 0.065779
1.079875 -0.086760
-1.116727 -0.579917
0.280367 -0.960533
0.885904 -0.299426
0.703644 0.705222
-1.209315 -0.920967
0.280338 0.458665
-0.825236 -0.577258
-0.895203 -0.796645
-1.990793 -0.870805
-1.351042 -0.679995
-0.530397 -0.036031
-1.212851 0.951172
-0.770529 0.316513
0.130184 -0.334881
-2.858958 -0.799666
0.959192 -1.030404
-1.977051 -1.145281
-0.952224 -0.889663
1.855563 0.530899
1.012194 0.031984
0.559732 1.201944
0.026254 0.453101
0.481312 1.314313
0.442925 0.053344
1.921639 0.971726
1.799807 0.857093
-0.594522 -0.318101
-0.114775 -1.060402
-0.166151 -1.103182
-0.948143 0.753020
-1.592822 -0.525687
-1.926230 0.953799
-0.545719 -1.178324
-2.348056 0.763876
-2.107802 0.534494
-1.790884 -0.733489
-1.683023 -0.575605
-0.524036 -0.295401
0.587252 -1.244071
0.384473 -2.468770
-0.029383 -1.813007
0.327745 0.121196
-0.421578 0.500902
-0.260396 0.325073
1.752390 -1.224369
-1.258738 -0.684422
-1.467052 -1.385633
-1.788703 0.296170
-1.637992 -0.373476
-3.182951 0.351647
-1.378340 -0.796825
-1.040593 -0.613059
-1.323219 -0.423549
0.763336 -0.497293
1.389252 -0.157002
1.325969 0.034999
-1.804857 -1.314841
-0.385056 2.304082
-2.016498 -0.999317
-1.417250 -0.894949
-2.087617 -0.944443
-0.687882 0.484308
0.705878 -0.419198
-2.143222 -0.497948
3.153503 0.392529
1.733781 0.231446
0.935914 0.094028
4.017784 -0.133133
0.419003 -0.535218
-1.159438 -0.796424
-1.291518 -0.557554
-1.601995 -0.928848
-2.744376 -1.402009
2.900048 0.699825
2.545093 1.551709
-0.032442 0.413293
-1.959715 -0.569539
-0.918806 -0.405615
-1.680093 0.086143
-0.515880 -0.749986
-0.871832 -0.280905
-0.788988 -1.349174
0.606347 -0.220727
-0.470551 -0.640145
1.070855 -1.038976
0.838092 -0.420510
0.502773 0.295376
-0.610787 -0.454325
0.501056 -1.394938
-0.035788 -0.664878
-0.168486 -1.263049
-0.733727 -0.045704
0.824959 0.683430
-2.236814 -0.184633
-2.317083 -1.322225
-2.848159 -1.025312
-2.379080 -0.811355
-0.942526 -0.924420
-0.309162 0.371103
0.357784 0.594082
-1.785462 -0.006358
-1.877617 0.747122
-1.928491 -0.181724
0.990798 -0.529067
-2.099177 -0.108100
-1.387243 -1.193189
-0.220385 0.261307
1.193763 0.552780
-2.944961 -0.502385
1.356498 0.670280
2.737367 0.923013
-0.444936 -0.763838
0.826366 0.689967
0.350581 0.297673
1.283774 0.529997
-0.444646 -0.752485
-0.298019 -0.500400
-0.342918 -0.195574
1.704403 -3.555919
-1.908204 -1.494341
-0.959873 -0.799871
-2.283091 0.277664
-2.222875 -0.701635
-1.029598 0.155772
1.471664 1.366852
-1.095127 -1.154510
-0.813392 -0.602938
1.202974 -0.246182
5.930571 0.699996
0.928092 0.937740
1.305807 1.581691
-1.585137 1.507183
-1.242367 0.012792
-0.432798 -0.580249
-0.503222 -0.438511
0.581412 -0.539186
-0.780479 -0.372155
0.931370 0.136371
-1.349719 -0.559099
1.036395 1.106026
0.674781 2.105021
-0.071869 0.736732
-1.097141 -1.360774
-0.364882 -1.472763
0.675674 -0.019680
-2.213227 -0.203497
-0.113535 -1.175732
-0.877815 -1.535870
-1.581212 -0.588216
0.557971 0.733698
0.162189 -0.187643
0.467302 -0.749466
0.124733 0.313605
-2.203238 -1.222071
1.247717 -0.281480
0.354387 1.693083
0.958278 1.428371
1.224097 -0.007708
0.987072 -1.759008
1.081549 1.285935
-0.655245 0.931401
0.982586 -0.558286
-0.672030 -0.212472
-1.292184 -1.154722
-0.252746 -0.686485
0.094111 -1.050936
-0.991699 -1.293480
0.755589 -0.511605
0.248291 -0.859195
1.189047 -1.413378
-0.897211 0.186904
0.867829 0.643394
0.893787 0.882768
0.820536 0.733917
1.400733 0.077951
-1.401296 -1.065949
-1.228233 -0.863716
-1.225939 -0.579364
-1.614683 0.143974
0.655807 -2.180635
1.052148 -1.571316
1.090045 -0.134282
-1.696664 -0.489517
-0.506900 -0.639975
-0.648366 -0.435649
-0.538874 0.416656
-1.205476 0.537664
-0.590891 -0.284626
0.142085 -1.501515
-0.401051 -1.493236
-0.326308 -1.316030
0.546592 -0.437167
0.814023 -0.467178
1.482140 0.322377
1.771796 1.882082
1.494929 -0.019416
1.534707 0.298504
1.156724 1.163852
4.464368 0.852873
2.578993 -2.174105
1.274326 0.903425
0.829984 -1.269108
1.240245 0.149972
-1.248539 -1.236217
0.953896 -0.431563
0.371577 -0.372903
-0.253269 -1.835795
0.971396 -1.368283
-2.229014 -0.903607
0.457193 0.111522
-1.300059 0.700859
1.021092 -0.886431
0.056693 0.133858
-0.941812 0.305649
0.514953 -1.048964
0.203910 -0.939262
-0.333740 -0.626752
1.151877 -0.130494
1.286050 -0.085990
0.798329 -0.071485
-2.154255 0.155988
-0.724477 -1.466664
2.115190 0.210699
0.843579 0.006173
-0.105826 -0.292449
-1.559694 -0.981243
-1.115596 0.446353
-1.263189 -0.570604
0.680412 -2.674842
1.067387 -0.649212
-0.393460 -1.220112
-0.400985 -1.659935
-0.174224 -1.009433
-0.626812 -0.315371
0.048975 -0.314825
-0.644759 0.067767
-1.422882 -1.295880
0.723491 -0.459979
0.889804 -0.686258
-1.129099 -0.507339
0.900660 -0.284107
-1.950569 0.486394
-0.637220 -0.082854
-2.363291 -0.629630
-1.593450 -0.627434
-0.342532 -0.223811
-1.326841 -0.750317
-0.724689 0.399798
-0.083566 -0.425427
2.391795 0.753686
2.721288 1.285648
2.609176 0.255804
1.354194 0.018232
0.962352 0.322960
1.204605 0.182173
0.327294 -0.549495
-0.411173 1.666935
1.531130 0.871942
1.052463 0.820367
1.688436 1.064844
1.486101 -0.271558
2.514042 0.940183
1.091942 0.036330
-0.504563 0.039617
2.747423 0.574389
2.810208 0.895890
2.545014 0.451263
1.799807 0.857093
3.800143 0.811392
2.018159 0.834134
3.574025 0.982849
0.370062 -0.962234
-1.066066 -0.366019
-0.328654 -0.205369
1.022181 -0.787292
-1.135200 -0.319583
1.252723 -0.471496
-0.297014 -1.469435
-0.704717 -1.938490
1.256381 -1.806503
0.130793 -1.375145
-0.694049 -0.434051
0.013521 -1.400127
0.497527 -1.755460
1.101772 -0.380266
-0.310792 -0.421351
-1.445245 -0.799950
-2.221540 -0.504111
-0.046918 0.345188
-0.847579 0.062302
-2.346949 -1.034235
-1.431309 -0.808844
1.517364 -0.369986
-0.002613 -2.500929
0.198084 -1.111391
0.346813 -1.057409
-0.598862 -1.151411
-0.390059 -2.116481
0.154311 -0.837173
-1.222221 -0.519141
-1.390513 0.264205
0.542111 -0.501602
0.707280 -1.432762
2.483213 -0.628642
2.483213 -0.628642
-0.420886 -0.344622
1.072630 -1.212763
-0.419133 -0.019299
0.724048 -0.088416
-0.528681 -0.425131
-1.982118 -0.806636
-0.933926 -0.817915
0.608790 -0.278836
2.697204 0.517230
-0.146048 -0.042058
0.358133 -0.026965
-1.735121 -0.568849
-0.156981 -1.640306
0.309065 -0.832579
-0.243162 -1.244196
-1.019207 -1.356912
-0.577225 -0.826035
1.045864 -0.819456
-0.433885 0.215363
-1.748046 0.349645
1.934313 -0.759323
-2.620161 0.222517
0.852113 -0.357436
1.129197 -1.377584
-0.618017 0.825179
-1.415329 -0.883527
-2.709427 0.157814
-0.780883 -0.685528
1.253976 0.475507
-1.092143 -0.289772
1.065008 -0.838940
0.789411 -0.466392
1.635659 0.315303
0.003514 0.136438
0.780391 0.180206
-0.046084 -0.104267
-1.041595 -0.859453
-0.845730 -0.969507
1.512069 1.067744
0.533906 0.267485
2.026851 -0.674071
-0.655746 -1.243357
-0.335130 -1.140007
-1.009833 -1.023114
-0.122861 -0.970044
1.045189 -0.382362
-0.346785 -1.666956
2.025858 -0.717314
0.402298 -0.918689
-2.039078 -0.806777
-1.075655 -0.637919
-1.156248 -0.437086
-0.591013 -0.297372
-0.842094 -0.652137
-0.721705 -0.071589
-0.964088 -0.516247
-0.806297 -1.066596
0.356494 -0.351272
1.302460 -1.268511
-1.107776 -0.444462
0.659839 1.144586
-1.201646 -1.009381
0.447015 -0.584360
0.718563 -0.831041
0.340933 -0.900901
-0.720207 -2.377932
0.388987 -1.036152
1.178385 -0.261590
0.324815 -0.868367
0.511978 0.051048
0.822603 -0.468909
0.651238 -0.476239
-0.908339 -0.928482
1.591419 -0.888818
-0.500801 -1.048124
0.959604 0.205220
-1.621918 -0.499892
-0.570297 -0.234337
1.480243 -1.013293
0.513346 0.100112
-0.507704 -0.201923
1.722830 -2.539757
0.918408 -2.459651
1.181066 -2.575724
3.140892 -2.551926
-0.417328 -1.744745
0.427660 -2.440478
0.509742 -0.256280
1.897162 -0.598789
1.131330 -0.767018
0.499401 -0.001078
2.080090 1.686232
0.226379 2.733427
-0.137202 -1.183106
-0.225061 -1.326370
0.304606 -1.847923
0.163487 0.402953
-0.509584 -0.231256
1.450908 -2.093095
0.270551 1.218552
0.786048 -0.775397
3.088895 1.339287
-1.095591 0.112507
0.821242 -1.407370
1.720062 -0.886533
0.347179 -2.031702
0.450984 -0.880798
0.229607 -1.441873
-0.256328 -1.028325
1.240610 -0.848540
-0.934099 -1.078575
0.753329 -1.060283
1.245071 -1.837642
0.981658 -2.455514
