-0.180701 0.486383
-1.118107 -1.127689
-0.133864 0.267732
-0.244715 0.936958
1.682723 -2.030908
-0.800827 -2.267379
0.155229 -1.134275
-2.256874 1.431174
1.872938 -2.751210
-1.118107 -1.127689
-2.383939 1.850563
1.872938 -2.751210
-0.180701 0.486383
-0.800827 -2.267379
1.436226 1.905747
-2.256874 1.431174
1.583845 -1.349203
1.838066 0.487204
0.557069 -2.552817
-0.329346 1.138493
-1.877274 -0.217093
2.000093 -0.495413
1.838066 0.487204
0.557069 -2.552817
-0.329346 1.138493
-1.871249 -0.237205
1.989463 -0.443645
-1.898933 -0.265237
1.838066 0.487204
1.936944 -0.194501
-1.772371 -0.918911
-1.709221 -1.219822
-1.871249 -0.237205
1.838066 0.487204
1.936944 -0.194501
-1.772371 -0.918911
-1.709221 -1.219822
-0.428224 1.820199
1.830192 0.516789
1.936944 -0.194501
-1.582156 -1.639212
-0.139131 0.418192
-0.428224 1.820199
1.838066 0.487204
1.936944 -0.194501
-1.582156 -1.639212
-0.139131 0.418192
-0.301159 1.400809
2.117519 -0.882624
-0.202281 0.719104
-1.582156 -1.639212
-0.139131 0.418192
-0.301159 1.400809
2.127159 -0.914803
-0.202281 0.719104
-1.582156 -1.639212
-0.139131 0.418192
-0.301159 1.400809
2.127159 -0.914803
-0.219290 0.801933
-1.582156 -1.639212
-0.139131 0.418192
-0.301159 1.400809
2.127159 -0.914803
-0.202281 0.719104
-1.619068 -1.676588
-0.139131 0.418192
-0.301159 1.400809
2.127159 -0.914803
-0.202281 0.719104
-1.582156 -1.639212
-0.139131 0.418192
-0.243950 1.377416
2.127159 -0.914803
-0.202281 0.719104
-1.582156 -1.639212
-0.139131 0.418192
-0.301159 1.400809
2.127159 -0.914803
-0.202281 0.719104
-1.582156 -1.639212
-0.151730 0.465527
-0.301159 1.400809
2.127159 -0.914803
-0.202281 0.719104
-1.582156 -1.639212
-0.139131 0.418192
-0.301159 1.400809
2.127159 -0.914803
-0.202281 0.719104
-1.582156 -1.639212
-0.139131 0.418192
-0.243950 1.377416
2.127159 -0.914803
-0.202281 0.719104
-1.582156 -1.639212
-0.139131 0.418192
-0.301159 1.400809
2.127159 -0.914803
-0.202281 0.719104
-1.582156 -1.639212
-0.143951 0.434281
-0.301159 1.400809
2.127159 -0.914803
-0.202281 0.719104
-1.582156 -1.639212
-0.139131 0.418192
-0.301159 1.400809
2.127159 -0.914803
-0.248448 0.672513
-1.582156 -1.639212
-0.139131 0.418192
-0.301159 1.400809
2.127159 -0.914803
-0.202281 0.719104
-1.582156 -1.639212
-0.139131 0.418192
-0.243971 1.377571
2.127159 -0.914803
-0.202281 0.719104
-1.582156 -1.639212
-0.139131 0.418192
-0.301159 1.400809
2.127159 -0.914803
-0.202281 0.719104
-1.582156 -1.639212
-0.139131 0.418192
-0.301159 1.400809
2.127159 -0.914803
-0.202281 0.719104
-1.582156 -1.639212
-0.139131 0.418192
-0.309664 1.442224
2.127159 -0.914803
-0.202281 0.719104
-1.582156 -1.639212
-0.139131 0.418192
-0.301159 1.400809
2.053333 -0.989555
-0.202281 0.719104
-1.582156 -1.639212
-0.139131 0.418192
-0.301159 1.400809
2.053333 -0.989555
-0.202281 0.719104
-1.588233 -1.618787
-0.139131 0.418192
-0.301159 1.400809
2.127159 -0.914803
-0.248447 0.672512
-1.582156 -1.639212
-0.139131 0.418192
-0.301159 1.400809
2.127159 -0.914803
-0.202281 0.719104
-1.490622 -1.676642
-0.139131 0.418192
-0.301159 1.400809
2.127159 -0.914803
-0.202281 0.719104
-1.588230 -1.618802
-0.139131 0.418192
-0.301159 1.400809
2.127159 -0.914803
-0.202281 0.719104
-1.582156 -1.639212
-0.139131 0.418192
-0.301159 1.400809
2.127159 -0.914803
-0.208580 0.742771
-1.582156 -1.639212
-0.139131 0.418192
-0.301159 1.400809
2.127159 -0.914803
-0.202281 0.719104
-1.582156 -1.639212
-0.139131 0.418192
-0.301159 1.400809
2.127159 -0.914803
-0.202281 0.719104
-1.582156 -1.639212
-0.139131 0.418192
-0.243971 1.377571
2.127159 -0.914803
-0.202281 0.719104
-1.582156 -1.639212
-0.139131 0.418192
-0.301159 1.400809
2.127159 -0.914803
-0.202281 0.719104
-1.490622 -1.676642
-0.139131 0.418192
-0.301159 1.400809
2.127159 -0.914803
-0.202281 0.719104
-1.582156 -1.639212
-0.139131 0.418192
-0.301159 1.400809
2.127159 -0.914803
-0.202281 0.719104
-1.582156 -1.639212
-0.139131 0.418192
-0.301159 1.400809
2.127159 -0.914803
-0.202281 0.719104
-1.582156 -1.639212
-0.139131 0.418192
-0.301159 1.400809
2.127159 -0.914803
-0.211921 0.751282
-1.582156 -1.639212
-0.139131 0.418192
-0.301159 1.400809
2.127159 -0.914803
-0.211921 0.751282
-1.582156 -1.639212
-0.139131 0.418192
-0.301159 1.400809
2.127159 -0.914803
-0.202281 0.719104
-1.582156 -1.639212
-0.139131 0.418192
-0.301159 1.400809
2.127159 -0.914803
-0.202281 0.719104
-1.582156 -1.639212
-0.139131 0.418192
-0.375027 1.326264
2.127159 -0.914803
-0.202281 0.719104
-1.582156 -1.639212
-0.139131 0.418192
-0.301159 1.400809
2.127159 -0.914803
-0.202281 0.719104
-1.582156 -1.639212
-0.139131 0.418192
-0.301159 1.400809
2.127159 -0.914803
-0.202281 0.719104
-1.582156 -1.639212
-0.139131 0.418192
-0.301159 1.400809
2.119324 -0.884862
-0.202281 0.719104
-1.490655 -1.676394
-0.139131 0.418192
-0.301159 1.400809
2.127159 -0.914803
-0.202281 0.719104
-1.582156 -1.639212
-0.139131 0.418192
-0.301159 1.400809
2.127159 -0.914803
-0.202281 0.719104
-1.582156 -1.639212
-0.139131 0.418192
-0.301159 1.400809
2.127159 -0.914803
-0.202281 0.719104
-1.588191 -1.619063
-0.139131 0.418192
-0.301159 1.400809
2.127159 -0.914803
-0.202281 0.719104
-1.582156 -1.639212
-0.139131 0.418192
-0.301159 1.400809
2.127159 -0.914803
-0.202281 0.719104
-1.599165 -1.556383
-0.139131 0.418192
-0.301159 1.400809
2.127159 -0.914803
-0.202281 0.719104
-1.599165 -1.556383
-0.139131 0.418192
-0.301159 1.400809
2.119324 -0.884862
-0.202281 0.719104
-1.582156 -1.639212
-0.185272 0.371471
-0.243944 1.377448
2.127159 -0.914803
-0.202281 0.719104
-1.582156 -1.639212
-0.185272 0.371471
-0.301159 1.400809
2.127159 -0.914803
-0.202281 0.719104
-1.582156 -1.639212
-0.185272 0.371471
-0.301159 1.400809
2.127159 -0.914803
-0.202281 0.719104
-1.582156 -1.639212
-0.185272 0.371471
-0.301159 1.400809
2.117436 -0.882124
-0.202281 0.719104
-1.582156 -1.639212
-0.139131 0.418192
-0.301159 1.400809
2.127159 -0.914803
-0.202281 0.719104
-1.582156 -1.639212
-0.139131 0.418192
-0.317810 1.302900
2.127159 -0.914803
-0.202281 0.719104
-1.588191 -1.619061
-0.139131 0.418192
-0.301159 1.400809
2.127159 -0.914803
-0.202281 0.719104
-1.582156 -1.639212
-0.139131 0.418192
-0.301159 1.400809
2.172926 -0.933518
-0.202281 0.719104
-1.582156 -1.639212
-0.150157 0.469733
-0.301159 1.400809
2.127159 -0.914803
-0.202281 0.719104
-1.582156 -1.639212
-0.139131 0.418192
-0.301159 1.400809
2.127159 -0.914803
-0.202281 0.719104
-1.582156 -1.639212
-0.139131 0.418192
-0.301159 1.400809
2.117440 -0.882147
-0.202281 0.719104
-1.582156 -1.639212
-0.139131 0.418192
-0.301159 1.400809
2.127159 -0.914803
-0.202281 0.719104
-1.582156 -1.639212
-0.139131 0.418192
-0.301159 1.400809
2.127159 -0.914803
-0.202281 0.719104
-1.582156 -1.639212
-0.139131 0.418192
-0.313758 1.448145
2.127159 -0.914803
-0.202281 0.719104
-1.582156 -1.639212
-0.139131 0.418192
-0.313758 1.448145
2.127159 -0.914803
-0.202281 0.719104
-1.582156 -1.639212
-0.139131 0.418192
-0.301159 1.400809
2.127159 -0.914803
-0.202281 0.719104
-1.582156 -1.639212
-0.139131 0.418192
-0.301159 1.400809
2.127159 -0.914803
-0.248067 0.672215
-1.582156 -1.639212
-0.139131 0.418192
-0.301159 1.400809
2.127159 -0.914803
-0.202281 0.719104
-1.582156 -1.639212
-0.139131 0.418192
-0.301159 1.400809
2.127159 -0.914803
-0.202281 0.719104
-1.490655 -1.676394
-0.139131 0.418192
-0.301159 1.400809
2.127159 -0.914803
-0.202281 0.719104
-1.582156 -1.639212
-0.139131 0.418192
-0.301159 1.400809
2.127159 -0.914803
-0.202281 0.719104
-1.582156 -1.639212
-0.139131 0.418192
-0.301159 1.400809
2.127159 -0.914803
-0.202281 0.719104
-1.582156 -1.639212
-0.139131 0.418192
-0.243944 1.377448
2.172926 -0.933518
-0.293853 0.625325
-1.582156 -1.639212
-0.139131 0.418192
-0.301159 1.400809
2.127159 -0.914803
-0.202281 0.719104
-1.582156 -1.639212
-0.139131 0.418192
-0.301159 1.400809
2.127159 -0.914803
-0.202281 0.719104
-1.582156 -1.639212
-0.139131 0.418192
-0.301159 1.400809
2.127159 -0.914803
-0.202281 0.719104
-1.582156 -1.639212
-0.139131 0.418192
-0.301159 1.400809
2.127159 -0.914803
-0.202281 0.719104
-1.582156 -1.639212
-0.139131 0.418192
-0.301159 1.400809
2.127159 -0.914803
-0.202281 0.719104
-1.582156 -1.639212
-0.139131 0.418192
-0.301159 1.400809
2.127159 -0.914803
-0.202281 0.719104
-1.582156 -1.639212
-0.139131 0.418192
-0.307184 1.420921
2.127159 -0.914803
-0.202281 0.719104
-1.582156 -1.639212
-0.139131 0.418192
-0.307184 1.420921
2.127159 -0.914803
-0.202281 0.719104
-1.582156 -1.639212
-0.139131 0.418192
-0.307184 1.420921
2.127159 -0.914803
-0.202281 0.719104
-1.582156 -1.639212
-0.139131 0.418192
-0.307184 1.420921
2.127159 -0.914803
-0.202281 0.719104
-1.582156 -1.639212
-0.139131 0.418192
-0.301159 1.400809
2.127159 -0.914803
-0.202281 0.719104
-1.582156 -1.639212
-0.139131 0.418192
-0.301159 1.400809
2.127159 -0.914803
-0.202281 0.719104
-1.582156 -1.639212
-0.139131 0.418192
-0.301159 1.400809
2.127159 -0.914803
-0.202281 0.719104
-1.582156 -1.639212
-0.150157 0.469733
-0.243818 1.377295
2.127159 -0.914803
-0.202281 0.719104
-1.619090 -1.676485
-0.139131 0.418192
-0.301159 1.400809
2.127159 -0.914803
-0.202281 0.719104
-1.582156 -1.639212
-0.149848 0.470195
-0.301159 1.400809
2.127159 -0.914803
-0.202281 0.719104
-1.582156 -1.639212
-0.139131 0.418192
-0.301159 1.400809
2.127159 -0.914803
-0.202281 0.719104
-1.582156 -1.639212
-0.158342 0.511705
-0.301159 1.400809
2.113422 -0.862843
-0.202281 0.719104
-1.582156 -1.639212
-0.158342 0.511705
-0.301159 1.400809
2.127159 -0.914803
-0.287593 0.629072
-1.582156 -1.639212
-0.151667 0.466097
-0.301159 1.400809
2.127159 -0.914803
-0.202281 0.719104
-1.582156 -1.639212
-0.139131 0.418192
-0.243818 1.377295
2.127159 -0.914803
-0.287593 0.629072
-1.582156 -1.639212
-0.139131 0.418192
-0.301159 1.400809
2.172909 -0.933393
-0.202281 0.719104
-1.582156 -1.639212
-0.139131 0.418192
-0.301159 1.400809
2.127159 -0.914803
-0.202281 0.719104
-1.582156 -1.639212
-0.139131 0.418192
-0.193871 1.353950
2.113422 -0.862843
-0.202281 0.719104
-1.582156 -1.639212
-0.139131 0.418192
-0.301159 1.400809
2.127159 -0.914803
-0.202281 0.719104
-1.582156 -1.639212
-0.149848 0.470195
-0.193871 1.353950
2.127159 -0.914803
-0.202281 0.719104
-1.582156 -1.639212
-0.139131 0.418192
-0.301159 1.400809
2.117503 -0.882564
-0.202281 0.719104
-1.592557 -1.605189
-0.139131 0.418192
-0.193871 1.353950
2.127159 -0.914803
-0.202281 0.719104
-1.582156 -1.639212
-0.139131 0.418192
-0.301159 1.400809
2.113422 -0.862843
-0.202281 0.719104
-1.592557 -1.605189
-0.139131 0.418192
-0.301159 1.400809
2.127159 -0.914803
-0.202281 0.719104
-1.582156 -1.639212
-0.139131 0.418192
-0.301159 1.400809
2.116528 -0.863034
-0.287593 0.629072
-1.582156 -1.639212
-0.158342 0.511705
-0.301159 1.400809
2.116528 -0.863034
-0.202281 0.719104
-1.588159 -1.619215
-0.139131 0.418192
-0.301159 1.400809
2.116528 -0.863034
-0.202281 0.719104
-1.588159 -1.619215
-0.139131 0.418192
-0.301159 1.400809
2.116528 -0.863034
-0.202281 0.719104
-1.582156 -1.639212
-0.151667 0.466097
-0.301159 1.400809
2.127159 -0.914803
-0.202281 0.719104
-1.582156 -1.639212
-0.139131 0.418192
-0.301159 1.400809
2.127159 -0.914803
-0.202281 0.719104
-1.490611 -1.676591
-0.149848 0.470195
-0.301159 1.400809
2.127159 -0.914803
-0.202281 0.719104
-1.582156 -1.639212
-0.139131 0.418192
-0.301159 1.400809
2.127159 -0.914803
-0.202281 0.719104
-1.582156 -1.639212
-0.139131 0.418192
-0.301159 1.400809
2.127159 -0.914803
-0.202281 0.719104
-1.582156 -1.639212
-0.139131 0.418192
-0.193871 1.353950
2.127159 -0.914803
-0.287593 0.629072
-1.582156 -1.639212
-0.139131 0.418192
-0.301159 1.400809
2.127159 -0.914803
-0.202281 0.719104
-1.582156 -1.639212
-0.163205 0.528051
-0.301159 1.400809
2.113422 -0.862843
-0.202281 0.719104
-1.582156 -1.639212
-0.158342 0.511705
-0.301159 1.400809
2.127159 -0.914803
-0.202281 0.719104
-1.582156 -1.639212
-0.158342 0.511705
-0.301159 1.400809
2.127159 -0.914803
-0.287593 0.629072
-1.582156 -1.639212
-0.139131 0.418192
-0.301159 1.400809
2.127159 -0.914803
-0.202281 0.719104
-1.490613 -1.676593
-0.139131 0.418192
-0.193871 1.353950
2.127159 -0.914803
-0.202281 0.719104
-1.619089 -1.676485
-0.139131 0.418192
-0.301159 1.400809
2.103766 -0.830601
-0.202281 0.719104
-1.582156 -1.639212
-0.139131 0.418192
-0.301159 1.400809
2.127159 -0.914803
-0.202281 0.719104
-1.582156 -1.639212
-0.139131 0.418192
-0.301159 1.400809
2.127159 -0.914803
-0.248581 0.672346
-1.582156 -1.639212
-0.047597 0.380762
-0.301159 1.400809
2.127159 -0.914803
-0.202281 0.719104
-1.592557 -1.605189
-0.047597 0.380762
-0.301159 1.400809
2.127159 -0.914803
-0.202281 0.719104
-1.582156 -1.639212
-0.139131 0.418192
-0.301159 1.400809
2.127159 -0.914803
-0.219922 0.801569
-1.582156 -1.639212
-0.139131 0.418192
-0.301159 1.400809
2.127159 -0.914803
-0.202281 0.719104
-1.582156 -1.639212
-0.139131 0.418192
-0.301159 1.400809
2.127159 -0.914803
-0.202281 0.719104
-1.582156 -1.639212
-0.139131 0.418192
-0.301159 1.400809
2.127159 -0.914803
-0.287593 0.629072
-1.582156 -1.639212
-0.158342 0.511705
-0.301159 1.400809
2.127159 -0.914803
-0.202281 0.719104
-1.592557 -1.605189
-0.143991 0.434520
-0.193871 1.353950
2.127159 -0.914803
-0.202281 0.719104
-1.588159 -1.619215
-0.139131 0.418192
-0.301159 1.400809
2.113422 -0.862843
-0.202281 0.719104
-1.582156 -1.639212
-0.158342 0.511705
-0.301159 1.400809
2.127159 -0.914803
-0.202281 0.719104
-1.582156 -1.639212
-0.139131 0.418192
-0.301159 1.400809
2.113422 -0.862843
-0.202281 0.719104
-1.592557 -1.605189
-0.139131 0.418192
-0.301159 1.400809
2.127159 -0.914803
-0.248581 0.672346
-1.590030 -1.609627
-0.139131 0.418192
-0.301159 1.400809
2.119374 -0.885164
-0.248581 0.672346
-1.590030 -1.609627
-0.158342 0.511705
-0.301159 1.400809
2.127159 -0.914803
-0.202281 0.719104
-1.590030 -1.609627
-0.139131 0.418192
-0.301159 1.400809
2.127159 -0.914803
-0.202281 0.719104
-1.590030 -1.609627
-0.139131 0.418192
-0.301159 1.400809
2.127159 -0.914803
-0.202281 0.719104
-1.582156 -1.639212
-0.149848 0.470195
-0.301159 1.400809
2.127159 -0.914803
-0.202281 0.719104
-1.582156 -1.639212
-0.139131 0.418192
-0.193871 1.353950
2.127159 -0.914803
-0.202281 0.719104
-1.582156 -1.639212
-0.158342 0.511705
-0.243818 1.377295
2.127159 -0.914803
-0.202281 0.719104
-1.592557 -1.605189
-0.139131 0.418192
-0.374416 1.325788
2.127159 -0.914803
-0.202281 0.719104
-1.582156 -1.639212
-0.149848 0.470195
-0.301159 1.400809
2.127159 -0.914803
-0.202281 0.719104
-1.582156 -1.639212
-0.139131 0.418192
-0.193871 1.353950
2.127159 -0.914803
-0.287593 0.629072
-1.582156 -1.639212
-0.139131 0.418192
-0.301159 1.400809
2.119374 -0.885164
-0.202281 0.719104
-1.582156 -1.639212
-0.139131 0.418192
-0.301159 1.400809
2.127159 -0.914803
-0.202281 0.719104
-1.582156 -1.639212
-0.139131 0.418192
-0.301159 1.400809
2.172909 -0.933393
-0.287593 0.629072
-1.582156 -1.639212
-0.139131 0.418192
-0.193871 1.353950
2.127159 -0.914803
-0.202281 0.719104
-1.582156 -1.639212
-0.139131 0.418192
-0.301159 1.400809
2.113422 -0.862843
-0.202281 0.719104
-1.582156 -1.639212
-0.149848 0.470195
-0.301159 1.400809
2.127159 -0.914803
-0.202281 0.719104
-1.582156 -1.639212
-0.139131 0.418192
-0.301159 1.400809
2.113422 -0.862843
-0.202281 0.719104
-1.582156 -1.639212
-0.139131 0.418192
-0.301159 1.400809
2.127159 -0.914803
-0.202281 0.719104
-1.490611 -1.676591
-0.047597 0.380762
-0.301159 1.400809
2.127159 -0.914803
-0.202281 0.719104
-1.582156 -1.639212
-0.047597 0.380762
-0.374417 1.325787
2.127159 -0.914803
-0.202281 0.719104
-1.582156 -1.639212
-0.139131 0.418192
-0.374417 1.325787
2.113422 -0.862843
-0.202281 0.719104
-1.582156 -1.639212
-0.139131 0.418192
-0.301159 1.400809
2.127159 -0.914803
-0.202281 0.719104
-1.582156 -1.639212
-0.139131 0.418192
-0.301159 1.400809
2.127159 -0.914803
-0.287593 0.629072
-1.582156 -1.639212
-0.139131 0.418192
-0.301159 1.400809
2.127159 -0.914803
-0.202281 0.719104
-1.582156 -1.639212
-0.139131 0.418192
-0.301159 1.400809
2.127159 -0.914803
-0.202281 0.719104
-1.582156 -1.639212
-0.139131 0.418192
-0.193871 1.353950
2.127159 -0.914803
-0.287593 0.629072
-1.582156 -1.639212
-0.139131 0.418192
-0.301159 1.400809
2.113422 -0.862843
-0.287593 0.629072
-1.582156 -1.639212
-0.139131 0.418192
-0.243818 1.377295
2.127159 -0.914803
-0.202281 0.719104
-1.582156 -1.639212
-0.139131 0.418192
-0.301159 1.400809
2.127159 -0.914803
-0.287593 0.629072
-1.582156 -1.639212
-0.139131 0.418192
-0.301159 1.400809
2.127159 -0.914803
-0.202281 0.719104
-1.582156 -1.639212
-0.139131 0.418192
-0.243818 1.377295
2.127159 -0.914803
-0.202281 0.719104
-1.582156 -1.639212
-0.139131 0.418192
-0.301159 1.400809
2.127159 -0.914803
-0.248581 0.672346
-1.582156 -1.639212
-0.139131 0.418192
-0.193871 1.353950
2.127159 -0.914803
-0.202281 0.719104
-1.582156 -1.639212
-0.139131 0.418192
-0.301159 1.400809
2.127159 -0.914803
-0.202281 0.719104
-1.582156 -1.639212
-0.139131 0.418192
-0.193871 1.353950
2.127159 -0.914803
-0.202281 0.719104
-1.582156 -1.639212
-0.139131 0.418192
-0.301159 1.400809
2.127159 -0.914803
-0.202281 0.719104
-1.582156 -1.639212
-0.139131 0.418192
-0.301159 1.400809
2.127159 -0.914803
-0.202281 0.719104
-1.582156 -1.639212
-0.139131 0.418192
-0.301159 1.400809
2.127159 -0.914803
-0.202281 0.719104
-1.582156 -1.639212
-0.139131 0.418192
-0.301159 1.400809
2.127159 -0.914803
-0.202281 0.719104
-1.582156 -1.639212
-0.139131 0.418192
-0.301159 1.400809
2.127159 -0.914803
-0.202281 0.719104
-1.588159 -1.619215
-0.139131 0.418192
-0.301159 1.400809
2.127159 -0.914803
-0.202281 0.719104
-1.582156 -1.639212
-0.139131 0.418192
-0.301159 1.400809
2.127159 -0.914803
-0.202281 0.719104
-1.582156 -1.639212
-0.139131 0.418192
-0.243818 1.377295
2.127159 -0.914803
-0.202281 0.719104
-1.582156 -1.639212
-0.139131 0.418192
-0.301159 1.400809
2.127159 -0.914803
-0.202281 0.719104
-1.592557 -1.605189
-0.139131 0.418192
-0.301159 1.400809
2.127159 -0.914803
-0.287593 0.629072
-1.582156 -1.639212
-0.139131 0.418192
-0.301159 1.400809
2.127159 -0.914803
-0.219922 0.801569
-1.582156 -1.639212
-0.139131 0.418192
-0.193871 1.353950
2.127159 -0.914803
-0.202281 0.719104
-1.490411 -1.676834
-0.139131 0.418192
-0.301159 1.400809
2.053291 -0.989348
-0.202281 0.719104
-1.582156 -1.639212
-0.139131 0.418192
-0.301159 1.400809
2.053291 -0.989348
-0.202281 0.719104
-1.582156 -1.639212
-0.139131 0.418192
-0.301159 1.400809
2.127159 -0.914803
-0.202281 0.719104
-1.582156 -1.639212
-0.139131 0.418192
-0.301159 1.400809
2.127159 -0.914803
-0.219428 0.802309
-1.582156 -1.639212
-0.139131 0.418192
-0.301159 1.400809
2.127159 -0.914803
-0.202281 0.719104
-1.582156 -1.639212
-0.139131 0.418192
-0.301159 1.400809
2.127159 -0.914803
-0.202281 0.719104
-1.582156 -1.639212
-0.139131 0.418192
-0.301159 1.400809
2.127159 -0.914803
-0.235213 0.879412
-1.582156 -1.639212
-0.139131 0.418192
-0.301159 1.400809
2.127159 -0.914803
-0.202281 0.719104
-1.582156 -1.639212
-0.162680 0.507266
-0.301159 1.400809
2.127159 -0.914803
-0.202281 0.719104
-1.582156 -1.639212
-0.139131 0.418192
-0.301159 1.400809
2.127159 -0.914803
-0.235213 0.879412
-1.582156 -1.639212
-0.139131 0.418192
-0.301159 1.400809
2.127159 -0.914803
-0.202281 0.719104
-1.582156 -1.639212
-0.139131 0.418192
-0.447408 1.246470
2.127159 -0.914803
-0.208549 0.743056
-1.582156 -1.639212
-0.139131 0.418192
-0.301159 1.400809
2.127159 -0.914803
-0.202281 0.719104
-1.582156 -1.639212
-0.139131 0.418192
-0.301159 1.400809
2.127159 -0.914803
-0.202281 0.719104
-1.490411 -1.676834
-0.139131 0.418192
-0.447408 1.246470
2.127159 -0.914803
-0.202281 0.719104
-1.582156 -1.639212
-0.047631 0.381010
-0.301159 1.400809
2.127159 -0.914803
-0.202281 0.719104
-1.582156 -1.639212
-0.047631 0.381010
-0.301159 1.400809
2.127159 -0.914803
-0.202281 0.719104
-1.582156 -1.639212
-0.139131 0.418192
-0.301159 1.400809
2.127159 -0.914803
-0.202281 0.719104
-1.582156 -1.639212
-0.139131 0.418192
-0.301159 1.400809
2.127159 -0.914803
-0.202281 0.719104
-1.582156 -1.639212
-0.162680 0.507266
-0.301159 1.400809
2.127159 -0.914803
-0.202281 0.719104
-1.398234 -1.719542
-0.139131 0.418192
-0.301159 1.400809
2.127159 -0.914803
-0.202281 0.719104
-1.582156 -1.639212
-0.139131 0.418192
-0.301159 1.400809
2.127159 -0.914803
-0.202281 0.719104
-1.582156 -1.639212
-0.139131 0.418192
-0.301159 1.400809
2.127159 -0.914803
-0.219428 0.802309
-1.398234 -1.719542
-0.139131 0.418192
-0.301159 1.400809
2.127159 -0.914803
-0.202281 0.719104
-1.582156 -1.639212
-0.139131 0.418192
-0.301159 1.400809
2.127159 -0.914803
-0.202281 0.719104
-1.582156 -1.639212
-0.143959 0.434311
-0.301159 1.400809
2.127159 -0.914803
-0.202281 0.719104
-1.582156 -1.639212
-0.139131 0.418192
-0.301159 1.400809
2.109328 -0.856479
-0.202281 0.719104
-1.582156 -1.639212
-0.139131 0.418192
-0.301159 1.400809
2.127159 -0.914803
-0.202281 0.719104
-1.398234 -1.719542
-0.139131 0.418192
-0.301159 1.400809
2.127159 -0.914803
-0.202281 0.719104
-1.582156 -1.639212
-0.139131 0.418192
-0.301159 1.400809
2.127159 -0.914803
-0.202281 0.719104
-1.582156 -1.639212
-0.162680 0.507266
-0.301159 1.400809
2.109328 -0.856479
-0.202281 0.719104
-1.582156 -1.639212
-0.139131 0.418192
-0.301159 1.400809
2.127159 -0.914803
-0.202281 0.719104
-1.582156 -1.639212
-0.139131 0.418192
-0.301159 1.400809
2.127159 -0.914803
-0.202281 0.719104
-1.582156 -1.639212
-0.139131 0.418192
-0.301159 1.400809
2.127159 -0.914803
-0.202281 0.719104
-1.582156 -1.639212
-0.139131 0.418192
-0.447408 1.246470
2.127159 -0.914803
-0.202281 0.719104
-1.582156 -1.639212
-0.139131 0.418192
-0.301159 1.400809
2.127159 -0.914803
-0.235213 0.879412
-1.582156 -1.639212
-0.139131 0.418192
-0.301159 1.400809
2.127159 -0.914803
-0.202281 0.719104
-1.582156 -1.639212
-0.139131 0.418192
-0.301159 1.400809
2.117554 -0.882807
-0.202281 0.719104
-1.582156 -1.639212
-0.139131 0.418192
-0.301159 1.400809
2.127159 -0.914803
-0.202281 0.719104
-1.582156 -1.639212
-0.139131 0.418192
-0.301159 1.400809
2.117554 -0.882807
-0.202281 0.719104
-1.582156 -1.639212
-0.139131 0.418192
-0.301159 1.400809
2.127159 -0.914803
-0.202281 0.719104
-1.582156 -1.639212
-0.139131 0.418192
-0.301159 1.400809
2.127159 -0.914803
-0.208549 0.743056
-1.582156 -1.639212
-0.139131 0.418192
-0.301159 1.400809
2.127159 -0.914803
-0.202281 0.719104
-1.582156 -1.639212
-0.139131 0.418192
-0.301159 1.400809
2.127159 -0.914803
-0.202281 0.719104
-1.582156 -1.639212
-0.139131 0.418192
-0.301159 1.400809
2.127159 -0.914803
-0.202281 0.719104
-1.582156 -1.639212
-0.139131 0.418192
-0.301159 1.400809
2.172931 -0.933492
-0.219428 0.802309
-1.582156 -1.639212
-0.139131 0.418192
-0.301159 1.400809
2.127159 -0.914803
-0.202281 0.719104
-1.582156 -1.639212
-0.139131 0.418192
-0.301159 1.400809
2.127159 -0.914803
-0.202281 0.719104
-1.582156 -1.639212
-0.139131 0.418192
-0.301159 1.400809
2.127159 -0.914803
-0.202281 0.719104
-1.582156 -1.639212
-0.139131 0.418192
-0.301159 1.400809
2.127159 -0.914803
-0.202281 0.719104
-1.582156 -1.639212
-0.139131 0.418192
-0.301159 1.400809
2.127159 -0.914803
-0.202281 0.719104
-1.582156 -1.639212
-0.139131 0.418192
-0.301159 1.400809
2.127159 -0.914803
-0.202281 0.719104
-1.398234 -1.719542
-0.139131 0.418192
-0.447408 1.246470
2.127159 -0.914803
-0.202281 0.719104
-1.582156 -1.639212
-0.139131 0.418192
-0.301159 1.400809
2.127159 -0.914803
-0.202281 0.719104
-1.582156 -1.639212
-0.139131 0.418192
-0.301159 1.400809
2.127159 -0.914803
-0.212004 0.751783
-1.582156 -1.639212
-0.162680 0.507266
-0.301159 1.400809
2.127159 -0.914803
-0.244939 0.912102
-1.582156 -1.639212
-0.139131 0.418192
-0.301159 1.400809
2.127159 -0.914803
-0.235213 0.879412
-1.582156 -1.639212
-0.139131 0.418192
-0.301159 1.400809
2.127159 -0.914803
-0.202281 0.719104
-1.582156 -1.639212
-0.139131 0.418192
-0.301159 1.400809
2.127159 -0.914803
-0.202281 0.719104
-1.582156 -1.639212
-0.139131 0.418192
-0.301159 1.400809
2.127159 -0.914803
-0.235213 0.879412
-1.582156 -1.639212
-0.139131 0.418192
-0.301159 1.400809
2.127159 -0.914803
-0.202281 0.719104
-1.582156 -1.639212
-0.139131 0.418192
-0.447408 1.246470
2.127159 -0.914803
-0.202281 0.719104
-1.582156 -1.639212
-0.139131 0.418192
-0.301159 1.400809
2.127159 -0.914803
-0.202281 0.719104
-1.398234 -1.719542
-0.139131 0.418192
-0.301159 1.400809
2.172930 -0.933493
-0.202281 0.719104
-1.582156 -1.639212
-0.139131 0.418192
-0.301159 1.400809
2.053293 -0.989349
-0.202281 0.719104
-1.582156 -1.639212
-0.143959 0.434312
-0.301159 1.400809
2.053293 -0.989349
-0.202281 0.719104
-1.582156 -1.639212
-0.162680 0.507268
-0.301159 1.400809
2.127159 -0.914803
-0.202281 0.719104
-1.582156 -1.639212
-0.139131 0.418192
-0.301159 1.400809
2.127159 -0.914803
-0.202281 0.719104
-1.582156 -1.639212
-0.139131 0.418192
-0.301159 1.400809
2.127159 -0.914803
-0.202281 0.719104
-1.582156 -1.639212
-0.139131 0.418192
-0.301159 1.400809
2.127159 -0.914803
-0.202281 0.719104
-1.582156 -1.639212
-0.139131 0.418192
-0.375240 1.325997
2.127159 -0.914803
-0.145072 0.695710
-1.582156 -1.639212
-0.139131 0.418192
-0.301159 1.400809
2.127159 -0.914803
-0.145072 0.695710
-1.582156 -1.639212
-0.139131 0.418192
-0.301159 1.400809
2.109328 -0.856479
-0.145072 0.695710
-1.582156 -1.639212
-0.139131 0.418192
-0.301159 1.400809
2.127159 -0.914803
-0.145072 0.695710
-1.582156 -1.639212
-0.139131 0.418192
-0.301159 1.400809
2.127159 -0.914803
-0.202281 0.719104
-1.582156 -1.639212
-0.139131 0.418192
-0.301159 1.400809
2.127159 -0.914803
-0.202281 0.719104
-1.582156 -1.639212
-0.139131 0.418192
-0.309979 1.442042
2.127159 -0.914803
-0.202281 0.719104
-1.582156 -1.639212
-0.139131 0.418192
-0.301159 1.400809
2.127159 -0.914803
-0.202281 0.719104
-1.582156 -1.639212
-0.139131 0.418192
-0.301159 1.400809
2.127159 -0.914803
-0.202281 0.719104
-1.582156 -1.639212
-0.139131 0.418192
-0.301159 1.400809
2.127159 -0.914803
-0.202281 0.719104
-1.582156 -1.639212
-0.139131 0.418192
-0.301159 1.400809
2.127159 -0.914803
-0.202281 0.719104
-1.582156 -1.639212
-0.139131 0.418192
-0.301159 1.400809
2.127159 -0.914803
-0.202281 0.719104
-1.582156 -1.639212
-0.139131 0.418192
-0.301159 1.400809
2.127159 -0.914803
-0.202281 0.719104
-1.582156 -1.639212
-0.139131 0.418192
-0.447408 1.246470
2.127159 -0.914803
-0.235213 0.879412
-1.582156 -1.639212
-0.139131 0.418192
-0.301159 1.400809
2.109328 -0.856479
-0.212000 0.751759
-1.398234 -1.719542
-0.139131 0.418192
-0.301159 1.400809
2.127159 -0.914803
-0.212000 0.751759
-1.582156 -1.639212
-0.139131 0.418192
-0.301159 1.400809
2.117554 -0.882807
-0.202281 0.719104
-1.582156 -1.639212
-0.139131 0.418192
-0.301159 1.400809
2.127159 -0.914803
-0.202281 0.719104
-1.582156 -1.639212
-0.162680 0.507266
-0.301159 1.400809
2.127159 -0.914803
-0.235213 0.879412
-1.582156 -1.639212
-0.139131 0.418192
-0.301159 1.400809
2.127159 -0.914803
-0.202281 0.719104
-1.582156 -1.639212
-0.139131 0.418192
-0.301159 1.400809
2.127159 -0.914803
-0.202281 0.719104
-1.582156 -1.639212
-0.162680 0.507266
-0.301159 1.400809
2.127159 -0.914803
-0.202281 0.719104
-1.582156 -1.639212
-0.139131 0.418192
-0.301159 1.400809
2.109328 -0.856479
-0.202281 0.719104
-1.582156 -1.639212
-0.139131 0.418192
-0.301159 1.400809
2.127159 -0.914803
-0.202281 0.719104
-1.582156 -1.639212
-0.139131 0.418192
-0.375240 1.325997
2.127159 -0.914803
-0.202281 0.719104
-1.582156 -1.639212
-0.151587 0.465614
-0.301159 1.400809
2.127159 -0.914803
-0.202281 0.719104
-1.582156 -1.639212
-0.139131 0.418192
-0.375240 1.325997
2.127159 -0.914803
-0.202281 0.719104
-1.582156 -1.639212
-0.139131 0.418192
-0.301159 1.400809
2.127159 -0.914803
-0.235213 0.879412
-1.582156 -1.639212
-0.139131 0.418192
-0.301159 1.400809
2.127159 -0.914803
-0.202281 0.719104
-1.582156 -1.639212
-0.139131 0.418192
-0.301159 1.400809
2.127159 -0.914803
-0.202281 0.719104
-1.582156 -1.639212
-0.139131 0.418192
-0.301159 1.400809
2.127159 -0.914803
-0.202281 0.719104
-1.582156 -1.639212
-0.139131 0.418192
-0.301159 1.400809
2.127159 -0.914803
-0.202281 0.719104
-1.582156 -1.639212
-0.139131 0.418192
-0.301159 1.400809
2.127159 -0.914803
-0.202281 0.719104
-1.582156 -1.639212
-0.139131 0.418192
-0.301159 1.400809
2.127159 -0.914803
-0.219428 0.802309
-1.582156 -1.639212
-0.139131 0.418192
-0.301159 1.400809
2.127159 -0.914803
-0.202281 0.719104
-1.398234 -1.719542
-0.139131 0.418192
-0.301159 1.400809
2.127159 -0.914803
-0.202281 0.719104
-1.582156 -1.639212
-0.139131 0.418192
-0.301159 1.400809
2.127159 -0.914803
-0.202281 0.719104
-1.490411 -1.676834
-0.139131 0.418192
-0.301159 1.400809
2.127159 -0.914803
-0.235213 0.879412
-1.582156 -1.639212
-0.139131 0.418192
-0.301159 1.400809
2.109328 -0.856479
-0.202281 0.719104
-1.618784 -1.676723
-0.139131 0.418192
-0.301159 1.400809
2.127159 -0.914803
-0.202281 0.719104
-1.582156 -1.639212
-0.139131 0.418192
-0.301159 1.400809
2.127159 -0.914803
-0.202281 0.719104
-1.582156 -1.639212
-0.139131 0.418192
-0.301159 1.400809
2.127159 -0.914803
-0.219428 0.802309
-1.582156 -1.639212
-0.139131 0.418192
-0.301159 1.400809
2.127159 -0.914803
-0.202281 0.719104
-1.582156 -1.639212
-0.139131 0.418192
-0.301159 1.400809
2.127159 -0.914803
-0.202281 0.719104
-1.398234 -1.719542
-0.139131 0.418192
-0.447408 1.246470
2.127159 -0.914803
-0.202281 0.719104
-1.582156 -1.639212
-0.139131 0.418192
-0.301159 1.400809
2.127159 -0.914803
-0.202281 0.719104
-1.582156 -1.639212
-0.151587 0.465614
-0.301159 1.400809
2.127159 -0.914803
-0.202281 0.719104
-1.582156 -1.639212
-0.139131 0.418192
-0.301159 1.400809
2.127159 -0.914803
-0.202281 0.719104
-1.582156 -1.639212
-0.139131 0.418192
-0.301159 1.400809
2.127159 -0.914803
-0.202281 0.719104
-1.582156 -1.639212
-0.047631 0.381010
-0.301159 1.400809
2.127159 -0.914803
-0.202281 0.719104
-1.582156 -1.639212
-0.047631 0.381010
-0.447408 1.246470
2.127159 -0.914803
-0.202281 0.719104
-1.582156 -1.639212
-0.139131 0.418192
-0.301159 1.400809
2.127159 -0.914803
-0.202281 0.719104
-1.398234 -1.719542
-0.139131 0.418192
-0.301159 1.400809
2.127159 -0.914803
-0.202281 0.719104
-1.582156 -1.639212
-0.139131 0.418192
-0.301159 1.400809
2.127159 -0.914803
-0.202281 0.719104
-1.582156 -1.639212
-0.162680 0.507266
-0.301159 1.400809
2.127159 -0.914803
-0.219428 0.802309
-1.582156 -1.639212
-0.139131 0.418192
-0.301159 1.400809
2.127159 -0.914803
-0.202281 0.719104
-1.582156 -1.639212
-0.139131 0.418192
-0.301159 1.400809
2.127159 -0.914803
-0.202281 0.719104
-1.582156 -1.639212
-0.162680 0.507266
-0.301159 1.400809
2.127159 -0.914803
-0.202281 0.719104
-1.582156 -1.639212
-0.139131 0.418192
-0.301159 1.400809
2.127159 -0.914803
-0.202281 0.719104
-1.582156 -1.639212
-0.139131 0.418192
-0.301159 1.400809
2.127159 -0.914803
-0.202281 0.719104
-1.582156 -1.639212
-0.139131 0.418192
-0.301159 1.400809
2.127159 -0.914803
-0.145072 0.695710
-1.582156 -1.639212
-0.139131 0.418192
-0.301159 1.400809
2.172931 -0.933492
-0.145072 0.695710
-1.582156 -1.639212
-0.139131 0.418192
-0.301159 1.400809
2.127159 -0.914803
-0.145072 0.695710
-1.618785 -1.676723
-0.139131 0.418192
-0.301159 1.400809
2.127159 -0.914803
-0.145072 0.695710
-1.582156 -1.639212
-0.139131 0.418192
-0.301159 1.400809
2.127159 -0.914803
-0.202281 0.719104
-1.582156 -1.639212
-0.162680 0.507266
-0.301159 1.400809
2.127159 -0.914803
-0.202281 0.719104
-1.618785 -1.676723
-0.139131 0.418192
-0.301159 1.400809
2.127159 -0.914803
-0.202281 0.719104
-1.582156 -1.639212
-0.139131 0.418192
-0.301159 1.400809
2.127159 -0.914803
-0.202281 0.719104
-1.582156 -1.639212
-0.139131 0.418192
-0.301159 1.400809
2.127159 -0.914803
-0.202281 0.719104
-1.582156 -1.639212
-0.139131 0.418192
-0.301159 1.400809
2.127159 -0.914803
-0.202281 0.719104
-1.582156 -1.639212
-0.139131 0.418192
-0.447408 1.246470
2.127159 -0.914803
-0.202281 0.719104
-1.582156 -1.639212
-0.139131 0.418192
-0.301159 1.400809
2.127159 -0.914803
-0.202281 0.719104
-1.582156 -1.639212
-0.139131 0.418192
-0.301159 1.400809
2.127159 -0.914803
-0.202281 0.719104
-1.582156 -1.639212
-0.139131 0.418192
-0.301159 1.400809
2.127159 -0.914803
-0.202281 0.719104
-1.582156 -1.639212
-0.139131 0.418192
-0.301159 1.400809
2.127159 -0.914803
-0.202281 0.719104
-1.398234 -1.719542
-0.139131 0.418192
-0.301159 1.400809
2.127159 -0.914803
-0.202281 0.719104
-1.582156 -1.639212
-0.139131 0.418192
-0.447408 1.246470
2.127159 -0.914803
-0.202281 0.719104
-1.582156 -1.639212
-0.139131 0.418192
-0.301159 1.400809
2.127159 -0.914803
-0.202281 0.719104
-1.582156 -1.639212
-0.162680 0.507266
-0.447408 1.246470
2.127159 -0.914803
-0.202281 0.719104
-1.582156 -1.639212
-0.139131 0.418192
-0.301159 1.400809
2.127159 -0.914803
-0.202281 0.719104
-1.490411 -1.676834
-0.139131 0.418192
-0.301159 1.400809
2.127159 -0.914803
-0.202281 0.719104
-1.582156 -1.639212
-0.139131 0.418192
-0.301159 1.400809
2.127159 -0.914803
-0.202281 0.719104
-1.582156 -1.639212
-0.139131 0.418192
-0.447408 1.246470
2.127159 -0.914803
-0.202281 0.719104
-1.582156 -1.639212
-0.139131 0.418192
-0.301159 1.400809
2.127159 -0.914803
-0.202281 0.719104
-1.582156 -1.639212
-0.139131 0.418192
-0.301159 1.400809
2.127159 -0.914803
-0.202281 0.719104
-1.490411 -1.676834
-0.139131 0.418192
-0.301159 1.400809
2.127159 -0.914803
-0.202281 0.719104
-1.582156 -1.639212
-0.139131 0.418192
-0.301159 1.400809
2.127159 -0.914803
-0.202281 0.719104
-1.582156 -1.639212
-0.139131 0.418192
-0.301159 1.400809
2.127159 -0.914803
-0.202281 0.719104
-1.582156 -1.639212
-0.139131 0.418192
-0.375240 1.325997
2.127159 -0.914803
-0.202281 0.719104
-1.398234 -1.719542
-0.139131 0.418192
-0.301159 1.400809
2.127159 -0.914803
-0.202281 0.719104
-1.582156 -1.639212
-0.139131 0.418192
-0.301159 1.400809
2.127159 -0.914803
-0.202281 0.719104
-1.582156 -1.639212
-0.139131 0.418192
-0.301159 1.400809
2.127159 -0.914803
-0.202281 0.719104
-1.582156 -1.639212
-0.139131 0.418192
-0.301159 1.400809
2.127159 -0.914803
-0.202281 0.719104
-1.582156 -1.639212
-0.139131 0.418192
-0.301159 1.400809
2.127159 -0.914803
-0.202281 0.719104
-1.398234 -1.719542
-0.139131 0.418192
-0.301159 1.400809
2.127159 -0.914803
-0.202281 0.719104
-1.582156 -1.639212
-0.139131 0.418192
-0.301159 1.400809
2.127159 -0.914803
-0.202281 0.719104
-1.582156 -1.639212
-0.139131 0.418192
-0.301159 1.400809
2.127159 -0.914803
-0.202281 0.719104
-1.582156 -1.639212
-0.139131 0.418192
-0.301159 1.400809
2.127159 -0.914803
-0.202281 0.719104
-1.582156 -1.639212
-0.139131 0.418192
-0.301159 1.400809
2.127159 -0.914803
-0.202281 0.719104
-1.582156 -1.639212
-0.139131 0.418192
-0.301159 1.400809
2.127159 -0.914803
-0.202281 0.719104
-1.582156 -1.639212
-0.139131 0.418192
-0.301159 1.400809
2.127159 -0.914803
-0.202281 0.719104
-1.582156 -1.639212
-0.139131 0.418192
-0.301159 1.400809
2.127159 -0.914803
-0.202281 0.719104
-1.582156 -1.639212
-0.139131 0.418192
-0.301159 1.400809
2.127159 -0.914803
-0.202281 0.719104
-1.582156 -1.639212
-0.139131 0.418192
-0.301159 1.400809
2.127159 -0.914803
-0.202281 0.719104
-1.582156 -1.639212
-0.139131 0.418192
-0.301159 1.400809
2.117554 -0.882807
-0.202281 0.719104
-1.582156 -1.639212
-0.139131 0.418192
-0.301159 1.400809
2.127159 -0.914803
-0.202281 0.719104
-1.582156 -1.639212
-0.139131 0.418192
-0.301159 1.400809
2.127159 -0.914803
-0.202281 0.719104
-1.582156 -1.639212
-0.139131 0.418192
-0.301159 1.400809
2.127159 -0.914803
-0.202281 0.719104
-1.582156 -1.639212
-0.139131 0.418192
-0.301159 1.400809
2.127159 -0.914803
-0.202281 0.719104
-1.490411 -1.676834
-0.139131 0.418192
-0.301159 1.400809
2.127159 -0.914803
-0.202281 0.719104
-1.582156 -1.639212
-0.139131 0.418192
-0.301159 1.400809
2.127159 -0.914803
-0.202281 0.719104
-1.582156 -1.639212
-0.139131 0.418192
-0.301159 1.400809
2.127159 -0.914803
-0.202281 0.719104
-1.582156 -1.639212
-0.139131 0.418192
-0.301159 1.400809
2.127159 -0.914803
-0.202281 0.719104
-1.582156 -1.639212
-0.139131 0.418192
-0.301159 1.400809
2.109328 -0.856479
-0.202281 0.719104
-1.582156 -1.639212
-0.139131 0.418192
-0.301159 1.400809
2.127159 -0.914803
-0.202281 0.719104
-1.582156 -1.639212
-0.139131 0.418192
-0.447408 1.246470
2.127159 -0.914803
-0.202281 0.719104
-1.582156 -1.639212
-0.139131 0.418192
-0.309979 1.442042
2.127159 -0.914803
-0.202281 0.719104
-1.398234 -1.719542
-0.139131 0.418192
-0.301159 1.400809
2.127159 -0.914803
-0.202281 0.719104
-1.582156 -1.639212
-0.139131 0.418192
-0.301159 1.400809
2.127159 -0.914803
-0.202281 0.719104
-1.582156 -1.639212
-0.185299 0.371601
-0.301159 1.400809
2.173031 -0.933614
-0.202281 0.719104
-1.582156 -1.639212
-0.185299 0.371601
-0.301159 1.400809
2.127159 -0.914803
-0.202281 0.719104
-1.582156 -1.639212
-0.185299 0.371601
-0.301159 1.400809
2.127159 -0.914803
-0.202281 0.719104
-1.582156 -1.639212
-0.185299 0.371601
-0.301159 1.400809
2.127159 -0.914803
-0.202281 0.719104
-1.582156 -1.639212
-0.139131 0.418192
-0.301159 1.400809
2.127159 -0.914803
-0.202281 0.719104
-1.582156 -1.639212
-0.139131 0.418192
-0.301159 1.400809
2.127159 -0.914803
-0.202281 0.719104
-1.582156 -1.639212
-0.139131 0.418192
-0.301159 1.400809
2.127159 -0.914803
-0.202281 0.719104
-1.582156 -1.639212
-0.139131 0.418192
-0.301159 1.400809
2.127159 -0.914803
-0.202281 0.719104
-1.582156 -1.639212
-0.139131 0.418192
-0.309733 1.442412
2.127159 -0.914803
-0.202281 0.719104
-1.582156 -1.639212
-0.139131 0.418192
-0.301159 1.400809
2.127159 -0.914803
-0.202281 0.719104
-1.582156 -1.639212
-0.139131 0.418192
-0.301159 1.400809
2.127159 -0.914803
-0.202281 0.719104
-1.582156 -1.639212
-0.139131 0.418192
-0.301159 1.400809
2.127159 -0.914803
-0.202281 0.719104
-1.582156 -1.639212
-0.139131 0.418192
-0.301159 1.400809
2.127159 -0.914803
-0.202281 0.719104
-1.582156 -1.639212
-0.139131 0.418192
-0.301159 1.400809
2.127159 -0.914803
-0.202281 0.719104
-1.582156 -1.639212
-0.139131 0.418192
-0.323114 1.507682
2.127159 -0.914803
-0.202281 0.719104
-1.582156 -1.639212
-0.139131 0.418192
-0.301159 1.400809
2.127159 -0.914803
-0.202281 0.719104
-1.582156 -1.639212
-0.139131 0.418192
-0.301159 1.400809
2.127159 -0.914803
-0.217980 0.778486
-1.582156 -1.639212
-0.139131 0.418192
-0.301159 1.400809
2.127159 -0.914803
-0.202281 0.719104
-1.582156 -1.639212
-0.139131 0.418192
-0.301159 1.400809
2.127159 -0.914803
-0.202281 0.719104
-1.582156 -1.639212
-0.139131 0.418192
-0.301159 1.400809
2.127159 -0.914803
-0.202281 0.719104
-1.582156 -1.639212
-0.139131 0.418192
-0.323114 1.507682
2.127159 -0.914803
-0.202281 0.719104
-1.582156 -1.639212
-0.139131 0.418192
-0.301159 1.400809
2.127159 -0.914803
-0.202281 0.719104
-1.582156 -1.639212
-0.139131 0.418192
-0.301159 1.400809
2.127159 -0.914803
-0.202281 0.719104
-1.679655 -1.742105
-0.139131 0.418192
-0.313695 1.448715
2.127159 -0.914803
-0.202281 0.719104
-1.582156 -1.639212
-0.139131 0.418192
-0.313695 1.448715
2.127159 -0.914803
-0.202281 0.719104
-1.582156 -1.639212
-0.139131 0.418192
-0.301159 1.400809
2.127159 -0.914803
-0.202281 0.719104
-1.582156 -1.639212
-0.139131 0.418192
-0.301159 1.400809
2.127159 -0.914803
-0.202281 0.719104
-1.582156 -1.639212
-0.139131 0.418192
-0.301159 1.400809
2.173031 -0.933614
-0.202281 0.719104
-1.582156 -1.639212
-0.139131 0.418192
-0.301159 1.400809
2.127159 -0.914803
-0.202281 0.719104
-1.679655 -1.742105
-0.139131 0.418192
-0.301159 1.400809
2.127159 -0.914803
-0.145093 0.695865
-1.582156 -1.639212
-0.139131 0.418192
-0.301159 1.400809
2.127159 -0.914803
-0.145093 0.695865
-1.582156 -1.639212
-0.139131 0.418192
-0.301159 1.400809
2.127159 -0.914803
-0.145093 0.695865
-1.582156 -1.639212
-0.139131 0.418192
-0.301159 1.400809
2.127159 -0.914803
-0.145093 0.695865
-1.582156 -1.639212
-0.139131 0.418192
-0.301159 1.400809
2.127159 -0.914803
-0.202281 0.719104
-1.582156 -1.639212
-0.139131 0.418192
-0.301159 1.400809
2.127159 -0.914803
-0.202281 0.719104
-1.582156 -1.639212
-0.139131 0.418192
-0.301159 1.400809
2.127159 -0.914803
-0.202281 0.719104
-1.582156 -1.639212
-0.139131 0.418192
-0.301159 1.400809
2.127159 -0.914803
-0.202281 0.719104
-1.582156 -1.639212
-0.139131 0.418192
-0.301159 1.400809
2.127159 -0.914803
-0.217980 0.778486
-1.582156 -1.639212
-0.139131 0.418192
-0.301159 1.400809
2.127159 -0.914803
-0.202281 0.719104
-1.582156 -1.639212
-0.139131 0.418192
-0.301159 1.400809
2.249773 -0.968356
-0.202281 0.719104
-1.582156 -1.639212
-0.139131 0.418192
-0.301159 1.400809
2.127159 -0.914803
-0.202281 0.719104
-1.582156 -1.639212
-0.139131 0.418192
-0.301159 1.400809
2.127159 -0.914803
-0.202281 0.719104
-1.582156 -1.639212
-0.139131 0.418192
-0.301159 1.400809
2.127159 -0.914803
-0.202281 0.719104
-1.582156 -1.639212
-0.139131 0.418192
-0.301159 1.400809
2.127159 -0.914803
-0.202281 0.719104
-1.582156 -1.639212
-0.139131 0.418192
-0.301159 1.400809
2.127159 -0.914803
-0.202281 0.719104
-1.582156 -1.639212
-0.139131 0.418192
-0.309733 1.442412
2.127159 -0.914803
-0.202281 0.719104
-1.582156 -1.639212
-0.139131 0.418192
-0.301159 1.400809
2.249773 -0.968356
-0.202281 0.719104
-1.582156 -1.639212
-0.139131 0.418192
-0.301159 1.400809
2.127159 -0.914803
-0.202281 0.719104
-1.582156 -1.639212
-0.139131 0.418192
-0.301159 1.400809
2.127159 -0.914803
-0.202281 0.719104
-1.582156 -1.639212
-0.139131 0.418192
-0.301159 1.400809
2.127159 -0.914803
-0.211937 0.751342
-1.582156 -1.639212
-0.139131 0.418192
-0.301159 1.400809
2.127159 -0.914803
-0.211937 0.751342
-1.582156 -1.639212
-0.139131 0.418192
-0.301159 1.400809
2.127159 -0.914803
-0.202281 0.719104
-1.582156 -1.639212
-0.139131 0.418192
-0.301159 1.400809
2.127159 -0.914803
-0.202281 0.719104
-1.582156 -1.639212
-0.151018 0.457075
-0.301159 1.400809
2.127159 -0.914803
-0.202281 0.719104
-1.582156 -1.639212
-0.139131 0.418192
-0.301159 1.400809
2.127159 -0.914803
-0.202281 0.719104
-1.582156 -1.639212
-0.139131 0.418192
-0.301159 1.400809
2.127159 -0.914803
-0.202281 0.719104
-1.582156 -1.639212
-0.139131 0.418192
-0.301159 1.400809
2.249773 -0.968356
-0.202281 0.719104
-1.582156 -1.639212
-0.139131 0.418192
-0.301159 1.400809
2.127159 -0.914803
-0.202281 0.719104
-1.582156 -1.639212
-0.139131 0.418192
-0.301159 1.400809
2.127159 -0.914803
-0.202281 0.719104
-1.582156 -1.639212
-0.139131 0.418192
-0.301159 1.400809
2.127159 -0.914803
-0.217980 0.778486
-1.582156 -1.639212
-0.151018 0.457075
-0.301159 1.400809
2.127159 -0.914803
-0.202281 0.719104
-1.582156 -1.639212
-0.139131 0.418192
-0.301159 1.400809
2.127159 -0.914803
-0.202281 0.719104
-1.582156 -1.639212
-0.139131 0.418192
-0.301159 1.400809
2.127159 -0.914803
-0.202281 0.719104
-1.582156 -1.639212
-0.139131 0.418192
-0.301159 1.400809
2.127159 -0.914803
-0.202281 0.719104
-1.582156 -1.639212
-0.139131 0.418192
-0.301159 1.400809
2.127159 -0.914803
-0.202281 0.719104
-1.582156 -1.639212
-0.139131 0.418192
-0.301159 1.400809
2.127159 -0.914803
-0.202281 0.719104
-1.582156 -1.639212
-0.139131 0.418192
-0.301159 1.400809
2.127159 -0.914803
-0.202281 0.719104
-1.582156 -1.639212
-0.139131 0.418192
-0.301159 1.400809
2.127159 -0.914803
-0.202281 0.719104
-1.679655 -1.742105
-0.139131 0.418192
-0.301159 1.400809
2.127159 -0.914803
-0.202281 0.719104
-1.582156 -1.639212
-0.139131 0.418192
-0.301159 1.400809
2.127159 -0.914803
-0.202281 0.719104
-1.582156 -1.639212
-0.139131 0.418192
-0.301159 1.400809
2.127159 -0.914803
-0.202281 0.719104
-1.582156 -1.639212
-0.139131 0.418192
-0.323114 1.507682
2.127159 -0.914803
-0.202281 0.719104
-1.582156 -1.639212
-0.139131 0.418192
-0.301159 1.400809
2.127159 -0.914803
-0.202281 0.719104
-1.582156 -1.639212
-0.139131 0.418192
-0.301159 1.400809
2.127159 -0.914803
-0.202281 0.719104
-1.582156 -1.639212
-0.143934 0.434190
-0.301159 1.400809
2.127159 -0.914803
-0.202281 0.719104
-1.582156 -1.639212
-0.139131 0.418192
-0.301159 1.400809
2.127159 -0.914803
-0.202281 0.719104
-1.582156 -1.639212
-0.139131 0.418192
-0.301159 1.400809
2.127159 -0.914803
-0.202281 0.719104
-1.582156 -1.639212
-0.139131 0.418192
-0.301159 1.400809
2.127159 -0.914803
-0.202281 0.719104
-1.582156 -1.639212
-0.139131 0.418192
-0.301159 1.400809
2.127159 -0.914803
-0.202281 0.719104
-1.582156 -1.639212
-0.143934 0.434190
-0.301159 1.400809
2.127159 -0.914803
-0.202281 0.719104
-1.582156 -1.639212
-0.139131 0.418192
-0.301159 1.400809
2.127159 -0.914803
-0.202281 0.719104
-1.582156 -1.639212
-0.139131 0.418192
-0.301159 1.400809
2.127159 -0.914803
-0.202281 0.719104
-1.582156 -1.639212
-0.139131 0.418192
-0.301159 1.400809
2.127159 -0.914803
-0.202281 0.719104
-1.582156 -1.639212
-0.139131 0.418192
-0.313695 1.448715
2.127159 -0.914803
-0.202281 0.719104
-1.582156 -1.639212
-0.139131 0.418192
-0.313695 1.448715
2.127159 -0.914803
-0.202281 0.719104
-1.582156 -1.639212
-0.139131 0.418192
-0.301159 1.400809
2.127159 -0.914803
-0.202281 0.719104
-1.582156 -1.639212
-0.139131 0.418192
-0.301159 1.400809
2.127159 -0.914803
-0.202281 0.719104
-1.582156 -1.639212
-0.139131 0.418192
-0.301159 1.400809
2.127159 -0.914803
-0.202281 0.719104
-1.582156 -1.639212
-0.139131 0.418192
-0.301159 1.400809
2.127159 -0.914803
-0.202281 0.719104
-1.582156 -1.639212
-0.139131 0.418192
-0.301159 1.400809
2.127159 -0.914803
-0.202281 0.719104
-1.582156 -1.639212
-0.047587 0.380813
-0.301159 1.400809
2.127159 -0.914803
-0.202281 0.719104
-1.582156 -1.639212
-0.047587 0.380813
-0.309733 1.442412
2.127159 -0.914803
-0.202281 0.719104
-1.582156 -1.639212
-0.139131 0.418192
-0.301159 1.400809
2.127159 -0.914803
-0.202281 0.719104
-1.582156 -1.639212
-0.139131 0.418192
-0.301159 1.400809
2.127159 -0.914803
-0.202281 0.719104
-1.582156 -1.639212
-0.139131 0.418192
-0.301159 1.400809
2.127159 -0.914803
-0.202281 0.719104
-1.582156 -1.639212
-0.139131 0.418192
-0.301159 1.400809
2.127159 -0.914803
-0.202281 0.719104
-1.582156 -1.639212
-0.139131 0.418192
-0.301159 1.400809
2.127159 -0.914803
-0.202281 0.719104
-1.582156 -1.639212
-0.139131 0.418192
-0.301159 1.400809
2.127159 -0.914803
-0.202281 0.719104
-1.582156 -1.639212
-0.139131 0.418192
-0.301159 1.400809
2.127159 -0.914803
-0.202281 0.719104
-1.582156 -1.639212
-0.139131 0.418192
-0.301159 1.400809
2.127159 -0.914803
-0.202281 0.719104
-1.582156 -1.639212
-0.139131 0.418192
-0.301159 1.400809
2.127159 -0.914803
-0.202281 0.719104
-1.582156 -1.639212
-0.139131 0.418192
-0.301159 1.400809
2.127159 -0.914803
-0.202281 0.719104
-1.582156 -1.639212
-0.139131 0.418192
-0.301159 1.400809
2.127159 -0.914803
-0.202281 0.719104
-1.582156 -1.639212
-0.139131 0.418192
-0.301159 1.400809
2.127159 -0.914803
-0.202281 0.719104
-1.679655 -1.742105
-0.139131 0.418192
-0.301159 1.400809
2.249773 -0.968356
-0.202281 0.719104
-1.582156 -1.639212
-0.139131 0.418192
-0.301159 1.400809
2.127159 -0.914803
-0.202281 0.719104
-1.582156 -1.639212
-0.139131 0.418192
-0.301159 1.400809
2.127159 -0.914803
-0.202281 0.719104
-1.582156 -1.639212
-0.139131 0.418192
-0.301159 1.400809
2.127159 -0.914803
-0.202281 0.719104
-1.582156 -1.639212
-0.139131 0.418192
-0.301159 1.400809
2.127159 -0.914803
-0.202281 0.719104
-1.582156 -1.639212
-0.139131 0.418192
-0.307236 1.421234
2.127159 -0.914803
-0.217980 0.778486
-1.582156 -1.639212
-0.139131 0.418192
-0.307236 1.421234
2.127159 -0.914803
-0.202281 0.719104
-1.582156 -1.639212
-0.139131 0.418192
-0.329193 1.528113
2.127159 -0.914803
-0.202281 0.719104
-1.582156 -1.639212
-0.139131 0.418192
-0.307236 1.421234
2.127159 -0.914803
-0.202281 0.719104
-1.582156 -1.639212
-0.139131 0.418192
-0.323114 1.507682
2.127159 -0.914803
-0.202281 0.719104
-1.582156 -1.639212
-0.139131 0.418192
-0.301159 1.400809
2.127159 -0.914803
-0.202281 0.719104
-1.582156 -1.639212
-0.139131 0.418192
-0.301159 1.400809
2.127159 -0.914803
-0.202281 0.719104
-1.582156 -1.639212
-0.139131 0.418192
-0.301159 1.400809
2.127159 -0.914803
-0.202281 0.719104
-1.582156 -1.639212
-0.139131 0.418192
-0.301159 1.400809
2.127159 -0.914803
-0.202281 0.719104
-1.582156 -1.639212
-0.139131 0.418192
-0.301159 1.400809
2.127159 -0.914803
-0.202281 0.719104
-1.582156 -1.639212
-0.139131 0.418192
-0.301159 1.400809
2.127159 -0.914803
-0.202281 0.719104
-1.582156 -1.639212
-0.139131 0.418192
-0.323114 1.507682
2.127159 -0.914803
-0.202281 0.719104
-1.582156 -1.639212
-0.139131 0.418192
-0.301159 1.400809
2.127159 -0.914803
-0.202281 0.719104
-1.582156 -1.639212
-0.139131 0.418192
-0.301159 1.400809
2.127159 -0.914803
-0.202281 0.719104
-1.679655 -1.742105
-0.139131 0.418192
-0.301159 1.400809
2.127159 -0.914803
-0.202281 0.719104
-1.582156 -1.639212
-0.139131 0.418192
-0.301159 1.400809
2.127159 -0.914803
-0.202281 0.719104
-1.582156 -1.639212
-0.139131 0.418192
-0.301159 1.400809
2.249773 -0.968356
-0.202281 0.719104
-1.582156 -1.639212
-0.047588 0.380811
-0.301159 1.400809
2.127159 -0.914803
-0.202281 0.719104
-1.582156 -1.639212
-0.047588 0.380811
-0.301159 1.400809
2.127159 -0.914803
-0.202281 0.719104
-1.582156 -1.639212
-0.185298 0.371600
-0.301159 1.400809
2.127159 -0.914803
-0.202281 0.719104
-1.582156 -1.639212
-0.185298 0.371600
-0.301159 1.400809
2.127159 -0.914803
-0.211937 0.751344
-1.582156 -1.639212
-0.185298 0.371600
-0.301159 1.400809
2.127159 -0.914803
-0.211937 0.751344
-1.582156 -1.639212
-0.185298 0.371600
-0.301159 1.400809
2.127159 -0.914803
-0.202281 0.719104
-1.582156 -1.639212
-0.139131 0.418192
-0.301159 1.400809
2.127159 -0.914803
-0.217980 0.778487
-1.582156 -1.639212
-0.139131 0.418192
-0.301159 1.400809
2.127159 -0.914803
-0.202281 0.719104
-1.582156 -1.639212
-0.139131 0.418192
-0.301159 1.400809
2.127159 -0.914803
-0.202281 0.719104
-1.582156 -1.639212
-0.139131 0.418192
-0.301159 1.400809
2.127159 -0.914803
-0.202281 0.719104
-1.582156 -1.639212
-0.139131 0.418192
-0.301159 1.400809
2.127159 -0.914803
-0.202281 0.719104
-1.582156 -1.639212
-0.139131 0.418192
-0.301159 1.400809
2.127159 -0.914803
-0.202281 0.719104
-1.582156 -1.639212
-0.139131 0.418192
-0.301159 1.400809
2.127159 -0.914803
-0.202281 0.719104
-1.582156 -1.639212
-0.139131 0.418192
-0.301159 1.400809
2.127159 -0.914803
-0.202281 0.719104
-1.619196 -1.676618
-0.139131 0.418192
-0.301159 1.400809
2.127159 -0.914803
-0.202281 0.719104
-1.582156 -1.639212
-0.139131 0.418192
-0.301159 1.400809
2.127159 -0.914803
-0.202281 0.719104
-1.582156 -1.639212
-0.139131 0.418192
-0.301159 1.400809
2.127159 -0.914803
-0.202281 0.719104
-1.582156 -1.639212
-0.139131 0.418192
-0.301159 1.400809
2.127159 -0.914803
-0.202281 0.719104
-1.582156 -1.639212
-0.139131 0.418192
-0.301159 1.400809
2.127159 -0.914803
-0.202281 0.719104
-1.582156 -1.639212
-0.151018 0.457075
-0.301159 1.400809
2.127159 -0.914803
-0.202281 0.719104
-1.582156 -1.639212
-0.139131 0.418192
-0.301159 1.400809
2.127159 -0.914803
-0.202281 0.719104
-1.582156 -1.639212
-0.139131 0.418192
-0.301159 1.400809
2.127159 -0.914803
-0.202281 0.719104
-1.582156 -1.639212
-0.139131 0.418192
-0.301159 1.400809
2.127159 -0.914803
-0.202281 0.719104
-1.582156 -1.639212
-0.139131 0.418192
-0.301159 1.400809
2.127159 -0.914803
-0.202281 0.719104
-1.582156 -1.639212
-0.139131 0.418192
-0.301159 1.400809
2.127159 -0.914803
-0.202281 0.719104
-1.582156 -1.639212
-0.139131 0.418192
-0.301159 1.400809
2.127159 -0.914803
-0.202281 0.719104
-1.599797 -1.556747
-0.139131 0.418192
-0.301159 1.400809
2.127159 -0.914803
-0.202281 0.719104
-1.599797 -1.556747
-0.139131 0.418192
-0.301159 1.400809
2.127159 -0.914803
-0.202281 0.719104
-1.582156 -1.639212
-0.139131 0.418192
-0.301159 1.400809
2.127159 -0.914803
-0.202281 0.719104
-1.582156 -1.639212
-0.139131 0.418192
-0.301159 1.400809
2.127159 -0.914803
-0.202281 0.719104
-1.582156 -1.639212
-0.139131 0.418192
-0.301159 1.400809
2.127159 -0.914803
-0.202281 0.719104
-1.582156 -1.639212
-0.139131 0.418192
-0.301159 1.400809
2.127159 -0.914803
-0.202281 0.719104
-1.582156 -1.639212
-0.139131 0.418192
-0.301159 1.400809
2.127159 -0.914803
-0.202281 0.719104
-1.582156 -1.639212
-0.139131 0.418192
-0.301159 1.400809
2.127159 -0.914803
-0.202281 0.719104
-1.582156 -1.639212
-0.139131 0.418192
-0.301159 1.400809
2.127159 -0.914803
-0.202281 0.719104
-1.582156 -1.639212
-0.139131 0.418192
-0.301159 1.400809
2.127159 -0.914803
-0.202281 0.719104
-1.582156 -1.639212
-0.139131 0.418192
-0.301159 1.400809
2.127159 -0.914803
-0.202281 0.719104
-1.582156 -1.639212
-0.139131 0.418192
-0.301159 1.400809
2.127159 -0.914803
-0.202281 0.719104
-1.582156 -1.639212
-0.139131 0.418192
-0.301159 1.400809
2.127159 -0.914803
-0.202281 0.719104
-1.582156 -1.639212
-0.139131 0.418192
-0.301159 1.400809
2.127159 -0.914803
-0.202281 0.719104
-1.679655 -1.742105
-0.139131 0.418192
-0.301159 1.400809
2.127159 -0.914803
-0.202281 0.719104
-1.582156 -1.639212
-0.139131 0.418192
-0.301159 1.400809
2.127159 -0.914803
-0.202281 0.719104
-1.582156 -1.639212
-0.151018 0.457075
-0.323114 1.507682
2.127159 -0.914803
-0.202281 0.719104
-1.582156 -1.639212
-0.139131 0.418192
-0.307233 1.421219
2.127159 -0.914803
-0.202281 0.719104
-1.582156 -1.639212
-0.139131 0.418192
-0.307233 1.421219
2.249773 -0.968356
-0.202281 0.719104
-1.582156 -1.639212
-0.139131 0.418192
-0.307233 1.421219
2.127159 -0.914803
-0.202281 0.719104
-1.582156 -1.639212
-0.143934 0.434190
-0.307233 1.421219
2.127159 -0.914803
-0.202281 0.719104
-1.582156 -1.639212
-0.139131 0.418192
-0.301159 1.400809
2.127159 -0.914803
-0.202281 0.719104
-1.582156 -1.639212
-0.139131 0.418192
-0.301159 1.400809
2.127159 -0.914803
-0.202281 0.719104
-1.582156 -1.639212
-0.139131 0.418192
-0.301159 1.400809
2.127159 -0.914803
-0.202281 0.719104
-1.582156 -1.639212
-0.139131 0.418192
-0.301159 1.400809
2.127159 -0.914803
-0.217980 0.778486
-1.582156 -1.639212
-0.139131 0.418192
-0.301159 1.400809
2.127159 -0.914803
-0.202281 0.719104
-1.582156 -1.639212
-0.139131 0.418192
-0.323114 1.507682
2.127159 -0.914803
-0.202281 0.719104
-1.582156 -1.639212
-0.139131 0.418192
-0.301159 1.400809
2.127159 -0.914803
-0.202281 0.719104
-1.582156 -1.639212
-0.139131 0.418192
-0.301159 1.400809
2.127159 -0.914803
-0.202281 0.719104
-1.582156 -1.639212
-0.139131 0.418192
-0.301159 1.400809
2.127159 -0.914803
-0.217980 0.778486
-1.582156 -1.639212
-0.139131 0.418192
-0.301159 1.400809
2.127159 -0.914803
-0.202281 0.719104
-1.582156 -1.639212
-0.139131 0.418192
-0.301159 1.400809
2.127159 -0.914803
-0.202281 0.719104
-1.582156 -1.639212
-0.139131 0.418192
-0.301159 1.400809
2.127159 -0.914803
-0.202281 0.719104
-1.582156 -1.639212
-0.151018 0.457075
-0.301159 1.400809
2.127159 -0.914803
-0.202281 0.719104
-1.582156 -1.639212
-0.139131 0.418192
-0.301159 1.400809
2.127159 -0.914803
-0.202281 0.719104
-1.582156 -1.639212
-0.139131 0.418192
-0.301159 1.400809
2.127159 -0.914803
-0.202281 0.719104
-1.582156 -1.639212
-0.139131 0.418192
-0.301159 1.400809
2.127159 -0.914803
-0.202281 0.719104
-1.619196 -1.676618
-0.139131 0.418192
-0.301159 1.400809
2.127159 -0.914803
-0.208509 0.742815
-1.582156 -1.639212
-0.139131 0.418192
-0.301159 1.400809
2.127159 -0.914803
-0.202281 0.719104
-1.582156 -1.639212
-0.139131 0.418192
-0.301159 1.400809
2.127159 -0.914803
-0.202281 0.719104
-1.582156 -1.639212
-0.139131 0.418192
-0.301159 1.400809
2.127159 -0.914803
-0.202281 0.719104
-1.619196 -1.676618
-0.139131 0.418192
-0.301159 1.400809
2.127159 -0.914803
-0.202281 0.719104
-1.582156 -1.639212
-0.139131 0.418192
-0.301159 1.400809
2.127159 -0.914803
-0.202281 0.719104
-1.582156 -1.639212
-0.139131 0.418192
-0.323114 1.507682
2.127159 -0.914803
-0.202281 0.719104
-1.582156 -1.639212
-0.139131 0.418192
-0.301159 1.400809
2.127159 -0.914803
-0.202281 0.719104
-1.582156 -1.639212
-0.139131 0.418192
-0.301159 1.400809
2.127159 -0.914803
-0.202281 0.719104
-1.582156 -1.639212
-0.139131 0.418192
-0.301159 1.400809
2.127159 -0.914803
-0.202281 0.719104
-1.582156 -1.639212
-0.139131 0.418192
-0.301159 1.400809
2.127159 -0.914803
-0.202281 0.719104
-1.582156 -1.639212
-0.139131 0.418192
-0.301159 1.400809
2.127159 -0.914803
-0.202281 0.719104
-1.582156 -1.639212
-0.139131 0.418192
-0.301159 1.400809
2.127159 -0.914803
-0.202281 0.719104
-1.582156 -1.639212
-0.139131 0.418192
-0.301159 1.400809
2.127159 -0.914803
-0.202281 0.719104
-1.582156 -1.639212
-0.139131 0.418192
-0.301159 1.400809
2.127159 -0.914803
-0.202281 0.719104
-1.582156 -1.639212
-0.139131 0.418192
-0.301159 1.400809
2.127159 -0.914803
-0.202281 0.719104
-1.582156 -1.639212
-0.139131 0.418192
-0.301159 1.400809
2.127159 -0.914803
-0.202281 0.719104
-1.582156 -1.639212
-0.139131 0.418192
-0.301159 1.400809
2.127159 -0.914803
-0.202281 0.719104
-1.582156 -1.639212
-0.139131 0.418192
-0.301159 1.400809
2.127159 -0.914803
-0.202281 0.719104
-1.582156 -1.639212
-0.139131 0.418192
-0.309733 1.442412
2.127159 -0.914803
-0.202281 0.719104
-1.582156 -1.639212
-0.139131 0.418192
-0.301159 1.400809
2.249773 -0.968356
-0.202281 0.719104
-1.582156 -1.639212
-0.139131 0.418192
-0.301159 1.400809
2.127159 -0.914803
-0.202281 0.719104
-1.582156 -1.639212
-0.139131 0.418192
-0.301159 1.400809
2.127159 -0.914803
-0.202281 0.719104
-1.582156 -1.639212
-0.139131 0.418192
-0.301159 1.400809
2.127159 -0.914803
-0.202281 0.719104
-1.582156 -1.639212
-0.139131 0.418192
-0.301159 1.400809
2.173031 -0.933614
-0.202281 0.719104
-1.582156 -1.639212
-0.139131 0.418192
-0.301159 1.400809
2.127159 -0.914803
-0.202281 0.719104
-1.582156 -1.639212
-0.139131 0.418192
-0.323114 1.507682
2.127159 -0.914803
-0.202281 0.719104
-1.582156 -1.639212
-0.151018 0.457075
-0.301159 1.400809
2.127159 -0.914803
-0.202281 0.719104
-1.582156 -1.639212
-0.139131 0.418192
-0.301159 1.400809
2.053901 -0.989824
-0.202281 0.719104
-1.582156 -1.639212
-0.139131 0.418192
-0.301159 1.400809
2.053901 -0.989824
-0.202281 0.719104
-1.582156 -1.639212
-0.139131 0.418192
-0.301159 1.400809
2.127159 -0.914803
-0.202281 0.719104
-1.582156 -1.639212
-0.139131 0.418192
-0.301159 1.400809
2.127159 -0.914803
-0.202281 0.719104
-1.582156 -1.639212
-0.139131 0.418192
-0.301159 1.400809
2.127159 -0.914803
-0.202281 0.719104
-1.582156 -1.639212
-0.139131 0.418192
-0.301159 1.400809
2.127159 -0.914803
-0.202281 0.719104
-1.582156 -1.639212
-0.139131 0.418192
-0.301159 1.400809
2.127159 -0.914803
-0.202281 0.719104
-1.582156 -1.639212
-0.139131 0.418192
-0.309733 1.442412
2.127159 -0.914803
-0.202281 0.719104
-1.582156 -1.639212
-0.139131 0.418192
-0.301159 1.400809
2.127159 -0.914803
-0.202281 0.719104
-1.582156 -1.639212
-0.139131 0.418192
-0.301159 1.400809
2.127159 -0.914803
-0.202281 0.719104
-1.582156 -1.639212
-0.139131 0.418192
-0.301159 1.400809
2.249773 -0.968356
-0.202281 0.719104
-1.582156 -1.639212
-0.139131 0.418192
-0.301159 1.400809
2.127159 -0.914803
-0.202281 0.719104
-1.679655 -1.742105
-0.139131 0.418192
-0.301159 1.400809
2.127159 -0.914803
-0.202281 0.719104
-1.582156 -1.639212
-0.139131 0.418192
-0.301159 1.400809
2.127159 -0.914803
-0.202281 0.719104
-1.582156 -1.639212
-0.139131 0.418192
-0.301159 1.400809
2.127159 -0.914803
-0.208509 0.742815
-1.582156 -1.639212
-0.139131 0.418192
-0.301159 1.400809
2.127159 -0.914803
-0.202281 0.719104
-1.582156 -1.639212
-0.139131 0.418192
-0.301159 1.400809
2.127159 -0.914803
-0.202281 0.719104
-1.582156 -1.639212
-0.139131 0.418192
-0.301159 1.400809
2.127159 -0.914803
-0.202281 0.719104
-1.582156 -1.639212
-0.139131 0.418192
-0.301159 1.400809
2.127159 -0.914803
-0.202281 0.719104
-1.582156 -1.639212
-0.139131 0.418192
-0.301159 1.400809
2.127159 -0.914803
-0.202281 0.719104
-1.582156 -1.639212
-0.139131 0.418192
-0.301159 1.400809
2.127159 -0.914803
-0.145093 0.695865
-1.582156 -1.639212
-0.139131 0.418192
-0.301159 1.400809
2.127159 -0.914803
-0.145093 0.695865
-1.582156 -1.639212
-0.139131 0.418192
-0.301159 1.400809
2.127159 -0.914803
-0.145093 0.695865
-1.582156 -1.639212
-0.139131 0.418192
-0.301159 1.400809
2.127159 -0.914803
-0.145093 0.695865
-1.679655 -1.742105
-0.139131 0.418192
-0.301159 1.400809
2.127159 -0.914803
-0.202281 0.719104
-1.582156 -1.639212
-0.139131 0.418192
-0.301159 1.400809
2.127159 -0.914803
-0.202281 0.719104
-1.582156 -1.639212
-0.139131 0.418192
-0.301159 1.400809
2.249773 -0.968356
-0.202281 0.719104
-1.582156 -1.639212
-0.139131 0.418192
-0.301159 1.400809
2.127159 -0.914803
-0.202281 0.719104
-1.582156 -1.639212
-0.139131 0.418192
-0.301159 1.400809
2.127159 -0.914803
-0.202281 0.719104
-1.582156 -1.639212
-0.139131 0.418192
-0.301159 1.400809
2.127159 -0.914803
-0.202281 0.719104
-1.582156 -1.639212
-0.139131 0.418192
-0.301159 1.400809
2.127159 -0.914803
-0.202281 0.719104
-1.582156 -1.639212
-0.139131 0.418192
-0.301159 1.400809
2.127159 -0.914803
-0.217980 0.778486
-1.582156 -1.639212
-0.139131 0.418192
-0.309733 1.442412
2.127159 -0.914803
-0.202281 0.719104
-1.582156 -1.639212
-0.139131 0.418192
-0.301159 1.400809
2.127159 -0.914803
-0.202281 0.719104
-1.582156 -1.639212
-0.139131 0.418192
-0.301159 1.400809
2.127159 -0.914803
-0.202281 0.719104
-1.582156 -1.639212
-0.139131 0.418192
-0.301159 1.400809
2.127159 -0.914803
-0.202281 0.719104
-1.582156 -1.639212
-0.139131 0.418192
-0.301159 1.400809
2.127159 -0.914803
-0.217980 0.778486
-1.582156 -1.639212
-0.139131 0.418192
-0.301159 1.400809
2.127159 -0.914803
-0.202281 0.719104
-1.582156 -1.639212
-0.139131 0.418192
-0.301159 1.400809
2.127159 -0.914803
-0.202281 0.719104
-1.582156 -1.639212
-0.139131 0.418192
-0.301159 1.400809
2.127159 -0.914803
-0.202281 0.719104
-1.582156 -1.639212
-0.139131 0.418192
-0.301159 1.400809
2.127159 -0.914803
-0.202281 0.719104
-1.582156 -1.639212
-0.139131 0.418192
-0.301159 1.400809
2.127159 -0.914803
-0.202281 0.719104
-1.582156 -1.639212
-0.139131 0.418192
-0.301159 1.400809
2.127159 -0.914803
-0.202281 0.719104
-1.582156 -1.639212
-0.139131 0.418192
-0.301159 1.400809
2.127159 -0.914803
-0.202281 0.719104
-1.582156 -1.639212
-0.139131 0.418192
-0.301159 1.400809
2.127159 -0.914803
-0.202281 0.719104
-1.582156 -1.639212
-0.047587 0.380813
-0.301159 1.400809
2.127159 -0.914803
-0.202281 0.719104
-1.582156 -1.639212
-0.047587 0.380813
-0.301159 1.400809
2.127159 -0.914803
-0.202281 0.719104
-1.582156 -1.639212
-0.139131 0.418192
-0.301159 1.400809
2.127159 -0.914803
-0.202281 0.719104
-1.582156 -1.639212
-0.139131 0.418192
-0.301159 1.400809
2.053901 -0.989825
-0.202281 0.719104
-1.582156 -1.639212
-0.139131 0.418192
-0.301159 1.400809
2.053901 -0.989825
-0.202281 0.719104
-1.582156 -1.639212
-0.139131 0.418192
-0.301159 1.400809
2.127159 -0.914803
-0.202281 0.719104
-1.582156 -1.639212
-0.139131 0.418192
-0.301159 1.400809
2.127159 -0.914803
-0.202281 0.719104
-1.582156 -1.639212
-0.139131 0.418192
-0.301159 1.400809
2.127159 -0.914803
-0.202281 0.719104
-1.582156 -1.639212
-0.139131 0.418192
-0.301159 1.400809
2.127159 -0.914803
-0.217980 0.778486
-1.582156 -1.639212
-0.139131 0.418192
-0.301159 1.400809
2.053901 -0.989825
-0.202281 0.719104
-1.582156 -1.639212
-0.139131 0.418192
-0.301159 1.400809
2.053901 -0.989825
-0.202281 0.719104
-1.582156 -1.639212
-0.139131 0.418192
-0.301159 1.400809
2.127159 -0.914803
-0.202281 0.719104
-1.582156 -1.639212
-0.139131 0.418192
-0.301159 1.400809
2.127159 -0.914803
-0.202281 0.719104
-1.582156 -1.639212
-0.139131 0.418192
-0.301159 1.400809
2.127159 -0.914803
-0.202281 0.719104
-1.582156 -1.639212
-0.139131 0.418192
-0.301159 1.400809
2.127159 -0.914803
-0.202281 0.719104
-1.582156 -1.639212
-0.139131 0.418192
-0.301159 1.400809
2.127159 -0.914803
-0.202281 0.719104
-1.582156 -1.639212
-0.139131 0.418192
-0.301159 1.400809
2.127159 -0.914803
-0.202281 0.719104
-1.582156 -1.639212
-0.139131 0.418192
-0.301159 1.400809
2.127159 -0.914803
-0.202281 0.719104
-1.582156 -1.639212
-0.139131 0.418192
-0.301159 1.400809
2.127159 -0.914803
-0.202281 0.719104
-1.679655 -1.742105
-0.139131 0.418192
-0.301159 1.400809
2.127159 -0.914803
-0.202281 0.719104
-1.582156 -1.639212
-0.139131 0.418192
-0.301159 1.400809
2.127159 -0.914803
-0.202281 0.719104
-1.582156 -1.639212
-0.139131 0.418192
-0.301159 1.400809
2.127159 -0.914803
-0.202281 0.719104
-1.582156 -1.639212
-0.139131 0.418192
-0.301159 1.400809
2.127159 -0.914803
-0.202281 0.719104
-1.582156 -1.639212
-0.139131 0.418192
-0.301159 1.400809
2.127159 -0.914803
-0.202281 0.719104
-1.582156 -1.639212
-0.139131 0.418192
-0.301159 1.400809
2.127159 -0.914803
-0.202281 0.719104
-1.582156 -1.639212
-0.139131 0.418192
-0.301159 1.400809
2.127159 -0.914803
-0.202281 0.719104
-1.582156 -1.639212
-0.139131 0.418192
-0.301159 1.400809
2.127159 -0.914803
-0.202281 0.719104
-1.582156 -1.639212
-0.139131 0.418192
-0.301159 1.400809
2.127159 -0.914803
-0.202281 0.719104
-1.582156 -1.639212
-0.139131 0.418192
-0.301159 1.400809
2.249773 -0.968356
-0.202281 0.719104
-1.582156 -1.639212
-0.139131 0.418192
-0.301159 1.400809
2.127159 -0.914803
-0.202281 0.719104
-1.582156 -1.639212
-0.139131 0.418192
-0.301159 1.400809
2.127159 -0.914803
-0.202281 0.719104
-1.679655 -1.742105
-0.139131 0.418192
-0.301159 1.400809
2.127159 -0.914803
-0.202281 0.719104
-1.582156 -1.639212
-0.139131 0.418192
-0.301159 1.400809
2.127159 -0.914803
-0.202281 0.719104
-1.582156 -1.639212
-0.139131 0.418192
-0.301159 1.400809
2.127159 -0.914803
-0.202281 0.719104
-1.679655 -1.742105
-0.139131 0.418192
-0.301159 1.400809
2.127159 -0.914803
-0.217980 0.778486
-1.582156 -1.639212
-0.139131 0.418192
-0.301159 1.400809
2.127159 -0.914803
-0.202281 0.719104
-1.582156 -1.639212
-0.139131 0.418192
-0.301159 1.400809
2.127159 -0.914803
-0.202281 0.719104
-1.582156 -1.639212
-0.139131 0.418192
-0.301159 1.400809
2.127159 -0.914803
-0.202281 0.719104
-1.582156 -1.639212
-0.139131 0.418192
-0.301159 1.400809
2.173031 -0.933614
-0.202281 0.719104
-1.582156 -1.639212
-0.139131 0.418192
-0.301159 1.400809
2.127159 -0.914803
-0.202281 0.719104
-1.582156 -1.639212
-0.139131 0.418192
-0.301159 1.400809
2.127159 -0.914803
-0.202281 0.719104
-1.582156 -1.639212
-0.139131 0.418192
-0.301159 1.400809
2.127159 -0.914803
-0.202281 0.719104
-1.679655 -1.742105
-0.139131 0.418192
-0.301159 1.400809
2.127159 -0.914803
-0.202281 0.719104
-1.582156 -1.639212
-0.139131 0.418192
-0.301159 1.400809
2.127159 -0.914803
-0.202281 0.719104
-1.582156 -1.639212
-0.139131 0.418192
-0.301159 1.400809
2.127159 -0.914803
-0.202281 0.719104
-1.582156 -1.639212
-0.139131 0.418192
-0.301159 1.400809
2.127159 -0.914803
-0.202281 0.719104
-1.582156 -1.639212
-0.139131 0.418192
-0.301159 1.400809
2.127159 -0.914803
-0.202281 0.719104
-1.582156 -1.639212
-0.139131 0.418192
-0.301159 1.400809
2.173031 -0.933614
-0.202281 0.719104
-1.582156 -1.639212
-0.139131 0.418192
-0.301159 1.400809
2.127159 -0.914803
-0.202281 0.719104
-1.582156 -1.639212
-0.139131 0.418192
-0.301159 1.400809
2.127159 -0.914803
-0.202281 0.719104
-1.582156 -1.639212
-0.139131 0.418192
-0.301159 1.400809
2.127159 -0.914803
-0.202281 0.719104
-1.582156 -1.639212
-0.139131 0.418192
-0.301159 1.400809
2.127159 -0.914803
-0.202281 0.719104
-1.582156 -1.639212
-0.139131 0.418192
-0.301159 1.400809
2.127159 -0.914803
-0.202281 0.719104
-1.582156 -1.639212
-0.139131 0.418192
-0.301159 1.400809
2.127159 -0.914803
-0.202281 0.719104
-1.619196 -1.676618
-0.139131 0.418192
-0.301159 1.400809
2.127159 -0.914803
-0.202281 0.719104
-1.582156 -1.639212
-0.139131 0.418192
-0.301159 1.400809
2.127159 -0.914803
-0.202281 0.719104
-1.582156 -1.639212
-0.139131 0.418192
-0.301159 1.400809
2.249773 -0.968356
-0.202281 0.719104
-1.582156 -1.639212
-0.139131 0.418192
-0.301159 1.400809
2.127159 -0.914803
-0.202281 0.719104
-1.582156 -1.639212
-0.139131 0.418192
-0.301159 1.400809
2.127159 -0.914803
-0.202281 0.719104
-1.582156 -1.639212
-0.139131 0.418192
-0.301159 1.400809
2.127159 -0.914803
-0.202281 0.719104
-1.582156 -1.639212
-0.139131 0.418192
-0.301159 1.400809
2.127159 -0.914803
-0.202281 0.719104
-1.582156 -1.639212
-0.139131 0.418192
-0.301159 1.400809
2.127159 -0.914803
-0.202281 0.719104
-1.582156 -1.639212
-0.139131 0.418192
-0.301159 1.400809
2.127159 -0.914803
-0.202281 0.719104
-1.582156 -1.639212
-0.139131 0.418192
-0.301159 1.400809
2.127159 -0.914803
-0.202281 0.719104
-1.582156 -1.639212
-0.139131 0.418192
-0.301159 1.400809
2.127159 -0.914803
-0.202281 0.719104
-1.582156 -1.639212
-0.139131 0.418192
-0.301159 1.400809
2.127159 -0.914803
-0.202281 0.719104
-1.582156 -1.639212
-0.139131 0.418192
-0.301159 1.400809
2.249773 -0.968356
-0.202281 0.719104
-1.582156 -1.639212
-0.139131 0.418192
-0.301159 1.400809
2.127159 -0.914803
-0.202281 0.719104
-1.582156 -1.639212
-0.139131 0.418192
-0.301159 1.400809
2.127159 -0.914803
-0.202281 0.719104
-1.582156 -1.639212
-0.139131 0.418192
-0.301159 1.400809
2.127159 -0.914803
-0.202281 0.719104
-1.582156 -1.639212
-0.139131 0.418192
-0.301159 1.400809
2.127159 -0.914803
-0.202281 0.719104
-1.582156 -1.639212
-0.139131 0.418192
-0.301159 1.400809
2.127159 -0.914803
-0.202281 0.719104
-1.582156 -1.639212
-0.139131 0.418192
-0.301159 1.400809
2.127159 -0.914803
-0.202281 0.719104
-1.582156 -1.639212
-0.139131 0.418192
-0.301159 1.400809
2.127159 -0.914803
-0.202281 0.719104
-1.582156 -1.639212
-0.139131 0.418192
-0.301159 1.400809
2.127159 -0.914803
-0.202281 0.719104
-1.582156 -1.639212
-0.139131 0.418192
-0.301159 1.400809
2.127159 -0.914803
-0.202281 0.719104
-1.582156 -1.639212
-0.139131 0.418192
-0.301159 1.400809
2.127159 -0.914803
-0.202281 0.719104
-1.582156 -1.639212
-0.139131 0.418192
-0.301159 1.400809
2.127159 -0.914803
-0.202281 0.719104
-1.582156 -1.639212
-0.139131 0.418192
-0.301159 1.400809
2.127159 -0.914803
-0.202281 0.719104
-1.582156 -1.639212
-0.139131 0.418192
-0.301159 1.400809
2.127159 -0.914803
-0.202281 0.719104
-1.582156 -1.639212
-0.139131 0.418192
-0.301159 1.400809
2.127159 -0.914803
-0.202281 0.719104
-1.582156 -1.639212
-0.139131 0.418192
-0.301159 1.400809
2.127159 -0.914803
-0.202281 0.719104
-1.582156 -1.639212
-0.139131 0.418192
-0.301159 1.400809
2.127159 -0.914803
-0.202281 0.719104
-1.582156 -1.639212
-0.139131 0.418192
-0.301159 1.400809
2.127159 -0.914803
-0.202281 0.719104
-1.582156 -1.639212
-0.139131 0.418192
-0.301159 1.400809
2.127159 -0.914803
-0.202281 0.719104
-1.582156 -1.639212
-0.139131 0.418192
-0.301159 1.400809
2.127159 -0.914803
-0.202281 0.719104
-1.582156 -1.639212
-0.143934 0.434190
-0.301159 1.400809
2.127159 -0.914803
-0.202281 0.719104
-1.582156 -1.639212
-0.139131 0.418192
-0.301159 1.400809
2.127159 -0.914803
-0.202281 0.719104
-1.582156 -1.639212
-0.139131 0.418192
-0.301159 1.400809
2.127159 -0.914803
-0.202281 0.719104
-1.582156 -1.639212
-0.139131 0.418192
-0.301159 1.400809
2.127159 -0.914803
-0.202281 0.719104
-1.582156 -1.639212
-0.139131 0.418192
-0.301159 1.400809
2.127159 -0.914803
-0.202281 0.719104
-1.582156 -1.639212
-0.139131 0.418192
-0.301159 1.400809
2.127159 -0.914803
-0.202281 0.719104
-1.582156 -1.639212
-0.139131 0.418192
-0.301159 1.400809
2.127159 -0.914803
-0.202281 0.719104
-1.582156 -1.639212
-0.139131 0.418192
-0.301159 1.400809
2.127159 -0.914803
-0.202281 0.719104
-1.582156 -1.639212
-0.139131 0.418192
-0.301159 1.400809
2.127159 -0.914803
-0.202281 0.719104
-1.582156 -1.639212
-0.139131 0.418192
-0.301159 1.400809
2.173031 -0.933614
-0.202281 0.719104
-1.582156 -1.639212
-0.139131 0.418192
-0.301159 1.400809
2.127159 -0.914803
-0.202281 0.719104
-1.582156 -1.639212
-0.139131 0.418192
-0.301159 1.400809
2.127159 -0.914803
-0.202281 0.719104
-1.582156 -1.639212
-0.139131 0.418192
-0.301159 1.400809
2.127159 -0.914803
-0.202281 0.719104
-1.582156 -1.639212
-0.139131 0.418192
-0.301159 1.400809
2.127159 -0.914803
-0.202281 0.719104
-1.582156 -1.639212
-0.139131 0.418192
-0.301159 1.400809
2.127159 -0.914803
-0.202281 0.719104
-1.582156 -1.639212
-0.139131 0.418192
-0.301159 1.400809
2.127159 -0.914803
-0.202281 0.719104
-1.582156 -1.639212
-0.139131 0.418192
-0.301159 1.400809
2.127159 -0.914803
-0.202281 0.719104
-1.582156 -1.639212
-0.139131 0.418192
-0.301159 1.400809
2.127159 -0.914803
-0.202281 0.719104
-1.582156 -1.639212
-0.151018 0.457075
-0.301159 1.400809
2.127159 -0.914803
-0.202281 0.719104
-1.582156 -1.639212
-0.139131 0.418192
-0.301159 1.400809
2.127159 -0.914803
-0.202281 0.719104
-1.582156 -1.639212
-0.139131 0.418192
-0.301159 1.400809
2.127159 -0.914803
-0.202281 0.719104
-1.582156 -1.639212
-0.139131 0.418192
-0.301159 1.400809
2.127159 -0.914803
-0.202281 0.719104
-1.679655 -1.742105
-0.139131 0.418192
-0.301159 1.400809
2.127159 -0.914803
-0.202281 0.719104
-1.582156 -1.639212
-0.139131 0.418192
-0.301159 1.400809
2.127159 -0.914803
-0.202281 0.719104
-1.599797 -1.556747
-0.139131 0.418192
-0.301159 1.400809
2.127159 -0.914803
-0.202281 0.719104
-1.599797 -1.556747
-0.139131 0.418192
-0.301159 1.400809
2.127159 -0.914803
-0.202281 0.719104
-1.582156 -1.639212
-0.139131 0.418192
-0.301159 1.400809
2.249773 -0.968356
-0.144399 0.568652
-0.357604 1.864661
2.860687 -1.200704
-0.223861 0.951825
-2.046205 -2.150734
-0.144399 0.568652
-0.357604 1.864661
2.860687 -1.200704
-0.223861 0.951825
-2.046205 -2.150734
-0.144399 0.568652
-0.357604 1.864661
2.860687 -1.200704
-0.223861 0.951825
-2.046205 -2.150734
-0.209033 0.503424
-0.357604 1.864661
2.952432 -1.238326
-0.223861 0.951825
-2.046205 -2.150734
-0.209033 0.503424
-0.357604 1.864661
2.952432 -1.238326
-0.223861 0.951825
-2.046205 -2.150734
-0.209033 0.503424
-0.357604 1.864661
2.860687 -1.200704
-0.223861 0.951825
-2.046205 -2.150734
-0.209033 0.503424
-0.357604 1.864661
2.860687 -1.200704
-0.223861 0.951825
-2.046205 -2.150734
-0.209033 0.503424
-0.357604 1.864661
2.860687 -1.200704
-0.223861 0.951825
-2.046205 -2.150734
-0.209033 0.503424
-0.357604 1.864661
2.860687 -1.200704
-0.223861 0.951825
-2.046205 -2.150734
-0.209033 0.503424
-0.357604 1.864661
2.860687 -1.200704
-0.223861 0.951825
-2.046205 -2.150734
-0.209033 0.503424
-0.357604 1.864661
2.860687 -1.200704
-0.223861 0.951825
-2.046205 -2.150734
-0.144399 0.568652
-0.357604 1.864661
2.860687 -1.200704
-0.223861 0.951825
-2.046205 -2.150734
-0.144399 0.568652
-0.357604 1.864661
2.860687 -1.200704
-0.223861 0.951825
-2.046205 -2.150734
-0.144399 0.568652
-0.357604 1.864661
2.860687 -1.200704
-0.223861 0.951825
-2.046205 -2.150734
-0.144399 0.568652
-0.357604 1.864661
2.860687 -1.200704
-0.223861 0.951825
-2.046205 -2.150734
-0.144399 0.568652
-0.357604 1.864661
2.860687 -1.200704
-0.223861 0.951825
-2.046205 -2.150734
-0.144399 0.568652
-0.357604 1.864661
2.860687 -1.200704
-0.223861 0.951825
-2.046205 -2.150734
-0.144399 0.568652
-0.357604 1.864661
2.860687 -1.200704
-0.223861 0.951825
-2.046205 -2.150734
-0.144399 0.568652
-0.357604 1.864661
2.860687 -1.200704
-0.223861 0.951825
-2.046205 -2.150734
-0.144399 0.568652
-0.374751 1.947866
2.860687 -1.200704
-0.223861 0.951825
-2.046205 -2.150734
-0.144399 0.568652
-0.374751 1.947866
2.860687 -1.200704
-0.223861 0.951825
-2.046205 -2.150734
-0.144399 0.568652
-0.357604 1.864661
2.860687 -1.200704
-0.223861 0.951825
-2.046205 -2.150734
-0.144399 0.568652
-0.357604 1.864661
2.860687 -1.200704
-0.223861 0.951825
-2.046205 -2.150734
-0.144399 0.568652
-0.357604 1.864661
2.860687 -1.200704
-0.223861 0.951825
-2.046205 -2.150734
-0.144399 0.568652
-0.357604 1.864661
2.860687 -1.200704
-0.223861 0.951825
-2.046205 -2.150734
-0.144399 0.568652
-0.357604 1.864661
2.860687 -1.200704
-0.223861 0.951825
-2.046205 -2.150734
-0.144399 0.568652
-0.357604 1.864661
2.860687 -1.200704
-0.223861 0.951825
-2.046205 -2.150734
-0.144399 0.568652
-0.357604 1.864661
2.860687 -1.200704
-0.223861 0.951825
-2.046205 -2.150734
-0.144399 0.568652
-0.357604 1.864661
2.860687 -1.200704
-0.223861 0.951825
-2.046205 -2.150734
-0.144399 0.568652
-0.357604 1.864661
2.860687 -1.200704
-0.223861 0.951825
-2.046205 -2.150734
-0.144399 0.568652
-0.357604 1.864661
2.860687 -1.200704
-0.223861 0.951825
-2.046205 -2.150734
-0.144399 0.568652
-0.401514 2.078406
2.860687 -1.200704
-0.223861 0.951825
-2.046205 -2.150734
-0.144399 0.568652
-0.390536 2.024969
2.860687 -1.200704
-0.223861 0.951825
-2.046205 -2.150734
-0.144399 0.568652
-0.357604 1.864661
2.860687 -1.200704
-0.223861 0.951825
-2.046205 -2.150734
-0.144399 0.568652
-0.357604 1.864661
2.860687 -1.200704
-0.223861 0.951825
-2.046205 -2.150734
-0.144399 0.568652
-0.357604 1.864661
2.860687 -1.200704
-0.223861 0.951825
-2.046205 -2.150734
-0.144399 0.568652
-0.357604 1.864661
2.860687 -1.200704
-0.255258 1.070590
-2.046205 -2.150734
-0.144399 0.568652
-0.357604 1.864661
2.860687 -1.200704
-0.247409 1.040899
-2.046205 -2.150734
-0.144399 0.568652
-0.357604 1.864661
2.860687 -1.200704
-0.223861 0.951825
-2.046205 -2.150734
-0.144399 0.568652
-0.357604 1.864661
2.860687 -1.200704
-0.223861 0.951825
-2.046205 -2.150734
-0.144399 0.568652
-0.357604 1.864661
2.860687 -1.200704
-0.223861 0.951825
-2.046205 -2.150734
-0.144399 0.568652
-0.357604 1.864661
2.860687 -1.200704
-0.223861 0.951825
-2.046205 -2.150734
-0.144399 0.568652
-0.357604 1.864661
2.860687 -1.200704
-0.223861 0.951825
-2.046205 -2.150734
-0.144399 0.568652
-0.390536 2.024969
2.860687 -1.200704
-0.223861 0.951825
-2.046205 -2.150734
-0.144399 0.568652
-0.401514 2.078406
2.860687 -1.200704
-0.223861 0.951825
-2.046205 -2.150734
-0.144399 0.568652
-0.357604 1.864661
2.860687 -1.200704
-0.223861 0.951825
-2.046205 -2.150734
-0.144399 0.568652
-0.357604 1.864661
2.860687 -1.200704
-0.223861 0.951825
-2.046205 -2.150734
-0.144399 0.568652
-0.357604 1.864661
2.860687 -1.200704
-0.223861 0.951825
-2.046205 -2.150734
-0.144399 0.568652
-0.357604 1.864661
2.860687 -1.200704
-0.223861 0.951825
-2.192454 -2.305074
-0.144399 0.568652
-0.376407 1.936518
2.860687 -1.200704
-0.223861 0.951825
-2.241204 -2.356521
-0.144399 0.568652
-0.376407 1.936518
2.860687 -1.200704
-0.223861 0.951825
-2.046205 -2.150734
-0.144399 0.568652
-0.376407 1.936518
2.860687 -1.200704
-0.223861 0.951825
-2.046205 -2.150734
-0.144399 0.568652
-0.376407 1.936518
2.860687 -1.200704
-0.223861 0.951825
-2.046205 -2.150734
-0.144399 0.568652
-0.357604 1.864661
2.860687 -1.200704
-0.223861 0.951825
-2.046205 -2.150734
-0.144399 0.568652
-0.357604 1.864661
2.860687 -1.200704
-0.223861 0.951825
-2.046205 -2.150734
-0.144399 0.568652
-0.357604 1.864661
2.860687 -1.200704
-0.223861 0.951825
-2.046205 -2.150734
-0.144399 0.568652
-0.357604 1.864661
2.860687 -1.200704
-0.223861 0.951825
-2.046205 -2.150734
-0.144399 0.568652
-0.357604 1.864661
2.952432 -1.238326
-0.223861 0.951825
-2.046205 -2.150734
-0.144399 0.568652
-0.357604 1.864661
2.952432 -1.238326
-0.223861 0.951825
-2.046205 -2.150734
-0.144399 0.568652
-0.357604 1.864661
2.860687 -1.200704
-0.223861 0.951825
-2.046205 -2.150734
-0.144399 0.568652
-0.357604 1.864661
2.860687 -1.200704
-0.223861 0.951825
-2.192454 -2.305074
-0.144399 0.568652
-0.357604 1.864661
2.860687 -1.200704
-0.223861 0.951825
-2.241204 -2.356521
-0.144399 0.568652
-0.357604 1.864661
2.860687 -1.200704
-0.143797 0.919291
-2.046205 -2.150734
-0.144399 0.568652
-0.357604 1.864661
2.860687 -1.200704
-0.143797 0.919291
-2.046205 -2.150734
-0.144399 0.568652
-0.357604 1.864661
2.860687 -1.200704
-0.143797 0.919291
-2.046205 -2.150734
-0.144399 0.568652
-0.357604 1.864661
2.860687 -1.200704
-0.143797 0.919291
-2.046205 -2.150734
-0.144399 0.568652
-0.357604 1.864661
2.860687 -1.200704
-0.143797 0.919291
-2.046205 -2.150734
-0.144399 0.568652
-0.357604 1.864661
2.860687 -1.200704
-0.143797 0.919291
-2.046205 -2.150734
-0.144399 0.568652
-0.357604 1.864661
2.860687 -1.200704
-0.143797 0.919291
-2.046205 -2.150734
-0.144399 0.568652
-0.357604 1.864661
2.860687 -1.200704
-0.143797 0.919291
-2.046205 -2.150734
-0.144399 0.568652
-0.357604 1.864661
2.860687 -1.200704
-0.223861 0.951825
-2.046205 -2.150734
-0.144399 0.568652
-0.357604 1.864661
2.860687 -1.200704
-0.223861 0.951825
-2.046205 -2.150734
-0.144399 0.568652
-0.357604 1.864661
2.860687 -1.200704
-0.223861 0.951825
-2.046205 -2.150734
-0.144399 0.568652
-0.357604 1.864661
2.860687 -1.200704
-0.223861 0.951825
-2.046205 -2.150734
-0.144399 0.568652
-0.357604 1.864661
2.860687 -1.200704
-0.223861 0.951825
-2.046205 -2.150734
-0.144399 0.568652
-0.357604 1.864661
2.860687 -1.200704
-0.223861 0.951825
-2.046205 -2.150734
-0.144399 0.568652
-0.357604 1.864661
2.860687 -1.200704
-0.223861 0.951825
-2.046205 -2.150734
-0.144399 0.568652
-0.357604 1.864661
2.860687 -1.200704
-0.223861 0.951825
-2.046205 -2.150734
-0.144399 0.568652
-0.357604 1.864661
2.860687 -1.200704
-0.247409 1.040899
-2.046205 -2.150734
-0.144399 0.568652
-0.357604 1.864661
2.860687 -1.200704
-0.255258 1.070590
-2.046205 -2.150734
-0.144399 0.568652
-0.357604 1.864661
2.860687 -1.200704
-0.223861 0.951825
-2.046205 -2.150734
-0.144399 0.568652
-0.357604 1.864661
3.105916 -1.307810
-0.223861 0.951825
-2.046205 -2.150734
-0.144399 0.568652
-0.357604 1.864661
3.044609 -1.281033
-0.223861 0.951825
-2.046205 -2.150734
-0.144399 0.568652
-0.357604 1.864661
2.860687 -1.200704
-0.223861 0.951825
-2.046205 -2.150734
-0.144399 0.568652
-0.357604 1.864661
2.860687 -1.200704
-0.223861 0.951825
-2.046205 -2.150734
-0.144399 0.568652
-0.357604 1.864661
2.860687 -1.200704
-0.223861 0.951825
-2.046205 -2.150734
-0.144399 0.568652
-0.357604 1.864661
2.860687 -1.200704
-0.223861 0.951825
-2.046205 -2.150734
-0.144399 0.568652
-0.357604 1.864661
2.860687 -1.200704
-0.223861 0.951825
-2.046205 -2.150734
-0.144399 0.568652
-0.357604 1.864661
2.860687 -1.200704
-0.223861 0.951825
-2.046205 -2.150734
-0.144399 0.568652
-0.357604 1.864661
2.860687 -1.200704
-0.223861 0.951825
-2.046205 -2.150734
-0.144399 0.568652
-0.357604 1.864661
2.860687 -1.200704
-0.223861 0.951825
-2.046205 -2.150734
-0.144399 0.568652
-0.357604 1.864661
2.860687 -1.200704
-0.223861 0.951825
-2.046205 -2.150734
-0.144399 0.568652
-0.357604 1.864661
2.860687 -1.200704
-0.223861 0.951825
-2.046205 -2.150734
-0.144399 0.568652
-0.374751 1.947866
2.860687 -1.200704
-0.223861 0.951825
-2.046205 -2.150734
-0.144399 0.568652
-0.374751 1.947866
2.860687 -1.200704
-0.223861 0.951825
-2.046205 -2.150734
-0.144399 0.568652
-0.357604 1.864661
3.044609 -1.281033
-0.223861 0.951825
-2.046205 -2.150734
-0.144399 0.568652
-0.357604 1.864661
3.105916 -1.307810
-0.223861 0.951825
-2.046205 -2.150734
-0.144399 0.568652
-0.357604 1.864661
2.860687 -1.200704
-0.223861 0.951825
-2.046205 -2.150734
-0.144399 0.568652
-0.357604 1.864661
2.860687 -1.200704
-0.223861 0.951825
-2.046205 -2.150734
-0.144399 0.568652
-0.357604 1.864661
2.860687 -1.200704
-0.223861 0.951825
-2.046205 -2.150734
-0.144399 0.568652
-0.357604 1.864661
2.860687 -1.200704
-0.223861 0.951825
-2.046205 -2.150734
-0.144399 0.568652
-0.357604 1.864661
2.860687 -1.200704
-0.223861 0.951825
-2.046205 -2.150734
-0.144399 0.568652
-0.357604 1.864661
2.860687 -1.200704
-0.238344 1.000183
-2.046205 -2.150734
-0.144399 0.568652
-0.357604 1.864661
2.860687 -1.200704
-0.238344 1.000183
-2.046205 -2.150734
-0.144399 0.568652
-0.357604 1.864661
2.860687 -1.200704
-0.238344 1.000183
-2.046205 -2.150734
-0.144399 0.568652
-0.357604 1.864661
2.860687 -1.200704
-0.238344 1.000183
-2.046205 -2.150734
-0.144399 0.568652
-0.357604 1.864661
2.860687 -1.200704
-0.223861 0.951825
-2.046205 -2.150734
-0.144399 0.568652
-0.357604 1.864661
2.860687 -1.200704
-0.223861 0.951825
-2.046205 -2.150734
-0.144399 0.568652
-0.357604 1.864661
2.860687 -1.200704
-0.223861 0.951825
-2.046205 -2.150734
-0.168173 0.646417
-0.357604 1.864661
2.860687 -1.200704
-0.223861 0.951825
-2.046205 -2.150734
-0.162230 0.626976
-0.357604 1.864661
2.860687 -1.200704
-0.223861 0.951825
-2.046205 -2.150734
-0.144399 0.568652
-0.357604 1.864661
2.860687 -1.200704
-0.223861 0.951825
-2.046205 -2.150734
-0.144399 0.568652
-0.357604 1.864661
2.860687 -1.200704
-0.223861 0.951825
-2.046205 -2.150734
-0.144399 0.568652
-0.357604 1.864661
2.860687 -1.200704
-0.223861 0.951825
-2.046205 -2.150734
-0.144399 0.568652
-0.357604 1.864661
2.860687 -1.200704
-0.223861 0.951825
-2.046205 -2.150734
-0.144399 0.568652
-0.357604 1.864661
3.105916 -1.307810
-0.223861 0.951825
-2.046205 -2.150734
-0.144399 0.568652
-0.357604 1.864661
3.044609 -1.281033
-0.223861 0.951825
-2.046205 -2.150734
-0.144399 0.568652
-0.357604 1.864661
2.860687 -1.200704
-0.223861 0.951825
-2.046205 -2.150734
-0.144399 0.568652
-0.357604 1.864661
2.860687 -1.200704
-0.223861 0.951825
-2.046205 -2.150734
-0.144399 0.568652
-0.357604 1.864661
2.860687 -1.200704
-0.223861 0.951825
-2.046205 -2.150734
-0.144399 0.568652
-0.357604 1.864661
2.860687 -1.200704
-0.223861 0.951825
-2.046205 -2.150734
-0.144399 0.568652
-0.357604 1.864661
2.860687 -1.200704
-0.223861 0.951825
-2.046205 -2.150734
-0.144399 0.568652
-0.357604 1.864661
2.860687 -1.200704
-0.247409 1.040899
-2.046205 -2.150734
-0.162230 0.626976
-0.357604 1.864661
2.860687 -1.200704
-0.255258 1.070590
-2.046205 -2.150734
-0.168173 0.646417
-0.357604 1.864661
2.860687 -1.200704
-0.223861 0.951825
-2.046205 -2.150734
-0.144399 0.568652
-0.357604 1.864661
2.860687 -1.200704
-0.223861 0.951825
-2.046205 -2.150734
-0.144399 0.568652
-0.357604 1.864661
2.860687 -1.200704
-0.223861 0.951825
-2.046205 -2.150734
-0.144399 0.568652
-0.357604 1.864661
2.860687 -1.200704
-0.223861 0.951825
-2.046205 -2.150734
-0.144399 0.568652
-0.357604 1.864661
2.860687 -1.200704
-0.223861 0.951825
-2.046205 -2.150734
-0.144399 0.568652
-0.357604 1.864661
2.860687 -1.200704
-0.223861 0.951825
-2.046205 -2.150734
-0.144399 0.568652
-0.357604 1.864661
2.860687 -1.200704
-0.223861 0.951825
-2.046205 -2.150734
-0.144399 0.568652
-0.357604 1.864661
2.860687 -1.200704
-0.223861 0.951825
-2.046205 -2.150734
-0.144399 0.568652
-0.357604 1.864661
2.860687 -1.200704
-0.223861 0.951825
-2.046205 -2.150734
-0.144399 0.568652
-0.357604 1.864661
2.860687 -1.200704
-0.223861 0.951825
-2.046205 -2.150734
-0.144399 0.568652
-0.357604 1.864661
2.860687 -1.200704
-0.223861 0.951825
-2.046205 -2.150734
-0.144399 0.568652
-0.357604 1.864661
2.860687 -1.200704
-0.223861 0.951825
-2.046205 -2.150734
-0.144399 0.568652
-0.357604 1.864661
2.860687 -1.200704
-0.223861 0.951825
-2.046205 -2.150734
-0.144399 0.568652
-0.357604 1.864661
2.860687 -1.200704
-0.223861 0.951825
-2.046205 -2.150734
-0.144399 0.568652
-0.357604 1.864661
2.860687 -1.200704
-0.223861 0.951825
-2.192454 -2.305074
-0.144399 0.568652
-0.357604 1.864661
2.860687 -1.200704
-0.223861 0.951825
-2.241204 -2.356521
-0.144399 0.568652
-0.357604 1.864661
2.860687 -1.200704
-0.223861 0.951825
-2.046205 -2.150734
-0.144399 0.568652
-0.357604 1.864661
2.860687 -1.200704
-0.223861 0.951825
-2.046205 -2.150734
-0.144399 0.568652
-0.357604 1.864661
2.860687 -1.200704
-0.223861 0.951825
-2.046205 -2.150734
-0.144399 0.568652
-0.357604 1.864661
2.860687 -1.200704
-0.223861 0.951825
-2.046205 -2.150734
-0.144399 0.568652
-0.357604 1.864661
2.860687 -1.200704
-0.223861 0.951825
-2.046205 -2.150734
-0.144399 0.568652
-0.401514 2.078406
2.860687 -1.200704
-0.223861 0.951825
-2.046205 -2.150734
-0.144399 0.568652
-0.390536 2.024969
2.860687 -1.200704
-0.223861 0.951825
-2.046205 -2.150734
-0.144399 0.568652
-0.357604 1.864661
2.860687 -1.200704
-0.223861 0.951825
-2.046205 -2.150734
-0.144399 0.568652
-0.357604 1.864661
2.860687 -1.200704
-0.223861 0.951825
-2.046205 -2.150734
-0.144399 0.568652
-0.357604 1.864661
2.860687 -1.200704
-0.223861 0.951825
-2.046205 -2.150734
-0.144399 0.568652
-0.357604 1.864661
2.860687 -1.200704
-0.223861 0.951825
-2.046205 -2.150734
-0.154004 0.600647
-0.357604 1.864661
2.860687 -1.200704
-0.223861 0.951825
-2.046205 -2.150734
-0.154004 0.600647
-0.357604 1.864661
2.860687 -1.200704
-0.223861 0.951825
-2.046205 -2.150734
-0.144399 0.568652
-0.357604 1.864661
2.860687 -1.200704
-0.223861 0.951825
-2.046205 -2.150734
-0.144399 0.568652
-0.357604 1.864661
2.860687 -1.200704
-0.223861 0.951825
-2.046205 -2.150734
-0.144399 0.568652
-0.357604 1.864661
2.860687 -1.200704
-0.223861 0.951825
-2.046205 -2.150734
-0.144399 0.568652
-0.357604 1.864661
2.860687 -1.200704
-0.223861 0.951825
-2.046205 -2.150734
-0.144399 0.568652
-0.357604 1.864661
2.860687 -1.200704
-0.223861 0.951825
-2.046205 -2.150734
-0.144399 0.568652
-0.357604 1.864661
2.860687 -1.200704
-0.223861 0.951825
-2.046205 -2.150734
-0.144399 0.568652
-0.357604 1.864661
2.860687 -1.200704
-0.223861 0.951825
-2.046205 -2.150734
-0.144399 0.568652
-0.357604 1.864661
2.860687 -1.200704
-0.223861 0.951825
-2.046205 -2.150734
-0.154004 0.600647
-0.357604 1.864661
2.860687 -1.200704
-0.223861 0.951825
-2.046205 -2.150734
-0.154004 0.600647
-0.357604 1.864661
2.860687 -1.200704
-0.223861 0.951825
-2.046205 -2.150734
-0.144399 0.568652
-0.357604 1.864661
2.860687 -1.200704
-0.223861 0.951825
-2.046205 -2.150734
-0.144399 0.568652
-0.357604 1.864661
2.860687 -1.200704
-0.223861 0.951825
-2.046205 -2.150734
-0.144399 0.568652
-0.357604 1.864661
2.860687 -1.200704
-0.223861 0.951825
-2.046205 -2.150734
-0.144399 0.568652
-0.357604 1.864661
2.860687 -1.200704
-0.223861 0.951825
-2.046205 -2.150734
-0.144399 0.568652
-0.357604 1.864661
2.860687 -1.200704
-0.223861 0.951825
-2.046205 -2.150734
-0.144399 0.568652
-0.357604 1.864661
2.860687 -1.200704
-0.223861 0.951825
-2.046205 -2.150734
-0.144399 0.568652
-0.376407 1.936518
2.860687 -1.200704
-0.223861 0.951825
-2.046205 -2.150734
-0.144399 0.568652
-0.376407 1.936518
2.860687 -1.200704
-0.223861 0.951825
-2.046205 -2.150734
-0.144399 0.568652
-0.376407 1.936518
2.860687 -1.200704
-0.223861 0.951825
-2.046205 -2.150734
-0.144399 0.568652
-0.376407 1.936518
2.860687 -1.200704
-0.223861 0.951825
-2.046205 -2.150734
-0.144399 0.568652
-0.357604 1.864661
2.860687 -1.200704
-0.223861 0.951825
-2.046205 -2.150734
-0.144399 0.568652
-0.357604 1.864661
2.860687 -1.200704
-0.223861 0.951825
-2.046205 -2.150734
-0.144399 0.568652
-0.357604 1.864661
2.860687 -1.200704
-0.223861 0.951825
-2.046205 -2.150734
-0.144399 0.568652
-0.357604 1.864661
2.860687 -1.200704
-0.223861 0.951825
-2.046205 -2.150734
-0.144399 0.568652
-0.357604 1.864661
2.860687 -1.200704
-0.223861 0.951825
-2.046205 -2.150734
-0.144399 0.568652
-0.357604 1.864661
2.860687 -1.200704
-0.223861 0.951825
-2.046205 -2.150734
-0.144399 0.568652
-0.357604 1.864661
2.860687 -1.200704
-0.223861 0.951825
-2.046205 -2.150734
-0.144399 0.568652
-0.357604 1.864661
2.860687 -1.200704
-0.223861 0.951825
-2.046205 -2.150734
-0.144399 0.568652
-0.357604 1.864661
2.860687 -1.200704
-0.223861 0.951825
-2.046205 -2.150734
-0.144399 0.568652
-0.357604 1.864661
2.860687 -1.200704
-0.223861 0.951825
-2.046205 -2.150734
-0.007082 0.512583
-0.357604 1.864661
2.860687 -1.200704
-0.223861 0.951825
-2.046205 -2.150734
-0.007082 0.512583
-0.357604 1.864661
2.860687 -1.200704
-0.223861 0.951825
-2.046205 -2.150734
-0.007082 0.512583
-0.374751 1.947866
2.860687 -1.200704
-0.223861 0.951825
-2.046205 -2.150734
-0.007082 0.512583
-0.374751 1.947866
2.860687 -1.200704
-0.223861 0.951825
-2.046205 -2.150734
-0.144399 0.568652
-0.357604 1.864661
2.860687 -1.200704
-0.223861 0.951825
-2.046205 -2.150734
-0.144399 0.568652
-0.357604 1.864661
2.860687 -1.200704
-0.223861 0.951825
-2.046205 -2.150734
-0.144399 0.568652
-0.357604 1.864661
2.860687 -1.200704
-0.223861 0.951825
-2.046205 -2.150734
-0.144399 0.568652
-0.357604 1.864661
2.860687 -1.200704
-0.223861 0.951825
-2.046205 -2.150734
-0.144399 0.568652
-0.357604 1.864661
2.860687 -1.200704
-0.223861 0.951825
-2.046205 -2.150734
-0.144399 0.568652
-0.357604 1.864661
2.860687 -1.200704
-0.223861 0.951825
-2.046205 -2.150734
-0.144399 0.568652
-0.357604 1.864661
2.860687 -1.200704
-0.223861 0.951825
-2.046205 -2.150734
-0.144399 0.568652
-0.357604 1.864661
2.860687 -1.200704
-0.223861 0.951825
-2.046205 -2.150734
-0.144399 0.568652
-0.357604 1.864661
2.860687 -1.200704
-0.223861 0.951825
-2.046205 -2.150734
-0.144399 0.568652
-0.357604 1.864661
2.860687 -1.200704
-0.223861 0.951825
-2.046205 -2.150734
-0.144399 0.568652
-0.357604 1.864661
2.860687 -1.200704
-0.223861 0.951825
-2.046205 -2.150734
-0.144399 0.568652
-0.357604 1.864661
2.860687 -1.200704
-0.223861 0.951825
-2.046205 -2.150734
-0.144399 0.568652
-0.357604 1.864661
2.860687 -1.200704
-0.223861 0.951825
-2.046205 -2.150734
-0.144399 0.568652
-0.357604 1.864661
2.860687 -1.200704
-0.223861 0.951825
-2.046205 -2.150734
-0.144399 0.568652
-0.357604 1.864661
2.860687 -1.200704
-0.223861 0.951825
-2.046205 -2.150734
-0.144399 0.568652
-0.357604 1.864661
2.860687 -1.200704
-0.223861 0.951825
-2.046205 -2.150734
-0.144399 0.568652
-0.357604 1.864661
2.860687 -1.200704
-0.223861 0.951825
-2.046205 -2.150734
-0.144399 0.568652
-0.357604 1.864661
2.860687 -1.200704
-0.223861 0.951825
-2.046205 -2.150734
-0.144399 0.568652
-0.357604 1.864661
2.860687 -1.200704
-0.223861 0.951825
-2.046205 -2.150734
-0.144399 0.568652
-0.357604 1.864661
2.860687 -1.200704
-0.223861 0.951825
-2.046205 -2.150734
-0.144399 0.568652
-0.357604 1.864661
2.860687 -1.200704
-0.223861 0.951825
-2.046205 -2.150734
-0.144399 0.568652
-0.357604 1.864661
2.860687 -1.200704
-0.223861 0.951825
-2.046205 -2.150734
-0.144399 0.568652
-0.357604 1.864661
2.860687 -1.200704
-0.223861 0.951825
-2.046205 -2.150734
-0.144399 0.568652
-0.357604 1.864661
2.860687 -1.200704
-0.223861 0.951825
-2.241204 -2.356521
-0.144399 0.568652
-0.357604 1.864661
3.044609 -1.281033
-0.223861 0.951825
-2.192454 -2.305074
-0.144399 0.568652
-0.357604 1.864661
3.105916 -1.307810
-0.223861 0.951825
-2.046205 -2.150734
-0.144399 0.568652
-0.357604 1.864661
2.860687 -1.200704
-0.223861 0.951825
-2.046205 -2.150734
-0.144399 0.568652
-0.357604 1.864661
2.860687 -1.200704
-0.223861 0.951825
-2.046205 -2.150734
-0.144399 0.568652
-0.357604 1.864661
2.860687 -1.200704
-0.223861 0.951825
-2.046205 -2.150734
-0.144399 0.568652
-0.357604 1.864661
2.860687 -1.200704
-0.223861 0.951825
-2.046205 -2.150734
-0.144399 0.568652
-0.357604 1.864661
2.860687 -1.200704
-0.223861 0.951825
-2.046205 -2.150734
-0.144399 0.568652
-0.357604 1.864661
2.860687 -1.200704
-0.223861 0.951825
-2.046205 -2.150734
-0.144399 0.568652
-0.357604 1.864661
2.860687 -1.200704
-0.223861 0.951825
-2.046205 -2.150734
-0.144399 0.568652
-0.357604 1.864661
2.860687 -1.200704
-0.223861 0.951825
-2.046205 -2.150734
-0.144399 0.568652
-0.366111 1.893255
2.860687 -1.200704
-0.223861 0.951825
-2.046205 -2.150734
-0.144399 0.568652
-0.366111 1.893255
2.860687 -1.200704
-0.247409 1.040899
-2.046205 -2.150734
-0.144399 0.568652
-0.366111 1.893255
2.860687 -1.200704
-0.255258 1.070590
-2.046205 -2.150734
-0.144399 0.568652
-0.366111 1.893255
2.860687 -1.200704
-0.223861 0.951825
-2.046205 -2.150734
-0.144399 0.568652
-0.410025 2.107014
2.860687 -1.200704
-0.223861 0.951825
-2.046205 -2.150734
-0.144399 0.568652
-0.399046 2.053574
2.860687 -1.200704
-0.223861 0.951825
-2.046205 -2.150734
-0.144399 0.568652
-0.366111 1.893255
2.860687 -1.200704
-0.223861 0.951825
-2.046205 -2.150734
-0.144399 0.568652
-0.366111 1.893255
2.860687 -1.200704
-0.223861 0.951825
-2.046205 -2.150734
-0.144399 0.568652
-0.390536 2.024969
2.860687 -1.200704
-0.223861 0.951825
-2.046205 -2.150734
-0.144399 0.568652
-0.401514 2.078406
2.860687 -1.200704
-0.223861 0.951825
-2.046205 -2.150734
-0.144399 0.568652
-0.357604 1.864661
2.860687 -1.200704
-0.223861 0.951825
-2.046205 -2.150734
-0.144399 0.568652
-0.357604 1.864661
2.860687 -1.200704
-0.223861 0.951825
-2.046205 -2.150734
-0.144399 0.568652
-0.357604 1.864661
2.860687 -1.200704
-0.223861 0.951825
-2.046205 -2.150734
-0.144399 0.568652
-0.357604 1.864661
2.860687 -1.200704
-0.223861 0.951825
-2.046205 -2.150734
-0.144399 0.568652
-0.357604 1.864661
2.860687 -1.200704
-0.223861 0.951825
-2.046205 -2.150734
-0.144399 0.568652
-0.357604 1.864661
2.860687 -1.200704
-0.223861 0.951825
-2.046205 -2.150734
-0.144399 0.568652
-0.357604 1.864661
2.860687 -1.200704
-0.223861 0.951825
-2.046205 -2.150734
-0.144399 0.568652
-0.357604 1.864661
2.860687 -1.200704
-0.223861 0.951825
-2.046205 -2.150734
-0.144399 0.568652
-0.357604 1.864661
2.860687 -1.200704
-0.223861 0.951825
-2.046205 -2.150734
-0.144399 0.568652
-0.357604 1.864661
2.860687 -1.200704
-0.223861 0.951825
-2.046205 -2.150734
-0.144399 0.568652
-0.357604 1.864661
2.860687 -1.200704
-0.223861 0.951825
-2.046205 -2.150734
-0.144399 0.568652
-0.357604 1.864661
2.860687 -1.200704
-0.223861 0.951825
-2.046205 -2.150734
-0.144399 0.568652
-0.401514 2.078406
2.860687 -1.200704
-0.223861 0.951825
-2.046205 -2.150734
-0.144399 0.568652
-0.390536 2.024969
2.860687 -1.200704
-0.223861 0.951825
-2.046205 -2.150734
-0.144399 0.568652
-0.357604 1.864661
2.860687 -1.200704
-0.223861 0.951825
-2.046205 -2.150734
-0.144399 0.568652
-0.357604 1.864661
2.860687 -1.200704
-0.223861 0.951825
-2.046205 -2.150734
-0.144399 0.568652
-0.357604 1.864661
2.860687 -1.200704
-0.223861 0.951825
-2.046205 -2.150734
-0.144399 0.568652
-0.357604 1.864661
2.860687 -1.200704
-0.223861 0.951825
-2.192454 -2.305074
-0.144399 0.568652
-0.357604 1.864661
2.860687 -1.200704
-0.223861 0.951825
-2.241204 -2.356521
-0.144399 0.568652
-0.357604 1.864661
2.860687 -1.200704
-0.223861 0.951825
-2.046205 -2.150734
-0.144399 0.568652
-0.357604 1.864661
2.860687 -1.200704
-0.223861 0.951825
-2.046205 -2.150734
-0.144399 0.568652
-0.357604 1.864661
2.860687 -1.200704
-0.223861 0.951825
-2.046205 -2.150734
-0.144399 0.568652
-0.357604 1.864661
3.044609 -1.281033
-0.223861 0.951825
-2.046205 -2.150734
-0.144399 0.568652
-0.357604 1.864661
3.105916 -1.307810
-0.223861 0.951825
-2.046205 -2.150734
-0.007084 0.512581
-0.357604 1.864661
2.860687 -1.200704
-0.223861 0.951825
-2.046205 -2.150734
-0.007084 0.512581
-0.357604 1.864661
2.860687 -1.200704
-0.223861 0.951825
-2.046205 -2.150734
-0.007084 0.512581
-0.357604 1.864661
2.860687 -1.200704
-0.223861 0.951825
-2.046205 -2.150734
-0.007084 0.512581
-0.357604 1.864661
2.860687 -1.200704
-0.223861 0.951825
-2.046205 -2.150734
-0.209032 0.503423
-0.357604 1.864661
2.860687 -1.200704
-0.223861 0.951825
-2.046205 -2.150734
-0.209032 0.503423
-0.357604 1.864661
2.860687 -1.200704
-0.223861 0.951825
-2.046205 -2.150734
-0.209032 0.503423
-0.357604 1.864661
2.860687 -1.200704
-0.223861 0.951825
-2.046205 -2.150734
-0.209032 0.503423
-0.357604 1.864661
2.860687 -1.200704
-0.238345 1.000186
-2.046205 -2.150734
-0.209032 0.503423
-0.357604 1.864661
2.860687 -1.200704
-0.238345 1.000186
-2.046205 -2.150734
-0.209032 0.503423
-0.357604 1.864661
2.860687 -1.200704
-0.238345 1.000186
-2.046205 -2.150734
-0.209032 0.503423
-0.357604 1.864661
2.860687 -1.200704
-0.238345 1.000186
-2.046205 -2.150734
-0.209032 0.503423
-0.357604 1.864661
2.860687 -1.200704
-0.223861 0.951825
-2.046205 -2.150734
-0.144399 0.568652
-0.357604 1.864661
2.860687 -1.200704
-0.223861 0.951825
-2.046205 -2.150734
-0.144399 0.568652
-0.357604 1.864661
2.860687 -1.200704
-0.247409 1.040900
-2.046205 -2.150734
-0.144399 0.568652
-0.357604 1.864661
2.860687 -1.200704
-0.255259 1.070592
-2.046205 -2.150734
-0.144399 0.568652
-0.357604 1.864661
2.860687 -1.200704
-0.223861 0.951825
-2.046205 -2.150734
-0.144399 0.568652
-0.357604 1.864661
2.860687 -1.200704
-0.223861 0.951825
-2.046205 -2.150734
-0.144399 0.568652
-0.357604 1.864661
2.860687 -1.200704
-0.223861 0.951825
-2.046205 -2.150734
-0.144399 0.568652
-0.357604 1.864661
2.860687 -1.200704
-0.223861 0.951825
-2.046205 -2.150734
-0.144399 0.568652
-0.357604 1.864661
2.860687 -1.200704
-0.223861 0.951825
-2.046205 -2.150734
-0.144399 0.568652
-0.357604 1.864661
2.860687 -1.200704
-0.223861 0.951825
-2.046205 -2.150734
-0.144399 0.568652
-0.357604 1.864661
2.860687 -1.200704
-0.223861 0.951825
-2.046205 -2.150734
-0.144399 0.568652
-0.357604 1.864661
2.860687 -1.200704
-0.223861 0.951825
-2.046205 -2.150734
-0.144399 0.568652
-0.357604 1.864661
2.860687 -1.200704
-0.223861 0.951825
-2.046205 -2.150734
-0.144399 0.568652
-0.357604 1.864661
2.860687 -1.200704
-0.223861 0.951825
-2.046205 -2.150734
-0.144399 0.568652
-0.357604 1.864661
2.860687 -1.200704
-0.223861 0.951825
-2.046205 -2.150734
-0.144399 0.568652
-0.357604 1.864661
2.860687 -1.200704
-0.223861 0.951825
-2.046205 -2.150734
-0.144399 0.568652
-0.357604 1.864661
2.860687 -1.200704
-0.223861 0.951825
-2.120286 -2.225547
-0.144399 0.568652
-0.357604 1.864661
2.860687 -1.200704
-0.223861 0.951825
-2.120286 -2.225547
-0.144399 0.568652
-0.357604 1.864661
2.860687 -1.200704
-0.223861 0.951825
-2.046205 -2.150734
-0.144399 0.568652
-0.357604 1.864661
2.860687 -1.200704
-0.223861 0.951825
-2.046205 -2.150734
-0.144399 0.568652
-0.357604 1.864661
2.860687 -1.200704
-0.223861 0.951825
-2.046205 -2.150734
-0.144399 0.568652
-0.357604 1.864661
2.860687 -1.200704
-0.223861 0.951825
-2.046205 -2.150734
-0.144399 0.568652
-0.357604 1.864661
2.860687 -1.200704
-0.223861 0.951825
-2.046205 -2.150734
-0.144399 0.568652
-0.357604 1.864661
2.860687 -1.200704
-0.223861 0.951825
-2.046205 -2.150734
-0.144399 0.568652
-0.357604 1.864661
2.860687 -1.200704
-0.223861 0.951825
-2.046205 -2.150734
-0.144399 0.568652
-0.357604 1.864661
2.860687 -1.200704
-0.223861 0.951825
-2.046205 -2.150734
-0.144399 0.568652
-0.357604 1.864661
2.860687 -1.200704
-0.223861 0.951825
-2.046205 -2.150734
-0.162230 0.626976
-0.357604 1.864661
2.860687 -1.200704
-0.223861 0.951825
-2.046205 -2.150734
-0.168173 0.646417
-0.357604 1.864661
2.860687 -1.200704
-0.223861 0.951825
-2.046205 -2.150734
-0.144399 0.568652
-0.357604 1.864661
2.860687 -1.200704
-0.223861 0.951825
-2.046205 -2.150734
-0.144399 0.568652
-0.357604 1.864661
2.860687 -1.200704
-0.223861 0.951825
-2.046205 -2.150734
-0.144399 0.568652
-0.357604 1.864661
2.860687 -1.200704
-0.223861 0.951825
-2.046205 -2.150734
-0.144399 0.568652
-0.357604 1.864661
2.860687 -1.200704
-0.223861 0.951825
-2.046205 -2.150734
-0.144399 0.568652
-0.357604 1.864661
2.860687 -1.200704
-0.223861 0.951825
-2.046205 -2.150734
-0.144399 0.568652
-0.357604 1.864661
2.860687 -1.200704
-0.223861 0.951825
-2.046205 -2.150734
-0.144399 0.568652
-0.357604 1.864661
2.860687 -1.200704
-0.223861 0.951825
-2.046205 -2.150734
-0.144399 0.568652
-0.357604 1.864661
2.860687 -1.200704
-0.223861 0.951825
-2.046205 -2.150734
-0.144399 0.568652
-0.357604 1.864661
2.860687 -1.200704
-0.223861 0.951825
-2.046205 -2.150734
-0.144399 0.568652
-0.357604 1.864661
2.860687 -1.200704
-0.223861 0.951825
-2.046205 -2.150734
-0.144399 0.568652
-0.357604 1.864661
2.860687 -1.200704
-0.223861 0.951825
-2.046205 -2.150734
-0.144399 0.568652
-0.357604 1.864661
2.860687 -1.200704
-0.223861 0.951825
-2.072666 -2.027037
-0.144399 0.568652
-0.357604 1.864661
2.860687 -1.200704
-0.223861 0.951825
-2.072666 -2.027037
-0.144399 0.568652
-0.357604 1.864661
2.860687 -1.200704
-0.223861 0.951825
-2.072666 -2.027037
-0.144399 0.568652
-0.357604 1.864661
2.860687 -1.200704
-0.223861 0.951825
-2.072666 -2.027037
-0.144399 0.568652
-0.357604 1.864661
2.860687 -1.200704
-0.223861 0.951825
-2.046205 -2.150734
-0.144399 0.568652
-0.357604 1.864661
2.860687 -1.200704
-0.223861 0.951825
-2.046205 -2.150734
-0.144399 0.568652
-0.357604 1.864661
2.860687 -1.200704
-0.223861 0.951825
-2.046205 -2.150734
-0.144399 0.568652
-0.357604 1.864661
2.860687 -1.200704
-0.223861 0.951825
-2.046205 -2.150734
-0.144399 0.568652
-0.357604 1.864661
2.860687 -1.200704
-0.223861 0.951825
-2.046205 -2.150734
-0.144399 0.568652
-0.357604 1.864661
2.860687 -1.200704
-0.223861 0.951825
-2.046205 -2.150734
-0.144399 0.568652
-0.357604 1.864661
2.860687 -1.200704
-0.223861 0.951825
-2.046205 -2.150734
-0.144399 0.568652
-0.357604 1.864661
2.860687 -1.200704
-0.223861 0.951825
-2.046205 -2.150734
-0.144399 0.568652
-0.357604 1.864661
2.860687 -1.200704
-0.223861 0.951825
-2.046205 -2.150734
-0.144399 0.568652
-0.357604 1.864661
2.860687 -1.200704
-0.223861 0.951825
-2.046205 -2.150734
-0.144399 0.568652
-0.357604 1.864661
2.860687 -1.200704
-0.223861 0.951825
-2.046205 -2.150734
-0.144399 0.568652
-0.357604 1.864661
2.860687 -1.200704
-0.223861 0.951825
-2.046205 -2.150734
-0.144399 0.568652
-0.357604 1.864661
2.860687 -1.200704
-0.223861 0.951825
-2.046205 -2.150734
-0.144399 0.568652
-0.357604 1.864661
2.860687 -1.200704
-0.223861 0.951825
-2.046205 -2.150734
-0.144399 0.568652
-0.357604 1.864661
2.860687 -1.200704
-0.223861 0.951825
-2.046205 -2.150734
-0.144399 0.568652
-0.357604 1.864661
2.860687 -1.200704
-0.223861 0.951825
-2.046205 -2.150734
-0.144399 0.568652
-0.357604 1.864661
2.860687 -1.200704
-0.223861 0.951825
-2.046205 -2.150734
-0.144399 0.568652
-0.357604 1.864661
2.860687 -1.200704
-0.223861 0.951825
-2.046205 -2.150734
-0.144399 0.568652
-0.357604 1.864661
2.860687 -1.200704
-0.223861 0.951825
-2.046205 -2.150734
-0.144399 0.568652
-0.357604 1.864661
2.860687 -1.200704
-0.223861 0.951825
-2.046205 -2.150734
-0.144399 0.568652
-0.357604 1.864661
2.860687 -1.200704
-0.223861 0.951825
-2.046205 -2.150734
-0.144399 0.568652
-0.357604 1.864661
2.860687 -1.200704
-0.223861 0.951825
-2.046205 -2.150734
-0.144399 0.568652
-0.357604 1.864661
2.860687 -1.200704
-0.223861 0.951825
-2.046205 -2.150734
-0.144399 0.568652
-0.357604 1.864661
2.860687 -1.200704
-0.223861 0.951825
-2.046205 -2.150734
-0.144399 0.568652
-0.357604 1.864661
2.860687 -1.200704
-0.223861 0.951825
-2.241204 -2.356521
-0.144399 0.568652
-0.357604 1.864661
2.860687 -1.200704
-0.223861 0.951825
-2.192454 -2.305074
-0.144399 0.568652
-0.357604 1.864661
2.860687 -1.200704
-0.223861 0.951825
-2.046205 -2.150734
-0.144399 0.568652
-0.357604 1.864661
2.860687 -1.200704
-0.223861 0.951825
-2.046205 -2.150734
-0.144399 0.568652
-0.357604 1.864661
2.860687 -1.200704
-0.223861 0.951825
-2.046205 -2.150734
-0.162230 0.626976
-0.390536 2.024969
2.860687 -1.200704
-0.223861 0.951825
-2.046205 -2.150734
-0.168173 0.646417
-0.401514 2.078406
2.860687 -1.200704
-0.223861 0.951825
-2.046205 -2.150734
-0.144399 0.568652
-0.366107 1.893235
2.860687 -1.200704
-0.223861 0.951825
-2.046205 -2.150734
-0.144399 0.568652
-0.366107 1.893235
2.860687 -1.200704
-0.223861 0.951825
-2.046205 -2.150734
-0.144399 0.568652
-0.366107 1.893235
3.044609 -1.281033
-0.223861 0.951825
-2.046205 -2.150734
-0.144399 0.568652
-0.366107 1.893235
3.105916 -1.307810
-0.223861 0.951825
-2.046205 -2.150734
-0.144399 0.568652
-0.366107 1.893235
2.860687 -1.200704
-0.223861 0.951825
-2.046205 -2.150734
-0.144399 0.568652
-0.366107 1.893235
2.860687 -1.200704
-0.223861 0.951825
-2.046205 -2.150734
-0.154004 0.600647
-0.366107 1.893235
2.860687 -1.200704
-0.223861 0.951825
-2.046205 -2.150734
-0.154004 0.600647
-0.366107 1.893235
2.860687 -1.200704
-0.223861 0.951825
-2.046205 -2.150734
-0.144399 0.568652
-0.357604 1.864661
2.860687 -1.200704
-0.223861 0.951825
-2.046205 -2.150734
-0.144399 0.568652
-0.357604 1.864661
2.860687 -1.200704
-0.223861 0.951825
-2.046205 -2.150734
-0.144399 0.568652
-0.357604 1.864661
2.860687 -1.200704
-0.223861 0.951825
-2.046205 -2.150734
-0.144399 0.568652
-0.357604 1.864661
2.860687 -1.200704
-0.223861 0.951825
-2.046205 -2.150734
-0.144399 0.568652
-0.357604 1.864661
2.860687 -1.200704
-0.223861 0.951825
-2.046205 -2.150734
-0.144399 0.568652
-0.357604 1.864661
2.860687 -1.200704
-0.223861 0.951825
-2.046205 -2.150734
-0.144399 0.568652
-0.357604 1.864661
2.860687 -1.200704
-0.223861 0.951825
-2.046205 -2.150734
-0.144399 0.568652
-0.357604 1.864661
2.860687 -1.200704
-0.247409 1.040899
-2.046205 -2.150734
-0.144399 0.568652
-0.357604 1.864661
2.860687 -1.200704
-0.255258 1.070590
-2.046205 -2.150734
-0.144399 0.568652
-0.357604 1.864661
2.860687 -1.200704
-0.223861 0.951825
-2.046205 -2.150734
-0.144399 0.568652
-0.390536 2.024969
2.860687 -1.200704
-0.223861 0.951825
-2.046205 -2.150734
-0.144399 0.568652
-0.401514 2.078406
2.860687 -1.200704
-0.223861 0.951825
-2.046205 -2.150734
-0.144399 0.568652
-0.357604 1.864661
2.860687 -1.200704
-0.223861 0.951825
-2.046205 -2.150734
-0.144399 0.568652
-0.357604 1.864661
2.860687 -1.200704
-0.223861 0.951825
-2.046205 -2.150734
-0.144399 0.568652
-0.357604 1.864661
2.860687 -1.200704
-0.223861 0.951825
-2.046205 -2.150734
-0.144399 0.568652
-0.357604 1.864661
2.860687 -1.200704
-0.223861 0.951825
-2.046205 -2.150734
-0.144399 0.568652
-0.357604 1.864661
2.860687 -1.200704
-0.223861 0.951825
-2.046205 -2.150734
-0.144399 0.568652
-0.357604 1.864661
2.860687 -1.200704
-0.255258 1.070590
-2.046205 -2.150734
-0.144399 0.568652
-0.357604 1.864661
2.860687 -1.200704
-0.247409 1.040899
-2.046205 -2.150734
-0.144399 0.568652
-0.357604 1.864661
2.860687 -1.200704
-0.223861 0.951825
-2.046205 -2.150734
-0.144399 0.568652
-0.357604 1.864661
2.860687 -1.200704
-0.223861 0.951825
-2.046205 -2.150734
-0.144399 0.568652
-0.357604 1.864661
2.860687 -1.200704
-0.223861 0.951825
-2.046205 -2.150734
-0.144399 0.568652
-0.357604 1.864661
2.860687 -1.200704
-0.223861 0.951825
-2.046205 -2.150734
-0.144399 0.568652
-0.357604 1.864661
2.860687 -1.200704
-0.223861 0.951825
-2.046205 -2.150734
-0.162230 0.626976
-0.357604 1.864661
2.860687 -1.200704
-0.223861 0.951825
-2.046205 -2.150734
-0.168173 0.646417
-0.357604 1.864661
2.860687 -1.200704
-0.223861 0.951825
-2.046205 -2.150734
-0.144399 0.568652
-0.357604 1.864661
2.860687 -1.200704
-0.223861 0.951825
-2.046205 -2.150734
-0.144399 0.568652
-0.357604 1.864661
2.860687 -1.200704
-0.223861 0.951825
-2.046205 -2.150734
-0.144399 0.568652
-0.357604 1.864661
2.860687 -1.200704
-0.223861 0.951825
-2.046205 -2.150734
-0.144399 0.568652
-0.357604 1.864661
2.860687 -1.200704
-0.223861 0.951825
-2.046205 -2.150734
-0.144399 0.568652
-0.357604 1.864661
2.860687 -1.200704
-0.223861 0.951825
-2.046205 -2.150734
-0.144399 0.568652
-0.357604 1.864661
2.860687 -1.200704
-0.223861 0.951825
-2.120286 -2.225547
-0.144399 0.568652
-0.357604 1.864661
2.860687 -1.200704
-0.223861 0.951825
-2.120286 -2.225547
-0.144399 0.568652
-0.357604 1.864661
2.860687 -1.200704
-0.236316 0.999247
-2.046205 -2.150734
-0.144399 0.568652
-0.357604 1.864661
2.860687 -1.200704
-0.236316 0.999247
-2.046205 -2.150734
-0.144399 0.568652
-0.357604 1.864661
2.860687 -1.200704
-0.223861 0.951825
-2.046205 -2.150734
-0.144399 0.568652
-0.357604 1.864661
2.860687 -1.200704
-0.223861 0.951825
-2.046205 -2.150734
-0.144399 0.568652
-0.357604 1.864661
2.860687 -1.200704
-0.223861 0.951825
-2.046205 -2.150734
-0.144399 0.568652
-0.357604 1.864661
2.860687 -1.200704
-0.223861 0.951825
-2.046205 -2.150734
-0.144399 0.568652
-0.357604 1.864661
2.860687 -1.200704
-0.223861 0.951825
-2.120286 -2.225547
-0.144399 0.568652
-0.357604 1.864661
2.860687 -1.200704
-0.223861 0.951825
-2.120286 -2.225547
-0.144399 0.568652
-0.357604 1.864661
2.860687 -1.200704
-0.223861 0.951825
-2.046205 -2.150734
-0.144399 0.568652
-0.357604 1.864661
2.860687 -1.200704
-0.223861 0.951825
-2.046205 -2.150734
-0.144399 0.568652
-0.357604 1.864661
2.860687 -1.200704
-0.223861 0.951825
-2.046205 -2.150734
-0.144399 0.568652
-0.401514 2.078406
2.860687 -1.200704
-0.223861 0.951825
-2.046205 -2.150734
-0.144399 0.568652
-0.390536 2.024969
2.860687 -1.200704
-0.223861 0.951825
-2.046205 -2.150734
-0.144399 0.568652
-0.357604 1.864661
2.860687 -1.200704
-0.223861 0.951825
-2.046205 -2.150734
-0.144399 0.568652
-0.357604 1.864661
2.860687 -1.200704
-0.223861 0.951825
-2.046205 -2.150734
-0.144399 0.568652
-0.357604 1.864661
2.860687 -1.200704
-0.223861 0.951825
-2.046205 -2.150734
-0.144399 0.568652
-0.357604 1.864661
2.860687 -1.200704
-0.223861 0.951825
-2.046205 -2.150734
-0.144399 0.568652
-0.357604 1.864661
2.860687 -1.200704
-0.223861 0.951825
-2.046205 -2.150734
-0.144399 0.568652
-0.357604 1.864661
2.860687 -1.200704
-0.223861 0.951825
-2.046205 -2.150734
-0.144399 0.568652
-0.357604 1.864661
2.860687 -1.200704
-0.223861 0.951825
-2.046205 -2.150734
-0.144399 0.568652
-0.357604 1.864661
2.860687 -1.200704
-0.223861 0.951825
-2.046205 -2.150734
-0.144399 0.568652
-0.357604 1.864661
2.860687 -1.200704
-0.223861 0.951825
-2.046205 -2.150734
-0.144399 0.568652
-0.357604 1.864661
2.860687 -1.200704
-0.223861 0.951825
-2.046205 -2.150734
-0.144399 0.568652
-0.357604 1.864661
2.860687 -1.200704
-0.223861 0.951825
-2.046205 -2.150734
-0.144399 0.568652
-0.357604 1.864661
2.860687 -1.200704
-0.223861 0.951825
-2.046205 -2.150734
-0.144399 0.568652
-0.357604 1.864661
2.860687 -1.200704
-0.223861 0.951825
-2.046205 -2.150734
-0.144399 0.568652
-0.357604 1.864661
2.860687 -1.200704
-0.223861 0.951825
-2.046205 -2.150734
-0.144399 0.568652
-0.357604 1.864661
2.860687 -1.200704
-0.223861 0.951825
-2.046205 -2.150734
-0.144399 0.568652
-0.357604 1.864661
2.860687 -1.200704
-0.223861 0.951825
-2.046205 -2.150734
-0.144399 0.568652
-0.357604 1.864661
2.860687 -1.200704
-0.223861 0.951825
-2.046205 -2.150734
-0.144399 0.568652
-0.357604 1.864661
2.860687 -1.200704
-0.223861 0.951825
-2.046205 -2.150734
-0.144399 0.568652
-0.357604 1.864661
2.860687 -1.200704
-0.223861 0.951825
-2.046205 -2.150734
-0.144399 0.568652
-0.357604 1.864661
2.860687 -1.200704
-0.223861 0.951825
-2.046205 -2.150734
-0.144399 0.568652
-0.357604 1.864661
2.860687 -1.200704
-0.223861 0.951825
-2.046205 -2.150734
-0.144399 0.568652
-0.357604 1.864661
2.860687 -1.200704
-0.223861 0.951825
-2.046205 -2.150734
-0.144399 0.568652
-0.357604 1.864661
2.860687 -1.200704
-0.223861 0.951825
-2.046205 -2.150734
-0.144399 0.568652
-0.357604 1.864661
2.860687 -1.200704
-0.223861 0.951825
-2.046205 -2.150734
-0.144399 0.568652
-0.374751 1.947866
2.860687 -1.200704
-0.223861 0.951825
-2.046205 -2.150734
-0.144399 0.568652
-0.374751 1.947866
2.860687 -1.200704
-0.223861 0.951825
-2.046205 -2.150734
-0.144399 0.568652
-0.357604 1.864661
3.044609 -1.281033
-0.223861 0.951825
-2.046205 -2.150734
-0.144399 0.568652
-0.357604 1.864661
3.105916 -1.307810
-0.223861 0.951825
-2.046205 -2.150734
-0.144399 0.568652
-0.357604 1.864661
2.860687 -1.200704
-0.223861 0.951825
-2.046205 -2.150734
-0.144399 0.568652
-0.357604 1.864661
2.860687 -1.200704
-0.223861 0.951825
-2.046205 -2.150734
-0.144399 0.568652
-0.357604 1.864661
2.860687 -1.200704
-0.223861 0.951825
-2.046205 -2.150734
-0.144399 0.568652
-0.357604 1.864661
2.860687 -1.200704
-0.223861 0.951825
-2.046205 -2.150734
-0.144399 0.568652
-0.357604 1.864661
2.860687 -1.200704
-0.223861 0.951825
-2.046205 -2.150734
-0.144399 0.568652
-0.357604 1.864661
2.860687 -1.200704
-0.223861 0.951825
-2.046205 -2.150734
-0.144399 0.568652
-0.357604 1.864661
2.952432 -1.238326
-0.223861 0.951825
-2.046205 -2.150734
-0.144399 0.568652
-0.357604 1.864661
2.952432 -1.238326
-0.223861 0.951825
-2.046205 -2.150734
-0.144399 0.568652
-0.357604 1.864661
2.860687 -1.200704
-0.223861 0.951825
-2.046205 -2.150734
-0.144399 0.568652
-0.357604 1.864661
2.860687 -1.200704
-0.223861 0.951825
-2.046205 -2.150734
-0.144399 0.568652
-0.390536 2.024969
2.860687 -1.200704
-0.223861 0.951825
-2.046205 -2.150734
-0.144399 0.568652
-0.401514 2.078406
2.860687 -1.200704
-0.223861 0.951825
-2.046205 -2.150734
-0.162230 0.626976
-0.357604 1.864661
2.860687 -1.200704
-0.223861 0.951825
-2.046205 -2.150734
-0.168173 0.646417
-0.357604 1.864661
2.860687 -1.200704
-0.223861 0.951825
-2.046205 -2.150734
-0.144399 0.568652
-0.357604 1.864661
2.750801 -1.313236
-0.223861 0.951825
-2.046205 -2.150734
-0.144399 0.568652
-0.357604 1.864661
2.750801 -1.313236
-0.223861 0.951825
-2.046205 -2.150734
-0.144399 0.568652
-0.357604 1.864661
2.750801 -1.313236
-0.223861 0.951825
-2.046205 -2.150734
-0.144399 0.568652
-0.357604 1.864661
2.750801 -1.313236
-0.223861 0.951825
-2.046205 -2.150734
-0.144399 0.568652
-0.357604 1.864661
2.860687 -1.200704
-0.223861 0.951825
-2.046205 -2.150734
-0.144399 0.568652
-0.357604 1.864661
2.860687 -1.200704
-0.223861 0.951825
-2.046205 -2.150734
-0.144399 0.568652
-0.357604 1.864661
2.860687 -1.200704
-0.223861 0.951825
-2.046205 -2.150734
-0.144399 0.568652
-0.357604 1.864661
2.860687 -1.200704
-0.223861 0.951825
-2.046205 -2.150734
-0.144399 0.568652
-0.357604 1.864661
2.860687 -1.200704
-0.223861 0.951825
-2.046205 -2.150734
-0.144399 0.568652
-0.357604 1.864661
2.860687 -1.200704
-0.223861 0.951825
-2.046205 -2.150734
-0.144399 0.568652
-0.357604 1.864661
2.860687 -1.200704
-0.223861 0.951825
-2.046205 -2.150734
-0.144399 0.568652
-0.357604 1.864661
2.860687 -1.200704
-0.223861 0.951825
-2.046205 -2.150734
-0.144399 0.568652
-0.357604 1.864661
2.860687 -1.200704
-0.223861 0.951825
-2.046205 -2.150734
-0.144399 0.568652
-0.357604 1.864661
2.860687 -1.200704
-0.223861 0.951825
-2.046205 -2.150734
-0.144399 0.568652
-0.374751 1.947866
2.860687 -1.200704
-0.223861 0.951825
-2.046205 -2.150734
-0.144399 0.568652
-0.374751 1.947866
2.860687 -1.200704
-0.223861 0.951825
-2.046205 -2.150734
-0.144399 0.568652
-0.357604 1.864661
2.860687 -1.200704
-0.223861 0.951825
-2.046205 -2.150734
-0.144399 0.568652
-0.357604 1.864661
2.860687 -1.200704
-0.223861 0.951825
-2.046205 -2.150734
-0.144399 0.568652
-0.357604 1.864661
2.860687 -1.200704
-0.223861 0.951825
-2.046205 -2.150734
-0.144399 0.568652
-0.357604 1.864661
2.860687 -1.200704
-0.223861 0.951825
-2.046205 -2.150734
-0.144399 0.568652
-0.357604 1.864661
3.105916 -1.307810
-0.223861 0.951825
-2.046205 -2.150734
-0.144399 0.568652
-0.357604 1.864661
3.044609 -1.281033
-0.223861 0.951825
-2.046205 -2.150734
-0.144399 0.568652
-0.357604 1.864661
2.860687 -1.200704
-0.223861 0.951825
-2.046205 -2.150734
-0.144399 0.568652
-0.357604 1.864661
2.860687 -1.200704
-0.223861 0.951825
-2.192454 -2.305074
-0.144399 0.568652
-0.357604 1.864661
2.860687 -1.200704
-0.223861 0.951825
-2.241204 -2.356521
-0.144399 0.568652
-0.357604 1.864661
2.860687 -1.200704
-0.223861 0.951825
-2.046205 -2.150734
-0.144399 0.568652
-0.357604 1.864661
2.860687 -1.200704
-0.223861 0.951825
-2.046205 -2.150734
-0.144399 0.568652
-0.357604 1.864661
2.860687 -1.200704
-0.223861 0.951825
-2.046205 -2.150734
-0.144399 0.568652
-0.357604 1.864661
2.860687 -1.200704
-0.223861 0.951825
-2.046205 -2.150734
-0.144399 0.568652
-0.357604 1.864661
2.860687 -1.200704
-0.236316 0.999247
-2.046205 -2.150734
-0.144399 0.568652
-0.357604 1.864661
2.860687 -1.200704
-0.236316 0.999247
-2.046205 -2.150734
-0.144399 0.568652
-0.357604 1.864661
2.860687 -1.200704
-0.223861 0.951825
-2.046205 -2.150734
-0.144399 0.568652
-0.357604 1.864661
2.860687 -1.200704
-0.223861 0.951825
-2.046205 -2.150734
-0.144399 0.568652
-0.357604 1.864661
2.860687 -1.200704
-0.223861 0.951825
-2.046205 -2.150734
-0.144399 0.568652
-0.357604 1.864661
2.860687 -1.200704
-0.223861 0.951825
-2.046205 -2.150734
-0.144399 0.568652
-0.357604 1.864661
2.860687 -1.200704
-0.223861 0.951825
-2.046205 -2.150734
-0.144399 0.568652
-0.357604 1.864661
2.860687 -1.200704
-0.223861 0.951825
-2.046205 -2.150734
-0.144399 0.568652
-0.357604 1.864661
2.860687 -1.200704
-0.223861 0.951825
-2.046205 -2.150734
-0.144399 0.568652
-0.357604 1.864661
2.860687 -1.200704
-0.223861 0.951825
-2.046205 -2.150734
-0.144399 0.568652
-0.357604 1.864661
2.860687 -1.200704
-0.223861 0.951825
-2.046205 -2.150734
-0.144399 0.568652
-0.357604 1.864661
2.860687 -1.200704
-0.223861 0.951825
-2.046205 -2.150734
-0.144399 0.568652
-0.357604 1.864661
2.860687 -1.200704
-0.143797 0.919291
-2.046205 -2.150734
-0.144399 0.568652
-0.357604 1.864661
2.860687 -1.200704
-0.143797 0.919291
-2.046205 -2.150734
-0.144399 0.568652
-0.357604 1.864661
2.860687 -1.200704
-0.143797 0.919291
-2.046205 -2.150734
-0.144399 0.568652
-0.357604 1.864661
2.860687 -1.200704
-0.143797 0.919291
-2.046205 -2.150734
-0.144399 0.568652
-0.357604 1.864661
2.860687 -1.200704
-0.143797 0.919291
-2.046205 -2.150734
-0.144399 0.568652
-0.357604 1.864661
2.860687 -1.200704
-0.143797 0.919291
-2.046205 -2.150734
-0.144399 0.568652
-0.357604 1.864661
2.860687 -1.200704
-0.143797 0.919291
-2.241204 -2.356521
-0.144399 0.568652
-0.357604 1.864661
2.860687 -1.200704
-0.143797 0.919291
-2.192454 -2.305074
-0.144399 0.568652
-0.357604 1.864661
2.860687 -1.200704
-0.223861 0.951825
-2.046205 -2.150734
-0.144399 0.568652
-0.357604 1.864661
2.860687 -1.200704
-0.223861 0.951825
-2.046205 -2.150734
-0.144399 0.568652
-0.357604 1.864661
2.860687 -1.200704
-0.223861 0.951825
-2.046205 -2.150734
-0.144399 0.568652
-0.357604 1.864661
3.105916 -1.307810
-0.223861 0.951825
-2.046205 -2.150734
-0.144399 0.568652
-0.357604 1.864661
3.044609 -1.281033
-0.223861 0.951825
-2.046205 -2.150734
-0.144399 0.568652
-0.357604 1.864661
2.860687 -1.200704
-0.223861 0.951825
-2.046205 -2.150734
-0.144399 0.568652
-0.357604 1.864661
2.860687 -1.200704
-0.223861 0.951825
-2.046205 -2.150734
-0.144399 0.568652
-0.357604 1.864661
2.860687 -1.200704
-0.223861 0.951825
-2.046205 -2.150734
-0.144399 0.568652
-0.357604 1.864661
2.860687 -1.200704
-0.223861 0.951825
-2.046205 -2.150734
-0.144399 0.568652
-0.357604 1.864661
2.860687 -1.200704
-0.223861 0.951825
-2.046205 -2.150734
-0.144399 0.568652
-0.357604 1.864661
2.860687 -1.200704
-0.223861 0.951825
-2.046205 -2.150734
-0.144399 0.568652
-0.357604 1.864661
2.860687 -1.200704
-0.223861 0.951825
-2.046205 -2.150734
-0.144399 0.568652
-0.357604 1.864661
2.860687 -1.200704
-0.223861 0.951825
-2.046205 -2.150734
-0.144399 0.568652
-0.357604 1.864661
2.860687 -1.200704
-0.223861 0.951825
-2.046205 -2.150734
-0.144399 0.568652
-0.357604 1.864661
2.860687 -1.200704
-0.255258 1.070590
-2.046205 -2.150734
-0.144399 0.568652
-0.374751 1.947866
2.860687 -1.200704
-0.247409 1.040899
-2.046205 -2.150734
-0.144399 0.568652
-0.374751 1.947866
2.860687 -1.200704
-0.223861 0.951825
-2.046205 -2.150734
-0.144399 0.568652
-0.357604 1.864661
2.860687 -1.200704
-0.223861 0.951825
-2.046205 -2.150734
-0.144399 0.568652
-0.357604 1.864661
2.860687 -1.200704
-0.223861 0.951825
-2.046205 -2.150734
-0.144399 0.568652
-0.357604 1.864661
2.860687 -1.200704
-0.223861 0.951825
-2.046205 -2.150734
-0.144399 0.568652
-0.357604 1.864661
2.860687 -1.200704
-0.223861 0.951825
-2.046205 -2.150734
-0.144399 0.568652
-0.357604 1.864661
2.860687 -1.200704
-0.223861 0.951825
-2.046205 -2.150734
-0.144399 0.568652
-0.357604 1.864661
2.860687 -1.200704
-0.223861 0.951825
-2.046205 -2.150734
-0.144399 0.568652
-0.357604 1.864661
2.860687 -1.200704
-0.223861 0.951825
-2.046205 -2.150734
-0.144399 0.568652
-0.357604 1.864661
2.860687 -1.200704
-0.247409 1.040899
-2.046205 -2.150734
-0.144399 0.568652
-0.357604 1.864661
2.860687 -1.200704
-0.255258 1.070590
-2.046205 -2.150734
-0.144399 0.568652
-0.357604 1.864661
2.860687 -1.200704
-0.223861 0.951825
-2.046205 -2.150734
-0.144399 0.568652
-0.357604 1.864661
2.860687 -1.200704
-0.223861 0.951825
-2.046205 -2.150734
-0.144399 0.568652
-0.357604 1.864661
2.860687 -1.200704
-0.223861 0.951825
-2.046205 -2.150734
-0.144399 0.568652
-0.357604 1.864661
2.860687 -1.200704
-0.223861 0.951825
-2.046205 -2.150734
-0.144399 0.568652
-0.357604 1.864661
2.860687 -1.200704
-0.223861 0.951825
-2.046205 -2.150734
-0.144399 0.568652
-0.357604 1.864661
2.860687 -1.200704
-0.223861 0.951825
-2.046205 -2.150734
-0.144399 0.568652
-0.357604 1.864661
2.860687 -1.200704
-0.223861 0.951825
-2.046205 -2.150734
-0.144399 0.568652
-0.357604 1.864661
2.860687 -1.200704
-0.223861 0.951825
-2.046205 -2.150734
-0.144399 0.568652
-0.357604 1.864661
2.860687 -1.200704
-0.223861 0.951825
-2.046205 -2.150734
-0.144399 0.568652
-0.357604 1.864661
2.860687 -1.200704
-0.223861 0.951825
-2.046205 -2.150734
-0.144399 0.568652
-0.357604 1.864661
2.860687 -1.200704
-0.223861 0.951825
-2.046205 -2.150734
-0.144399 0.568652
-0.357604 1.864661
2.860687 -1.200704
-0.223861 0.951825
-2.046205 -2.150734
-0.144399 0.568652
-0.357604 1.864661
2.860687 -1.200704
-0.223861 0.951825
-2.046205 -2.150734
-0.144399 0.568652
-0.357604 1.864661
2.860687 -1.200704
-0.223861 0.951825
-2.046205 -2.150734
-0.144399 0.568652
-0.357604 1.864661
2.860687 -1.200704
-0.223861 0.951825
-2.046205 -2.150734
-0.007082 0.512583
-0.357604 1.864661
2.860687 -1.200704
-0.223861 0.951825
-2.046205 -2.150734
-0.007082 0.512583
-0.357604 1.864661
2.860687 -1.200704
-0.223861 0.951825
-2.046205 -2.150734
-0.007082 0.512583
-0.357604 1.864661
2.860687 -1.200704
-0.223861 0.951825
-2.046205 -2.150734
-0.007082 0.512583
-0.357604 1.864661
2.860687 -1.200704
-0.223861 0.951825
-2.046205 -2.150734
-0.144399 0.568652
-0.357604 1.864661
2.860687 -1.200704
-0.223861 0.951825
-2.046205 -2.150734
-0.144399 0.568652
-0.357604 1.864661
2.860687 -1.200704
-0.223861 0.951825
-2.046205 -2.150734
-0.144399 0.568652
-0.357604 1.864661
2.750800 -1.313238
-0.223861 0.951825
-2.046205 -2.150734
-0.144399 0.568652
-0.357604 1.864661
2.750800 -1.313238
-0.223861 0.951825
-2.046205 -2.150734
-0.144399 0.568652
-0.357604 1.864661
2.750800 -1.313238
-0.223861 0.951825
-2.046205 -2.150734
-0.144399 0.568652
-0.357604 1.864661
2.750800 -1.313238
-0.223861 0.951825
-2.046205 -2.150734
-0.144399 0.568652
-0.357604 1.864661
2.860687 -1.200704
-0.223861 0.951825
-2.046205 -2.150734
-0.144399 0.568652
-0.357604 1.864661
2.860687 -1.200704
-0.223861 0.951825
-2.046205 -2.150734
-0.144399 0.568652
-0.357604 1.864661
2.860687 -1.200704
-0.223861 0.951825
-2.046205 -2.150734
-0.144399 0.568652
-0.357604 1.864661
2.860687 -1.200704
-0.223861 0.951825
-2.046205 -2.150734
-0.144399 0.568652
-0.357604 1.864661
2.860687 -1.200704
-0.223861 0.951825
-2.046205 -2.150734
-0.144399 0.568652
-0.357604 1.864661
2.860687 -1.200704
-0.223861 0.951825
-2.046205 -2.150734
-0.144399 0.568652
-0.357604 1.864661
2.860687 -1.200704
-0.223861 0.951825
-2.046205 -2.150734
-0.144399 0.568652
-0.357604 1.864661
2.860687 -1.200704
-0.255258 1.070590
-2.046205 -2.150734
-0.144399 0.568652
-0.357604 1.864661
2.750800 -1.313238
-0.247409 1.040899
-2.046205 -2.150734
-0.144399 0.568652
-0.357604 1.864661
2.750800 -1.313238
-0.223861 0.951825
-2.046205 -2.150734
-0.144399 0.568652
-0.357604 1.864661
2.750800 -1.313238
-0.223861 0.951825
-2.046205 -2.150734
-0.144399 0.568652
-0.357604 1.864661
2.750800 -1.313238
-0.223861 0.951825
-2.046205 -2.150734
-0.144399 0.568652
-0.357604 1.864661
2.860687 -1.200704
-0.223861 0.951825
-2.046205 -2.150734
-0.144399 0.568652
-0.357604 1.864661
2.860687 -1.200704
-0.223861 0.951825
-2.046205 -2.150734
-0.144399 0.568652
-0.357604 1.864661
2.860687 -1.200704
-0.223861 0.951825
-2.046205 -2.150734
-0.144399 0.568652
-0.357604 1.864661
2.860687 -1.200704
-0.223861 0.951825
-2.046205 -2.150734
-0.144399 0.568652
-0.357604 1.864661
2.860687 -1.200704
-0.223861 0.951825
-2.046205 -2.150734
-0.144399 0.568652
-0.357604 1.864661
2.860687 -1.200704
-0.223861 0.951825
-2.046205 -2.150734
-0.144399 0.568652
-0.357604 1.864661
2.860687 -1.200704
-0.223861 0.951825
-2.046205 -2.150734
-0.144399 0.568652
-0.357604 1.864661
2.860687 -1.200704
-0.223861 0.951825
-2.046205 -2.150734
-0.144399 0.568652
-0.357604 1.864661
2.860687 -1.200704
-0.223861 0.951825
-2.046205 -2.150734
-0.144399 0.568652
-0.357604 1.864661
2.860687 -1.200704
-0.223861 0.951825
-2.046205 -2.150734
-0.144399 0.568652
-0.357604 1.864661
2.860687 -1.200704
-0.223861 0.951825
-2.046205 -2.150734
-0.144399 0.568652
-0.357604 1.864661
2.860687 -1.200704
-0.223861 0.951825
-2.046205 -2.150734
-0.144399 0.568652
-0.357604 1.864661
2.860687 -1.200704
-0.223861 0.951825
-2.046205 -2.150734
-0.144399 0.568652
-0.357604 1.864661
2.860687 -1.200704
-0.223861 0.951825
-2.046205 -2.150734
-0.144399 0.568652
-0.357604 1.864661
2.860687 -1.200704
-0.223861 0.951825
-2.046205 -2.150734
-0.144399 0.568652
-0.357604 1.864661
2.860687 -1.200704
-0.223861 0.951825
-2.241204 -2.356521
-0.144399 0.568652
-0.357604 1.864661
2.860687 -1.200704
-0.223861 0.951825
-2.192454 -2.305074
-0.144399 0.568652
-0.357604 1.864661
2.860687 -1.200704
-0.223861 0.951825
-2.046205 -2.150734
-0.144399 0.568652
-0.357604 1.864661
2.860687 -1.200704
-0.223861 0.951825
-2.046205 -2.150734
-0.144399 0.568652
-0.357604 1.864661
2.860687 -1.200704
-0.223861 0.951825
-2.046205 -2.150734
-0.144399 0.568652
-0.357604 1.864661
2.860687 -1.200704
-0.223861 0.951825
-2.046205 -2.150734
-0.144399 0.568652
-0.357604 1.864661
2.860687 -1.200704
-0.223861 0.951825
-2.046205 -2.150734
-0.144399 0.568652
-0.357604 1.864661
2.860687 -1.200704
-0.223861 0.951825
-2.046205 -2.150734
-0.144399 0.568652
-0.357604 1.864661
2.860687 -1.200704
-0.223861 0.951825
-2.046205 -2.150734
-0.144399 0.568652
-0.357604 1.864661
2.860687 -1.200704
-0.223861 0.951825
-2.046205 -2.150734
-0.144399 0.568652
-0.357604 1.864661
2.860687 -1.200704
-0.223861 0.951825
-2.046205 -2.150734
-0.144399 0.568652
-0.357604 1.864661
2.860687 -1.200704
-0.223861 0.951825
-2.046205 -2.150734
-0.144399 0.568652
-0.357604 1.864661
2.860687 -1.200704
-0.223861 0.951825
-2.046205 -2.150734
-0.144399 0.568652
-0.357604 1.864661
2.860687 -1.200704
-0.223861 0.951825
-2.046205 -2.150734
-0.144399 0.568652
-0.357604 1.864661
2.860687 -1.200704
-0.223861 0.951825
-2.046205 -2.150734
-0.144399 0.568652
-0.357604 1.864661
2.860687 -1.200704
-0.223861 0.951825
-2.046205 -2.150734
-0.144399 0.568652
-0.357604 1.864661
2.860687 -1.200704
-0.223861 0.951825
-2.046205 -2.150734
-0.144399 0.568652
-0.357604 1.864661
2.860687 -1.200704
-0.223861 0.951825
-2.046205 -2.150734
-0.144399 0.568652
-0.357604 1.864661
2.860687 -1.200704
-0.223861 0.951825
-2.046205 -2.150734
-0.144399 0.568652
-0.357604 1.864661
3.044609 -1.281033
-0.223861 0.951825
-2.046205 -2.150734
-0.144399 0.568652
-0.357604 1.864661
3.105916 -1.307810
-0.223861 0.951825
-2.046205 -2.150734
-0.144399 0.568652
-0.357604 1.864661
2.860687 -1.200704
-0.223861 0.951825
-2.046205 -2.150734
-0.144399 0.568652
-0.357604 1.864661
2.860687 -1.200704
-0.223861 0.951825
-2.046205 -2.150734
-0.144399 0.568652
-0.357604 1.864661
2.860687 -1.200704
-0.223861 0.951825
-2.046205 -2.150734
-0.144399 0.568652
-0.357604 1.864661
2.860687 -1.200704
-0.223861 0.951825
-2.241204 -2.356521
-0.144399 0.568652
-0.357604 1.864661
2.860687 -1.200704
-0.223861 0.951825
-2.192454 -2.305074
-0.144399 0.568652
-0.357604 1.864661
2.860687 -1.200704
-0.223861 0.951825
-2.046205 -2.150734
-0.144399 0.568652
-0.357604 1.864661
2.860687 -1.200704
-0.223861 0.951825
-2.046205 -2.150734
-0.144399 0.568652
-0.357604 1.864661
2.860687 -1.200704
-0.223861 0.951825
-2.046205 -2.150734
-0.144399 0.568652
-0.357604 1.864661
2.860687 -1.200704
-0.223861 0.951825
-2.046205 -2.150734
-0.144399 0.568652
-0.357604 1.864661
2.860687 -1.200704
-0.223861 0.951825
-2.241204 -2.356521
-0.144399 0.568652
-0.357604 1.864661
2.860687 -1.200704
-0.223861 0.951825
-2.192454 -2.305074
-0.144399 0.568652
-0.357604 1.864661
2.860687 -1.200704
-0.247409 1.040899
-2.046205 -2.150734
-0.144399 0.568652
-0.357604 1.864661
2.860687 -1.200704
-0.255258 1.070590
-2.046205 -2.150734
-0.144399 0.568652
-0.357604 1.864661
2.860687 -1.200704
-0.223861 0.951825
-2.046205 -2.150734
-0.144399 0.568652
-0.357604 1.864661
2.860687 -1.200704
-0.223861 0.951825
-2.046205 -2.150734
-0.144399 0.568652
-0.357604 1.864661
2.860687 -1.200704
-0.223861 0.951825
-2.046205 -2.150734
-0.144399 0.568652
-0.357604 1.864661
2.860687 -1.200704
-0.223861 0.951825
-2.046205 -2.150734
-0.144399 0.568652
-0.357604 1.864661
2.860687 -1.200704
-0.223861 0.951825
-2.046205 -2.150734
-0.144399 0.568652
-0.357604 1.864661
2.952432 -1.238326
-0.223861 0.951825
-2.046205 -2.150734
-0.144399 0.568652
-0.357604 1.864661
2.952432 -1.238326
-0.223861 0.951825
-2.046205 -2.150734
-0.144399 0.568652
-0.357604 1.864661
2.860687 -1.200704
-0.223861 0.951825
-2.046205 -2.150734
-0.144399 0.568652
-0.357604 1.864661
2.860687 -1.200704
-0.223861 0.951825
-2.046205 -2.150734
-0.144399 0.568652
-0.357604 1.864661
2.860687 -1.200704
-0.223861 0.951825
-2.046205 -2.150734
-0.144399 0.568652
-0.357604 1.864661
2.860687 -1.200704
-0.223861 0.951825
-2.046205 -2.150734
-0.144399 0.568652
-0.357604 1.864661
2.860687 -1.200704
-0.223861 0.951825
-2.046205 -2.150734
-0.144399 0.568652
-0.357604 1.864661
2.860687 -1.200704
-0.223861 0.951825
-2.241204 -2.356521
-0.144399 0.568652
-0.357604 1.864661
2.860687 -1.200704
-0.223861 0.951825
-2.192454 -2.305074
-0.144399 0.568652
-0.357604 1.864661
2.860687 -1.200704
-0.223861 0.951825
-2.046205 -2.150734
-0.144399 0.568652
-0.357604 1.864661
2.860687 -1.200704
-0.223861 0.951825
-2.046205 -2.150734
-0.144399 0.568652
-0.357604 1.864661
2.860687 -1.200704
-0.223861 0.951825
-2.046205 -2.150734
-0.144399 0.568652
-0.357604 1.864661
2.860687 -1.200704
-0.223861 0.951825
-2.046205 -2.150734
-0.144399 0.568652
-0.357604 1.864661
2.860687 -1.200704
-0.223861 0.951825
-2.046205 -2.150734
-0.144399 0.568652
-0.357604 1.864661
2.860687 -1.200704
-0.223861 0.951825
-2.046205 -2.150734
-0.144399 0.568652
-0.357604 1.864661
2.860687 -1.200704
-0.223861 0.951825
-2.046205 -2.150734
-0.144399 0.568652
-0.357604 1.864661
2.860687 -1.200704
-0.223861 0.951825
-2.046205 -2.150734
-0.144399 0.568652
-0.357604 1.864661
2.860687 -1.200704
-0.223861 0.951825
-2.046205 -2.150734
-0.144399 0.568652
-0.357604 1.864661
2.952432 -1.238326
-0.223861 0.951825
-2.046205 -2.150734
-0.144399 0.568652
-0.357604 1.864661
2.952432 -1.238326
-0.223861 0.951825
-2.046205 -2.150734
-0.144399 0.568652
-0.357604 1.864661
2.860687 -1.200704
-0.223861 0.951825
-2.046205 -2.150734
-0.144399 0.568652
-0.357604 1.864661
2.860687 -1.200704
-0.223861 0.951825
-2.046205 -2.150734
-0.144399 0.568652
-0.357604 1.864661
2.860687 -1.200704
-0.223861 0.951825
-2.046205 -2.150734
-0.144399 0.568652
-0.357604 1.864661
2.860687 -1.200704
-0.223861 0.951825
-2.046205 -2.150734
-0.144399 0.568652
-0.357604 1.864661
2.860687 -1.200704
-0.223861 0.951825
-2.046205 -2.150734
-0.144399 0.568652
-0.357604 1.864661
2.860687 -1.200704
-0.223861 0.951825
-2.046205 -2.150734
-0.144399 0.568652
-0.357604 1.864661
2.860687 -1.200704
-0.223861 0.951825
-2.046205 -2.150734
-0.144399 0.568652
-0.357604 1.864661
2.860687 -1.200704
-0.223861 0.951825
-2.046205 -2.150734
-0.144399 0.568652
-0.357604 1.864661
2.860687 -1.200704
-0.223861 0.951825
-2.046205 -2.150734
-0.144399 0.568652
-0.357604 1.864661
2.860687 -1.200704
-0.223861 0.951825
-2.046205 -2.150734
-0.144399 0.568652
-0.357604 1.864661
2.860687 -1.200704
-0.223861 0.951825
-2.046205 -2.150734
-0.144399 0.568652
-0.357604 1.864661
2.860687 -1.200704
-0.223861 0.951825
-2.120286 -2.225547
-0.144399 0.568652
-0.357604 1.864661
2.860687 -1.200704
-0.223861 0.951825
-2.120286 -2.225547
-0.144399 0.568652
-0.357604 1.864661
2.860687 -1.200704
-0.223861 0.951825
-2.046205 -2.150734
-0.144399 0.568652
-0.357604 1.864661
2.860687 -1.200704
-0.223861 0.951825
-2.046205 -2.150734
-0.144399 0.568652
-0.357604 1.864661
2.860687 -1.200704
-0.223861 0.951825
-2.046205 -2.150734
-0.144399 0.568652
-0.357604 1.864661
3.105916 -1.307810
-0.223861 0.951825
-2.046205 -2.150734
-0.144399 0.568652
-0.357604 1.864661
3.044609 -1.281033
-0.223861 0.951825
-2.046205 -2.150734
-0.144399 0.568652
-0.357604 1.864661
2.860687 -1.200704
-0.223861 0.951825
-2.046205 -2.150734
-0.144399 0.568652
-0.357604 1.864661
2.860687 -1.200704
-0.223861 0.951825
-2.046205 -2.150734
-0.144399 0.568652
-0.357604 1.864661
2.860687 -1.200704
-0.223861 0.951825
-2.046205 -2.150734
-0.144399 0.568652
-0.357604 1.864661
2.860687 -1.200704
-0.223861 0.951825
-2.046205 -2.150734
-0.144399 0.568652
-0.357604 1.864661
2.860687 -1.200704
-0.223861 0.951825
-2.046205 -2.150734
-0.144399 0.568652
-0.357604 1.864661
2.860687 -1.200704
-0.223861 0.951825
-2.046205 -2.150734
-0.144399 0.568652
-0.357604 1.864661
2.860687 -1.200704
-0.223861 0.951825
-2.046205 -2.150734
-0.144399 0.568652
-0.357604 1.864661
2.860687 -1.200704
-0.223861 0.951825
-2.046205 -2.150734
-0.144399 0.568652
-0.357604 1.864661
2.860687 -1.200704
-0.223861 0.951825
-2.046205 -2.150734
-0.144399 0.568652
-0.357604 1.864661
2.860687 -1.200704
-0.223861 0.951825
-2.046205 -2.150734
-0.144399 0.568652
-0.357604 1.864661
2.860687 -1.200704
-0.223861 0.951825
-2.046205 -2.150734
-0.144399 0.568652
-0.357604 1.864661
2.860687 -1.200704
-0.223861 0.951825
-2.046205 -2.150734
-0.144399 0.568652
-0.357604 1.864661
2.860687 -1.200704
-0.223861 0.951825
-2.046205 -2.150734
-0.144399 0.568652
-0.357604 1.864661
2.860687 -1.200704
-0.223861 0.951825
-2.046205 -2.150734
-0.144399 0.568652
-0.357604 1.864661
2.860687 -1.200704
-0.223861 0.951825
-2.046205 -2.150734
-0.144399 0.568652
-0.357604 1.864661
2.860687 -1.200704
-0.223861 0.951825
-2.046205 -2.150734
-0.144399 0.568652
-0.357604 1.864661
2.860687 -1.200704
-0.223861 0.951825
-2.046205 -2.150734
-0.144399 0.568652
-0.357604 1.864661
2.860687 -1.200704
-0.223861 0.951825
-2.046205 -2.150734
-0.144399 0.568652
-0.357604 1.864661
3.044609 -1.281033
-0.223861 0.951825
-2.046205 -2.150734
-0.144399 0.568652
-0.357604 1.864661
3.105916 -1.307810
-0.223861 0.951825
-2.046205 -2.150734
-0.144399 0.568652
-0.357604 1.864661
2.860687 -1.200704
-0.223861 0.951825
-2.046205 -2.150734
-0.144399 0.568652
-0.357604 1.864661
2.860687 -1.200704
-0.223861 0.951825
-2.046205 -2.150734
-0.144399 0.568652
-0.357604 1.864661
2.860687 -1.200704
-0.223861 0.951825
-2.046205 -2.150734
-0.144399 0.568652
-0.357604 1.864661
2.860687 -1.200704
-0.223861 0.951825
-2.046205 -2.150734
-0.144399 0.568652
-0.357604 1.864661
2.860687 -1.200704
-0.223861 0.951825
-2.046205 -2.150734
-0.144399 0.568652
-0.357604 1.864661
2.860687 -1.200704
-0.223861 0.951825
-2.046205 -2.150734
-0.144399 0.568652
-0.357604 1.864661
2.860687 -1.200704
-0.223861 0.951825
-2.046205 -2.150734
-0.144399 0.568652
-0.357604 1.864661
2.860687 -1.200704
-0.223861 0.951825
-2.046205 -2.150734
-0.144399 0.568652
-0.357604 1.864661
2.860687 -1.200704
-0.223861 0.951825
-2.046205 -2.150734
-0.144399 0.568652
-0.357604 1.864661
2.860687 -1.200704
-0.223861 0.951825
-2.046205 -2.150734
-0.144399 0.568652
-0.357604 1.864661
2.860687 -1.200704
-0.223861 0.951825
-2.046205 -2.150734
-0.144399 0.568652
-0.357604 1.864661
2.860687 -1.200704
-0.223861 0.951825
-2.046205 -2.150734
-0.144399 0.568652
-0.357604 1.864661
2.860687 -1.200704
-0.223861 0.951825
-2.046205 -2.150734
-0.144399 0.568652
-0.357604 1.864661
2.860687 -1.200704
-0.223861 0.951825
-2.046205 -2.150734
-0.144399 0.568652
-0.357604 1.864661
2.860687 -1.200704
-0.223861 0.951825
-2.046205 -2.150734
-0.144399 0.568652
-0.357604 1.864661
2.860687 -1.200704
-0.223861 0.951825
-2.046205 -2.150734
-0.144399 0.568652
-0.357604 1.864661
2.860687 -1.200704
-0.223861 0.951825
-2.046205 -2.150734
-0.144399 0.568652
-0.357604 1.864661
2.860687 -1.200704
-0.223861 0.951825
-2.046205 -2.150734
-0.144399 0.568652
-0.357604 1.864661
2.860687 -1.200704
-0.223861 0.951825
-2.046205 -2.150734
-0.144399 0.568652
-0.357604 1.864661
2.860687 -1.200704
-0.223861 0.951825
-2.046205 -2.150734
-0.144399 0.568652
-0.357604 1.864661
2.860687 -1.200704
-0.223861 0.951825
-2.046205 -2.150734
-0.144399 0.568652
-0.357604 1.864661
2.860687 -1.200704
-0.223861 0.951825
-2.046205 -2.150734
-0.144399 0.568652
-0.357604 1.864661
2.860687 -1.200704
-0.223861 0.951825
-2.046205 -2.150734
-0.144399 0.568652
-0.357604 1.864661
2.860687 -1.200704
-0.223861 0.951825
-2.046205 -2.150734
-0.144399 0.568652
-0.357604 1.864661
2.860687 -1.200704
-0.223861 0.951825
-2.046205 -2.150734
-0.144399 0.568652
-0.357604 1.864661
2.860687 -1.200704
-0.223861 0.951825
-2.046205 -2.150734
-0.144399 0.568652
-0.357604 1.864661
2.860687 -1.200704
-0.223861 0.951825
-2.046205 -2.150734
-0.144399 0.568652
-0.357604 1.864661
2.860687 -1.200704
-0.223861 0.951825
-2.046205 -2.150734
-0.144399 0.568652
-0.357604 1.864661
2.860687 -1.200704
-0.223861 0.951825
-2.046205 -2.150734
-0.144399 0.568652
-0.357604 1.864661
2.860687 -1.200704
-0.223861 0.951825
-2.046205 -2.150734
-0.144399 0.568652
-0.357604 1.864661
2.860687 -1.200704
-0.223861 0.951825
-2.046205 -2.150734
-0.144399 0.568652
-0.357604 1.864661
2.860687 -1.200704
-0.223861 0.951825
-2.046205 -2.150734
-0.144399 0.568652
-0.357604 1.864661
2.860687 -1.200704
-0.223861 0.951825
-2.046205 -2.150734
-0.144399 0.568652
-0.357604 1.864661
2.860687 -1.200704
-0.223861 0.951825
-2.046205 -2.150734
-0.144399 0.568652
-0.357604 1.864661
2.860687 -1.200704
-0.223861 0.951825
-2.046205 -2.150734
-0.144399 0.568652
-0.357604 1.864661
2.860687 -1.200704
-0.223861 0.951825
-2.046205 -2.150734
-0.144399 0.568652
-0.357604 1.864661
2.860687 -1.200704
-0.223861 0.951825
-2.046205 -2.150734
-0.144399 0.568652
-0.357604 1.864661
2.860687 -1.200704
-0.223861 0.951825
-2.046205 -2.150734
-0.154004 0.600647
-0.357604 1.864661
2.860687 -1.200704
-0.223861 0.951825
-2.046205 -2.150734
-0.154004 0.600647
-0.357604 1.864661
2.860687 -1.200704
-0.223861 0.951825
-2.046205 -2.150734
-0.144399 0.568652
-0.357604 1.864661
2.860687 -1.200704
-0.223861 0.951825
-2.046205 -2.150734
-0.144399 0.568652
-0.357604 1.864661
2.860687 -1.200704
-0.223861 0.951825
-2.046205 -2.150734
-0.144399 0.568652
-0.357604 1.864661
2.860687 -1.200704
-0.223861 0.951825
-2.046205 -2.150734
-0.144399 0.568652
-0.357604 1.864661
2.860687 -1.200704
-0.223861 0.951825
-2.046205 -2.150734
-0.144399 0.568652
-0.357604 1.864661
2.860687 -1.200704
-0.223861 0.951825
-2.046205 -2.150734
-0.144399 0.568652
-0.357604 1.864661
2.860687 -1.200704
-0.223861 0.951825
-2.046205 -2.150734
-0.144399 0.568652
-0.357604 1.864661
2.860687 -1.200704
-0.223861 0.951825
-2.046205 -2.150734
-0.144399 0.568652
-0.357604 1.864661
2.860687 -1.200704
-0.223861 0.951825
-2.046205 -2.150734
-0.144399 0.568652
-0.357604 1.864661
2.860687 -1.200704
-0.223861 0.951825
-2.046205 -2.150734
-0.144399 0.568652
-0.357604 1.864661
2.860687 -1.200704
-0.223861 0.951825
-2.046205 -2.150734
-0.144399 0.568652
-0.357604 1.864661
2.860687 -1.200704
-0.223861 0.951825
-2.046205 -2.150734
-0.144399 0.568652
-0.357604 1.864661
2.860687 -1.200704
-0.223861 0.951825
-2.046205 -2.150734
-0.144399 0.568652
-0.357604 1.864661
2.860687 -1.200704
-0.223861 0.951825
-2.046205 -2.150734
-0.144399 0.568652
-0.357604 1.864661
2.860687 -1.200704
-0.223861 0.951825
-2.046205 -2.150734
-0.144399 0.568652
-0.357604 1.864661
2.860687 -1.200704
-0.223861 0.951825
-2.046205 -2.150734
-0.144399 0.568652
-0.357604 1.864661
2.860687 -1.200704
-0.223861 0.951825
-2.046205 -2.150734
-0.144399 0.568652
-0.357604 1.864661
2.952432 -1.238326
-0.223861 0.951825
-2.046205 -2.150734
-0.144399 0.568652
-0.357604 1.864661
2.952432 -1.238326
-0.223861 0.951825
-2.046205 -2.150734
-0.144399 0.568652
-0.357604 1.864661
2.860687 -1.200704
-0.223861 0.951825
-2.046205 -2.150734
-0.144399 0.568652
-0.357604 1.864661
2.860687 -1.200704
-0.223861 0.951825
-2.046205 -2.150734
-0.144399 0.568652
-0.357604 1.864661
2.860687 -1.200704
-0.223861 0.951825
-2.046205 -2.150734
-0.144399 0.568652
-0.357604 1.864661
2.860687 -1.200704
-0.223861 0.951825
-2.046205 -2.150734
-0.144399 0.568652
-0.357604 1.864661
2.860687 -1.200704
-0.223861 0.951825
-2.046205 -2.150734
-0.144399 0.568652
-0.357604 1.864661
2.860687 -1.200704
-0.223861 0.951825
-2.046205 -2.150734
-0.144399 0.568652
-0.357604 1.864661
2.860687 -1.200704
-0.223861 0.951825
-2.046205 -2.150734
-0.144399 0.568652
-0.357604 1.864661
2.860687 -1.200704
-0.223861 0.951825
-2.046205 -2.150734
-0.144399 0.568652
-0.357604 1.864661
2.860687 -1.200704
-0.223861 0.951825
-2.046205 -2.150734
-0.144399 0.568652
-0.357604 1.864661
2.860687 -1.200704
-0.223861 0.951825
-2.046205 -2.150734
-0.144399 0.568652
-0.357604 1.864661
2.860687 -1.200704
-0.223861 0.951825
-2.046205 -2.150734
-0.144399 0.568652
-0.357604 1.864661
2.860687 -1.200704
-0.223861 0.951825
-2.046205 -2.150734
-0.144399 0.568652
-0.357604 1.864661
2.860687 -1.200704
-0.223861 0.951825
-2.046205 -2.150734
-0.144399 0.568652
-0.357604 1.864661
2.860687 -1.200704
-0.223861 0.951825
-2.046205 -2.150734
-0.144399 0.568652
-0.357604 1.864661
2.860687 -1.200704
-0.223861 0.951825
-2.046205 -2.150734
-0.144399 0.568652
-0.357604 1.864661
2.860687 -1.200704
-0.223861 0.951825
-2.046205 -2.150734
-0.162230 0.626976
-0.357604 1.864661
2.860687 -1.200704
-0.223861 0.951825
-2.046205 -2.150734
-0.168173 0.646417
-0.357604 1.864661
2.860687 -1.200704
-0.223861 0.951825
-2.046205 -2.150734
-0.144399 0.568652
-0.357604 1.864661
2.860687 -1.200704
-0.223861 0.951825
-2.046205 -2.150734
-0.144399 0.568652
-0.357604 1.864661
2.860687 -1.200704
-0.223861 0.951825
-2.046205 -2.150734
-0.144399 0.568652
-0.357604 1.864661
2.860687 -1.200704
-0.223861 0.951825
-2.046205 -2.150734
-0.144399 0.568652
-0.357604 1.864661
2.860687 -1.200704
-0.223861 0.951825
-2.046205 -2.150734
-0.144399 0.568652
-0.357604 1.864661
2.860687 -1.200704
-0.223861 0.951825
-2.046205 -2.150734
-0.144399 0.568652
-0.357604 1.864661
2.860687 -1.200704
-0.223861 0.951825
-2.241204 -2.356521
-0.144399 0.568652
-0.357604 1.864661
2.860687 -1.200704
-0.223861 0.951825
-2.192454 -2.305074
-0.144399 0.568652
-0.357604 1.864661
2.860687 -1.200704
-0.223861 0.951825
-2.046205 -2.150734
-0.144399 0.568652
-0.357604 1.864661
2.860687 -1.200704
-0.223861 0.951825
-2.046205 -2.150734
-0.144399 0.568652
-0.357604 1.864661
2.860687 -1.200704
-0.223861 0.951825
-2.072666 -2.027037
-0.144399 0.568652
-0.357604 1.864661
2.860687 -1.200704
-0.223861 0.951825
-2.072666 -2.027037
-0.144399 0.568652
-0.357604 1.864661
2.860687 -1.200704
-0.223861 0.951825
-2.072666 -2.027037
-0.144399 0.568652
-0.357604 1.864661
2.860687 -1.200704
-0.223861 0.951825
-2.072666 -2.027037
-0.144399 0.568652
-0.357604 1.864661
2.860687 -1.200704
-0.223861 0.951825
-2.046205 -2.150734
-0.144399 0.568652
-0.357604 1.864661
3.044609 -1.281033
-0.223861 0.951825
-2.046205 -2.150734
-0.144399 0.568652
-0.357604 1.864661
3.105916 -1.307810
