-7.595261 -8.001917
-5.764172 -9.467419
-9.278366 -5.174991
-7.946877 -8.630789
-7.194509 -7.147545
-9.900171 -7.594129
-8.911841 -6.351092
-10.955041 -8.193319
-9.466532 -8.442335
-9.751140 -6.796894
-8.820136 -9.011853
-7.717675 -7.200651
-8.099073 -7.619222
-7.718849 -6.429776
-6.172196 -9.858763
-9.544837 -6.611020
-6.949787 -7.691205
-7.878179 -8.318258
-7.268241 -7.424120
-3.627487 -8.221142
-7.742963 -7.276147
-8.280678 -6.477999
-6.360408 -10.043815
-6.360408 -10.043815
-6.997317 -9.756340
-7.217474 -7.940621
-7.906112 -8.121964
-7.245744 -7.175191
-7.601934 -6.652213
-4.616715 -8.247613
-4.000596 -8.072950
-7.665060 -7.168021
-7.833282 -6.902173
-6.944600 -7.149404
-6.720174 -7.021407
-5.224080 -10.233199
-5.943902 -9.674662
-5.468157 -7.920473
-7.463644 -7.050489
-6.253046 -9.979906
-5.320938 -7.736835
-8.322800 -6.584002
-9.409017 -8.072026
-6.935469 -7.720764
-12.012937 -7.338532
-12.392709 -5.989680
-10.591796 -6.039621
-4.471982 -7.871992
-6.454453 -6.959745
-4.260673 -6.390074
-4.108208 -8.118211
-6.770666 -6.824756
-6.837395 -6.633876
-3.218834 -6.328497
-6.293076 -8.784273
-7.798291 -8.194921
-5.749583 -7.110257
-7.283055 -7.970602
-7.478486 -7.886055
-10.018057 -6.416720
-6.778296 -6.447129
-6.853701 -7.933910
-7.111012 -7.545063
-5.893493 -6.276741
-7.438252 -7.975327
-6.246744 -6.636809
-6.664667 -6.446824
6.391994 -2.171638
6.391994 -2.171638
6.391994 -2.171638
6.391994 -2.171638
4.736153 -1.687760
4.803874 -1.731238
6.391994 -2.171638
4.803874 -1.731238
8.115592 -1.078331
6.156195 -0.776063
4.571665 -0.579350
4.502846 -2.536744
3.710380 -0.020725
3.710380 -0.020725
-0.135891 -1.870099
-0.734331 -1.502383
-1.150436 -0.682704
-1.204299 -4.631697
-1.639761 -3.793607
-1.369682 -4.820829
-1.772336 -3.956728
-9.328281 -6.872655
-6.798415 -7.366713
-10.777877 -6.077859
-8.425018 -6.655174
-8.852640 -5.256049
-9.734425 -6.610055
-9.695484 -5.470250
-9.749497 -6.721543
-5.915907 -7.496268
-8.364495 -5.101592
-9.130008 -6.038971
-8.652729 -4.909643
-8.360702 -5.039760
-7.844617 -7.558164
-7.926458 -5.743701
-9.192003 -5.696133
-6.699796 -6.311712
-6.827562 -6.811553
-6.759746 -5.566711
-3.510593 -6.540990
-6.286648 -5.393746
-8.009926 -7.438023
-9.046248 -4.739587
-8.284581 -4.023781
-8.723625 -5.186335
-9.167205 -6.495651
-8.625705 -5.726420
-9.712548 -6.235724
-9.332369 -6.455554
-6.117815 -5.987440
-7.600174 -5.312696
-6.763162 -7.680876
-4.681971 -7.331222
-9.868150 -4.992597
-8.681200 -3.928555
-7.018616 -6.660176
-7.633057 -6.911999
-8.013082 -7.221236
-9.012502 -6.426063
-7.637999 -4.888075
-7.365500 -4.693746
-5.555409 -7.346989
-8.267877 -3.801598
-8.894287 -5.136844
-7.310424 -7.272106
-8.226656 -6.910086
-8.241868 -4.116724
-9.438232 -5.033512
-10.001052 -6.609822
-10.866375 -4.746662
3.957209 -2.977897
3.871909 -2.822589
2.604206 -1.820985
2.604206 -1.820985
2.011002 -1.467089
3.429352 -1.382312
4.218951 -2.868933
4.574084 0.657376
3.558112 -0.327377
3.251364 0.687016
3.871909 -2.822589
3.918787 -1.106948
3.380623 -0.795188
2.776710 -1.750663
2.653334 -1.852304
2.633069 -1.800439
5.654057 -0.028142
3.947241 0.553312
4.164026 0.109766
3.757405 1.465091
2.618112 1.362098
3.460881 -1.694331
2.208424 -1.300616
-6.487030 -6.451247
-6.727469 -6.177366
-9.603944 -4.779944
-8.427033 -3.886754
-6.614766 -4.981146
-6.746870 -5.460818
-7.162308 -7.293908
-9.355564 -6.632801
-8.168167 -6.191728
-7.288813 -6.077976
-8.138566 -5.370336
-9.650926 -6.363633
-10.013752 -6.395070
-8.144573 -5.476655
-7.861094 -5.409482
-5.118746 -6.031745
-6.449248 -6.325053
-5.801129 -7.098132
-8.858905 -5.332056
-8.718892 -5.260450
-8.224573 -4.683323
-8.427033 -3.886754
-8.887465 -5.216184
-8.635580 -5.281759
-3.308896 -7.930034
-8.287855 -4.074441
-6.695022 -5.276986
-6.201843 -4.728447
-8.492587 -3.675094
-8.054682 -6.519099
-8.715525 -6.190618
-7.495715 -4.613685
-7.181124 -4.434527
-8.847071 -6.174200
-7.733706 -4.711879
-10.633602 -6.021311
-11.010255 -5.637773
-10.895607 -6.195365
-9.350206 -4.844087
-8.551080 -7.506857
-10.355565 -6.235344
-9.932901 -6.273927
-7.923511 -5.108056
-8.932642 -6.674821
-8.669927 -6.383837
-9.154610 -6.736131
-9.224483 -5.350339
-9.912167 -4.891247
-8.228177 -5.165062
-6.897557 -7.798843
-8.364184 -7.711632
-4.755795 -7.562418
-9.244045 -6.737639
-9.244045 -6.737639
-8.671886 -7.077831
-7.918662 -6.326064
-8.571872 -6.267310
-6.640636 -6.242405
-7.427105 -5.950056
-8.149759 -5.483465
-8.213883 -5.387845
-8.213883 -5.387845
-8.240115 -5.492627
-9.189143 -6.990982
-8.951821 -6.655671
-8.988839 -5.044075
-7.404177 -6.783107
-6.343604 -5.952733
-9.193562 -6.368591
-2.084805 -6.181662
-6.055940 -4.971457
-6.634406 -6.767177
-7.034405 -6.396043
-8.001008 -3.603983
-6.048112 -4.976005
-7.711322 -3.545739
-10.651280 -5.972168
-9.086875 -5.190191
-5.534638 -6.436274
-7.770052 -6.565212
-9.521825 -5.249648
-9.521825 -5.249648
-6.747352 -5.376903
-8.423102 -3.589413
-9.839301 -5.180690
-8.207480 -4.023710
-8.396870 -3.484631
-10.855412 -5.717563
-9.586178 -4.648599
-8.271510 -6.330119
-8.773251 -3.924862
-9.986451 -4.969598
-7.849496 -5.374219
-9.673511 -3.437766
-9.463759 -3.618126
-6.559232 -6.553424
-8.198854 -5.109374
-8.274754 -4.929383
-9.528178 -6.424477
-8.281027 -7.419448
-6.801133 -6.188520
-9.610287 -4.668547
-9.623650 -4.504056
-9.691467 -4.540424
-6.854800 -6.860675
-9.349082 -7.081731
-8.752737 -7.198974
-5.974343 -6.397884
-6.250398 -6.149478
-6.810870 -6.465987
-9.682998 -5.080747
-6.146906 -6.066252
-7.908589 -4.633176
-4.469632 -7.197151
-6.343806 -6.191497
-8.241757 -5.542437
-6.373170 -6.209514
-10.903328 -3.586124
-9.674009 -2.910744
-9.637187 -6.537102
-8.984431 -6.558034
-8.671886 -7.077831
-9.932901 -6.273927
-10.079121 -6.312361
-9.932901 -6.273927
-8.689932 -7.325872
-7.608863 -5.476823
-7.427105 -5.950056
-8.025806 -5.444784
-8.213883 -5.387845
-8.424943 -4.952086
-10.085443 -5.074276
-9.639395 -4.902014
-8.257299 -4.974109
-9.648658 -4.639129
-8.843953 -4.831394
-9.637187 -6.537102
-10.132182 -5.167189
-9.723224 -6.665055
-7.004696 -7.339960
-8.201945 -5.060280
-7.769622 -5.211840
-9.714753 -4.748121
-7.217440 -6.923095
-8.799036 -5.157898
-9.828988 -5.171848
-6.443227 -5.765358
-8.726058 -4.422062
-10.317355 -6.067503
-9.527301 -4.573451
-8.412312 -4.059577
-8.941671 -4.133816
-6.697521 -5.395116
-7.617995 -5.423381
-6.388909 -6.272383
-9.220496 -4.846673
-9.656140 -5.210684
-9.747178 -3.396147
-6.814864 -6.308714
-9.558387 -5.459951
-8.315962 -4.969512
-9.556216 -6.386809
-9.932901 -6.273927
-7.860765 -6.585728
-8.398556 -6.027150
-8.981913 -5.185677
-9.407877 -5.927477
-7.598007 -7.068150
-7.623791 -6.818658
-8.428954 -4.919861
-8.548824 -4.571376
-8.399163 -5.045878
-8.843489 -5.194861
-8.596074 -4.952939
-8.404852 -4.933920
-8.917623 -5.274555
-8.342917 -4.791909
-8.602637 -4.673104
-8.708072 -4.566505
-8.957437 -6.170714
-10.300242 -4.409005
-9.485599 -4.232554
-8.337951 -7.606850
-9.390265 -6.776072
-8.833915 -6.364990
-7.706100 -6.209355
-9.760523 -5.251968
-9.100593 -5.135475
-9.028859 -4.901753
-8.068768 -4.841342
-9.091127 -4.121085
-8.652688 -5.394766
-7.524626 -5.983299
-4.760283 -7.152327
-8.757923 -7.205783
-8.978430 -4.981268
-8.948331 -7.000814
-8.638444 -4.785027
-8.853185 -7.079255
-8.551080 -7.506857
-9.861607 -5.057316
-7.768991 -6.530423
-7.373066 -6.144813
-8.854143 -4.887312
-6.291099 -6.055334
-8.677912 -4.488711
-6.898109 -5.137885
-8.568264 -6.642076
-7.624595 -6.462772
-7.129384 -5.303721
-8.084166 -4.709249
-6.482579 -6.120395
-3.186420 -6.145636
-8.817257 -5.090079
-6.922889 -6.219076
-8.147175 -3.906635
-2.372357 -5.151749
-9.156210 -5.079486
-9.631330 -3.573056
-10.213384 -4.644420
-10.790956 -4.997433
-10.990881 -4.973129
-9.407650 -4.451796
-9.131671 -4.870078
-9.014619 -3.748474
-8.943139 -7.135491
-8.711821 -5.196678
-9.881283 -4.621506
-9.485773 -4.253830
-6.049298 -4.695807
-7.379957 -4.363712
-7.518228 -4.444758
-6.505305 -4.990020
-4.679497 -7.243971
-9.599412 -4.952808
-9.805666 -4.747088
-5.693048 -5.260229
-6.868412 -6.802685
-7.643140 -6.844825
-6.892996 -6.941631
-4.771783 -7.091464
-6.369240 -6.139925
-9.705639 -5.042831
-6.353708 -5.976885
-9.417396 -4.971919
-9.672761 -4.991952
-8.719030 -4.006772
-9.705639 -5.042831
-9.149104 -4.016658
-8.773333 -3.945330
-7.885237 -6.177698
-8.950447 -4.588026
-9.031297 -4.709169
-9.678069 -3.665969
-6.857121 -6.363004
-6.798329 -6.350416
-6.327594 -6.757951
-6.510719 -6.941942
-6.445285 -6.811864
-6.246744 -6.636809
-6.709871 -6.757640
-6.644759 -6.762014
-6.432630 -6.946020
-6.577898 -6.828549
-6.327594 -6.757951
-6.979505 -5.580202
-6.268457 -6.093250
-5.314576 -6.640676
-6.914071 -5.450124
-5.509313 -6.276366
-5.567529 -6.654073
-6.364435 -6.690722
-6.327594 -6.757951
-6.268457 -6.093250
-8.617222 -3.727588
-7.129742 -6.490570
-6.054445 -7.947373
-8.251042 -3.928704
-6.246744 -6.636809
-6.364435 -6.690722
-5.939113 -5.870826
-6.268457 -6.093250
-3.481202 -7.969921
-8.677113 -3.994893
-9.018769 -4.708160
-8.051524 -5.110255
-9.002105 -4.783953
-9.505804 -4.922321
-6.833220 -5.328981
-7.937494 -6.101533
-6.679065 -6.392060
-7.578046 -6.876341
-3.939042 -7.744266
-9.544383 -5.311696
-7.716402 -3.926568
-3.629232 -7.977671
-10.511773 -4.812589
-7.863287 -4.076413
-8.742906 -3.946207
-9.585252 -5.117711
-8.772226 -3.614174
-9.959741 -4.566598
-8.340407 -5.092211
-5.490374 -5.241085
-10.094993 -4.722137
-11.506615 -2.761944
-11.547890 -3.049689
-13.239781 -4.986942
-11.396781 -3.908314
-3.216334 -2.108419
-3.216334 -2.108419
-3.288124 -1.714872
-10.173935 -6.256023
-6.854946 -6.290248
-10.157171 -5.096423
-8.511969 -4.753005
-8.909947 -4.884153
-9.713891 -4.996687
-8.671886 -7.077831
-11.481423 -4.253607
-8.961447 -4.519781
-7.404506 -4.655533
-8.788045 -5.318283
-9.468969 -4.999896
-11.040847 -6.450712
-8.068768 -4.841342
-8.433579 -5.276549
-9.413803 -5.468948
-9.507955 -6.829985
-9.244045 -6.737639
-6.344922 -6.505581
-8.984431 -6.558034
-6.666868 -6.347188
-9.679732 -4.980926
-8.115506 -4.934254
-8.647930 -4.806434
-9.327827 -6.205363
-8.167634 -6.408576
-9.276051 -3.181045
-8.576741 -7.156272
-8.104022 -5.124010
-10.520766 -6.127726
-10.842876 -6.381986
-13.696448 -2.647815
-13.696448 -2.647815
-13.696448 -2.647815
-12.257699 -2.207937
-7.575076 -3.835603
-6.542684 -3.125910
-6.769441 -3.065181
5.125435 -2.484908
3.577315 -1.961134
5.743952 -2.021749
3.982595 -1.515520
-9.262895 -4.934435
-5.475659 -3.334804
-7.912331 -3.335310
-9.560490 -5.113135
-8.598758 -3.473136
-10.120808 -4.467120
-6.662134 -4.684162
-6.630585 -5.033750
6.943463 -1.652112
5.061332 -1.293287
-9.091065 -5.831811
-6.740068 -4.791705
-8.518906 -6.172003
-8.249424 -6.539961
-7.211845 -4.722419
-8.518906 -6.172003
-7.848638 -6.125622
-7.884502 -6.070776
-8.677274 -5.893916
-7.556686 -5.959177
-7.848638 -6.125622
-7.675970 -6.558575
-7.645013 -6.113895
-7.822406 -6.020840
-7.884502 -6.070776
-7.582918 -6.063959
-7.384018 -6.392130
-7.410250 -6.496912
-8.225306 -4.210759
-9.390270 -4.591346
-9.013561 -3.968544
-9.293732 -4.488726
-8.311203 -3.548460
-8.693785 -3.944686
-9.542441 -4.587578
-8.994350 -4.689061
-7.806498 -5.403523
-6.467235 -5.193279
-8.249424 -6.539961
-8.743746 -5.887213
-7.848638 -6.125622
-6.910736 -4.812168
-7.866776 -6.254023
-7.822406 -6.020840
-7.822406 -6.020840
-7.822406 -6.020840
-9.842073 -4.803629
-9.851780 -4.757427
-7.649738 -6.453793
-7.677138 -6.138310
-7.556686 -5.959177
-9.542441 -4.587578
-7.556686 -5.959177
-7.556686 -5.959177
-7.649738 -6.453793
-7.384018 -6.392130
-7.384018 -6.392130
-8.408522 -5.797937
-8.774648 -5.172353
-7.249978 -6.572059
-7.556686 -5.959177
-7.822406 -6.020840
-9.758919 -3.787112
-7.798171 -4.805265
-7.384018 -6.392130
-6.850358 -5.932845
-7.197566 -6.565805
-6.374513 -6.244949
-6.181364 -6.832478
-7.556686 -5.959177
-7.556686 -5.959177
-7.276210 -6.676841
-7.249978 -6.572059
-7.249978 -6.572059
-7.249978 -6.572059
-7.000473 -6.693566
-3.828310 -7.056881
-6.765950 -5.464020
-5.085619 -5.708344
-9.316914 -4.802141
-6.827972 -6.920302
-6.097816 -6.740884
-7.621544 -4.737334
-7.490581 -6.570042
-9.874803 -4.633320
-6.166259 -4.869072
-9.084804 -4.208106
-5.089039 -5.880360
-5.682808 -4.669120
-6.570591 -6.250187
-5.831579 -5.702220
-7.457174 -4.567399
-5.688096 -4.536498
-6.968740 -6.185060
-9.264662 -4.995423
-1.007355 -6.342091
6.882238 -2.434572
4.932587 -1.875080
1.709894 -1.069362
-1.639478 -1.217945
-1.582737 -1.259810
0.713232 -0.788789
3.403676 1.623739
-1.970805 2.420140
3.336840 0.792566
3.504293 2.434022
-6.345595 4.997143
-6.345595 4.997143
-5.916805 4.288231
-0.857429 -2.813788
-2.899837 -2.832347
-3.150958 -3.753550
-1.030567 -2.164946
0.338882 -1.909026
3.842429 0.193029
-0.675798 -1.825091
-0.372605 -3.181430
-0.497976 -1.122875
-0.975990 -2.571308
-0.372605 -3.181430
-3.944461 -6.749977
-2.647765 -5.057585
3.710380 -0.020725
3.077500 -2.400413
5.275073 -2.147347
3.598976 -1.617039
5.955711 -0.302510
6.262384 -0.567450
4.110496 -0.084993
-2.367738 -5.096621
5.837628 -3.393982
5.837628 -3.393982
5.837628 -3.393982
5.818681 -3.119403
5.818681 -3.119403
5.818681 -3.119403
5.818681 -3.119403
5.818681 -3.119403
4.207314 -3.392578
3.797273 -2.308527
3.787995 -2.306623
4.004152 -1.892119
3.628347 -2.161418
-9.243148 -4.864832
-5.225190 -4.803729
-9.031297 -4.709169
-8.008608 -3.269078
-7.132949 -5.062650
-7.883736 -5.371566
-5.481733 -5.268446
-6.546078 -5.201713
-9.413803 -5.468948
-0.022217 -5.356882
-0.457030 -3.235251
-6.463584 -4.605570
-5.937680 -3.650872
5.126703 -1.857722
3.341199 -1.305029
4.896069 -1.112512
4.164744 -1.646406
2.739147 -1.243431
-1.139842 -3.428684
-1.698381 -2.685093
-3.449907 -3.622209
-1.027279 -2.944874
5.108014 -2.283177
5.108014 -2.283177
3.079254 -0.968249
3.010562 -0.981011
3.410632 -2.034355
1.500056 -4.116168
-4.021627 -4.461559
4.150790 -2.769106
2.503876 -2.144428
6.636211 -3.424018
4.541046 -2.589681
6.636211 -3.424018
4.418746 -2.255070
2.751678 -1.630633
1.945358 -0.432278
0.899581 -0.255379
-8.914448 -4.797376
-4.559416 -5.294551
-10.335118 -4.514963
-4.514594 -5.904145
3.164004 -1.256076
3.215754 -1.290839
4.561807 -1.224939
4.784364 -0.950304
4.852108 -1.524976
2.988160 -1.535329
2.792764 -1.135937
3.215754 -1.290839
3.291246 -1.767573
4.803874 -1.731238
4.803874 -1.731238
3.164004 -1.256076
4.736153 -1.687760
3.004416 -0.093451
0.519298 0.462762
2.592634 0.243528
2.592634 0.243528
2.567806 0.153628
2.967499 0.146959
2.238547 -1.438903
1.395132 -0.491024
2.258811 -1.490768
2.238547 -1.438903
0.892468 -0.438545
2.020876 -1.384741
2.573722 -0.956274
2.573722 -0.956274
3.215754 -1.290839
4.357114 -2.915819
2.677553 -2.226431
6.518173 -2.924903
4.066525 -2.320905
4.332175 -2.230442
4.836865 -3.266894
4.663845 -3.331183
3.594911 -2.386095
2.825169 -2.377699
6.375451 -2.758622
4.260070 -2.036343
5.087475 -3.061564
3.216470 -2.321690
4.184366 -3.346360
2.446858 -2.512366
4.413129 -2.717822
4.362454 -2.834012
3.463893 -0.330917
2.409892 -2.304251
2.690047 -2.169746
4.362454 -2.834012
4.424035 -2.851036
2.481112 -2.226605
-1.747490 -2.110653
-2.081060 -1.704064
4.037332 -2.725096
3.617094 -2.470426
2.867890 -2.184077
2.136126 -1.875102
3.951477 -2.639899
4.634707 -2.609909
2.767278 -1.869205
3.498364 -0.880180
4.993965 -2.601723
4.750545 -2.404550
4.456161 -1.265417
4.471266 -2.505218
4.206404 -2.793186
3.190739 -1.496693
3.538535 -1.019450
3.351463 -2.510581
4.038564 -0.341499
4.982817 -3.358884
3.063647 -2.095503
3.581329 -2.642262
3.242949 -2.049693
3.226307 -2.208776
3.017876 -1.985285
3.561414 -1.146216
3.341456 -1.556713
3.361100 -1.429384
5.575929 -2.095986
3.306521 -1.903755
3.533200 -1.573796
5.116702 -2.424618
3.228247 -1.741885
5.081114 -2.878446
5.061473 -1.670185
3.119712 -2.177111
4.969175 -1.184883
5.091600 0.183909
5.417809 -2.685991
3.429183 -2.516200
4.129019 0.055766
5.887285 -0.845570
3.999792 -0.534474
4.196797 -0.473794
6.156195 -0.776063
6.247582 -0.956271
4.095907 -0.640928
4.162315 -0.622524
6.015791 -1.717721
4.031880 -1.205969
3.364634 -0.112372
5.583870 -1.263220
3.888283 -0.642927
3.261027 -0.999854
4.002999 -0.708630
3.312984 -1.202149
4.821343 -0.334541
2.248580 0.131407
5.843314 -0.152528
3.304959 0.170617
4.047371 -0.612912
4.762866 -0.483610
3.798772 -0.295201
5.194828 -1.491215
3.403370 -1.727140
3.190011 -1.166599
3.999195 -0.331665
4.196797 -0.473794
3.812775 1.615782
3.617655 -2.490007
1.968427 -1.808679
-0.825698 -4.076929
3.699169 -2.662377
3.689683 -2.337187
2.161303 -2.233728
2.934231 -2.124217
2.933149 -2.307031
2.727441 -1.970711
2.882441 -1.765333
2.951369 -0.613208
2.604206 -1.820985
2.771006 0.825140
2.649698 1.825014
2.221189 -0.745046
3.121486 -0.654621
3.601507 -0.990218
3.130798 -0.068231
3.251364 0.687016
2.939300 -0.713855
4.726033 -0.262377
3.129523 -0.292948
1.122508 0.843404
2.484641 4.260359
1.547178 3.712356
2.703736 -2.418480
2.440424 -2.281685
4.395355 -3.178818
3.887646 -2.792161
5.157435 -3.002494
3.431240 -1.681304
3.499366 -2.419193
3.489857 -2.280673
4.175890 -1.740167
5.753888 -2.083268
4.122194 -0.245340
6.258896 -2.389531
4.551818 -2.506312
5.796923 -2.706313
3.835446 -2.218169
4.592346 -0.558195
4.410631 -2.666431
2.661623 -1.997676
4.883170 -1.379297
3.996577 -0.278914
3.555319 -1.473747
2.678031 -0.066501
3.563768 -1.352419
6.368661 -0.441654
4.215992 -0.468381
4.215616 -0.472301
-0.643832 -1.467969
-0.373955 -1.704584
-0.798798 -1.835042
-0.601638 -1.887682
-0.842273 -2.408014
-0.564936 -1.844377
-0.960798 -2.437962
-0.531094 -1.824220
-0.601638 -1.887682
-0.601638 -1.887682
0.530498 -1.645545
-0.057559 -2.177547
-0.437227 -2.009921
-1.552233 -0.495041
-0.423481 -1.493918
-0.057642 -1.591467
0.039747 -1.566170
-0.590907 -2.093082
-2.067829 -1.038676
-1.353487 -0.338600
-1.626550 -0.466370
-1.150436 -0.682704
-0.576486 -1.866305
-0.373955 -1.704584
-0.373955 -1.704584
-1.398867 -0.283272
-1.626550 -0.466370
-0.709651 -1.438650
-1.670089 -1.363468
-0.639096 -1.781786
-1.670089 -1.363468
-1.626550 -0.466370
-1.583281 -1.501250
-0.373955 -1.704584
-2.719756 -1.137442
-2.460187 -1.519573
-0.781559 -1.302590
-0.711104 -2.015925
-1.644179 -0.511894
-1.647819 -1.521141
-0.918995 -1.757885
-0.373955 -1.704584
-0.373955 -1.704584
-0.373955 -1.704584
-1.626550 -0.466370
-2.080922 -1.099459
-2.013644 -1.819530
1.044428 -3.387803
2.689008 -2.820881
-2.174990 -3.092627
-1.772336 -3.956728
-2.128996 -1.152009
-2.418479 -0.867975
-1.607961 -1.564983
-1.644179 -0.511894
-1.514235 -0.924655
-2.066224 -1.041730
-1.053206 -1.894713
-1.559915 -1.396972
-1.581171 -0.521698
-1.694769 -1.427201
-1.559614 -0.869327
-0.211403 -2.433967
-0.732658 -1.625411
-0.574924 -1.420001
-0.686273 -0.528565
0.009032 -0.754366
-1.754232 -1.220450
-3.161005 -1.428636
-1.813295 -0.682515
-1.386014 -0.364898
-2.324626 -1.080973
-3.573994 0.351902
-3.573994 0.351902
-3.573994 0.351902
-3.553993 0.543387
-2.625939 1.507944
-3.931568 0.506581
-3.931568 0.506581
-2.625939 1.507944
-2.625939 1.507944
-1.659857 -0.460139
-1.372759 -0.269320
-0.862283 -0.428370
-2.210666 -0.483459
-3.394036 0.770724
-2.424070 1.247390
-3.345579 -1.163023
-3.517030 -1.879336
-5.924019 -1.035851
-3.554340 -1.472659
-3.404046 0.395917
-3.959383 -1.844254
-3.903350 -1.437620
-1.477809 -2.161751
-3.674344 -1.650734
-1.154614 -2.294941
-2.646897 -0.303084
-3.984078 -1.089718
-3.941588 -0.970499
-1.441661 -0.317792
-0.811399 -1.842337
2.157331 -2.211323
-3.268244 -0.762018
-2.598735 -1.434780
4.525332 -1.002183
4.525332 -1.002183
2.753415 -0.589368
2.580125 0.444949
2.592634 0.243528
-2.680649 1.295039
3.824692 2.435111
2.504702 2.094221
2.397073 -2.228233
1.554126 -1.246814
0.583865 0.577924
3.886808 -1.038952
3.604874 -2.100177
4.048395 -1.493342
3.260740 -0.725634
4.519086 -0.974728
4.063091 -0.830943
3.577030 -1.267279
3.494088 0.331762
3.201898 0.136875
5.060351 0.360759
4.129722 -0.388999
4.397284 -0.758263
2.741066 -2.272551
3.440209 -2.226785
-7.399629 -3.865668
-4.544595 -5.134112
-8.673703 -4.986176
-8.534323 -4.835173
-10.183932 -5.362739
-7.840884 -4.576706
-8.270334 -4.972398
-7.655447 -5.357383
-3.776673 -5.479371
-9.684620 -4.725348
-8.261295 -5.011398
-9.293845 -4.558778
-8.507003 -5.036422
-9.250892 -5.091287
-2.910633 -5.074023
-8.656258 -5.227344
-9.268653 -5.539252
-9.527301 -4.573451
-9.626503 -5.151217
-9.679732 -4.980926
-9.469867 -4.934106
-8.353403 -4.971799
-8.353403 -4.971799
-8.527392 -3.360780
-8.559441 -3.182228
-9.350713 -4.892428
-9.140598 -4.466043
0.878484 -4.374009
-3.247511 -2.748229
-10.348719 -1.705806
-10.726124 -1.652101
-9.127967 -4.900325
-9.340569 -4.074177
-11.514516 -2.630044
-9.124761 -3.439008
-8.555841 -3.044980
-12.366412 -1.174358
-8.820590 -4.344580
-10.758711 -2.424191
-9.407994 -4.705272
-9.579405 -4.591129
-10.181453 -4.765827
-7.667713 -5.244113
-8.941279 -4.440145
-12.446527 -3.185264
-8.950447 -4.588026
-10.089514 -2.783840
-9.557949 -4.378115
-10.187881 -4.601239
-11.865620 -1.954299
3.111885 -1.268034
4.247557 0.299571
2.941890 -1.006023
2.238547 -1.438903
2.576155 -0.040051
4.122194 -0.245340
4.122194 -0.245340
1.149859 -1.259212
3.004897 -0.141206
2.666244 0.088472
2.666244 0.088472
0.395482 1.298464
0.796368 1.561984
2.666244 0.088472
-0.147871 2.446228
1.311068 0.906939
1.621546 3.703379
1.784821 1.828923
0.967958 -0.454218
0.940106 -0.242443
2.324369 1.989473
1.223682 1.302838
4.675397 -1.935873
3.209189 -1.814531
2.929822 -0.870528
1.092090 1.476360
1.212933 -1.297552
2.784652 -0.450276
2.776710 -1.750663
5.073044 -1.207688
5.048216 -1.297588
3.111885 -1.268034
2.561406 -0.122627
0.207390 -0.261935
-0.488475 0.981589
1.201279 2.147868
1.537149 1.422126
2.655444 1.577376
1.832762 2.670310
1.434303 1.466878
0.847154 2.322716
1.370576 1.384299
4.556917 0.108613
3.018400 0.238127
4.743913 -2.139052
4.136248 -1.261337
2.512726 0.114267
2.512726 0.114267
3.832346 0.542867
3.278415 1.039169
1.985326 0.422346
3.049543 -0.115760
3.121650 -1.774328
2.409938 0.432707
4.716771 0.299845
2.673994 0.247673
2.564250 0.603657
2.602123 0.708087
2.564250 0.603657
2.797278 2.624541
4.136248 -1.261337
3.278415 1.039169
4.141564 -0.586680
2.211567 1.017812
1.844666 0.636356
3.481945 1.897223
3.304946 0.850945
2.094677 0.900227
3.947241 0.553312
4.251272 -1.416638
2.173694 0.913382
2.208424 -1.300616
1.813204 0.492739
-0.763984 -0.040785
1.985326 0.422346
-11.607112 7.238125
-10.503271 6.198334
-9.961007 -4.407311
-9.733500 -2.822222
-8.196452 -5.213291
-9.959499 -2.515019
-10.487407 -2.221068
-8.989678 -4.515182
-9.028576 -2.704870
-10.439685 -2.512215
-9.011950 -4.764083
-9.226969 -4.822107
-7.421074 -3.004458
-10.103192 -2.433711
-10.141998 -1.650354
-10.392534 -1.844645
-7.607991 -2.892696
-9.528917 -4.469825
-9.407879 -4.715700
-8.463964 -2.316718
-10.719276 -2.187636
-9.581285 -3.102488
-8.377172 -2.208827
-7.814465 -4.034543
1.318190 -4.120366
-10.100671 -2.004001
-9.921287 -2.406730
-9.925223 -2.430008
-10.068651 -2.440153
-9.814732 -4.392208
-8.724689 -4.849790
-9.831347 -2.383934
-10.198752 -2.310960
-9.996442 -2.027784
-5.429840 -1.988228
-9.928943 -4.120705
-11.112318 -1.768183
-9.677487 -1.342046
0.845360 -2.608514
-7.616102 -3.158871
-10.764592 -3.654366
-11.928755 -1.029670
-9.092161 -1.715211
-9.126200 -4.825600
-8.444690 -2.235363
-9.804893 -3.077829
-8.250921 -4.612249
-5.254779 -3.153946
-10.444687 -2.337757
-6.109793 -4.624603
-9.480520 -4.238123
-5.837387 -3.991592
-4.136866 -3.608270
-5.493409 -4.379693
-4.520930 -4.335671
-4.598789 -4.316929
-5.482832 -4.352379
-2.167006 -4.252890
-2.886859 -2.410579
-4.768856 -3.488320
-12.417030 -1.368173
-10.380342 -2.332359
-10.059385 -2.082247
-11.569690 -2.713631
-9.922568 -2.027332
-10.138490 -1.850974
-10.138615 -2.104505
-7.146748 -2.569321
-9.579700 -2.943753
-9.927056 -2.083743
-10.210160 -1.895256
-9.746713 -2.057291
-11.430053 -0.987441
-11.097373 -2.855624
-10.149621 -2.341345
-11.469908 -4.170368
-11.506615 -2.761944
-12.366412 -1.174358
-11.506615 -2.761944
-7.631197 -2.289719
-9.031542 -3.755966
-11.797844 -3.230010
-11.547890 -3.049689
-12.015508 -3.426312
-12.684551 -1.251269
-10.122355 -2.348764
-10.087360 -2.076916
-10.393430 -1.880452
-10.027213 -2.017747
-10.154879 -2.103452
-9.890460 -1.951670
-9.022504 -3.405919
-9.905449 -2.003763
-8.642474 -1.892427
-10.373929 -1.701122
-6.407590 -2.998907
-9.544695 -2.360108
-12.059499 -3.289427
-12.153230 -1.516574
-11.469314 -4.072165
-10.176206 -2.330334
-12.039597 -2.699223
-9.962812 -1.737557
-11.980583 -2.885777
-10.005432 -2.381910
-11.002212 -2.878531
-10.834021 -2.736668
-10.000568 -1.969025
-10.241463 -1.827093
-12.000873 -2.966324
-12.169512 -1.049112
-10.169192 -1.686659
-12.016371 -1.236531
-10.228608 -1.331816
-9.981897 -1.949876
-10.049543 -2.057369
-10.222377 -1.879274
-10.140335 -2.271685
-11.701083 -2.696255
-10.093365 -1.844459
-9.350758 -2.000236
-2.390011 -2.088773
-3.171587 -1.922935
-0.448115 -1.641992
-2.095132 -0.924499
-3.359913 -1.321326
-0.373955 -1.704584
-3.116645 -3.487427
-4.171150 -4.502543
-4.101517 -4.136485
-4.101517 -4.136485
-3.469237 -3.130372
-4.331451 -4.229903
-3.978859 -4.586957
-4.331451 -4.229903
-4.179376 -4.117744
-2.047963 -3.485972
-2.864552 -1.469826
-4.112094 -4.163799
-5.235459 -4.938439
-3.978859 -4.586957
-3.936253 -4.628613
-4.264169 -4.275958
-2.094875 -1.647624
-3.480880 -1.686006
-0.448115 -1.641992
-1.083958 -1.202161
-0.557187 -1.506004
-0.483027 -1.568595
-1.911254 -1.071887
-1.991180 -0.895600
-3.978859 -4.586957
-4.542546 -3.788003
-4.101517 -4.136485
-3.062902 -3.782640
-2.034449 -3.515944
-3.288519 -4.558390
-4.822573 -3.793929
-1.785955 -3.714636
-1.429026 -1.944974
-3.116645 -3.487427
-3.116645 -3.487427
-3.925676 -4.601299
-3.911576 -4.633013
-4.101517 -4.136485
-4.179376 -4.117744
-4.395995 -2.304831
-4.331451 -4.229903
-3.195500 -4.784975
-4.195478 -2.774044
-2.910414 -2.859661
-2.910414 -2.859661
-3.136494 -3.871372
-3.168221 -3.865715
-2.910414 -2.859661
-0.526213 -2.123146
-2.181880 -2.205608
-3.989436 -4.614272
-4.112094 -4.163799
-4.189953 -4.145058
-4.136770 -4.159400
-2.899837 -2.832347
-3.978859 -4.586957
-2.023872 -3.488630
-3.978859 -4.586957
-4.179376 -4.117744
-4.014600 -3.144010
-4.101517 -4.136485
-2.007478 -3.396008
-2.202832 -1.409491
-3.366248 -1.877118
-1.535192 -1.945734
-3.294913 -2.252440
-3.263979 -3.032555
-1.439628 -1.777332
-3.305490 -2.279754
-2.899837 -2.832347
-3.150958 -3.753550
-1.124718 -2.346098
-0.802499 -1.734626
-1.404330 0.046563
-1.364965 -1.633113
-2.255120 -2.300058
-4.537082 -2.199457
-2.609896 -2.456756
-2.447213 -2.901552
-2.447213 -2.901552
-3.323177 -2.245269
-2.214987 -3.612663
-1.490507 -2.339911
-4.131512 -1.976002
-1.644179 -0.511894
-3.333754 -2.272583
-3.323177 -2.245269
-3.566106 -1.889355
-11.597079 -1.807209
-11.597079 -1.807209
-10.933677 -2.233643
-12.022615 -0.741555
-12.253963 -0.710576
-12.253963 -0.710576
-9.735143 -2.042031
-12.090370 -0.407548
-10.130801 -1.517936
-11.409174 -0.279599
-10.818950 -1.768059
-9.337256 -1.936943
-11.205352 -0.980620
-9.205562 -1.552833
-9.350758 -2.000236
-5.346359 -1.710735
-8.553693 -0.824757
4.636899 -2.739535
3.972926 -2.122397
4.019887 -2.427433
3.507062 -1.419227
3.075552 -2.320173
2.710003 -1.720168
2.834719 -1.652308
2.584516 -2.279977
3.146412 -1.628694
2.437126 -2.214445
3.057121 0.063471
0.380328 -1.039326
-5.766956 1.323633
-5.797858 1.251085
-5.797858 1.251085
0.757022 -0.959848
-2.600612 0.376339
-2.376489 0.383511
-2.376489 0.383511
-10.423186 -0.674761
-9.253963 -1.090836
-8.473841 1.613021
-8.869445 5.176057
-8.007177 4.352099
2.339283 -2.300207
2.221238 -1.009291
-1.827947 -1.254594
-2.262998 -0.950232
-2.674863 -0.583365
4.364738 -1.435037
6.213907 0.800154
5.890305 -0.205353
2.731376 -1.918245
3.910471 0.019382
-1.968735 -1.082081
-2.025424 -1.007887
0.678237 0.049562
3.288963 4.429550
2.062878 3.717181
3.453445 0.841039
3.341803 0.400870
2.274220 2.597986
2.000610 0.705126
3.457776 0.754700
1.852911 0.746730
3.336319 0.543921
2.584695 0.451569
2.267314 0.817812
1.818567 0.195643
2.109133 0.351036
0.627833 -0.072858
2.426325 2.947427
3.810807 3.517127
3.017751 1.788749
3.635720 -1.104881
4.594966 -0.727751
4.040561 -1.227198
3.119066 -1.318250
4.984664 -0.937502
3.015852 -0.515270
4.451453 -0.908308
3.318615 -0.181177
4.680782 -0.967184
4.054803 -0.709115
4.281881 -1.045603
2.267063 -0.602504
5.227512 -3.394060
4.270007 -2.627426
3.951076 -2.395424
3.951076 -2.395424
3.938152 -2.348132
4.004561 -2.490797
3.588177 -1.530773
3.280748 -2.078872
3.679618 -1.595835
3.538497 -1.521076
3.409607 -1.959215
3.856378 -1.725116
3.667858 -2.295910
3.279138 -2.180458
3.060683 -2.142715
3.628871 -2.169963
3.593325 -2.226445
3.113391 -2.100502
5.132272 -2.798846
3.880932 -2.280617
3.066051 -2.026174
3.550949 -1.539314
3.572598 -1.510480
2.125403 -1.106990
4.377663 -2.588279
5.036854 -1.338246
3.409909 -1.702388
4.229191 -1.712294
4.772287 -0.973298
3.768464 -2.410276
3.197923 -2.071066
3.226563 -1.857373
3.113703 -1.991641
3.585415 -1.988288
3.658694 -0.972071
2.332058 -1.076224
2.295910 -0.096875
2.350036 -1.607207
3.603189 -1.360605
3.540567 -1.380112
3.234924 -1.349035
3.707967 -1.221383
3.853570 -2.189804
3.367336 -0.096688
4.221586 -0.714987
3.536761 -0.598571
2.123366 -0.872940
1.884055 -0.898941
1.854838 -0.923581
2.651155 -1.259142
3.966801 -0.261462
3.870670 -0.151559
3.839298 -0.391380
4.497864 0.307664
3.789304 -0.004671
3.459141 0.472191
6.020464 1.601685
4.140590 1.319648
4.123645 1.487027
3.803471 0.661968
4.814275 1.591934
4.086576 0.192269
4.200735 2.514178
6.004529 -1.867646
3.829179 -1.425785
4.208503 0.745699
3.122436 0.082093
6.810922 -0.477348
5.979462 0.664072
4.663437 -0.863059
4.547404 -0.647200
4.428424 0.121585
6.643941 -0.078010
3.768512 0.465465
4.471277 -0.881179
-1.631619 -3.724341
1.793953 -3.482560
5.527666 -0.148107
3.663958 0.057417
4.369049 0.530551
4.654983 -0.070442
3.517162 0.347543
3.301441 0.188639
2.868674 1.477517
1.504822 4.400335
4.589979 0.744481
2.417190 2.742824
2.699726 0.932113
5.110069 0.474001
5.385436 0.233277
3.554187 -0.391581
3.804608 0.047172
4.344496 -0.685612
3.820778 -0.296204
3.677530 -0.245042
4.081828 -0.084324
3.738751 -0.877257
2.428460 1.496639
4.023249 -0.496299
2.999876 0.404448
2.198854 4.371588
1.132760 3.659850
3.836305 1.453775
3.447766 0.226408
3.188102 1.080139
4.787364 -0.083971
4.279025 0.873902
3.856433 0.835982
1.667853 1.468391
3.111954 0.810091
2.305152 1.280619
2.756503 0.189844
2.911534 0.474645
5.160810 -1.795671
3.141949 -1.216584
5.209067 -0.080824
3.058295 -0.471484
3.317601 1.388110
-0.100895 0.953103
2.656340 -0.723122
3.692081 -1.577954
3.987956 -2.331354
3.030837 -1.391147
3.926510 -1.926674
3.558634 -2.441971
2.294093 -1.705769
2.818240 -2.076995
3.700861 -1.248732
3.653952 -2.007815
1.725400 -1.278257
1.931941 -0.992278
2.436706 -0.977077
3.534923 -0.966242
2.511563 -1.420428
3.588325 -2.122313
1.482021 -0.304663
3.970767 1.536302
4.148737 0.114567
2.318462 1.591310
2.865099 2.553331
3.961064 -1.277079
2.727472 -1.966425
2.738511 -0.336496
1.483107 1.522324
2.089113 2.873599
-4.998305 -0.709045
-9.981897 -1.949876
-10.366092 -1.811904
-3.319679 -2.114203
3.337262 -1.663816
3.337262 -1.663816
1.828571 -1.188255
3.408619 -0.775201
3.140674 1.659393
3.238048 -1.207273
1.908641 1.058183
1.493910 4.396953
2.005566 0.486920
1.862157 0.731554
3.285092 0.921697
1.708068 0.904481
2.630792 0.791017
4.261548 -0.106845
3.257552 -1.347593
4.705714 -0.769240
4.101907 -0.553789
3.289012 1.674653
4.514062 -0.820467
2.404279 0.727816
2.495660 -1.183448
3.278242 0.389020
5.634453 -1.068133
4.036763 -1.611630
4.997096 -0.770346
3.601108 -0.649090
3.011089 -0.562953
3.189895 -1.243584
3.515093 -1.318168
3.448633 -1.326668
2.268098 -1.004393
1.829290 0.079977
2.390515 -0.505222
2.243072 -0.573704
4.010433 -0.964075
4.082513 -0.710486
3.485888 -1.002657
2.240609 -2.117886
3.429748 -0.703558
-2.062521 2.565082
-1.514697 0.604800
-2.386594 2.048073
4.216787 -1.201885
4.542282 -0.102398
4.246061 -0.321584
4.488088 -0.672825
2.426120 -2.100001
3.463449 -0.649939
4.346182 -0.457114
4.321736 -0.839251
2.764069 -0.339157
4.913074 0.967764
4.913074 0.967764
4.306367 1.243024
4.913074 0.967764
3.757397 -0.485175
3.953746 -0.309218
3.790318 0.882200
2.801611 0.815226
2.814474 1.036817
4.062354 -0.451246
2.677194 -0.605310
3.726596 1.499791
3.726596 1.499791
5.141257 0.729606
2.330967 1.344386
4.780840 0.640402
4.181357 -0.078629
3.726596 1.499791
3.726596 1.499791
5.019705 0.727296
3.726596 1.499791
-1.881747 2.238200
-1.148812 5.294916
3.229550 3.081355
5.247247 1.171277
3.309870 1.128943
4.746956 -1.238737
3.810079 -0.841524
3.782499 -2.242524
2.382696 -1.140335
3.100266 -2.092721
3.148990 -2.023935
4.237895 -1.584351
4.121986 1.253538
1.848689 0.405806
4.163846 0.010996
3.095905 1.453848
5.069360 1.082400
4.094470 -0.453012
3.861190 0.188661
4.404924 0.309486
3.900996 -0.385145
3.787390 -0.183890
3.365250 1.704170
5.898568 1.330757
4.127647 -0.331375
4.086600 -0.394799
4.378493 -0.674211
4.101787 -0.453273
4.282775 -0.157537
4.957147 -0.646963
3.776070 0.578395
3.193089 -1.782606
5.522525 -1.030158
3.686205 -1.363551
3.496438 0.690240
5.706255 0.509382
4.925232 -0.009400
4.884098 0.024026
4.343247 -0.621679
3.209143 0.553805
4.284730 -0.286218
4.877409 0.596022
4.080809 0.751319
3.250796 -0.838634
2.879355 -1.532211
3.280877 0.109572
3.320303 -0.781144
5.129343 0.089969
3.035982 0.401829
4.198496 -1.345530
4.942996 0.041832
3.829304 -0.779353
3.523293 -1.690205
4.897272 0.200973
3.680192 1.099808
3.274006 0.714367
2.347077 -0.573694
1.765967 0.077547
1.357987 0.466924
3.436530 -0.049526
3.509033 0.258608
2.914171 1.851315
4.357606 -0.036346
3.755311 -0.378390
4.434740 -0.152873
3.530515 -1.538379
2.464512 -1.416346
3.770605 -1.098629
4.596211 -1.743670
2.073551 -1.026764
3.807744 -0.010387
2.835121 0.488087
4.231541 0.011851
4.099933 -1.351920
2.833620 -0.735951
3.971351 -1.376338
3.330039 -0.003450
3.453697 -0.902118
3.669286 -2.136455
2.853328 -0.154495
3.036941 -0.124220
2.814809 0.681711
3.277357 -0.493306
3.371138 1.370238
2.264491 -0.419252
3.868816 -0.837650
3.724506 0.062633
4.258326 -0.571353
3.988597 -1.026326
4.859313 1.469491
4.031270 -0.637109
2.292495 -1.136081
2.864594 1.275094
5.018990 1.810859
3.788795 0.349874
6.207070 -0.401873
4.241347 -0.165007
3.759375 0.165457
5.115284 -0.078180
4.390529 -0.545042
5.115001 -0.571684
5.011323 -0.411185
4.792473 -0.482994
2.794210 0.823031
4.529751 0.771693
5.031032 -1.201793
4.559419 -0.037189
3.618539 -1.255384
3.088081 0.480923
4.229353 -0.351081
1.964394 -0.972255
4.358898 -0.444530
3.363135 0.413002
1.918768 -0.129244
2.052134 -0.116859
-3.771732 -3.194835
-3.610744 -3.060066
-3.929019 -3.198026
-2.287379 -1.666792
-3.701577 -1.740540
-3.807364 -1.837429
-4.178976 -1.933958
-2.586544 -0.804327
-3.578057 -1.568986
-4.104539 -1.177154
-3.504831 -1.521803
-4.191450 -1.568988
-4.114375 -0.870475
-4.063614 -0.647188
-2.630949 -0.787865
-3.166726 -1.033041
-2.971253 -2.217569
-2.115290 1.044328
5.019449 -2.332878
3.110451 -1.686024
5.548610 0.062957
3.718277 -1.311331
3.627287 0.249025
2.712612 1.272707
3.545036 1.054748
2.138887 0.994613
1.949199 1.609111
2.703434 -0.963667
1.204481 1.508134
2.330470 0.883956
2.173694 0.913382
1.925385 1.688229
-0.322194 0.192476
1.887511 1.583799
1.575879 2.276208
1.277836 1.494388
0.540210 -0.035243
4.461845 -0.301894
4.232792 -1.716347
3.592374 -0.327236
2.935798 -0.198697
3.622967 -1.139576
3.860941 -1.350032
2.000089 -1.447572
2.102924 -0.517043
3.685531 -1.074442
3.800860 2.360763
2.498038 2.646547
2.106918 3.814415
3.643011 0.526909
2.559022 3.012848
2.539161 2.974222
2.127983 3.756520
4.848725 -1.347194
4.199532 -2.232837
4.032248 -2.377082
4.328263 -1.737693
3.300231 -1.640712
3.210336 -0.095120
4.643534 -1.057436
2.911397 -2.194567
3.979064 -1.663398
4.039080 -1.807977
3.553596 -1.613948
3.250666 -1.479222
2.681456 -2.220462
2.778560 -1.807714
5.008006 -1.268342
3.633394 -2.915351
4.138919 -0.377960
3.705434 -0.371900
2.825373 -1.252559
3.545790 -1.381902
2.593953 -0.471048
1.819309 -2.340549
3.333249 -1.342544
1.061880 -0.522494
2.345158 -0.732720
3.736997 0.785864
4.060341 -1.712522
2.292008 -1.179780
5.572349 -0.679611
5.792058 -0.084994
4.777425 1.563041
4.900924 1.042868
3.503392 1.316287
4.540928 1.133409
4.363136 0.367941
4.447557 1.227846
4.203574 0.805751
3.385670 0.147157
4.059081 -0.472462
2.340352 -0.751055
2.034802 -0.560409
2.579529 0.113661
2.924508 -0.396456
3.181072 -0.610619
3.197869 0.611242
1.896492 -0.482411
3.288750 0.482717
1.072285 6.429324
-1.362656 5.564649
0.357183 5.474832
-6.315141 4.623087
-8.275201 3.402244
-5.694824 3.784108
-6.229440 4.577754
-6.563669 4.538566
-9.251145 3.180688
-9.731654 2.231237
-8.209653 3.374217
-8.292341 3.411311
-8.158661 3.331568
-5.694824 3.784108
-7.594456 4.892918
-7.320396 4.975093
-7.720935 3.227418
-7.335872 1.472651
-5.976632 2.138817
-5.638968 3.798950
-7.857301 5.328715
-6.366562 4.650287
-8.869173 2.622354
-9.054045 3.066150
-9.219815 3.268685
-5.746245 3.811308
-7.974269 5.383941
-6.512248 4.511367
-8.985714 2.693030
-5.914398 1.321761
-8.223780 3.375045
-5.976204 2.154266
-7.320396 4.975093
-5.810614 3.646927
-7.908721 5.355914
-8.573800 5.946387
-8.856810 2.532316
-8.926021 2.397270
-9.302138 3.223337
-9.168822 3.226036
-9.447007 4.150711
-8.172787 3.332396
-8.107240 3.304369
-7.801873 5.328108
-7.922848 5.356742
-7.849839 3.388131
-8.869173 2.622354
-8.740270 2.461640
-8.791262 2.504289
-9.233942 3.269513
-9.219815 3.268685
-9.168822 3.226036
-10.829247 1.320381
-9.250717 3.196137
-8.107240 3.304369
-7.908721 5.355914
-9.691131 3.465256
-7.918414 5.398784
-7.867421 5.356135
-7.852866 5.370756
-7.806308 5.286066
-6.315141 4.623087
-9.199724 3.153489
-9.117401 3.198837
-7.816000 5.328935
-7.849839 3.388131
-4.473231 4.338887
-7.849839 3.388131
-7.720935 3.227418
-5.553562 3.607347
-8.869173 2.622354
-7.901260 3.415331
-9.316693 3.208715
-9.316693 3.208715
-9.381459 4.122684
-5.553562 3.607347
-7.923276 5.341293
-9.677004 3.464428
-7.806308 5.286066
-5.488014 3.579320
-9.316693 3.208715
-9.251145 3.180688
-9.251145 3.180688
-9.168822 3.226036
-9.316693 3.208715
-10.880667 1.347580
-9.251145 3.180688
-9.316693 3.208715
-10.880667 1.347580
-9.251145 3.180688
-10.815120 1.319553
-10.880667 1.347580
-9.251145 3.180688
-9.251145 3.180688
-9.199724 3.153489
-9.168822 3.226036
-10.700343 1.159667
-9.168822 3.226036
-5.914398 1.321761
-9.381459 4.122684
-9.381459 4.122684
-9.381459 4.122684
-6.045140 2.248308
-11.010981 2.289576
-8.158661 3.331568
-9.871249 3.529604
-9.742551 3.492455
-7.852866 5.370756
-7.923276 5.341293
-9.742551 3.492455
-7.857301 5.328715
-7.935411 5.413000
-7.871856 5.314093
-7.871856 5.314093
-7.923276 5.341293
-7.871856 5.314093
-7.801873 5.328108
-7.750452 5.300908
-9.199724 3.153489
-9.330038 4.095484
-9.330038 4.095484
-9.691131 3.465256
-5.488014 3.579320
-5.488014 3.579320
-7.923276 5.341293
-9.309460 3.801854
-9.243912 3.773827
-8.158661 3.331568
-7.801873 5.328108
-9.117401 3.198837
-4.820341 2.932067
-7.750452 5.300908
-7.857301 5.328715
-5.539007 3.621969
-5.604983 3.634547
-4.473231 4.338887
-9.069051 2.558811
-9.316693 3.208715
-9.199724 3.153489
-5.553562 3.607347
-5.432158 3.594162
-9.199724 3.153489
-9.199724 3.153489
-9.251145 3.180688
-5.539435 3.606520
-5.432158 3.594162
-7.720935 3.227418
-4.473231 4.338887
-4.524652 4.366086
-9.168822 3.226036
-9.199724 3.153489
-9.070821 2.992775
-9.234370 3.254063
-9.070821 2.992775
-8.988497 3.038123
-5.928172 2.193081
-7.857301 5.328715
-5.706218 3.511987
-7.801445 5.343557
-8.925593 2.412719
-6.315141 4.623087
-4.524652 4.366086
-7.720935 3.227418
-4.690027 1.990072
-4.473231 4.338887
-5.778173 6.965875
3.705197 0.598610
2.292584 -0.564077
2.148943 -1.615665
2.960410 -0.375811
1.415954 -0.128900
3.313865 0.648323
3.473707 0.916013
1.363943 0.958444
1.281851 1.836047
1.877149 0.611219
4.738405 -1.040611
2.916267 -1.324778
3.738169 -0.817722
3.565304 0.573022
3.061871 -1.590545
2.733053 -0.763243
3.117911 -1.159102
2.877078 -2.251593
4.280379 -2.009471
4.313268 -2.110964
3.974834 -1.849328
3.598557 -1.575194
3.574249 -1.642989
2.989216 -2.506411
3.032191 -1.848364
3.129682 -2.153591
3.397486 -1.558090
3.310250 -1.515722
3.508126 -2.046948
2.792479 -1.415897
3.214502 -1.834788
3.113553 0.555295
3.850153 0.878465
4.686092 -0.226163
4.000001 -0.524220
4.322816 -0.341342
2.836032 -1.324424
4.182689 -0.059528
3.997588 0.118594
3.479951 1.145916
2.934768 0.931630
3.833583 0.366504
4.016087 0.585853
4.049957 0.055445
3.442901 0.878958
2.049227 -0.000755
5.071089 0.605819
3.891931 -0.107583
4.304365 -0.282627
4.203322 0.036644
3.974696 0.192988
3.526980 -0.002776
3.978649 0.530706
0.327827 0.661070
5.025154 0.437313
5.025154 0.437313
3.994858 -0.355555
4.187017 -0.482672
3.867152 -1.835769
2.108511 -0.404250
4.171493 -0.252528
2.536261 -1.030564
3.610018 -0.745512
3.793324 -2.053171
3.557813 -1.840449
3.420041 0.768606
4.178557 0.610749
3.479938 0.510596
3.251166 1.284386
3.525651 0.653554
2.796754 -0.898218
2.671671 -1.121245
2.952492 0.698694
3.361392 -1.956113
2.962917 -1.673534
3.825327 -0.804805
3.167088 0.107290
3.548677 0.825895
3.445737 1.191777
3.466579 -0.715091
3.445317 1.064200
2.554478 0.483226
3.446436 -0.379831
3.711475 -0.046763
3.258022 -0.630208
3.255423 -0.413892
1.949614 -1.270048
5.382661 -0.553847
4.930327 -0.398513
4.022353 -1.914185
2.929620 -0.825369
4.210561 -0.116594
3.397039 -1.465844
2.786077 -0.734064
3.307605 0.213908
2.327133 -1.441674
2.637337 -0.859873
3.223412 -0.179144
2.650197 0.213724
4.616440 -1.009221
3.733066 0.784639
3.225468 0.905287
2.846763 -0.911839
5.108468 -0.582986
2.947331 -1.359840
4.559384 0.150914
2.867095 0.694761
2.313723 -0.058128
3.046881 0.828754
3.270231 0.524396
3.275436 -0.023402
3.452080 0.616024
2.930038 -0.027283
3.864547 -0.522146
3.091900 -0.413257
2.702589 2.079714
4.004495 -1.340149
1.488396 -0.352123
2.908704 0.858211
2.740640 -0.791760
2.661624 -1.242575
4.584636 -0.411085
5.254777 -0.370750
4.469099 0.026823
4.598559 1.045810
3.394258 -1.733037
3.161987 -0.474194
1.999776 0.506704
3.861430 -0.030492
3.903885 -0.795881
4.448186 -0.124427
2.911441 -0.305738
4.705153 -0.548640
4.129989 -2.101835
3.451272 -1.199091
3.032696 -1.797080
3.314891 -0.612347
2.834516 -1.917299
3.383844 -1.478121
3.293757 -0.880002
3.477529 -0.849351
2.277592 -1.371389
1.776773 -1.746495
2.947388 -0.766647
2.827369 -0.318461
4.112806 -2.149989
4.398236 -1.470143
3.565812 -1.916068
3.222067 -2.162092
3.304203 -1.488815
2.489469 -1.942920
3.660218 -1.512333
2.745431 -1.924154
4.001158 0.376505
4.493759 -0.437555
3.792425 0.774375
1.842787 -0.242892
2.502613 0.084700
4.014946 -0.955194
3.598913 -1.028593
3.918904 -0.740037
4.202879 -0.552448
3.941637 -0.969372
3.226600 -0.641286
3.145189 0.564003
3.039812 -0.029464
4.008769 -0.460318
3.966487 -0.813225
2.865459 -0.986473
4.154780 -0.299122
3.945714 -1.585902
4.199471 -0.545765
4.257540 -0.274218
3.345837 -2.782162
4.323058 -1.773952
2.535451 -1.922549
3.902753 -0.714996
4.359323 -1.623958
1.442074 -0.044555
3.623422 -0.864179
2.544039 -0.765072
3.020457 1.812059
2.939178 -0.503814
3.129297 -1.806368
1.896269 1.782910
-0.852914 0.727586
1.560641 -0.505112
-0.026660 -0.438709
-0.639096 -1.781786
-0.732658 -1.625411
-0.415301 -1.755208
-0.656725 -1.827309
-0.841731 -1.489422
-1.626550 -0.466370
0.762160 -1.785105
-1.626550 -0.466370
-1.644179 -0.511894
0.607176 -1.284466
0.607176 -1.284466
0.327278 -1.260565
-0.448115 -1.641992
0.034847 -0.835102
-0.595284 -1.800011
-0.595284 -1.800011
-3.645958 -0.872228
0.408015 -1.582388
1.246585 -1.224276
1.817605 -4.049559
-1.626550 -0.466370
-1.135836 -0.619121
0.970915 -1.247811
-0.989806 -1.267204
0.595764 -1.025270
0.543379 -0.132655
0.373628 -0.324564
-1.565993 -0.480947
-0.679246 -0.846011
3.738322 -0.758805
2.801611 0.815226
2.801611 0.815226
2.801611 0.815226
2.672262 -0.944130
2.844298 -0.780977
3.830614 -1.249244
3.782181 -0.405307
1.140389 -3.373022
3.577609 -0.635746
3.865597 -1.467960
2.849071 0.120208
3.299817 -1.041500
4.325382 -1.931818
3.636792 -0.663589
3.763836 -1.198718
1.289406 -0.012384
1.603108 -1.748529
2.730760 -2.253276
3.223883 -1.740544
2.015219 -2.138123
4.614022 -1.327946
3.440755 -1.452948
3.749286 -1.295432
3.189350 -2.121143
3.511691 -1.879992
2.967523 -2.314992
4.252426 -1.667503
2.300135 -1.643893
3.134679 -2.018442
4.196745 -2.004542
3.609586 -1.778458
3.300606 -1.931711
3.090542 -1.868023
3.117846 -0.547104
3.286468 -2.068203
3.158854 -1.882899
3.170279 -1.854028
4.066216 -2.212594
4.571653 -1.207422
3.587003 -1.407199
3.949995 -1.682096
3.979861 -2.405940
3.113281 -2.285131
3.052797 -1.881266
3.280396 -1.703716
3.626238 -1.609115
3.662206 -1.383759
2.742522 -1.989796
2.575221 -1.352496
2.968833 -0.306462
2.887753 -2.466210
3.934507 -1.707427
3.114203 -2.013918
3.794691 -2.101872
3.095286 -2.088156
2.831652 -0.504809
5.319844 -2.743733
2.837625 -1.503385
3.464653 -1.390930
2.913613 -1.989084
3.089682 -2.141503
4.976788 -1.722290
3.438649 -1.272998
2.972314 -1.683754
3.758201 -1.040312
3.938456 -2.301960
3.333511 -1.759985
3.619799 -1.372658
3.542810 -1.636986
3.161227 -1.817215
2.778636 -1.011305
3.628780 -1.578565
0.812778 -3.415474
3.590051 -1.182969
4.821931 -1.161033
2.971679 -1.939574
3.573984 -2.444466
3.400788 -0.660618
4.276156 -3.019000
3.382313 -1.862814
3.128520 -1.911506
3.632468 -1.629124
2.386056 -2.243598
3.526538 -1.689610
4.040092 -2.136127
3.840221 -0.977162
5.550992 -2.180731
3.151946 -2.081177
2.987583 -2.134276
4.240733 -2.267610
3.020009 -2.033458
2.925859 -2.116748
2.958542 -1.845792
3.696644 -1.089734
3.239420 -2.056395
3.210882 -2.161291
3.247854 -2.283317
3.187073 -1.901973
3.231522 -1.848251
3.219298 -1.853235
3.835274 -2.383375
3.049543 -1.631407
3.888675 -2.132666
4.827682 -2.086427
3.583311 -2.539034
1.723474 -1.268162
4.560642 -2.821973
4.010974 -2.283745
4.434539 -2.141979
3.978661 -2.741472
4.006670 -2.643433
4.040739 -2.508034
3.302915 -3.178170
3.723396 -2.819974
4.114658 -2.934018
3.751226 -1.556944
3.270675 -1.923726
2.769008 -2.202062
2.680091 -1.448197
2.455675 -1.949973
4.031224 -2.451607
4.132394 -2.311867
4.057422 -2.183171
3.113401 -2.303167
3.136331 -1.965835
4.240733 -2.267610
3.587912 -0.858879
3.093075 -2.024335
3.512633 -0.819347
4.484403 -2.551385
3.241283 -1.434218
3.053464 -1.871619
2.904473 -2.761430
2.977433 -2.029852
3.609413 -2.534474
4.467339 -2.830993
2.459018 -1.370016
4.017814 -2.346612
4.418184 -2.606722
2.830907 -2.504672
3.417750 -2.473571
3.436596 0.073201
4.315464 -0.509370
2.895306 -0.467017
1.889453 0.445644
3.860024 -0.354350
2.170230 -0.977287
3.138512 0.566483
1.781289 -0.750039
3.720180 -0.960124
4.189835 -0.815816
4.210488 -1.458793
2.970537 -2.244537
2.096508 -1.204689
3.316746 -0.979322
2.399089 -1.147465
2.753928 0.000782
3.035877 -0.350849
2.779799 0.728507
3.317345 -0.751193
3.973856 0.045030
3.870275 1.302219
1.270283 0.528654
3.789803 0.768022
4.221564 0.030695
3.810043 -0.406384
3.455192 1.154818
3.669322 0.327789
4.059629 0.493646
3.933108 -0.315315
3.865126 -0.366690
4.102985 -0.285939
4.121400 -0.522043
3.562613 0.366973
3.005703 -0.337666
2.652962 -0.886554
4.000034 -0.387588
3.163645 0.627087
3.323174 0.102219
2.350622 -0.024202
3.653480 0.475043
3.577205 0.726570
1.904220 0.378148
4.413813 -1.037691
3.215674 0.266472
1.796242 -0.568819
3.563996 -1.108498
3.172208 1.009435
3.717382 0.440796
4.262497 -0.771187
2.346015 -0.122806
4.225910 -1.037837
2.215954 0.235737
2.719107 0.027059
2.758470 0.152020
2.190129 -0.400513
2.570386 -0.395471
2.577283 -0.852134
2.823086 -0.602644
2.703557 -1.090656
1.735796 -0.398140
1.621775 -0.432523
2.130631 -0.583665
3.623066 -0.547200
3.202576 1.323199
1.684361 -0.222170
1.111683 -0.327127
0.259811 -0.715991
3.147904 -0.783498
3.424743 -0.665481
2.887946 -1.663735
1.471145 -0.397971
3.522072 -1.196128
2.561360 -0.673792
3.154753 -0.174641
2.701790 0.943926
4.480057 -1.091680
3.904419 0.135471
0.845950 -0.819485
3.486067 -0.633218
2.355244 2.734266
3.597416 -0.170702
3.304204 -1.496330
3.758912 -1.016521
3.246471 -1.577521
3.165288 -2.100905
2.648890 -1.049333
2.853847 -0.690259
2.698691 -1.133313
2.827383 -0.586194
2.891129 -0.380182
2.462403 -1.082221
1.793041 -0.573666
3.542683 -0.700483
1.009213 -0.863591
2.165605 -2.504343
2.576049 -1.165769
0.885040 -0.466595
1.311954 -3.361810
0.150788 -2.038861
1.909706 -1.559551
3.887638 -3.156263
3.834945 -2.491700
4.052347 -2.196651
4.262634 -1.997677
2.724490 -2.518759
4.065955 -2.920457
3.217595 -2.302647
3.265848 -2.189881
3.759917 -2.318221
2.940365 -1.952311
3.301109 -2.035131
2.500191 -1.173695
3.108331 -2.123694
3.878329 -2.163634
4.121433 -2.314684
3.596778 -1.448040
3.632440 -1.684020
2.978986 -2.189232
3.345098 -1.586948
4.276271 -2.138039
4.326969 -1.794005
4.023123 -2.093953
2.708442 -1.505974
3.499366 -2.419193
2.918538 -2.222847
3.595109 -1.751358
3.399413 -2.258203
3.693529 -2.659912
4.073839 -1.918982
4.113980 -1.960404
2.459719 -2.225181
4.021015 -2.961892
4.044774 -2.990307
2.494528 -2.447265
3.208812 -2.268361
3.583045 -1.751258
3.531497 -2.554440
3.583831 -2.415006
3.158987 -2.101486
3.305414 -2.018857
3.761237 -1.399811
3.207541 -0.739549
3.361532 -1.718419
2.951795 -2.209435
3.163549 -2.129400
4.042196 -2.892042
3.972258 -2.325575
3.453791 -1.440695
3.462424 -2.015778
2.900087 -3.340535
1.934703 -3.527572
3.233945 -2.328385
2.942272 -2.929407
3.057874 -1.322315
3.948894 -2.901062
3.981648 -2.337060
3.827514 -1.974375
3.819698 -2.632227
4.075134 -2.290077
4.232180 -2.315321
3.840125 -1.706358
4.146261 -1.539172
4.008993 -1.827470
4.027374 -0.229228
3.474475 -0.112039
3.829020 -3.054279
3.122699 -2.522601
2.566052 -2.504242
3.318611 -2.593665
3.911203 -2.776659
3.428749 -2.667641
4.465877 -1.402656
3.144557 -2.388498
3.228331 -1.947753
4.011515 -2.881556
3.948894 -2.901062
3.986417 -2.929680
4.131477 -2.433582
4.059595 -2.250263
2.617263 -1.937083
4.019502 -2.905106
4.301604 -2.288807
3.063675 -2.187660
3.451132 -2.763025
4.223249 -2.000082
4.021015 -2.961892
3.948894 -2.901062
3.948894 -2.901062
4.119308 -2.425946
4.097303 -1.973327
4.019502 -2.905106
3.948894 -2.901062
3.659857 -2.577432
3.182108 -1.768599
3.830385 -2.280469
3.862797 -2.065371
3.546592 -2.558480
2.839822 -2.370459
2.169721 -1.062806
3.582753 -2.877740
3.109827 -2.119620
3.164513 -1.834424
3.810498 -2.715828
3.735972 -2.298294
3.243805 -2.467411
2.227351 -1.300472
3.311792 -2.783637
4.386901 -1.791494
4.097303 -1.973327
3.809358 -2.321096
4.036777 -2.903186
4.104207 -2.430783
4.022858 -2.936254
4.085214 -2.309612
4.118381 -2.419909
4.095619 -2.359861
2.233388 -1.106714
4.133045 -2.594790
3.113262 -2.375480
3.311792 -2.783637
4.011948 -2.416622
3.414145 -2.695444
3.756905 -1.697690
3.069636 -2.085623
2.671506 -2.332474
3.145861 -2.150959
3.453019 -1.591872
4.072069 -1.593706
3.490990 -2.446806
4.009486 -2.317034
3.370282 -1.560158
2.953617 -1.796393
3.019856 -1.935029
3.198459 -1.476853
2.762786 -1.652528
4.868224 -2.022960
3.503734 -2.452583
3.204559 -2.143815
3.089206 -2.163109
2.951514 -2.246121
3.976618 -2.292556
3.656647 -2.103856
4.247109 -1.888204
3.697399 -2.111492
3.273295 -2.325923
1.781186 -1.481833
4.085480 -2.916748
4.057174 -2.021164
3.948894 -2.901062
3.213235 -2.196979
2.775395 -1.566813
3.840229 -1.284290
3.599631 -1.662967
1.813684 -0.807476
2.698741 0.036102
2.969647 -1.066305
3.616794 -0.805621
2.396148 -0.580740
2.982273 -0.431035
1.675620 -0.653003
3.405510 -0.867536
3.654192 -0.459933
2.156908 -0.341192
2.844788 -2.433445
4.265970 -2.031668
4.178370 -2.212338
3.672721 -2.358803
3.427179 -2.468044
3.264338 -1.179878
3.755161 -2.141924
3.236002 -1.539070
2.730398 -0.984946
2.880845 -0.990446
2.720670 -3.308905
3.951076 -2.395424
3.272102 -2.692590
3.180776 -2.647632
3.170406 -2.697569
3.443029 -2.682753
3.401667 -2.815895
4.138165 -2.469843
4.061386 -2.424601
4.032248 -2.377082
3.415665 -2.730131
3.300222 -2.424629
3.540118 -2.426830
3.205990 -1.603961
3.451130 -2.372998
3.425863 -2.378933
2.299542 -3.606845
3.218290 -2.167911
3.473915 -1.491206
3.296426 -1.760272
3.128698 -1.587277
2.631571 -2.679842
3.768321 -2.095344
2.893501 -1.720055
2.402056 -1.645491
1.915450 -1.928704
2.243998 -1.258214
2.866825 -0.741415
1.816557 -1.061685
3.111265 -1.124430
1.547725 -1.146666
3.122709 -2.015533
3.879527 -0.908206
3.401659 -1.470122
3.799308 -0.000501
3.816322 0.524528
3.572545 -1.402122
1.415922 -1.546963
2.648253 -3.575958
1.132180 -2.102385
4.148481 -2.345839
4.098287 -2.298203
4.011948 -2.416622
3.951076 -2.395424
4.119450 -2.318702
4.160650 -2.353475
4.226949 -1.605559
3.072702 -2.070616
3.717132 -2.366176
4.166248 -1.893330
4.059872 -1.944061
3.492788 -2.160411
3.641593 -1.986215
3.398819 -2.281092
2.212704 -1.245196
2.950470 -0.904799
4.083169 -1.989790
4.113980 -1.960404
4.072041 -1.951696
2.367291 -1.259480
4.082927 -2.180939
3.398250 -2.754747
4.209915 -2.331323
3.016130 -2.288277
3.051543 -2.215619
2.982566 -1.783446
3.110444 -1.547583
1.898460 -1.045090
3.778147 -2.009284
3.811153 -0.845803
3.078227 -0.372254
3.353979 -1.171260
3.316483 -1.139159
3.835811 -0.865999
3.136407 -0.405775
3.864770 -0.891383
3.349209 -1.167706
3.078227 -0.372254
3.021371 -0.326508
3.840581 -0.869553
3.791424 -0.970600
3.791157 -0.977317
3.407991 -1.129281
3.811360 -0.861417
3.811360 -0.861417
3.155066 -0.347978
3.865635 -0.802189
2.554129 -0.641859
3.677191 -0.936762
3.811360 -0.861417
2.695365 -0.871807
3.447003 -1.395325
4.033016 -1.026923
4.110148 -1.013683
3.341729 -0.438229
3.937503 -0.960905
4.130949 -2.174515
2.632021 -2.221347
2.655304 -0.840769
1.829225 -0.853183
3.962395 -1.572184
3.030397 -2.624131
3.617573 -1.616267
3.637345 -1.392532
3.568051 -1.389872
3.325500 -0.719013
4.456749 -2.524453
3.786702 -0.841221
4.092173 -2.425893
3.301189 -1.320749
3.815474 -1.976143
1.256823 -0.670345
1.089445 -0.214169
0.847225 -0.428815
3.910163 -2.640729
2.895160 -2.756305
2.937880 -2.772913
3.819698 -2.632227
3.204929 -2.547433
4.156054 -1.906320
3.157212 -2.583982
3.014578 -3.132371
2.891289 -2.360052
3.031436 -1.792584
3.006378 -1.830636
2.831692 -1.425849
2.153522 -1.556486
2.943244 -1.151758
2.571846 -0.913642
1.956113 -1.388046
1.846889 -1.444762
1.818338 -1.324322
2.728636 -1.283637
2.577748 -1.682242
2.770224 -2.017323
2.358288 -0.430824
3.470625 -1.406440
4.908080 -0.843921
3.861889 -0.359341
3.336695 3.109744
3.938072 0.751609
2.460170 -0.526695
4.793351 -1.584375
4.242009 -1.687692
3.940777 -2.438756
3.951076 -2.395424
3.951076 -2.395424
3.250921 -2.762440
4.289435 -2.281171
3.306807 -2.791915
4.011948 -2.416622
3.384946 -2.802554
3.394483 -2.799981
3.453600 -2.465411
4.103127 -1.954472
3.974233 -2.288065
2.512891 -1.586969
3.431932 -1.597310
3.146087 -1.600817
2.764403 -2.388265
2.982101 -1.485396
2.129627 -1.106200
2.923311 -1.636264
2.631786 -1.680827
3.403701 -1.026872
1.942772 -0.701382
-3.003065 -2.130718
1.534530 -1.063656
3.293270 -0.394631
3.464173 -0.588564
3.618052 -1.645736
3.384001 -1.636937
3.319408 -1.497324
2.972061 -0.941431
3.614932 -1.681449
4.161264 -2.271416
4.124437 -2.243585
4.008739 -2.127276
3.423348 -0.784098
3.173417 -0.754140
2.993705 -1.550918
2.506814 -1.497346
2.478774 -1.709403
2.513396 -1.379362
2.531093 -1.145528
3.237145 -0.804651
2.015995 -0.854590
2.649746 -1.366391
3.338326 -1.655847
4.011112 -2.151621
2.931440 -0.703480
1.365683 -0.412441
3.298495 1.279302
-0.818574 -0.884503
2.998572 -0.668610
2.017781 -1.732215
2.684437 -2.577130
2.597655 -2.118506
2.206829 -2.592427
2.902849 -2.274153
3.358420 -2.737336
2.425560 -0.832352
2.610784 -1.085198
2.476177 -0.971882
2.451249 -1.051825
2.913502 -0.681600
2.277991 -0.660263
2.249694 -0.726402
1.653467 -1.035086
2.799298 -0.420755
3.601289 -2.307399
3.999779 -2.408986
2.487093 -2.499248
1.968711 -0.766763
0.921064 -2.654048
0.799510 -1.236159
2.875783 -1.785771
2.019613 -1.199142
1.966101 1.382695
0.781739 1.206175
3.292752 -0.513731
3.086982 -1.943304
2.840815 0.315346
2.997789 0.951535
3.399996 0.725207
4.275554 -0.013059
3.667172 -0.436958
3.978572 -1.024437
2.683132 -1.780033
2.848328 -0.323046
3.168731 -1.481058
2.186432 -0.805700
2.179895 0.223987
3.989238 -2.359889
3.940176 -2.152532
4.180323 -2.273060
2.783376 -0.031868
4.889776 -1.148911
3.951363 -1.680747
4.166673 -1.987666
3.543330 -2.192121
3.751156 -2.653831
3.581246 -0.951555
3.397926 -1.396222
3.267635 -1.996133
4.087623 -2.295889
2.062489 -1.337316
1.572446 0.043461
1.791588 -1.874809
0.387683 0.103191
2.745866 -2.319647
2.865110 -3.174104
3.476887 -1.988790
2.968286 -1.204836
2.500482 -1.026732
2.667654 -1.106309
2.090716 -0.385976
2.469864 -2.471404
3.728983 -1.915328
3.787497 -0.524835
3.114935 0.904479
3.898877 -0.697867
2.584383 -1.268791
3.974598 -1.846152
2.862089 -0.026186
3.295064 -0.257759
2.889481 -0.126223
2.448235 1.034943
0.545918 -1.392639
1.270862 0.146025
0.182227 0.228030
4.908734 -1.653756
2.979955 -1.129451
3.556129 -1.200827
2.739928 -0.546659
3.389523 -0.780256
1.106144 0.073163
0.916863 -0.208332
2.728919 -0.765668
2.389805 0.722187
1.067053 -0.497604
2.304258 0.407530
3.392521 -0.125503
3.997928 -0.661938
4.168363 -0.904500
3.606347 -0.367165
1.313549 -0.840455
1.604420 0.093239
0.458470 0.204665
2.007419 -1.577172
1.694961 -0.588563
0.760534 0.425463
-0.343878 -1.581508
-0.217487 -1.112564
0.255225 -1.569679
-0.827855 0.841933
0.682182 -0.537196
2.454245 -0.115786
0.513897 0.240495
1.261646 -1.012544
1.313335 -0.657315
0.493506 0.396670
1.015119 -0.415925
0.958728 0.565913
0.721189 0.579768
1.039214 0.016255
1.425606 -1.273785
1.193693 -0.325578
0.019028 0.119629
2.668678 -0.580868
1.895553 0.012784
1.414826 1.461393
2.819175 -0.362434
2.256091 0.821736
2.691290 1.674490
1.267417 1.782146
2.414637 2.028892
2.755118 -0.990141
2.898598 0.016837
2.492673 -0.839538
2.784763 -0.274561
0.292937 0.274335
1.153904 -0.300313
2.923978 0.535236
0.498305 -3.243447
1.192389 -0.288745
0.449788 0.782874
0.948661 -0.140034
1.677871 -0.699165
2.739112 2.356619
2.707623 2.575399
2.707623 2.575399
2.516028 2.439811
0.507465 2.759406
3.739921 0.868707
3.366154 0.457527
2.759490 -1.444405
3.429344 0.339421
3.549769 1.025295
3.135375 -2.433553
3.424743 -0.665481
3.256694 -2.094172
3.059517 1.382736
2.362775 0.363683
3.318988 -1.212949
3.413626 -0.575478
4.409692 -0.326196
4.378611 -0.501170
1.663909 1.675866
4.037720 1.274679
3.741261 1.388530
3.995373 -0.881907
3.305576 0.047934
2.368114 -0.005815
3.351192 0.265648
4.012476 -2.421285
3.933091 -2.287223
3.933091 -2.287223
3.250921 -2.762440
4.067834 -2.446097
3.481787 -2.695308
3.261296 -2.275350
3.078965 -1.648150
2.116235 -1.160735
2.871249 -1.144867
3.145016 -1.089372
2.270330 -1.115481
1.672306 -1.470406
1.861888 -1.507348
3.011992 -3.503903
3.951076 -2.395424
3.951076 -2.395424
3.311792 -2.783637
3.361600 -2.596205
3.096118 -1.825484
2.673317 -1.691319
4.037210 -2.438252
4.327968 -2.024925
3.757080 -2.164197
4.369403 -2.221901
4.407956 -1.670371
3.464236 -2.468275
3.999779 -2.408986
3.845181 -1.236272
3.951076 -2.395424
3.335219 -2.036548
3.270293 -2.786468
4.355435 -1.798657
3.449239 -1.943066
4.011948 -2.416622
3.965006 -2.321758
3.886127 -2.315338
3.270703 -2.260201
3.053825 -1.891156
3.713197 -2.150598
4.108441 -1.654827
2.776417 -0.303976
2.851514 -1.100941
2.748468 -2.156043
4.033837 -2.427717
3.270293 -2.786468
4.054026 -2.199647
3.361038 -2.784853
3.773516 -2.174784
2.959555 -2.464194
2.442636 -3.141143
3.522314 -2.398753
4.199532 -2.232837
2.940370 -2.269891
2.890162 -2.196068
4.042519 -2.358257
3.502183 -1.874979
3.245406 -2.099658
2.095906 -1.291336
3.999779 -2.408986
3.999779 -2.408986
3.722420 -2.642821
3.665640 -2.159525
3.462988 -2.465900
3.798887 -2.129734
3.335219 -2.036548
3.367926 -2.303307
4.338805 -2.051341
3.359759 -2.021821
3.004738 -2.211124
3.102241 -2.186874
3.561028 -1.536793
3.191292 -1.696394
3.675440 -2.166487
3.183629 -1.926159
3.150781 -1.821193
3.341781 -1.664546
3.035845 -2.058582
3.449656 -1.988834
2.708152 -2.386828
3.064175 -1.562075
4.009486 -2.317034
3.278242 -1.739023
3.929634 -2.294178
2.896224 -2.664295
3.625309 -1.723170
4.500722 -1.707064
3.614182 -2.300757
3.038897 -0.349448
3.424969 -2.375603
3.142238 -2.211336
3.598174 -2.078125
3.940448 -2.302287
3.446118 -2.010391
4.093119 -2.398279
3.334374 -2.492061
3.954272 -2.217373
3.272102 -2.692590
3.376543 -2.750939
2.623572 -3.329014
4.088746 -2.254513
3.991829 -2.403061
3.962091 -2.479499
3.984893 -2.533548
3.903514 -2.451497
3.952929 -2.616765
2.856310 -3.257175
0.951221 -2.377765
0.519042 1.246120
3.951076 -2.395424
3.999779 -2.408986
3.931433 -2.351751
2.766079 -0.533842
1.799126 -0.749166
3.999779 -2.408986
2.633564 -3.498901
1.880793 -2.374491
3.951076 -2.395424
3.086000 -1.570688
3.647579 -2.715804
3.972258 -2.325575
3.936244 -2.178821
3.985631 -2.215071
4.428780 -1.902083
3.346645 0.625427
4.011948 -2.416622
4.080259 -2.298467
4.011948 -2.416622
4.033129 -2.346772
2.057452 -1.272698
4.011948 -2.416622
2.551046 -3.045693
3.297689 -2.548481
3.933091 -2.287223
3.658357 -2.594173
3.984427 -2.333210
3.063635 -3.155474
2.533793 -2.360622
3.844189 -2.306630
3.994309 -1.859769
3.933091 -2.287223
4.443359 -2.493326
3.678227 -2.701063
3.228331 -1.947753
2.958681 -1.739491
3.680971 -2.518556
3.966851 -2.317619
4.240733 -2.267610
3.139185 -2.111354
4.018511 -2.334592
3.933091 -2.287223
3.291359 -1.934449
4.429299 -1.868373
3.528982 -1.440238
4.841232 -1.667354
3.109330 -0.349135
4.018338 -2.162208
3.943135 -2.341189
3.192507 -1.406868
3.348592 -1.926044
3.466650 -2.265207
3.846813 -2.285240
3.878546 -2.258918
3.290636 -1.863066
3.320379 -1.858212
3.951076 -2.395424
3.009520 -3.006848
2.795464 -2.430206
3.951076 -2.395424
2.333678 -2.606947
3.947777 -2.281925
3.270270 -1.956461
3.804874 -2.276533
4.087114 -2.395055
3.671227 -1.905033
4.274042 -1.957058
3.893422 -2.053983
2.339283 -2.300207
2.566086 -2.135716
3.112864 -2.475761
2.894806 1.055633
3.454398 -1.392340
3.940038 -2.352808
3.966323 -2.044602
3.664604 -1.048918
3.400960 -2.375912
5.358933 -1.159335
4.405687 0.004567
3.307433 -1.960521
3.842992 -0.774918
4.675260 -0.783378
3.836607 -2.250210
3.699430 -2.255514
2.669219 -0.910982
3.550159 -2.688106
3.837020 -2.304687
3.855175 -2.287685
4.028867 -1.905706
3.804874 -2.276533
3.154742 -2.110238
0.771129 -1.604698
4.046478 -2.573194
4.035731 -2.384374
4.341211 -1.777636
3.232176 -2.123092
1.723079 -2.436156
3.228840 -2.576539
3.179707 -2.627638
3.189066 -2.730202
2.621573 -2.401255
2.567165 -2.249903
3.276593 -2.840541
3.295736 -2.530141
2.579974 -2.142486
3.293727 -2.659781
3.310930 -2.723598
2.865679 -2.337847
3.316871 -1.978490
3.246687 -2.436946
3.107227 -1.554511
3.486427 -2.479325
3.098047 -1.748915
3.076549 -1.405624
2.708649 -0.387039
2.719971 -1.795526
2.340739 -1.255631
2.939092 -0.346816
2.840242 -1.799319
2.971244 -1.790230
2.621909 -2.086459
2.106270 -0.843419
1.249950 -0.773438
2.684091 -0.661474
3.281286 -2.651604
3.283857 -2.646273
2.585213 -2.339713
3.454770 -2.332982
3.281953 -2.744817
2.566052 -2.504242
2.941524 -2.437919
1.847414 -3.452388
2.681921 -2.317240
2.264389 -3.274308
3.136532 -2.514087
1.442785 -3.179777
2.702314 -2.319774
3.510483 -1.709628
2.252065 -1.036514
2.085740 -3.648385
2.858563 -2.136000
2.688622 -1.769394
3.452298 -2.564468
3.257438 -1.129677
1.195581 -0.116019
3.188558 -2.707168
3.290334 -2.672070
3.144033 -2.673646
3.724615 -1.889659
3.209819 -2.607199
2.325782 -2.054717
3.804881 -2.499171
2.590834 -2.532866
4.067834 -2.446097
2.753283 -2.146133
2.535482 -1.897235
3.102514 -1.948465
1.012732 -0.494099
3.164253 -2.326080
3.343997 -2.726018
4.057205 -2.352959
3.279134 -2.544847
3.012531 -1.889422
3.311982 -2.260865
2.305201 -1.328644
2.947900 -0.717845
3.221695 -2.466340
4.891499 -0.965725
4.706791 -0.724357
3.643237 -1.973324
3.115587 -0.267481
3.841129 -2.135116
3.392873 -0.209768
3.280052 -2.751413
3.567631 -2.455000
3.175766 -2.647323
2.371016 -2.273885
2.883121 -2.272126
2.983348 -2.237659
3.210272 -2.446247
2.544184 -2.101638
2.913523 -2.757163
3.263090 -2.770076
4.656512 -0.706466
2.693858 -2.497322
3.231581 -1.036148
2.572119 -2.259896
2.202716 -2.200828
1.806637 -1.114872
2.409892 -2.304251
4.348008 -0.536482
2.353748 -2.153391
2.683291 -2.493333
2.403198 -2.234365
2.357659 -2.318604
3.532120 -1.223474
3.213876 -2.507809
3.281492 -2.704075
2.232379 -1.483600
2.233974 -1.292425
2.451970 -2.087277
2.166869 0.459098
2.841706 -1.242590
3.070181 -1.465334
1.609615 -0.548934
1.205933 -2.218597
2.313963 -2.261420
2.367507 -2.023321
2.207693 -2.092361
1.508573 -0.823621
3.104718 -2.643549
2.453878 -2.316411
2.339283 -2.300207
2.787028 -2.723644
3.049562 -1.825431
2.512536 -2.256035
3.563073 -2.085231
3.043837 0.664952
3.209720 -2.727667
2.452460 -2.380971
3.003184 -2.464012
2.694083 -2.267186
2.985238 0.475560
2.494128 -2.108616
2.278321 -0.883778
2.366658 -0.712923
1.948976 -1.620598
2.500305 -2.429718
2.500305 -2.429718
2.339283 -2.300207
2.500305 -2.429718
2.460946 -2.269045
2.432477 -2.222337
2.770124 -2.410429
2.339283 -2.300207
2.332278 -2.223694
2.310948 -1.137102
2.409892 -2.304251
2.395170 -2.329683
2.339283 -2.300207
2.339283 -2.300207
2.339283 -2.300207
3.105203 -2.403232
3.417239 -2.589518
3.139803 -1.908997
3.181826 -2.206234
4.102527 -1.788377
3.292179 -1.695863
3.883524 -1.489963
3.771514 0.024624
3.765175 -0.910555
3.797817 -1.030396
3.503119 -1.567330
3.470729 -1.463178
3.467641 -1.004653
3.114402 -2.105487
2.773789 -1.940775
3.242045 -2.126727
3.160145 -0.772645
0.339223 0.145099
3.104861 -0.589118
2.753590 -2.348096
3.571039 -2.155957
2.882102 -1.005469
4.757068 -1.227473
3.360862 -2.436461
3.043841 -2.305056
2.193055 -1.467513
2.736254 -2.271058
2.818991 -2.394461
2.841798 -2.472798
3.235309 -1.712029
3.638338 -1.698847
2.863005 -2.192223
3.152327 -1.076923
2.987857 -2.151080
2.781224 -2.286712
2.103389 -1.843323
2.671455 -1.925685
2.590733 -2.136629
4.109271 -2.151078
3.204546 -2.331658
3.324485 -1.563410
3.533182 -0.903156
4.487112 -2.059459
2.621586 -1.940115
1.945230 -1.447375
2.611957 -0.893637
2.802373 -0.963545
3.321240 -2.053302
2.115780 -2.579643
3.295349 -1.121329
4.122323 -2.006595
3.429064 -1.465970
2.248063 -2.477683
2.373892 -2.051126
2.527167 -1.988155
3.054630 -2.122445
3.284807 -1.895691
3.224248 -1.263137
2.745308 -2.088836
3.714391 -1.930304
2.859171 -2.367948
2.054867 1.072497
2.354342 -1.893645
2.228847 -1.806602
3.153053 -2.913523
3.228535 -1.504527
2.888483 -0.946616
4.618365 -3.313205
3.022010 -1.910948
2.384961 -2.157525
2.810422 -1.242976
4.059491 -1.733641
2.566880 -2.061646
3.005877 -1.857474
4.304008 -2.994458
2.826714 -1.245275
2.283791 -2.087138
3.805429 -2.061322
2.839391 -2.034638
1.787720 -2.061585
3.544956 -1.612644
2.754392 -1.680222
2.647522 -1.162031
2.075740 -0.937944
-0.146196 -0.078480
-2.736728 -2.138015
-0.794198 -0.917998
-0.471898 -0.131735
1.221803 -1.624182
0.653378 -1.070673
0.946227 -1.171175
0.108063 -1.196683
0.938006 -1.450579
-0.936355 -0.578980
-5.712782 -2.399019
0.301473 -0.747419
0.795505 -0.004766
1.002108 -1.173214
0.899581 -0.255379
1.400625 0.106181
2.124325 0.184715
1.259769 0.036334
1.868731 -1.145381
2.119491 0.566195
2.743722 -2.584166
1.176208 -1.339407
2.124352 -1.067176
1.834464 0.817547
1.682844 0.223486
1.640749 0.090212
0.736634 -0.095092
0.899581 -0.255379
1.055793 -0.310940
2.246142 0.328183
0.529775 1.645508
2.050793 -0.910327
2.937682 -1.018458
3.099987 -1.938210
0.899581 -0.255379
0.899581 -0.255379
3.281843 -2.346106
0.899581 -0.255379
0.899581 -0.255379
2.909507 -2.397011
2.407643 -0.890095
2.062580 -2.651473
2.657890 -2.372375
4.348832 -1.402783
4.365552 -1.248994
3.137712 -0.471002
4.827078 -1.232749
3.349285 -1.492588
2.682352 -0.512297
2.630013 -0.496537
2.746049 -0.609658
2.832846 -1.023427
3.209915 -1.839052
3.700598 -1.324881
2.782189 -2.147225
3.504993 -2.335946
1.471805 -0.083505
4.475110 -1.950034
4.308223 -1.470243
2.087184 -1.877845
2.466844 -2.870067
1.109226 0.697530
0.716024 0.339560
3.925748 -1.399689
2.947991 -0.731499
2.762884 -0.709232
3.717731 -1.021848
3.215604 -0.379816
2.968812 -0.274231
3.043489 -1.099479
3.183255 -0.635781
4.057324 -1.792242
2.671028 -0.386736
2.600837 -1.667730
3.623670 -1.343417
3.346280 -1.290255
2.445281 -0.040149
1.734070 -1.535675
2.789130 -0.545464
2.794369 -0.691711
1.076528 -0.206146
2.556577 -0.640638
3.079556 -0.346678
3.052977 -1.257582
3.310424 -1.029176
3.998398 -0.628221
2.596747 -2.301258
2.261604 -0.975838
3.741049 -1.925244
2.962472 -0.295155
2.879828 -0.594646
3.875575 -0.671740
0.751966 0.018937
2.554160 -1.046260
2.930548 -0.049986
1.419904 -1.676980
2.626705 -1.488186
2.079771 -0.607271
1.421355 -0.266598
4.305472 -1.689389
3.480971 -0.707239
3.620301 -0.320567
3.162299 -0.504777
4.791169 -3.077739
2.375664 -1.863103
3.596674 -1.158771
3.769957 -1.140812
3.097012 -1.791613
4.417120 -2.700880
-0.364695 -4.386556
0.058087 -0.834496
0.342498 0.809302
-0.381565 0.765892
2.350321 -1.141073
0.988017 0.292601
3.853195 -0.406586
1.080884 -0.374643
2.330707 0.219586
2.341235 0.664270
2.330707 0.219586
4.456618 0.577286
2.740625 2.913179
2.674036 -0.082643
0.957179 -0.325170
1.595886 0.103833
4.274083 -2.205396
3.305053 -2.268629
3.728658 -2.634570
3.267825 -2.277170
3.960278 -1.690258
4.376172 -2.008199
3.095463 -2.114184
2.681258 -2.421062
3.584254 -1.654344
3.127712 -1.881420
3.666313 -1.414234
3.201856 -1.962908
3.158942 -2.098898
3.538593 -1.512452
3.351269 -2.692757
3.106969 -2.104535
2.721690 -0.859321
4.400900 -2.145959
3.890370 -2.353641
3.544683 -2.410864
2.961046 -0.672369
3.294952 -2.695311
3.795528 -1.833208
3.748687 -1.604642
3.748281 -1.547936
3.623328 -1.394851
1.969076 -0.850141
4.033129 -2.346772
3.447180 -1.886379
4.393972 -1.505671
4.240733 -2.267610
4.219570 -2.247111
4.240733 -2.267610
4.282671 -2.276317
4.822172 -1.654957
3.700518 -1.690113
3.186137 -1.936416
3.582635 -1.441651
3.569911 -2.328899
3.540287 -1.915113
3.579846 -2.172974
3.142299 -1.410397
3.205330 -1.790548
3.645355 -1.490217
2.259082 -1.895093
3.278229 -1.965663
3.957739 -1.359041
3.586182 -1.048056
3.575862 -0.933118
3.036615 -1.862947
2.875477 -1.591209
3.720847 -1.278330
3.166400 -1.538946
4.147614 -2.174664
2.840647 -1.995471
3.624875 -1.908733
3.495011 -1.550230
3.394962 -2.710675
2.857322 -2.139723
4.644043 -0.979286
4.647421 -1.809358
3.825130 0.164677
4.647545 -0.783025
4.778801 -0.519461
4.679383 -0.650248
3.121742 -0.435118
4.074883 0.223368
3.983994 -0.287862
2.698178 -2.577645
2.877001 -2.298166
2.881229 -1.880357
3.405724 -1.927782
3.445095 -2.041328
2.981317 -1.524146
3.239924 -2.470315
4.170302 -2.022131
3.659295 -1.683387
4.143973 -1.672671
4.263455 -2.112258
3.929817 -1.129678
3.726507 -0.232387
2.918552 -2.021989
4.636187 -1.221955
2.240888 -1.131304
4.335026 -2.201389
4.371905 -1.869703
3.949561 -1.437218
3.413944 -1.856578
-0.621429 -0.580321
2.762411 -0.852838
3.453920 -0.241697
3.771067 -1.021066
3.835084 -1.160586
2.399670 -0.421451
4.228997 -2.074411
4.280526 -1.842224
3.535899 -1.649248
4.261914 -2.197760
4.233296 -1.992238
4.722662 -1.653794
2.977670 -1.911493
4.881921 -1.197563
3.122014 -2.256105
4.659918 -1.118960
4.473920 -0.428960
2.782220 -0.576698
4.733384 -1.321003
4.567443 -1.091768
4.838998 -0.963578
5.575464 0.307254
2.990932 1.202746
3.100991 -2.235366
3.607138 -2.320358
4.800896 -1.393715
3.234309 0.067638
3.100507 -2.384721
3.172424 -2.260931
2.751087 -0.622421
5.590230 -0.271031
4.384530 -0.565901
3.953258 -0.392266
2.724880 -0.790089
3.019435 -2.083039
2.199965 -1.280930
3.645328 -1.172649
3.219782 -1.550348
3.113262 -2.375480
3.078838 -2.109201
4.032248 -2.377082
4.243505 -2.178736
3.646335 -2.075765
2.985330 -2.513400
2.906915 -1.075808
2.947484 -1.766926
3.308601 -1.584724
3.389104 -1.508696
3.089091 -1.168611
2.946661 -2.221241
2.922389 -2.061588
3.682938 -1.061387
2.552666 -2.045243
3.485550 -1.309105
2.882015 -2.424904
3.342651 0.869094
1.674132 -0.987373
2.432240 -2.104065
2.629302 -1.514978
3.033285 -0.550491
2.779091 -1.881962
2.140645 -2.067253
3.567775 -1.068734
3.035028 -1.447454
1.813143 -1.815595
2.412507 -2.177056
2.111013 -2.119696
3.050833 -2.161173
2.595701 -2.248324
4.367902 0.128433
3.393218 -0.028404
3.849601 -0.990155
3.980844 0.110420
4.951026 -1.007609
5.145789 -0.803388
5.682125 -0.242312
5.315235 0.560634
4.498894 2.139714
3.996367 2.091300
3.956005 2.063760
4.836086 0.760042
3.577762 1.549852
3.758782 1.892804
4.003380 0.912574
4.596971 0.829118
4.572136 0.747328
4.464778 -1.096180
4.501106 -0.753515
4.154307 -0.109262
3.945143 0.097112
4.207986 -0.133973
4.151142 1.949894
3.282654 -2.736117
3.343525 -2.757314
3.396090 -2.057744
4.096170 -2.256503
4.115750 -2.285679
3.087929 -2.224712
3.369126 -2.116520
3.367836 -2.569629
3.538875 -1.609163
3.750341 -2.251477
3.705424 -1.965333
4.036299 -1.333078
2.782692 -1.997979
3.020647 -1.643212
2.616992 -1.701185
3.116356 0.599739
3.503377 0.781292
3.545672 1.615628
2.875170 -0.507729
3.253363 0.466956
2.687495 -0.912789
3.727263 -0.536159
4.126199 1.288424
4.240733 -2.267610
2.138640 -1.639470
2.586077 -1.786868
3.609586 -1.778458
3.300178 -0.723491
3.033213 -2.043703
3.495411 -1.538431
1.677771 -1.532779
3.185404 -1.395504
2.848178 -1.769610
3.443073 -2.011599
2.910122 -0.896381
3.560170 -2.692791
4.344793 -0.886405
2.930744 -1.667472
3.132150 -1.319899
2.649698 0.163919
2.884762 0.575235
1.453613 1.536800
3.048949 -2.303377
2.787782 2.236098
3.987216 -0.030394
3.415547 -0.395759
2.931869 -0.642076
3.141690 0.093155
1.470493 -0.656446
2.244324 -0.719771
2.187785 0.370450
0.217282 -0.412222
0.227608 0.204121
0.310869 0.854819
-2.674977 1.213987
4.700623 -0.076288
4.241512 0.484855
4.546784 -0.581558
4.690713 0.743940
3.593039 1.020069
3.601067 0.745669
3.842215 2.052023
3.614799 -0.336229
2.358462 0.195671
3.297340 -2.730820
2.591686 -2.353109
3.076548 -2.359156
3.296819 -2.524181
3.243708 -1.922190
1.402768 -1.589446
2.792525 -0.794022
1.826291 -0.205514
1.253200 -0.377511
1.317099 -0.683013
2.328174 -1.103354
0.957512 -1.087695
3.143019 -1.890127
2.417256 -2.362008
2.753285 -2.430788
3.485791 -1.739925
2.323464 -0.820124
2.955803 -1.213811
2.899004 -2.742547
3.590923 -2.254428
3.184012 -1.996745
3.160104 -0.897867
4.027710 0.109616
3.525622 0.245127
3.280093 0.877152
3.309463 -2.501977
2.396625 -1.951564
1.267876 -0.190441
2.932076 -1.260686
3.291080 -0.959583
3.285286 -0.936064
1.377497 -0.103242
3.074025 -2.027909
3.493155 -1.468794
3.250133 -2.566294
3.293720 -2.449592
3.540190 -0.817771
3.291808 -2.555919
1.794422 -0.019418
2.887533 -0.559588
3.203942 -0.222714
3.270293 -2.786468
2.457215 -2.370338
3.301369 -2.373425
2.800022 0.494535
2.427109 -1.621476
3.174918 -2.646776
4.407836 -1.562439
4.444861 -1.341272
4.499531 -1.366708
3.309952 -2.289215
1.330124 -3.289969
3.156443 -1.041135
1.307458 -0.993096
1.945552 -1.442955
2.654800 -1.492511
3.686002 -1.868203
1.922037 -1.261075
2.124325 0.184715
1.055793 -0.310940
1.125495 1.433447
1.402262 -0.187191
0.899581 -0.255379
2.124325 0.184715
1.081765 -0.229697
1.214574 0.002391
0.899581 -0.255379
0.795505 -0.004766
1.109226 0.697530
1.109226 0.697530
0.899581 -0.255379
0.833294 -1.105306
4.037059 -2.062476
1.976570 -2.743485
3.791944 -1.491073
3.241363 -0.831447
1.091498 -1.776887
1.393479 -1.439993
1.798782 -0.298975
4.178918 -2.477479
3.564496 -2.342518
3.972185 -2.359388
3.360697 -2.099445
3.217046 -2.642496
3.756728 -2.376852
3.819545 -2.205186
3.671535 -2.357732
3.116697 -2.136871
3.384278 -2.764951
2.855784 -1.445245
3.146374 -2.080475
2.742621 -1.881269
2.212346 -1.638245
2.559080 -1.053512
2.203792 -1.059151
4.203048 -1.419964
3.495661 -1.501939
4.097374 -1.833421
3.352547 -1.635165
3.961536 -2.275765
2.622945 -0.955726
2.247158 -2.286448
3.970263 -2.825098
4.023339 -1.938135
3.811118 -1.222759
3.404681 -2.448782
3.904555 -2.560834
3.987643 -2.411713
1.226667 -0.913632
4.011948 -2.416622
4.083430 -2.357923
3.341783 -2.394697
3.068728 -1.836118
3.297826 -2.567807
2.838948 -2.283681
3.118119 -1.720218
3.219557 -1.901287
2.496748 -2.054010
2.879428 -1.226425
4.185391 -1.097924
4.198619 -1.900501
4.075086 -2.020926
4.011948 -2.416622
4.072041 -1.951696
4.027865 -2.338368
3.169651 -1.890128
3.160638 -1.967613
4.072041 -1.951696
3.720891 -1.899722
3.703259 -1.957469
2.911852 -1.802046
3.973366 -2.289340
3.973371 -2.360459
4.116450 -1.920367
3.407148 -1.701087
3.361166 -1.541054
4.059872 -1.944061
3.367422 -2.709096
3.232820 -1.396803
4.040872 -2.829141
4.036530 -2.311432
4.222690 -1.893165
4.439934 -1.788659
4.253579 -1.128407
4.320006 -2.222807
3.051132 -1.938641
3.972510 -2.582096
4.196408 -1.455652
3.798898 -1.758205
3.667886 -2.036866
3.857222 -2.660845
2.152019 -0.896507
3.708244 -1.949191
4.247909 -2.321557
4.067834 -2.446097
3.685747 -1.929930
4.283786 -2.270208
3.439531 -2.601017
3.116187 -1.805055
3.449092 -2.475168
4.043681 -2.390299
4.011948 -2.416622
4.011948 -2.416622
3.819698 -2.632227
3.854296 -2.664440
1.309729 -0.653261
1.148182 -0.057968
1.227089 -0.107565
2.293808 -0.155164
1.058192 -0.022166
3.675184 2.597315
2.162293 2.045190
3.084171 1.471015
3.859960 2.039257
2.607712 2.105702
1.360658 0.927479
3.547848 1.764148
3.422829 0.718098
2.818668 2.473560
1.582029 1.542346
3.336261 3.305648
3.176935 1.993516
3.425840 -1.475607
2.855392 -2.389472
3.378557 -1.178344
2.960722 -2.037014
3.209539 -1.795343
2.984625 -2.061798
3.145788 -2.213255
4.313885 -1.395351
3.131281 -2.242579
3.774969 -1.271218
3.951560 -1.303134
3.685747 -1.929930
3.152237 -2.324450
3.533562 -1.777024
3.949655 -1.236425
2.820994 -2.552220
3.856015 -2.061353
2.839010 -2.499083
2.967891 -1.505193
3.019614 -2.313606
3.229858 -1.694488
3.480748 -1.288278
2.947552 -2.160336
2.938648 -2.294292
3.459431 -1.549668
3.553956 -1.652354
2.971439 -2.150048
2.993509 -1.942388
3.419530 -1.651821
3.536152 -1.814374
3.949770 -2.013405
2.689272 -1.851927
3.609991 -1.720400
3.199266 -1.872562
3.186785 -2.000134
3.165094 -2.089014
3.537501 -2.185664
3.588507 -1.331875
3.689356 -1.318150
4.284931 -1.841901
3.205716 -2.008611
3.665939 -1.486530
3.135700 -1.802129
3.241034 -2.022524
3.191393 -1.846299
3.708700 -2.347887
3.188971 -2.225938
3.173239 -1.898163
2.757309 -1.722144
2.547395 -2.308158
1.658012 -1.205675
2.808478 -0.096381
3.685261 -2.330523
3.104167 -2.081471
4.266677 -1.936739
3.196636 -0.406500
2.985350 -1.604884
2.426043 -1.333034
3.487374 -1.844671
2.431803 -1.103768
2.953873 -0.723896
4.057055 -2.549970
2.407471 -2.492444
3.527379 -2.428514
3.074090 -2.032709
3.349932 -1.364072
2.716054 -1.811770
3.104881 -2.006723
3.486743 -2.105472
3.125898 -2.206662
3.970812 -2.122824
4.227455 -1.843736
3.751608 -2.316319
2.825235 -1.131304
3.350769 -0.855353
3.122542 -2.019073
3.395228 -1.997706
4.271304 -2.209245
4.204667 -2.149126
2.647287 -1.619158
2.969492 -1.709273
3.541375 -0.795466
-1.184037 0.152333
3.174025 -2.316648
3.499196 -1.667529
4.652967 -0.826331
2.861438 -2.532299
2.857865 -2.118484
4.426686 -2.263211
3.471804 -1.415241
4.191770 -2.082952
4.236211 -2.053310
2.619898 -0.783537
3.455015 -1.441085
2.951269 -2.255570
3.152071 -1.430286
2.417592 -1.319633
4.093119 -2.398279
3.416391 -2.018205
3.645651 -1.896941
3.616276 -1.330740
3.220537 -2.155486
3.673577 -1.922294
4.814788 -1.086198
3.188015 -1.933508
4.253998 -1.702482
4.065653 -0.217367
3.361231 -2.734750
3.310930 -2.723598
3.042176 -2.705668
3.271615 -2.693501
4.462481 -2.444251
4.219570 -2.247111
4.190320 -2.126754
3.274844 -0.266674
2.793161 -2.307430
2.465042 -1.955499
3.669718 -1.993185
4.851258 -1.291222
4.362384 -0.938661
2.894392 -1.679304
3.531834 -2.005297
3.161988 -1.584767
4.354891 -1.883586
3.658777 -2.673545
3.542219 -1.564071
4.731587 -0.827783
3.532783 -2.404600
4.094970 -1.792596
4.223557 -1.780179
4.103466 -1.786777
4.438969 -1.795784
4.561945 -0.775330
4.587520 -0.783422
4.106555 -0.569553
4.550172 -0.744399
4.223285 -1.592427
3.479305 -2.426122
4.605223 -0.692791
4.315995 -1.701811
4.034249 -0.224545
3.066900 -1.124410
3.671735 -1.019518
3.634344 -2.209108
3.569659 -2.060009
3.032247 -0.695309
4.053264 -0.105904
4.053264 -0.105904
3.887360 0.257550
4.297991 -1.705362
2.468506 -1.000797
3.975753 -0.241368
2.072971 -0.438983
2.020575 -1.598162
2.827947 -0.979068
2.911737 -1.841607
4.665449 -0.743455
2.642088 -1.203602
3.908170 -0.016458
4.003248 -0.899656
2.057141 -2.359143
3.989871 -1.901557
3.140419 -1.955440
3.081139 -2.155839
0.296554 0.908261
3.982217 -1.792550
3.671925 0.362291
3.495929 -1.133866
3.115295 -0.768071
2.104510 -0.459950
4.060796 -1.867527
3.484944 -1.206013
3.747028 -1.850729
3.372795 -0.892499
3.249923 -0.398742
3.303887 -2.637997
3.840383 -1.674070
4.074187 -2.385789
3.653397 -2.184013
4.214928 -1.499343
3.951815 -2.369359
4.281039 -1.701565
3.709145 -1.100027
3.456815 -1.831613
3.251321 -2.294969
3.366979 -1.338852
3.489146 -1.236951
3.380977 -0.745705
2.611497 -1.442304
2.931808 -2.021790
3.447337 -1.202294
3.491402 -1.347722
3.544004 -1.755807
3.414559 -1.189165
3.241705 -1.837250
3.351798 -1.027716
3.826930 -1.462092
3.592408 -2.348160
2.945168 -1.806395
3.386607 -0.692501
2.458908 -1.610031
3.682963 -1.462317
3.054085 -1.944500
2.595586 -1.224825
3.172328 -2.068498
3.360571 -1.802240
2.878792 -0.207986
3.126500 -1.959430
3.603713 -1.888234
3.406445 -1.156560
3.157542 -1.109290
3.525260 -1.716880
3.695995 -1.347666
2.655345 -2.038013
3.319224 -2.058574
3.174769 -2.320960
3.121220 -2.862735
3.159069 -1.722823
4.480927 -2.414027
3.049017 -1.902609
2.920470 -1.281751
3.552221 -2.114103
3.667313 -1.778271
4.114713 -1.114250
3.793013 -1.843557
3.422298 -2.459568
3.552154 -0.596571
4.233150 -2.230994
2.694570 -1.486062
3.378230 -1.309063
2.951150 -1.248563
3.829270 -1.756193
3.055619 -1.879389
3.810622 -1.768665
3.679205 -2.406686
3.519414 -2.614126
4.178370 -2.212338
3.891831 -1.661828
4.877653 -1.307141
2.773146 -1.570593
2.769482 -0.968369
4.515987 -1.092120
2.214727 -1.301836
2.527675 -0.995690
3.075636 -2.484302
3.134038 -2.363688
2.054307 -1.378539
3.359163 -1.879222
3.284807 -1.895691
3.238735 -2.561167
3.437167 -2.006413
2.777995 -2.425600
2.200540 -0.540839
3.027340 -2.012168
3.625633 -1.792318
4.008262 -2.053309
3.624875 -1.908733
2.206390 -1.068319
2.729098 -2.352928
3.539299 -1.679154
3.232135 -1.105880
3.909971 -2.236214
3.909971 -2.236214
2.797870 -1.418629
4.283466 -2.172019
2.773799 -1.588844
3.494265 -0.885731
4.000122 -2.435934
3.546105 -1.179664
2.802609 -1.205336
3.115833 -2.363558
2.879367 -1.897806
3.332081 -2.502377
2.054544 -2.144423
2.042286 -0.610447
3.425645 -1.067626
2.572804 -1.939048
0.474624 -0.058043
3.526030 -1.237411
2.902636 -1.115795
3.262716 -0.694339
3.554146 -1.539611
3.537015 -1.776137
3.151968 -1.486893
3.104824 -0.666000
3.115616 -0.422351
1.378535 -0.334995
2.937636 -0.285895
3.226184 -0.488813
0.928266 -0.371963
3.917986 0.145304
2.847198 -1.147316
3.672287 -1.229709
2.853126 -0.893041
2.408413 0.699725
2.197943 0.292394
2.770252 -1.906270
3.655634 -1.245404
2.715307 -1.957717
3.519806 -1.074970
2.824653 -0.449959
3.482204 -1.363769
4.273058 -1.649869
3.052977 -2.206632
3.511848 -1.701724
3.391849 -2.709043
2.061922 0.898667
1.808202 -0.431787
1.257369 -0.477443
1.680627 1.068895
3.137749 -1.948332
2.951627 -1.339400
1.743440 0.524189
4.389978 -0.810014
2.669419 -2.285841
3.190482 -1.065554
3.396548 -0.671036
3.405877 -0.874737
3.138481 -1.059021
1.515745 -1.627494
3.210049 -1.072903
3.275100 -0.850687
4.491052 -0.389854
4.469941 -1.120985
4.114665 -1.786808
2.883670 -0.404192
1.958248 -0.602772
3.129728 -1.399751
4.671438 -0.919418
3.686509 -1.947269
4.683541 -1.911125
2.284035 -0.327592
3.347657 0.220369
2.091045 0.153944
1.559168 0.170171
3.068960 1.536883
1.330644 0.339058
3.424646 -0.039729
-1.372762 0.102199
3.456863 0.558242
4.336780 -0.646413
4.928651 -0.215650
4.370718 -0.624755
3.126951 0.371887
2.233892 -0.067031
4.083778 -0.780730
2.821675 0.922351
3.585053 0.537969
4.349894 0.871202
3.215219 -1.569168
3.928737 -1.525893
2.126644 2.740427
4.008405 -0.606538
3.532705 -1.716841
3.242293 -1.129616
3.434329 -0.467760
3.305298 -1.156799
3.268466 -0.887089
3.909703 -0.949775
3.349252 -1.393534
2.647655 -1.521461
2.680298 -1.366755
2.969315 -2.378512
2.642899 -1.103728
2.644979 -2.216212
2.718743 -1.645153
3.776049 -0.820254
3.542325 -1.095815
3.419637 -1.873767
2.916686 -2.244972
4.086647 -2.193910
3.897027 -1.252523
-0.716312 0.270858
4.072430 -2.472155
3.684475 -1.421837
1.422241 2.121679
3.016257 -0.805060
3.506917 0.031348
2.826123 -0.467075
3.775578 -2.172554
3.685276 -0.290028
2.755799 -0.688895
4.028237 -0.802107
2.758221 -2.304275
4.054382 -2.209289
3.371332 -1.167390
4.288776 -1.784958
3.976915 -1.809258
3.023557 -1.807490
3.077256 -1.907352
1.792700 -0.704219
3.874407 -1.010206
3.581731 -1.951616
4.813256 -0.838646
4.380674 -0.661791
3.787495 -0.447000
3.637374 0.659368
4.339186 -1.808651
4.502858 -1.455277
3.548748 -2.308399
4.042686 -0.501501
3.050632 -2.196177
1.387068 -0.780459
1.177925 -0.022594
2.508981 -0.726911
0.565813 -0.245629
3.159064 -1.547189
1.579572 -0.291222
4.081176 -1.352806
3.197834 -2.129276
3.402434 0.947018
4.539554 -1.788561
3.808275 -0.618033
0.627023 -1.630192
2.622569 -0.706430
3.511174 1.072113
2.780132 0.417235
2.744109 0.650372
4.501662 -1.749975
3.839432 -2.012513
0.176406 -1.376279
2.902595 1.396195
2.765627 -1.139749
3.295870 -1.550215
4.459906 -0.718742
4.480620 0.455112
3.761161 1.697603
4.768641 0.845508
1.956493 1.575595
2.941428 2.677374
4.055634 -0.626500
3.675951 0.343908
3.527559 -0.493794
0.971271 -0.252371
2.704164 0.951285
1.400342 2.122062
1.375457 0.004765
1.850192 0.726915
1.988875 1.717583
1.095341 0.066934
4.800896 -1.393715
2.659007 -1.039626
1.338647 -0.484763
1.912817 0.691979
4.232773 0.962723
3.096674 1.238953
3.559855 0.346204
3.807486 0.592975
2.829306 1.224776
3.002283 2.390449
4.961755 1.544976
5.173215 1.205200
4.404151 2.626393
2.781116 2.831214
5.013874 1.556934
2.557602 1.995588
5.523345 0.295296
3.427712 -1.859489
3.568584 -1.701632
3.909014 -0.880509
3.149549 -2.283521
2.472771 -2.136986
1.318053 -3.112731
2.553512 -1.897116
2.274025 -2.416296
2.515537 -1.372789
3.016971 -0.860175
4.327154 -1.133548
3.381256 -2.133631
4.368570 -1.430565
2.396944 -2.369017
3.103914 -2.734521
2.591515 -0.617319
1.775928 -3.081097
3.445747 -2.197102
3.755353 -1.225362
3.200985 -2.588341
2.935151 -1.738357
1.621476 -0.693172
2.444756 -0.723438
0.118960 0.042052
2.065247 -0.891795
3.285377 -2.329715
3.524876 -1.580057
4.304848 -1.840146
2.594972 -0.481894
2.189274 -2.074244
2.221007 -2.047921
3.066150 -2.593079
3.112082 -1.591282
2.519232 -1.698388
3.290724 1.065452
1.526893 1.546235
2.530073 -0.528672
1.649524 -1.822831
2.311990 2.114362
2.192507 2.247500
2.191164 2.215638
1.138174 1.564445
0.715501 2.891519
2.162777 3.294408
0.638092 2.130024
1.464781 1.360674
2.460313 2.720418
0.482000 3.839445
1.471390 2.462868
0.468477 2.615453
2.929083 1.155658
1.439892 1.582879
3.943343 -2.018986
3.993005 0.637115
4.867108 -0.854590
4.642449 2.047520
4.381156 2.805343
4.210708 1.453842
3.164600 1.326717
3.916904 1.677815
3.293293 1.804681
2.998778 -0.311333
3.668542 1.804856
3.073373 1.967040
3.354995 1.661665
4.939415 0.908835
1.950366 1.320104
3.033897 3.597739
4.676895 -1.829868
4.959013 0.568494
3.431492 -0.059154
2.437126 -2.214445
1.896945 -0.696278
2.437126 -2.214445
-2.378451 -0.557489
-2.418479 -0.867975
-2.141214 -0.782283
-1.753173 -0.577878
-2.148074 -0.644295
-1.141381 -0.777745
0.751764 0.839324
0.681459 0.574040
0.928244 0.572024
3.461832 -1.032613
3.972643 -0.276755
3.540478 -1.897599
2.648736 -1.920335
3.178079 -0.919468
3.172551 -0.834725
3.808230 -0.681542
3.307202 -1.398674
3.452800 -0.585168
3.817458 -0.857586
3.110725 -0.990798
3.790870 -0.809921
3.271368 -1.842038
3.765062 -0.833652
3.467650 -0.309519
3.540440 -0.678871
3.865703 -0.417022
2.927075 -1.607249
2.910294 -1.615109
3.135053 -0.067381
0.832133 -0.198686
2.888837 -2.155007
2.598543 -0.611510
2.225736 -1.537154
3.281961 -1.055294
1.727486 -0.485983
2.580495 0.179074
3.301266 -0.788847
2.994281 0.341171
4.252599 -1.816871
2.895552 -2.245246
2.382217 -0.815053
2.736900 0.272234
4.243656 -1.800987
2.490899 -1.102606
2.456503 0.176539
1.835288 -1.225905
4.459853 -1.670288
2.341228 -1.939196
3.319574 0.503539
3.965666 -1.347966
0.491978 0.153765
0.805736 0.249455
2.816811 0.267232
0.723265 2.116288
3.700454 -0.779750
-0.257993 -1.573451
3.516387 -1.240750
1.498568 -0.477082
3.078784 -1.499920
3.986552 -0.812337
4.025721 -2.001624
0.388603 -0.492321
2.915024 -1.100151
2.994377 -1.357280
4.346211 -1.015938
3.292854 0.219086
3.311689 -0.874481
2.201192 0.230657
2.455049 -0.128492
0.558754 0.008254
3.604254 -2.210353
3.664791 -1.675170
3.844703 -1.759743
3.947744 -1.896683
4.003276 -1.776134
2.627192 -0.896774
4.262009 -2.153623
3.789980 -1.166664
3.560051 -1.955254
4.469923 -1.199197
4.590698 -0.851274
4.540806 -0.758050
3.366728 1.516563
3.671688 -0.751524
3.926438 0.495561
3.802156 0.770019
3.830075 -0.648433
2.309432 1.161297
3.368634 -0.706448
3.581327 0.709431
3.223394 0.948335
4.038278 -0.059057
4.044389 0.170925
4.148839 -0.225578
3.829971 0.906746
4.597185 -0.790480
3.208466 0.401473
3.369091 1.390833
2.063234 -0.232493
2.531434 0.883244
1.531797 -0.462967
3.205502 -0.489122
4.498498 -0.838006
3.236458 -1.287804
2.751691 -1.168972
1.912115 0.539064
2.154528 -1.658237
2.600662 -1.575534
3.177943 -1.781832
3.422298 -2.459568
3.393149 -0.621350
3.762395 -1.653455
0.583348 -1.383896
3.615876 -1.668026
3.999792 -0.534474
4.045904 -1.801712
4.121400 -0.522043
3.564570 -1.279414
3.793874 -1.131755
1.977887 -1.271706
2.207231 -0.165493
2.925329 -1.279468
2.449312 -1.006761
1.407634 -0.175803
0.454185 0.451912
0.274536 0.159684
1.282421 -0.359722
1.172082 -0.189554
2.700388 -1.831679
4.198492 -1.800528
1.799871 -0.646456
4.184931 -1.840336
3.441687 -1.636512
3.937539 -0.495611
3.294820 -1.731429
4.086587 -0.174157
3.924862 -1.784265
4.658202 -0.720097
4.774427 -0.803790
3.363450 -1.412505
3.038509 -1.095636
4.557234 -0.758082
4.167644 -1.473408
3.281974 -0.723671
4.501106 -0.753515
3.618009 0.228240
4.073489 -1.006631
4.574675 -0.764440
3.790983 0.587062
1.486438 -1.357684
3.551849 -2.640137
3.811813 -0.501303
4.149345 -0.042193
2.863795 -1.454775
2.123931 0.926942
4.011578 1.336652
3.596925 0.603190
3.730800 2.140054
3.278130 2.677413
3.718165 2.194195
3.568169 -2.253533
4.652143 -0.298508
3.787034 0.117150
3.149031 0.638655
3.305080 2.559113
0.103637 0.471263
4.655120 -0.499713
3.853337 -0.118039
2.994150 0.501519
2.818834 0.572685
3.298500 1.452822
4.108067 -1.852138
1.425993 -0.687579
3.286753 -0.218363
2.222176 -0.877715
2.391663 -0.945121
4.538333 -0.744974
4.122191 -0.433623
3.949632 -0.667487
2.557062 -0.686162
4.510340 -0.721630
4.035087 -1.021973
2.085311 -0.567633
3.740304 0.785388
3.976915 -1.809258
2.933710 0.649584
4.043136 -0.632574
3.016121 -1.507752
3.976915 -1.809258
4.204841 -0.829073
4.004801 -1.896245
4.160513 -0.526167
4.121400 -0.522043
4.618275 -0.574673
4.518058 -0.581816
4.224927 -0.490185
4.135182 -0.583859
2.949198 -0.582155
1.592422 -0.672344
4.026477 -0.425740
4.136018 -0.495829
3.967902 -1.766739
4.164019 -0.456951
3.819348 1.077786
4.121400 -0.522043
3.964794 -0.559099
3.359040 0.071883
4.459906 -0.718742
3.966014 -0.393382
3.769597 -1.002333
2.555529 -0.257536
0.599525 0.269444
3.254177 -1.275672
0.398040 1.550759
1.720660 -0.346430
3.555560 -1.136638
1.121736 -0.169817
1.635921 -0.375483
3.617395 0.351636
4.290107 -0.162148
3.418720 0.199574
2.998524 0.607611
3.624306 0.157012
1.809878 -0.521552
2.493283 -1.947114
3.443306 -0.630973
1.933398 0.668506
3.493484 0.188925
4.393115 -0.501514
4.329104 -0.810656
3.255021 -0.930150
3.639877 -0.453534
1.870535 0.054493
1.109744 -0.432716
4.434370 -0.848018
3.331775 0.751900
2.973300 0.436918
2.775787 1.045581
3.444675 -0.538502
3.940778 -1.640453
3.760445 -0.490133
2.997181 0.804327
2.909745 0.342973
4.120383 -0.232718
3.635933 1.052680
3.793665 -0.768169
4.077963 -0.578453
2.971901 0.954643
3.776447 -0.781250
2.911182 0.687884
3.443306 -0.630973
3.120281 -0.368373
3.769497 -1.895824
3.487365 -0.645974
2.102734 0.780639
4.094148 -1.119335
3.264078 -0.794846
3.601311 0.442256
2.728172 -0.868538
4.084519 -1.683336
3.164014 -1.710204
3.371791 -0.090122
3.497631 -0.295407
3.534745 -0.088124
3.781156 0.744934
3.544632 0.200576
2.433673 1.164084
3.033227 -1.735166
3.290405 -0.156860
2.713979 2.060493
2.983373 1.586767
2.978708 0.294014
2.582015 -1.421855
2.751972 -1.003067
3.567251 0.339160
4.079357 -0.296908
2.826251 0.752569
3.556560 0.008457
2.356532 1.126388
4.103860 -1.118722
3.995238 0.090265
1.539010 0.861339
-1.998496 -0.724086
1.019438 -0.302194
2.494464 -0.902943
2.950283 0.792490
2.090294 -0.656629
3.318101 1.635428
2.310388 0.967093
3.727903 2.387567
3.110495 1.074576
4.031808 1.550184
3.815894 1.580299
2.986208 0.819066
2.480533 1.594217
2.048669 1.962668
4.386907 0.260334
0.963575 0.955010
-0.113658 2.066712
1.364536 -0.609217
0.460287 -0.432839
-0.337260 0.086004
0.244366 -0.411230
1.033967 0.443855
2.246142 0.328183
1.432981 -1.537155
2.074784 -0.989858
2.560437 -1.507055
1.829960 -0.753816
2.852083 -1.059731
2.286312 -1.394733
2.658931 -0.493261
2.651715 -0.910527
3.820811 -0.978204
1.699364 1.640746
3.514695 -0.686465
2.074242 2.609730
4.639099 -0.674734
3.292859 0.607464
4.567169 -0.741530
3.037196 -0.764815
3.511722 0.325218
3.984641 -0.295061
1.232332 2.112984
1.071099 0.504948
4.441857 0.260750
1.579855 2.324704
3.095449 0.653072
4.028974 3.130453
1.954790 2.219837
2.675833 3.358542
4.028974 3.130453
2.308172 -0.638921
2.410133 1.531657
3.348130 0.319576
3.194734 0.634062
3.748273 -0.624825
2.403549 -2.253706
3.665275 -2.213468
2.035896 -0.088090
3.178471 1.269584
1.873676 3.472071
2.376921 3.856885
0.552925 3.379727
0.752899 2.077152
0.501564 2.857769
1.455967 3.512636
0.693426 4.017050
0.307276 3.178812
0.549073 2.544354
-3.481963 5.193615
-2.354630 3.146401
-2.716762 3.041694
-2.354630 3.146401
-2.716762 3.041694
-5.777836 4.334440
-5.318474 5.078966
-5.777836 4.334440
-5.748090 4.297352
2.481422 1.095062
3.544361 0.866520
2.307180 2.328811
2.806793 -0.338033
3.512448 -0.620236
3.248983 -0.919740
3.698486 -0.089982
2.881670 -1.739447
4.064802 0.436880
3.030856 2.050161
0.461201 0.627752
2.133679 0.988376
4.138757 -0.075322
2.064447 0.910374
1.303452 2.518915
0.704899 -0.752236
1.040876 2.594771
2.557442 1.212997
1.103153 2.024726
0.589113 0.393723
2.810983 2.016377
4.052371 0.616125
3.117967 1.608557
2.888667 -0.014069
3.183554 1.911410
1.177927 -0.466301
1.295917 0.871744
1.405326 -0.128536
1.678402 -0.093553
2.152868 0.179984
1.414020 0.381333
1.251153 0.903162
1.968674 -0.661069
1.559395 0.029289
2.053643 -0.823772
3.632875 2.253995
1.171248 3.165778
1.318584 4.080718
0.915390 2.442999
1.069082 -1.858457
2.329236 -0.663317
1.447107 -1.268177
3.222748 -2.283906
3.150278 -2.459894
3.184140 -2.588076
3.114824 -2.300248
3.000861 -2.072345
2.649728 -1.824422
2.518716 -1.140905
1.044222 -0.765718
2.999548 0.742758
2.270886 -2.110864
2.239153 -2.137187
0.967700 -0.771555
3.154477 -0.188353
1.540256 -0.848434
2.295039 -2.166662
2.189274 -2.074244
3.288060 -2.320371
3.465831 -0.498139
2.445832 -2.129791
2.239153 -2.137187
3.150790 -2.599419
2.360816 -2.106024
-2.460867 9.041913
-2.601172 7.698338
3.045634 2.044813
2.885323 2.656881
1.847555 2.605805
1.293072 0.822465
1.169554 4.343521
1.925035 3.956517
0.091529 1.274782
0.226011 1.070983
-0.001090 1.051902
0.538115 0.501294
1.966856 2.350088
4.218272 0.617480
2.688375 0.477719
2.816417 3.429786
1.495916 3.803610
0.443084 1.287817
-0.489129 -1.456068
0.708729 0.607117
0.647764 3.185387
1.093454 1.099949
2.940586 2.484454
1.862700 -1.410539
0.575680 0.668588
1.304493 0.325532
1.720547 -1.174985
0.108946 4.442171
-5.610538 3.395445
-2.469342 3.151244
-0.516477 3.662796
0.696364 3.099924
1.547178 3.712356
1.547178 3.712356
1.731126 3.577715
1.523499 2.178143
-0.822072 1.956752
0.950119 3.187534
1.610139 3.649087
1.080010 0.116370
2.762473 -0.319346
0.971741 0.242248
1.827601 -0.292213
1.718345 -0.533435
2.186247 -0.700316
1.155695 -0.038214
1.004142 1.420688
0.981787 1.464528
0.125406 0.409000
1.220734 0.904168
3.224630 -2.622805
2.775226 -0.979289
2.527247 -0.695040
3.104900 -0.674515
2.644484 -1.693127
2.550192 -1.424809
1.682083 -0.473737
2.254863 -1.532622
4.513072 1.012455
5.254692 0.275140
2.544815 3.376712
4.536067 4.083555
3.466926 4.128061
2.976474 3.212334
2.270635 2.714398
3.138195 -1.034045
5.062588 -0.934710
4.193657 -1.151653
4.529366 1.075787
4.116471 0.158919
2.231439 -0.487719
3.471512 -2.139394
4.306316 -0.044602
4.093041 0.045422
3.324681 -1.289342
3.485932 -0.130576
3.138818 -0.460228
2.295101 0.127869
3.905715 0.961888
2.321662 0.652563
4.889138 -0.800014
3.993538 1.742411
1.478395 0.806877
2.815811 0.221707
3.917299 1.404980
3.272210 -1.565120
3.289346 -0.823046
3.111607 -1.655261
2.655672 -0.098465
3.026632 -0.172663
2.552722 0.685983
1.203200 2.280632
3.319539 -1.080369
3.149134 0.573100
3.377563 0.394063
3.117682 1.739093
2.294471 -0.318777
3.966381 1.562966
4.241485 -0.032162
2.777493 0.305985
2.808905 1.519379
3.442486 3.152351
2.421272 2.475713
2.617866 2.903136
2.741302 2.657840
3.917390 1.565334
1.911461 -0.336817
2.190764 1.103217
2.758602 0.599303
4.898759 -1.083122
3.613421 -0.632144
2.452878 2.890981
1.519433 0.950869
4.225582 1.323123
2.785213 1.758935
3.513846 1.472061
4.549300 1.069623
3.543362 2.962414
3.873492 2.117982
3.601540 1.737037
3.809854 0.880373
4.234254 2.507541
4.351212 2.265256
4.470171 3.059002
3.012362 1.874710
2.893354 3.717775
0.319672 3.998476
2.827097 2.940646
1.308173 3.676321
2.457981 1.536197
0.501370 4.229800
1.659662 3.194836
2.702117 3.425097
4.373232 1.860574
2.214185 0.612317
2.914674 1.277179
-2.076059 1.582735
-4.021674 -1.642770
0.582344 7.325657
-0.064003 6.205562
3.598161 1.570277
3.325263 1.762604
2.697779 3.103002
2.570795 2.883878
2.852789 3.444269
2.273632 3.257766
2.203422 3.197278
1.971489 3.474837
2.507697 2.465250
3.180292 2.090010
2.783512 2.723130
0.201265 4.043188
-5.275921 2.776117
-5.640285 3.432533
-5.650201 3.444896
-5.610538 3.395445
-4.332914 4.150718
-3.421513 3.496099
-5.275921 2.776117
-1.541154 2.392370
-2.703071 3.677018
-2.093302 3.247033
-4.823648 2.987495
-2.778427 1.890282
-3.452827 4.295151
0.128809 1.127297
2.573310 1.467208
3.377303 2.153241
3.831505 2.077968
3.654855 2.099899
3.835220 1.739105
0.963097 2.621557
3.224812 2.383946
3.484469 -0.388750
2.492747 0.641883
3.685379 0.998928
2.468798 1.063571
2.694370 1.061245
2.362553 -0.792063
3.696889 -0.743551
4.574518 -1.103926
4.322068 -0.364002
2.369855 -2.241843
2.421545 1.605749
4.881921 -1.197563
3.931100 -0.547236
4.127892 0.279328
-1.916378 -0.100229
0.644240 -0.201565
-1.380736 -0.151524
-2.671870 -1.650299
0.348239 -0.331310
0.704390 -1.058400
1.021489 -1.099569
-1.449036 -0.264572
0.533007 -0.143294
0.568768 -0.125908
-2.575747 -1.034988
0.172920 -0.464271
0.861896 -0.398945
-1.033342 -0.387024
-1.229975 -0.102800
-0.833897 -0.616545
-2.610203 -1.228070
-2.139727 -0.529036
-2.634254 -0.749973
-2.705733 -1.444435
-2.418479 -0.867975
-2.418479 -0.867975
-2.372444 -0.882541
-2.418479 -0.867975
-3.924247 -1.547922
-2.418479 -0.867975
-3.756182 -1.611570
-2.418479 -0.867975
-2.418479 -0.867975
-2.418479 -0.867975
-2.206353 -0.659641
-2.418479 -0.867975
-2.418479 -0.867975
-2.418479 -0.867975
-2.371375 -0.764056
-1.999816 -0.484107
-2.372444 -0.882541
-2.372444 -0.882541
-2.245004 -0.818550
-2.054190 -0.656395
-2.351172 -0.315523
-2.511782 -0.244114
-1.351052 1.657294
0.007665 1.544649
-1.332544 1.577694
-2.904461 -2.016851
-3.660554 -0.914973
-5.470023 -1.824127
-2.411290 -0.894787
-2.298668 -0.954640
-2.315018 -0.988024
-2.324626 -1.080973
-3.793046 -1.708515
-5.845541 -0.498889
-5.727121 -0.578387
-3.533552 1.075313
-5.727121 -0.578387
-5.573323 -0.419730
-5.598003 -0.483463
-4.235972 -1.152087
-4.342565 -1.122945
-5.293353 0.450192
-3.364017 1.157455
-6.173336 -0.782837
-4.282008 -1.137521
-3.611565 0.936572
-2.418479 -0.867975
-2.152131 -1.019423
-1.753173 -0.577878
-2.777418 1.158275
-2.193164 -0.861947
-2.576784 -0.639756
-2.366529 -0.788311
-2.393763 -0.878118
-2.848292 1.346350
-1.542553 0.161426
-4.589128 -1.098440
-3.203926 1.356102
-1.808982 -0.258726
-2.949874 1.112823
-4.342565 -1.122945
-3.551105 -0.853475
-3.573825 0.510038
-1.430040 -0.120160
-1.056323 -0.201139
-2.740886 -1.285231
0.371458 -0.458345
-3.540615 0.681769
-2.536682 0.725428
-1.978097 1.167418
-1.398867 -0.283272
-5.789476 -0.874398
-3.655760 0.892085
-3.961571 -0.993491
-6.185722 -0.825966
-4.422941 0.413741
-3.896884 -1.300683
-2.346628 1.057455
-3.219905 0.862561
-3.125696 -1.699821
-1.299370 -0.298104
-3.653892 -1.282767
-2.234799 1.391712
-2.297847 1.165229
-2.704787 1.756741
-1.787988 1.009515
-2.529916 1.158164
-1.758060 -0.915481
-1.394857 0.146989
-4.198918 -0.069624
-2.413445 1.526835
-1.760798 1.740923
0.051171 1.660960
-3.566077 2.556687
-2.805227 1.666056
-1.398362 -0.148382
-0.652587 2.724079
-1.667305 1.576109
-2.158625 1.008760
-1.673559 1.790691
-6.040619 1.028775
-2.969456 1.051081
-0.983793 1.497869
-0.906525 1.546385
-0.766479 0.209940
-0.951612 0.274343
-0.972178 0.422678
-0.057943 0.121088
-1.124488 0.281748
-0.922616 0.237126
0.678229 0.894881
-2.109172 1.953353
-2.771359 2.130132
-3.178188 1.784404
-2.188816 1.529850
-3.298954 0.250593
-1.398867 -0.283272
-4.089740 0.071712
0.764196 -1.432998
-3.191175 1.223810
-1.420503 -0.167141
-1.461444 -0.143960
0.569714 -0.161111
-3.116626 0.689268
-4.352127 2.341615
-3.257788 -1.087793
-2.305217 1.521037
-2.839212 1.573462
-3.128675 1.149555
-2.900363 1.398129
-2.783613 1.371680
-2.577197 1.004924
-4.411288 0.184144
-2.814866 -0.915119
-2.325649 -0.400767
-0.827370 0.113611
-2.394495 2.321700
-2.768773 1.501527
-4.506655 0.188707
-2.428522 1.678066
-2.030606 -0.072154
-1.517534 -0.451607
-0.968014 -0.541899
-3.338621 -0.390849
-2.694607 -0.747673
-3.994163 0.365630
-2.219298 1.489530
-2.950198 1.641453
-2.581608 1.501138
-1.328648 -0.089502
-1.762584 -0.360626
-1.839640 -0.458453
-2.065127 0.892401
-4.400076 0.203760
-3.751176 0.467371
-5.442060 -1.019793
-4.082065 -0.301971
-2.597010 1.436880
-6.203280 1.184626
-4.587927 0.257194
-4.037118 0.168266
-6.477308 1.301890
-1.340436 -0.184535
-3.523500 -1.446296
-2.463461 -0.466333
-1.331316 -0.187576
0.927525 -0.368566
-4.138446 -0.366759
-4.056595 0.061005
-3.638894 0.144646
-2.936859 1.747340
-3.711663 0.188607
-1.265988 -0.487255
-1.779298 -0.536281
-2.625303 1.173667
-2.014421 1.380964
-4.297191 0.389413
-3.011580 1.705865
-2.609827 1.054192
-3.433197 1.558763
-2.686071 0.741024
-3.156612 1.598480
-3.497936 1.336269
-0.680784 0.424241
-1.762126 -0.581902
-4.161498 -0.049012
-4.133942 0.038903
-3.773097 -0.967197
-3.862647 -1.021933
-0.704050 2.419714
-6.381647 1.122719
-4.129160 0.116342
-3.084451 0.938042
-3.396669 1.028517
-3.461669 -1.367962
-3.970649 0.053175
-1.325594 -0.462691
-2.231252 -0.139777
-3.990044 -0.501178
-1.350625 1.601957
-3.152634 1.595033
-1.918310 -0.292950
-0.305490 0.827132
-2.193208 2.357346
-2.559449 1.354593
-4.083968 2.633918
-2.656485 1.851446
-1.958671 -0.269600
-2.758508 1.719329
-2.621779 1.626529
-3.721964 -0.958778
-4.073385 0.024326
-2.379998 -0.802240
-6.577000 -0.728160
-1.100717 0.645632
-4.282966 1.782280
-2.515529 1.141319
-4.124337 0.083186
-1.428463 -0.137162
-1.589744 -0.173070
-0.875251 -0.934200
-1.950054 2.325279
-2.860674 0.788454
-2.360600 1.214547
-2.435594 1.228732
-4.089083 0.125567
-2.375037 1.214156
-2.699962 1.098685
-1.921564 -0.664605
-2.642123 1.963796
-3.067483 0.881045
-3.938775 -0.063044
-2.871436 0.717242
-3.487150 0.408682
-1.373566 -0.180344
-2.155008 1.490007
-2.560178 1.418334
-2.280517 1.190636
-3.641411 0.329056
-3.364712 2.648036
-1.474286 2.239374
-2.571622 1.443626
-2.761862 0.751552
-2.156156 0.051083
-3.397671 0.974139
-2.761862 0.751552
-1.470892 0.318464
-2.264590 1.642674
-2.550535 1.286320
-2.401338 1.663298
-3.306697 1.454123
-2.890795 1.185235
-4.244307 0.446458
-4.584794 -0.036171
-3.028905 0.993343
-2.564003 1.765632
-1.532087 1.108894
-3.254271 1.288475
-4.520534 3.338602
-2.249159 3.463903
-2.024163 2.158098
-0.848041 0.156684
-0.954894 0.152429
0.729633 0.583261
-2.156432 1.028419
1.254533 0.244964
0.642221 0.819653
-1.209152 2.442466
-2.051233 1.920937
-4.056370 -0.097067
-3.934420 -0.196189
2.291574 -0.444729
-0.340725 -0.588789
-1.637738 1.194589
-0.926166 -0.292718
0.908926 0.388593
1.260881 1.084388
-1.591165 1.212406
-1.458681 1.897795
-1.623773 2.456666
-2.239148 3.797476
-2.697272 1.512103
-3.500729 2.429987
-3.245217 2.017825
-0.898497 2.647413
0.186600 1.081395
-0.559578 0.241065
0.542202 0.174583
-3.976167 0.255682
-2.950268 0.640087
-4.105944 0.046399
-2.435594 1.228732
-2.902781 -0.249484
-1.189277 0.317786
-0.346700 1.304085
-1.055910 0.160851
-2.081535 1.410542
-3.047791 1.682575
-3.247078 1.774744
-1.238283 -0.101828
-1.832094 1.594287
-1.274223 0.022058
0.034604 1.365361
-0.930569 2.345755
-2.351984 3.259495
-2.601906 1.579267
-2.547262 1.114996
3.114521 -0.431293
2.874575 0.592718
0.832931 2.825820
2.141592 2.192849
1.875340 0.516678
1.636784 0.801294
3.188630 0.527731
2.308908 0.912655
0.444944 4.293312
0.677590 2.401218
-0.511207 1.281799
0.233657 1.825831
-0.282045 1.502958
-0.473113 1.417705
-0.254988 4.072455
-2.752045 3.680799
-1.719783 3.936071
-1.719783 3.936071
-1.490167 4.041655
-2.889634 2.906680
-2.791660 5.822550
-1.826595 1.491318
-2.344766 2.758916
-2.015231 3.347377
-0.340759 4.102304
-9.316693 3.208715
-10.634795 1.131640
-9.070821 2.992775
-9.136368 3.020802
-9.330038 4.095484
-9.330038 4.095484
-8.107240 3.304369
-5.590428 3.649168
-5.553562 3.607347
-5.488014 3.579320
-5.488014 3.579320
-7.750452 5.300908
-8.461519 1.743618
-10.111038 -0.970438
-6.984242 5.571678
-7.750452 5.300908
-8.902796 2.992791
-9.070821 2.992775
-5.746677 1.246804
-5.436833 3.575039
-4.318719 0.977514
-4.604325 1.944739
-5.488014 3.579320
-4.473231 4.338887
-4.469187 1.164290
-5.797858 1.251085
-5.928172 2.193081
-7.208902 1.148594
-4.820341 2.932067
-8.136081 4.512813
-4.473231 4.338887
-3.235276 2.215360
-4.820341 2.932067
-9.395586 4.123511
-4.820341 2.932067
-3.164385 2.640639
-5.797858 1.251085
-5.286719 4.151486
3.505978 1.702563
-0.525730 4.714531
0.939328 2.130271
0.087808 5.478250
-0.578978 4.536814
0.701250 2.303370
2.291602 2.288538
0.451985 3.605359
1.033783 2.604016
-0.192217 0.956974
3.383219 2.635389
1.832662 4.307658
1.520703 2.665146
-3.110205 7.171372
-3.189168 5.981435
2.497059 1.889624
2.236203 2.845980
-2.030707 4.042314
-1.362656 5.564649
-4.193540 0.547062
-3.157067 0.945275
-3.134362 -0.119708
-3.542091 -0.878038
-4.349184 0.596214
-3.272046 0.435122
-2.686071 0.741024
-0.367202 1.972947
1.317879 3.581620
0.949934 3.755857
1.996109 3.680121
0.093700 4.406574
0.340622 4.346232
0.579936 2.863928
2.608566 2.292550
-0.926260 1.208635
-1.449747 1.222984
-1.107627 1.319472
0.568124 2.891282
-1.149414 1.489510
0.694100 3.412360
0.687783 3.504512
0.326041 3.402508
-0.683373 2.085630
-0.582778 1.987523
-0.580156 4.337950
-0.189732 3.066567
-0.540976 2.230642
-0.738609 1.408492
0.773897 3.090444
-1.792348 1.716428
1.026890 2.921834
-0.905185 4.029339
0.602861 2.532976
0.607351 1.983832
0.607351 1.983832
0.693037 3.209556
0.962913 2.061114
-0.907518 4.264983
-1.391033 3.452899
-0.856095 4.030581
-0.814643 4.009266
-10.219830 -0.536131
-10.173214 -1.926096
-10.109738 -1.647315
-9.798677 -0.241246
-12.029568 -0.807338
-11.747520 -0.613092
-12.455560 -0.884457
-12.532325 -1.013301
-10.345096 -1.734773
-10.035563 -2.240873
-12.493657 -0.893567
-12.424751 -0.756371
-10.396272 -1.805211
-9.642346 -2.166597
-10.173214 -1.926096
-11.377390 -1.408174
-11.279592 -1.531366
-10.276506 -1.913598
-11.530873 -1.043860
-2.894843 7.362479
-2.989583 6.133513
1.394328 3.018665
3.144669 4.180813
3.671366 4.427701
0.828850 0.915073
2.664792 3.619902
-2.992537 9.296097
-3.062705 7.950039
-1.232413 0.627649
0.207069 1.840419
-1.855820 0.293545
-2.167468 -0.187988
0.214140 1.429755
-2.025123 0.349660
1.265549 1.635195
1.537149 1.422126
1.370514 2.070331
0.151169 1.317531
1.193606 -0.977241
-1.787773 0.472985
0.182364 1.172916
-0.012231 0.897119
1.223682 1.302838
0.794925 -0.136578
-0.080750 0.328277
-0.735243 1.867243
-0.498906 1.297201
0.520868 0.335237
1.537149 1.422126
-0.444298 0.685983
-0.896651 -0.781524
0.196849 1.341077
-1.753816 0.577555
0.459721 0.297884
-1.332565 0.280029
-0.694058 -0.105703
0.156099 0.405603
0.831977 -0.249223
-0.016277 1.034247
-1.987032 1.112987
-2.614572 0.973271
-0.072715 0.145116
0.568327 0.407208
-1.835557 1.395915
-0.559209 1.065230
-0.544735 0.584519
-1.176479 -1.205008
-0.589887 1.942408
-2.205933 -0.295981
-2.703329 0.093223
-1.943307 1.109407
-1.103634 0.424006
-0.096389 1.305694
-0.359149 0.647301
-1.478110 1.624141
0.754098 -0.258623
-0.684372 2.685571
-1.975166 2.781850
-2.969438 1.095334
-2.770487 1.328067
-4.347005 0.936815
1.150481 -0.593069
0.639375 -0.160856
-0.104860 0.251659
0.271696 0.348890
0.162877 0.741308
-0.125918 1.577567
2.849506 2.595635
2.120366 1.749809
-1.578583 0.519080
0.120499 1.288912
-1.095186 1.676140
-0.590963 0.995086
0.781488 -0.102610
-0.345455 1.252176
-1.568787 2.177647
-2.927816 1.205880
-0.328834 0.362305
0.194920 0.674137
-0.363693 0.836358
-0.090986 1.061992
-0.224436 1.558117
-0.626938 1.396129
0.122528 3.691145
-0.227973 1.543983
-0.057041 0.590731
0.286058 0.547732
-1.542648 -0.163403
-0.326317 0.586279
1.329641 0.042948
-0.027044 1.354783
0.781494 0.108151
-1.992735 -0.052688
0.396466 0.258528
-0.405608 1.095756
0.144730 0.674433
0.083923 0.502488
-0.748100 2.223696
-0.466328 0.424811
0.269726 0.570028
-0.191163 0.728285
0.393891 0.046094
0.294783 0.363222
-2.230090 -0.184584
-0.570397 1.248471
-0.714621 2.135860
0.049192 0.525791
-0.208711 0.994293
-0.044686 1.199857
0.400476 0.074754
-0.318841 1.047964
0.115650 0.496831
-0.032646 0.852123
0.026932 0.856881
-0.396090 0.831748
-0.037271 0.761751
-0.439737 2.091722
-0.494777 2.133858
-0.972425 2.324613
0.191108 0.679520
0.119703 0.559715
0.203860 1.156930
-1.102669 2.402511
-0.035817 0.900973
-0.740456 1.415048
-2.647110 -0.917471
-2.459460 -0.652700
-0.743729 2.388854
-0.503478 2.714182
-0.934669 2.454694
0.546008 -0.007987
-0.372856 0.699093
-1.429579 1.912340
-0.970059 0.808773
-0.888008 0.185926
-0.599436 0.642193
0.472811 0.086620
0.251511 1.233896
1.305348 1.382743
-0.810142 2.664759
-0.813585 2.203612
-2.560050 0.650489
-0.884984 2.318289
-0.831234 1.410047
0.122999 1.194419
0.711471 0.295101
4.208903 0.286706
0.719498 1.068261
0.187509 1.252751
2.396048 1.309450
0.663005 0.057500
0.563493 0.083280
2.316922 1.196451
1.787171 0.660107
0.868149 3.214323
4.291898 -1.410133
2.300040 -1.323180
0.376026 4.012484
-0.396866 3.323574
2.227863 -0.885480
1.667945 3.063960
3.448229 1.755552
3.321801 3.874008
3.277031 1.854631
3.156995 2.166638
4.017906 1.174155
2.388780 3.410567
1.669009 -2.087287
1.173724 2.462356
3.723985 -0.225675
3.642483 0.760816
3.946436 0.079931
1.614459 2.795152
-0.581195 3.071529
-1.202599 2.558291
1.458241 3.789776
0.238694 2.145491
0.312670 3.155022
0.198481 4.596489
-2.976548 2.482278
-9.399430 5.158543
-10.128824 -1.859634
-10.083317 0.177438
-10.087347 -1.819615
-10.322691 -1.640920
-9.277156 -1.689687
-9.998270 -1.752731
-9.962812 -1.737557
-11.525586 -0.972951
-12.420534 -1.531076
-10.306638 -1.772561
-9.495137 -1.874271
-10.509686 -1.821394
-10.000568 -1.969025
-10.066914 -1.987368
-9.896466 -1.719214
-11.885686 -0.033714
-9.745866 -2.240193
-10.049066 -2.304167
-8.724293 -2.030560
-11.781583 0.216097
-7.581703 -1.164303
-9.909968 -1.782507
-9.153858 -1.874991
-9.316435 -2.356992
-10.128824 -1.859634
-10.035563 -2.240873
-9.976314 -1.800850
-9.962812 -1.737557
-9.909968 -1.782507
-9.803668 -1.843780
-10.730118 0.513390
-11.298408 -1.446982
-12.522525 -0.577009
-11.781583 0.216097
-10.565032 0.363022
-9.558044 -0.952962
-9.670647 0.191750
-0.557747 -2.241032
-8.142199 -1.460901
-7.001989 0.326636
-8.041869 1.900719
-8.527427 3.572643
-8.926259 2.263300
-8.926259 2.263300
-3.471076 -1.459979
-9.436666 1.523126
-8.841583 1.296504
-7.592869 2.342263
-9.766497 1.297542
1.351945 -0.254313
3.132991 1.490860
3.283640 -0.536498
0.955071 -0.107544
2.007383 -1.271900
2.246046 0.985947
0.994390 0.686522
2.936183 2.936349
0.906130 3.723468
0.982504 -0.024945
1.441358 0.188814
1.415606 -0.114479
1.017583 2.285454
0.231423 3.075126
2.176565 3.619526
3.419419 2.639839
2.847963 1.974186
-0.144804 4.431529
-9.201135 3.934771
-5.882056 4.510791
-8.136081 4.512813
-4.473231 4.338887
-5.488014 3.579320
-5.432158 3.594162
-5.432158 3.594162
-8.136081 4.512813
-5.979593 2.220281
-8.007177 4.352099
-6.650013 5.610866
-3.267318 2.877207
-3.120892 3.763153
-1.877140 4.008397
-3.289487 2.905182
0.252145 0.095319
0.452796 0.682761
3.231790 -1.287833
1.914447 -1.409209
1.162177 -0.505546
1.924599 -0.729935
0.959397 -0.508127
-1.531417 5.167278
-2.071172 4.862946
-1.767674 3.264239
-2.358295 3.941926
2.970482 1.720500
3.208770 0.887650
0.642759 -0.343726
1.486983 -1.409693
-1.349750 1.598004
-0.374595 1.320744
-1.675381 0.618234
-1.675381 0.618234
0.456792 2.553113
-0.523827 4.195708
-1.135689 6.153602
-2.941531 5.755309
-1.740844 5.319581
-1.316967 4.664964
-1.366225 5.818551
-1.156092 7.418251
-2.853949 6.045268
-1.536385 6.116879
-1.560620 4.580912
2.239669 2.388491
-0.677718 3.339867
-6.689836 6.178836
-5.315110 3.991277
3.024473 3.618794
1.915189 3.459137
0.076443 4.609692
0.500481 3.940069
0.423029 4.938859
0.808761 3.684466
1.256492 3.956860
2.323280 2.858293
2.312602 4.019272
2.727411 2.586233
4.542940 1.902606
4.482516 0.415972
4.245088 1.939826
2.904665 3.528122
3.996157 2.091345
4.377143 -0.509306
3.199646 3.097871
1.195979 3.567258
1.855591 3.842371
0.386720 6.359203
-0.316523 5.312488
2.354263 2.942130
2.593473 -1.054015
0.260805 4.810381
0.615731 3.243723
0.976051 6.199726
0.603332 3.132543
0.986294 3.474364
0.785744 1.832535
0.479731 2.956055
3.648687 1.032065
1.817408 -1.107520
2.584120 -0.461667
1.981709 -0.602688
3.923942 -0.677106
1.085467 -0.506592
2.565466 -0.753822
1.859898 1.822075
2.719454 -1.825522
0.823621 1.907842
1.275990 1.618292
3.990352 1.136654
1.174945 3.808394
0.430104 3.490335
0.573029 4.555360
3.237328 0.268504
2.193391 2.087513
-0.070649 3.491562
1.100819 1.874750
1.584047 1.529419
2.290240 2.355855
3.033134 3.074386
0.884824 3.068286
0.418126 3.380824
2.721204 2.343547
0.451556 4.568560
3.559581 2.747486
3.542521 1.638684
1.620847 1.203661
-0.031908 1.351337
0.743978 4.208772
3.806235 -0.405201
2.534295 2.179770
3.505637 0.813221
3.640572 3.371774
-0.221440 2.735584
3.115432 0.717039
1.395291 3.025333
-2.733735 1.375102
2.500114 -1.747684
1.033803 1.591912
4.115541 -0.238111
5.176978 -0.352034
2.724677 2.227649
3.157888 1.669325
3.150359 0.373691
2.235508 0.908075
3.273886 1.123540
3.139367 0.315262
3.565552 -0.047709
2.343952 1.833185
2.343952 1.833185
0.162135 3.948884
1.013527 0.614977
1.799353 3.330403
1.800292 3.864909
3.576980 4.090891
1.174901 4.230149
0.189782 4.045903
3.004190 0.078566
2.624507 2.363163
1.958931 -0.831869
3.238901 0.887359
4.183423 2.738212
1.502173 4.254046
4.183423 2.738212
3.898930 0.209626
2.669316 2.200057
3.036825 3.043728
3.129495 3.290556
3.125881 2.220176
2.179838 2.998886
1.506849 3.756925
0.334665 2.834786
0.110148 4.134276
0.698033 4.010133
-0.029892 4.116675
0.948543 4.882095
1.486009 3.326093
1.508070 2.108362
1.334711 0.670412
1.554082 3.787849
0.708230 3.886439
-0.093213 2.501957
-0.670564 5.110401
1.762966 2.968241
-0.342119 4.519714
0.671902 4.165140
1.743431 5.115304
2.828583 4.632078
2.862435 3.197487
0.775695 4.234846
1.841181 5.142728
1.841181 5.142728
0.974294 -1.270533
3.762134 1.604241
3.276554 0.455030
3.312902 -1.553817
1.198685 0.294527
3.401167 2.197561
3.529850 1.192025
2.931004 2.136091
2.063239 3.351167
0.553585 1.532001
-4.381059 4.424171
-1.156683 0.984979
-1.353335 3.500712
0.556319 1.274990
1.611121 3.616110
-0.663757 2.242918
0.008322 1.905882
2.768604 1.426151
-1.945552 -0.116030
-1.413618 2.096788
-2.441949 -0.905832
-1.116870 1.255272
-1.345555 0.210710
0.756713 2.727743
1.060408 3.187877
3.158370 1.902608
0.655547 0.768759
-1.289282 2.879005
-3.946867 0.928348
-3.932215 1.869467
-2.633840 0.690998
-1.861680 2.732959
-0.434337 2.597125
-0.579407 1.386510
-2.313428 3.410236
-2.254011 3.303266
-0.705888 2.554682
-1.478127 0.563590
-2.108537 1.720656
-1.982612 2.269492
0.787873 3.154621
1.740863 3.720554
1.173241 2.581723
1.259786 2.006034
2.722482 4.298515
1.621898 3.842651
1.190967 4.196362
1.787150 4.056645
1.626486 3.013889
2.477964 2.730402
1.988710 -0.574288
2.334213 2.336006
2.490802 1.615538
2.345030 2.652181
1.605512 3.176177
2.308956 0.176032
1.336983 2.730589
1.067098 5.822294
0.183383 4.685891
2.135835 3.438661
1.894472 2.686903
0.595547 4.775734
2.184421 1.538956
0.280279 5.109148
2.390590 2.916197
-1.751566 3.020388
-1.397977 2.054011
-2.197683 1.903447
0.873976 3.085241
-1.102534 3.209226
-0.145169 3.227233
0.596431 2.290576
-1.266111 2.070137
2.237748 1.291804
-0.788688 2.254467
-0.537158 1.894544
0.702726 2.516937
0.329836 2.194389
-1.511289 1.703366
0.855579 2.741133
-0.358502 3.233534
-0.903943 3.412077
-1.547606 2.158594
0.651342 3.430527
-0.736545 4.359603
-1.102830 4.488216
-0.757768 4.512109
-0.882941 4.424601
-1.102830 4.488216
-1.102830 4.488216
-2.288134 5.126745
-0.869798 4.480042
-2.242976 5.280844
-0.057442 3.690343
-0.862123 4.080450
-0.886818 4.106151
-0.869371 3.952600
-2.064249 5.196260
-0.759552 4.069044
-2.764784 2.797576
0.442744 2.974519
-1.499210 5.522787
-2.098472 5.166066
-1.934339 5.143667
-1.837078 2.869885
-2.079901 5.610577
-0.160387 4.973364
-1.628494 5.500899
-2.656384 5.546294
-5.427691 5.079797
-4.494682 4.131096
-6.119460 3.137040
0.514541 1.758132
3.188630 0.527731
2.693759 -1.083670
1.215941 -0.525045
2.666283 0.708733
3.188630 0.527731
2.084760 1.884262
3.188630 0.527731
2.561804 0.758849
2.614171 0.804518
3.294785 0.719003
2.782445 0.761541
3.188630 0.527731
2.555084 1.106801
2.548843 0.798004
3.854435 1.204475
3.628134 0.936782
2.628988 2.221745
2.585459 1.814144
2.109722 3.493794
1.457890 3.136733
3.003007 0.427957
3.550597 0.422895
3.769021 -0.100579
3.438943 1.396886
0.773271 3.691267
1.717730 0.837351
3.346700 1.108056
1.343378 4.380922
-0.153192 5.456889
2.379835 6.120215
2.453134 4.312434
2.653888 3.149891
0.451570 4.415375
2.508153 3.804867
0.083266 4.387939
1.768494 3.613205
3.930908 3.849483
2.080080 -0.628488
1.679951 -0.294380
4.085089 -0.471691
3.696181 -0.823384
3.466315 -0.479293
3.466315 -0.479293
-0.062525 4.354019
1.793812 0.046177
-0.292834 3.082755
1.978576 -1.018996
2.979577 1.537574
3.060950 0.077579
0.843637 4.236744
2.555152 1.403836
0.017895 3.394496
0.342558 5.157082
1.683677 3.534493
0.137081 4.973116
-0.332800 5.617801
-0.996220 6.217151
2.717474 0.406806
-0.181287 4.667177
1.687781 4.453107
0.634538 3.495410
-0.808824 5.820849
-1.066028 3.629901
0.952944 4.520291
-0.590713 4.810990
-2.325898 5.772291
-0.431952 4.585273
-0.530962 5.342282
0.324550 3.377199
-0.051964 3.723707
0.696362 5.056012
-0.930804 3.369475
-0.350223 3.602733
0.507219 2.998282
0.866447 4.624632
0.737543 4.785346
-3.509655 2.567206
-3.445636 3.155044
-4.536256 3.862452
-3.808829 4.567076
0.666531 -0.658933
0.984507 -0.051088
2.123134 -1.517768
1.630722 -0.482979
1.787300 -0.892711
1.310580 -0.325326
2.885916 -1.821904
2.430488 -0.158586
1.575278 -0.906155
1.042775 -0.172644
2.327098 0.261037
1.756030 -0.254715
2.541711 0.016997
0.748219 1.693668
1.790140 2.617201
2.123125 1.932993
0.457113 2.354407
1.961217 4.356071
0.327490 7.018536
-0.396131 5.732529
0.684166 3.944747
1.075237 -0.581938
2.095378 0.605976
1.917221 -1.405529
-0.283621 -0.143717
1.531186 -0.104020
3.481446 -0.675914
0.905551 1.535386
1.817829 0.056958
1.052019 -0.596435
-0.158706 1.287497
0.731016 0.273846
1.655836 0.230032
0.878203 1.468322
2.863196 2.346395
2.821633 1.349548
1.127783 0.124229
-0.086165 1.855204
1.474311 1.088192
1.354040 -0.554688
3.014995 1.271718
2.983985 1.164838
2.655970 2.986970
1.658218 3.890203
-1.690906 3.480052
-3.910207 3.442083
-2.455351 2.429803
1.507501 -1.077873
1.012826 0.430662
2.052242 3.194487
2.825121 0.772508
2.882793 3.604478
-2.270922 5.552339
0.828811 4.534726
-3.275467 5.795493
-5.080314 5.762498
-1.292698 0.478686
0.046150 0.259162
0.156736 0.173741
0.379210 0.230563
1.026895 -0.266965
-1.611255 1.052817
-0.014040 0.210083
-1.178144 1.062912
2.690545 3.707794
-0.491267 3.991100
-0.073246 5.281379
-0.300928 4.738629
0.584489 2.787590
-1.115314 5.400925
-1.034309 5.352646
-1.522264 5.805010
-0.072079 4.359001
1.327091 0.031366
3.523436 -1.168319
2.874684 -0.703564
1.589969 0.238244
0.951023 -0.372389
1.001476 0.176409
2.942667 -0.130737
1.060922 -0.363375
0.894307 -0.223554
2.263363 -0.279825
0.453399 -0.981218
0.575683 -0.564234
1.171164 0.155439
-2.592872 1.560809
1.156675 -0.393943
2.345429 0.417302
1.907896 2.307545
2.630589 -0.680251
1.318156 -0.832930
0.820752 3.793655
2.435419 -1.511790
1.369786 0.581532
1.979504 -0.806898
1.193693 -0.325578
1.992073 0.026463
1.961397 -0.906660
0.939337 -0.525007
3.487854 -1.018278
3.392829 -0.842822
1.900620 -0.581194
1.304121 -0.345405
0.852950 -0.263934
0.911643 0.133413
2.173918 -0.847529
1.173916 -0.034306
2.728825 -0.973339
0.889175 0.514579
1.636586 -1.696700
2.942727 -0.911133
3.192056 -0.547457
1.045721 -0.140254
0.352431 0.177930
0.256924 2.976239
3.587793 -1.419510
1.297642 0.818301
0.516926 -0.467990
2.949552 -0.086439
-0.037495 -0.119173
1.044186 -0.595568
1.197084 -0.635902
1.466867 -0.550406
1.193693 -0.325578
0.757783 0.037831
1.922644 -0.122074
0.676651 -0.745140
1.239698 -0.449634
1.109195 -0.311291
1.233106 -0.235207
1.483292 0.199307
-0.015843 3.227693
1.973447 2.018326
1.236678 -0.894618
1.121900 -0.081087
0.616784 0.162513
0.616784 0.162513
1.154094 -0.214654
1.488522 3.451967
1.193693 -0.325578
0.033439 1.197160
0.876208 0.375058
0.825984 0.118173
1.831278 0.889727
1.598829 0.015368
1.254110 0.181084
-0.992271 3.399526
-0.763019 4.424844
0.154696 3.417409
0.205799 0.759443
-0.507687 3.820914
0.843258 0.958709
1.719212 2.878255
1.706084 3.572057
0.979200 1.452299
-0.225879 2.578883
-0.033438 3.109076
2.577935 5.105441
0.204530 3.903203
3.687354 3.233900
1.006530 3.378782
0.223442 4.332372
0.735290 3.234744
1.264622 -1.336528
1.403523 1.566836
-0.832620 0.158678
-2.547003 1.765317
-2.686071 0.741024
-0.242260 1.815171
-0.209500 1.526198
0.573028 0.707335
-0.324599 1.774881
-2.091473 1.557956
0.543923 0.848267
-3.417272 3.064254
-2.277671 1.604202
-1.550435 0.107311
-1.141091 0.661946
-2.189157 1.581579
-0.513631 1.967444
0.538339 0.841930
-3.422383 2.445484
-1.916201 3.724926
-2.138338 3.844371
-0.755003 2.587814
-0.403613 1.821097
-1.542758 2.129612
0.763213 1.171298
-0.120676 5.162678
-0.554362 4.524288
0.281872 4.317262
0.449874 4.287974
0.472510 3.113020
1.156595 4.361830
-0.066162 3.577209
2.726583 0.301206
-1.319534 0.175813
-0.780038 1.687206
-2.244883 1.776995
0.285976 2.213348
-1.090636 1.671460
-0.384045 2.114919
-2.578772 3.346262
1.213934 3.019199
-0.434611 4.936117
0.518037 -0.170475
3.218615 -0.621064
3.515716 2.015672
3.526291 1.406583
-0.918955 5.087746
0.411790 1.770299
-0.237635 4.438848
1.320876 2.679968
-0.116440 5.339270
0.737116 4.105132
2.647651 0.121522
-1.457621 1.533722
2.192939 2.774629
1.660523 1.236496
-2.293536 3.059325
-2.570353 3.561379
-3.374266 4.254570
1.602507 1.538067
0.752760 3.853167
0.355665 3.907202
1.164027 2.039755
0.591939 3.385579
0.314504 2.963763
1.209018 3.760179
0.024951 6.124504
-0.601997 4.514861
0.899900 2.222226
1.972677 1.952131
-0.406045 4.233153
-0.668413 5.099984
1.063503 2.782311
1.713683 5.828309
0.754520 4.276757
-0.264754 4.944500
-0.260421 4.642848
0.127439 2.551019
2.027084 2.050696
-0.282205 5.262162
0.480491 6.523702
0.315834 3.454672
2.439858 4.464434
0.653984 3.394451
3.300713 3.965011
0.819764 5.742969
0.671984 3.702733
0.628271 3.908717
0.391720 5.813706
2.414559 5.227060
-0.418300 5.723223
-0.994890 5.244343
-0.327176 3.739697
0.551460 1.224900
-1.320581 5.163420
-1.000949 6.395787
-1.586593 5.151293
-1.259607 5.484279
-5.348096 3.462740
-3.452827 4.295151
-2.843058 3.865166
-3.363326 3.654264
-3.093257 4.081990
0.659273 3.435414
-3.680404 2.456835
1.039189 5.918233
0.061131 4.737318
1.085119 5.835896
1.625629 4.937291
-0.155765 5.745045
0.021741 5.384739
-0.819358 6.092141
-1.410679 6.144692
-0.611905 6.091470
-1.317211 5.928078
-1.105860 5.394317
-0.978508 6.089075
0.564129 5.596000
2.147892 7.065854
-0.353709 5.778782
-0.604089 5.693086
0.215341 4.278200
-0.145610 5.367427
0.924884 5.109982
0.532799 2.572679
-0.172364 3.361686
0.752384 4.167117
0.469670 3.223015
1.254212 5.866546
0.900726 5.249751
-1.347885 6.434301
0.127131 1.396364
1.107308 3.748035
-0.298845 4.368673
1.176685 2.640706
0.625675 4.110036
1.493510 3.818414
0.818322 1.927839
1.241079 2.940227
1.241079 2.940227
0.055799 2.701783
-1.007746 4.630209
-1.242385 4.357994
-1.582187 4.304972
-1.100151 3.865620
-1.118822 3.846471
0.512610 5.347773
0.205183 3.262167
-1.418396 5.027000
-0.390252 3.252471
-0.226988 2.980897
-1.266496 5.062866
-2.741478 6.354763
-3.293158 6.293007
-3.564795 5.757770
-3.579636 6.907409
-0.507886 4.714899
-0.024973 4.640243
-0.451245 4.858197
-0.121200 5.436632
-0.009260 4.116265
-0.717034 4.977994
-0.507886 4.714899
0.586261 5.453302
0.427361 5.070429
-1.014463 5.278359
-0.379242 4.670777
0.330140 4.452948
-0.042258 5.059900
-4.093932 5.506805
-4.219814 6.914766
-3.753687 6.422992
-5.195167 4.465188
-7.008681 4.084125
-0.601711 4.859414
-2.238222 6.528643
0.350157 5.727954
-0.062381 6.332834
-0.792506 4.837021
-1.833216 6.591783
-0.502300 5.209871
-0.357057 4.615579
-0.246301 5.224326
-2.800735 8.237953
-2.741223 5.922826
-2.909715 6.788552
0.238379 5.065537
0.740380 3.311003
-0.672859 4.030321
0.138824 4.929355
-1.347828 7.571488
-2.253676 6.856671
-0.440663 4.880877
-0.428150 5.069520
0.882749 3.669104
-1.554592 3.568741
-1.414059 1.919644
-1.519806 2.054933
0.903255 3.308662
-1.399194 1.912951
0.841752 3.538503
0.886135 3.579984
0.886135 3.579984
0.518909 3.105692
0.586804 3.417906
0.603179 3.520952
0.940096 3.681753
0.942855 3.691741
-0.466802 4.233097
-0.543855 4.310793
0.518909 3.105692
0.492958 3.446314
-0.512211 4.216408
-0.607907 4.358653
-0.552131 4.280826
-0.128553 3.990031
-0.617988 4.285559
0.484682 3.416347
-0.107014 4.069420
-0.610929 4.033730
-0.683104 4.130615
-0.552131 4.280826
-0.642121 4.269000
-0.617988 4.285559
0.535345 3.138081
-0.610929 4.033730
-0.610929 4.033730
-0.610929 4.033730
-2.043550 5.037428
-2.170800 5.183959
-2.172606 5.140832
-2.169864 1.965482
-1.023300 2.650459
-0.344840 3.992759
-1.102830 4.488216
0.327392 3.239665
-0.239009 4.812772
1.390665 4.044206
0.818640 3.651276
1.402111 4.676284
0.060843 5.659787
0.107737 4.917969
-0.353993 4.726503
0.555482 4.857959
1.605393 3.153954
2.464755 2.356078
-0.586247 5.513346
-0.378601 5.432655
-0.596268 5.724808
0.077498 4.954502
-0.711014 4.789235
-2.619272 5.398670
-0.654725 5.853626
-0.838393 4.492984
0.440477 4.491901
1.030694 5.001561
-0.231167 4.395487
1.443530 5.540549
1.443530 5.540549
1.443530 5.540549
0.156013 4.863694
2.654125 5.771586
0.935802 6.226406
0.935802 6.226406
1.625165 4.490597
0.856601 0.712339
-3.304452 3.545078
-0.574111 5.335733
-0.162200 5.369302
1.216460 4.090862
1.221136 4.282006
-0.710350 5.085467
1.088324 0.853792
-0.503180 5.453436
0.420205 6.303921
0.023273 4.539673
-0.565607 5.139769
-2.555750 6.343033
-1.052497 5.575455
0.706104 4.276212
-0.390675 3.505052
-0.749256 5.458720
-0.099042 4.574643
-0.075834 5.077540
-0.899974 5.298058
-0.515732 5.372191
-0.601736 5.575007
-0.419030 5.623396
-2.015572 4.632665
0.200585 3.776137
-1.024512 6.677941
-2.720042 6.773432
-0.637546 5.144360
0.644898 2.949032
-0.785847 4.256255
-0.721581 6.922132
-1.307019 5.740828
0.805758 6.439310
-7.032036 7.023534
-4.268331 6.394435
-1.352342 7.120899
-4.565414 6.813925
-0.766910 5.066417
-4.860262 7.560851
-8.127644 4.111527
-7.676002 5.292497
-1.414838 5.889007
-1.823475 4.795338
-0.206386 3.283907
-0.606126 5.517800
1.523592 2.533560
-0.067952 4.865342
1.905065 4.441949
-0.367770 4.955316
1.331309 1.704203
-2.599580 7.519668
-2.740969 6.241094
-3.272199 3.035202
-3.589956 2.483863
0.694545 2.702418
-2.284848 4.611032
-1.411715 3.403869
-0.898372 6.410903
-2.292387 4.325010
-0.771533 5.081881
-1.240340 6.290283
-2.698614 4.968112
-1.095446 4.776493
-0.361192 4.663378
-0.926516 5.448959
-0.334574 5.378213
-4.004112 4.066624
-5.191268 6.275432
-5.188383 6.165427
-2.645804 6.318936
-4.896534 4.999174
-5.256392 4.424228
-3.751477 4.926607
-6.326610 4.835967
-5.590421 6.457817
-3.117099 5.975710
-2.407827 6.148083
-3.372680 6.815819
-6.400282 5.575013
-6.123104 5.063659
-6.617475 6.422497
-6.072089 5.223907
-0.763772 4.912652
-3.246680 6.582846
-0.736884 5.108523
-0.045338 3.124566
-4.581000 5.494226
-0.643150 5.150840
-0.453674 5.256803
-0.816270 6.258180
-1.695943 4.979177
-0.957664 5.878527
-2.548859 4.891803
-2.095643 4.101419
-1.305138 5.264135
-1.440513 5.211377
-0.627121 5.344252
-0.333179 4.703761
-2.803999 4.761725
-0.333179 4.703761
-3.163508 4.704440
-0.353256 4.705052
-3.018805 4.598961
-3.595358 4.344491
-0.353256 4.705052
-2.059583 4.177220
-2.015369 4.993893
-2.347361 4.017299
-0.107998 2.702172
-2.508422 4.286933
-2.737150 6.596247
-3.056897 4.810242
-3.084235 6.204049
-3.168832 4.925442
-0.267542 5.777699
-2.847813 4.362623
-1.895144 5.802044
-0.371832 3.039453
-0.374674 1.976466
-2.417619 3.512595
-0.160912 3.741800
-2.467088 5.705104
-3.585717 4.406587
-4.211125 5.137796
-4.098419 6.551818
-2.873926 5.763338
-2.586263 5.987923
-2.837462 6.065099
-4.457858 7.261692
-5.925127 5.712316
-0.138072 4.134531
-1.636249 3.880788
-1.110709 4.816814
-3.019009 5.463241
-2.399662 5.530189
-2.847695 4.180683
-5.214267 5.161679
-5.900305 5.495302
-2.061275 3.713056
-1.242510 4.900061
-0.797610 4.077081
-2.229865 4.985135
-5.246076 5.109005
-1.948687 5.580427
-2.651888 3.907323
-2.555812 4.070870
-5.854672 5.308950
-2.261136 5.761886
-0.296822 5.213766
-0.865519 5.776126
-5.429906 5.178026
1.566692 3.610745
-2.276100 3.685436
-0.406233 5.067352
0.637134 5.105949
0.443939 3.063146
0.443939 3.063146
-0.465100 5.092627
-2.557756 3.717732
-2.415837 3.629161
-2.580853 4.232293
-2.353131 3.304400
-4.455194 5.372276
-3.939436 6.664834
-1.539496 5.651576
-1.530748 5.486693
-0.618134 5.411807
-0.386557 3.502280
-0.457795 5.211640
-2.603859 4.207962
-5.677931 5.409820
-2.872949 4.386293
-1.656141 4.417135
-5.452428 5.109871
-9.507266 2.846477
-9.704978 6.077427
-8.633158 4.987628
-3.354797 5.595441
-3.484958 4.383690
-1.130940 6.264197
-2.116544 4.663301
-0.881570 4.759829
-1.498709 5.742019
-4.913262 6.000008
-2.721808 6.128940
-2.970664 4.837595
-3.084322 4.904547
-2.771474 6.046715
-2.926305 4.832617
-1.364622 5.492002
-1.320032 5.582237
-1.745494 6.198413
-0.480635 7.582524
-0.947685 6.323426
-0.238592 5.301976
-2.366099 4.157465
-3.065179 3.119725
-1.579447 5.320521
-2.150823 3.303042
-2.172645 6.127700
-2.174619 5.495308
-0.755594 5.720202
-1.175083 5.703027
-2.957707 4.649807
-5.677074 6.212384
-5.316960 5.073384
-3.132872 6.603981
-1.456557 5.737081
-0.514090 5.254516
-2.579092 4.804324
-1.137209 3.811941
-1.432588 2.532640
-0.543700 2.086300
0.571539 4.504253
0.274473 4.822894
-1.371324 3.552928
-0.862469 3.360798
0.992052 5.797792
-1.348779 5.634455
-2.892842 6.915576
-0.577803 5.649809
-2.985329 4.759953
-3.309458 4.697274
-2.385438 4.602272
-1.573328 5.365446
-1.239721 5.504626
-0.845878 5.653269
-2.456651 5.465278
-2.479987 5.716324
-4.302160 6.047052
-2.786216 4.609713
0.593116 3.590056
-2.590127 4.698645
-0.688802 5.295674
1.047157 4.201478
0.391638 5.121377
0.307156 5.075426
-0.620491 4.946246
-1.396266 5.137131
-2.085376 4.152099
-0.736439 4.971888
-3.037207 6.193123
-0.705410 6.502022
-3.447952 4.992026
-2.934837 6.534869
-2.764662 3.788027
-2.699536 4.972022
-2.709410 4.889675
-1.198142 5.113093
-3.615986 6.490149
-5.521993 5.025772
-6.914555 6.787518
-6.166169 5.334536
-6.325584 5.324408
-5.698099 6.071693
-3.459987 6.216790
-3.466074 4.960877
-4.322052 5.722364
-3.261175 7.022151
-2.623869 6.599234
-4.260541 5.495294
-3.253709 5.020403
-2.814597 4.402967
-4.281286 5.697289
-6.344160 5.593298
-4.682600 5.835765
-2.135661 4.889771
-2.425639 3.951378
-3.892538 6.649412
-6.558505 7.888888
-3.357215 6.536101
-3.441309 4.975488
-5.849096 6.046750
-6.084844 5.168159
-1.850534 6.450197
-1.170470 6.348839
-1.350240 5.602319
-1.337246 5.360456
-0.038513 5.276128
-9.120693 5.162542
-8.138068 3.803642
-5.458790 4.895797
-3.360553 4.336957
-4.513985 5.099890
-6.953872 6.584077
-6.336075 5.341011
-6.326602 7.645523
-6.123104 5.063659
-5.799941 6.173478
-7.343634 5.382598
-5.997444 4.887283
-6.336075 5.341011
-6.084277 4.143863
-5.934851 5.104529
-9.229330 4.909565
-9.534773 3.170925
-9.100460 5.189271
-6.284521 5.271807
-6.239863 5.557854
-7.439372 4.823472
-3.187442 4.115889
-5.859644 4.973251
-3.100102 4.355084
-3.138168 4.364653
-5.928121 5.939117
-3.102596 7.039236
-5.172997 5.674030
-5.948831 6.167160
-4.368736 5.163191
-7.244502 5.026067
-5.009012 3.255082
-7.414998 2.608777
-6.037621 5.090551
-6.195280 5.160544
-5.323274 4.037164
-1.197380 4.953349
-2.924818 6.869723
-2.967781 6.018201
-4.062061 4.840817
0.065011 5.917471
-5.237214 6.406921
-0.025411 5.610818
-0.497355 6.386538
0.118993 4.490228
0.047346 4.728474
-0.194380 4.943570
-0.411407 5.196705
1.393011 4.033043
2.644778 4.932567
-2.157180 4.293666
-6.056260 5.855284
-5.761124 7.140209
-4.916080 5.009412
-0.734528 5.318450
-3.217656 8.753269
-3.251487 7.213746
-2.289211 8.116318
-2.500329 6.734934
-1.308668 5.012085
-1.269707 5.864041
0.016606 4.613985
-0.631553 6.399815
-0.737623 6.267679
-0.865443 5.622661
-0.404059 5.332319
-0.604507 5.827507
-1.455101 7.214792
-2.315105 6.235272
-4.914623 5.277943
-3.052341 6.979581
-2.561967 7.050764
-3.823572 6.822833
-2.987307 4.421180
-4.216339 5.660561
-0.218494 5.192521
-0.224929 5.325480
-1.664197 4.548420
0.680149 6.533651
-0.721338 5.469851
-0.408514 5.543814
-0.773609 5.777971
-3.207181 7.134330
-3.989656 6.261405
-4.026400 6.607360
-3.943344 5.306757
-0.536370 5.972122
-5.083772 4.994267
-6.412697 7.737745
-0.162079 4.234556
0.025776 4.470378
1.872774 5.054661
-1.394053 6.704589
-0.682519 5.390109
0.313564 4.917615
-0.151599 5.267079
0.734540 4.346988
0.080335 4.653333
-5.762182 6.222550
-2.966924 6.995157
-1.038898 5.914250
-0.264786 6.086877
-1.306213 6.332501
0.414096 7.535909
-1.836387 5.403018
0.414096 7.535909
1.087798 3.912048
0.795669 4.500614
-0.648408 5.554199
1.593602 2.906949
-0.528370 5.209633
-1.680969 5.262117
-1.905083 3.974806
-0.500526 4.818973
-1.205902 3.495692
-2.051510 2.385787
-0.603474 4.307626
-1.272920 5.355433
-0.135461 4.949011
0.187151 4.973647
-2.475260 4.649980
-2.182476 5.787523
-0.317957 5.611421
-2.415089 6.328120
-3.678499 4.946883
-1.382767 5.022580
-1.820664 6.970938
-2.125262 7.310120
-4.757081 5.583584
-4.966486 5.417699
-2.385342 4.088165
-6.427111 6.001102
-2.422444 4.162206
-2.643280 6.255908
-1.277931 7.324456
-0.915908 5.951104
-2.534508 4.960745
-2.751939 4.032984
-0.147721 7.655115
-1.124207 4.849124
-1.408290 5.834449
0.458292 4.931910
0.316407 4.879472
0.366027 4.340722
-2.849195 4.785768
-0.845239 5.374766
-1.071044 4.971261
-3.506394 4.838284
-1.061091 5.632486
0.297686 4.625900
1.223332 5.678519
0.771358 4.926863
-2.805257 4.770188
-1.572489 5.498580
-1.142895 6.811090
-1.142031 5.295709
-0.125578 4.648556
-1.530326 5.397313
-3.343166 4.543922
-1.328029 5.307619
-0.882586 5.094463
0.269531 4.578700
1.452995 5.285251
0.260217 4.593554
-1.677219 5.656958
-1.480560 7.020314
-1.068702 5.282121
-1.580991 4.956932
0.667327 4.426833
0.266978 4.729471
-0.073355 5.774739
0.685716 5.614367
0.994897 4.659723
0.445724 4.011724
0.698015 1.261151
1.838031 4.842818
-2.862600 4.713996
-4.186640 5.114935
-4.852925 5.517605
-4.890489 5.593435
-5.076192 5.294466
0.159577 4.179181
-0.652473 3.373125
1.410916 4.049492
-0.094158 5.122742
-1.242170 5.856210
-3.207773 5.136724
-1.843963 3.775020
0.428884 4.805854
-0.495828 4.403154
-2.427229 7.186784
-5.815914 5.441573
-5.919967 6.355526
-2.603778 6.998143
-2.857114 6.241369
-2.264526 6.877672
0.707458 5.192895
-1.825391 7.034010
-6.074032 5.559969
-1.912062 6.985460
-0.359818 5.749090
-6.263182 5.351571
0.122294 2.130591
-2.415748 7.658192
-2.608858 6.370336
0.470190 4.461611
-0.693802 4.470387
-0.455315 5.808450
0.469295 6.351423
-0.800917 5.158089
0.350559 5.082147
-2.273537 4.460516
-0.343736 5.621557
-1.549847 6.495524
0.152117 4.525964
-0.749722 6.323387
1.692432 4.722666
1.001614 2.522259
0.682692 4.076511
1.601547 4.801871
-1.446530 6.822761
0.029057 5.091591
0.150307 4.340398
-3.454972 4.278270
1.196512 5.208993
0.111500 5.491314
1.680443 3.869689
-3.161022 4.845036
-0.617323 4.836827
-0.145950 4.470278
0.284375 5.010046
0.593493 4.415419
-0.122701 4.685916
-3.097801 4.807029
2.142195 4.994942
-3.047974 6.343813
-4.332500 5.200642
-4.399535 5.279491
-4.405042 5.316062
-2.280485 4.144727
0.593619 2.636947
-2.448994 4.081233
-2.699851 3.757715
-2.762645 4.110043
-3.440162 4.686392
-1.510537 5.653084
-2.901030 4.616377
-3.031394 4.607920
-5.368394 5.295554
-8.179895 5.588172
-5.451502 5.081452
-7.648376 4.535073
-5.421524 4.728213
-4.446561 5.748874
-2.849431 4.646188
-5.073271 5.494835
-0.459602 5.230996
-0.972074 5.248598
-3.690520 5.167917
-5.601997 5.295626
-6.776985 4.596105
-6.654026 6.526376
-6.070154 5.268604
-6.284521 5.271807
-6.327361 5.345381
-6.037273 6.187615
-5.895800 6.190643
-6.299198 5.268621
1.663204 3.605566
-0.393157 5.428189
1.472080 5.235661
1.352906 5.535163
-4.420540 5.369998
-5.578902 5.453684
-5.979937 6.319347
-3.282685 4.490371
-1.200093 6.226401
0.154129 4.320501
-2.802034 6.786642
-7.292174 4.828978
-5.279669 5.223355
-3.102147 6.796012
-4.668809 6.599783
-2.084389 6.396761
-7.048102 4.913561
0.461056 3.161348
-1.289159 6.753014
-1.463952 5.117871
2.668463 4.857892
-6.243593 6.033279
-2.717156 7.004993
-5.851281 5.751410
-2.167891 6.625232
-4.512836 5.684108
-5.022861 5.557666
-5.106807 5.688197
-5.953644 5.617929
-2.914248 5.069577
-4.733461 4.515154
-1.937386 5.756797
-0.965008 5.395173
-2.798957 5.143720
-3.158186 4.414086
-3.104924 4.574966
0.749991 4.129809
-0.868307 6.127803
-1.861484 6.342655
-5.647895 5.591608
-0.492387 5.021393
-2.529646 4.682917
1.845899 5.119066
1.845899 5.119066
1.845899 5.119066
-5.821035 5.337621
-0.302113 5.115404
-5.742788 4.985363
1.224670 4.544386
1.905932 5.214705
-1.600410 6.717271
-1.757888 4.662841
-7.118746 4.560747
1.845899 5.119066
-3.475011 5.382491
-1.237845 5.275230
-2.659137 6.703897
-2.132406 7.205372
-0.915548 6.083597
-3.239958 4.661953
-0.754459 5.497695
-2.236748 7.330589
-2.491391 6.499296
-5.688370 6.301323
-2.882683 7.440132
0.836637 3.533738
-0.416858 5.240865
-1.387954 5.010549
-0.096651 5.312204
-1.378665 5.142615
-0.023244 2.194256
1.795401 1.651807
0.979728 3.006331
-0.275330 5.135907
1.009066 2.679579
-0.210871 4.031127
0.567943 2.905644
-1.784513 6.304393
-0.226447 7.029727
-1.414128 7.783567
-1.379584 6.666146
0.655261 7.696005
-0.921751 8.181094
-1.033064 4.768032
-0.833653 5.003300
-0.959275 5.821764
-6.962040 4.943315
-2.780070 6.704842
-0.307374 4.431539
-2.167364 7.124008
-1.069002 6.115435
-1.381045 5.654292
-2.739235 6.065305
-0.917753 6.973544
-5.527793 5.178691
-2.683583 6.917991
-3.285847 6.673617
-5.881019 5.681268
-1.082986 5.418817
-3.935323 7.570188
-3.444915 7.240406
-3.441983 8.838791
-6.848748 5.207850
-3.042699 5.856020
-8.360846 5.944700
-7.439372 4.823472
-6.423359 5.425294
-6.345011 5.694527
-5.523752 6.138217
-7.415451 4.898087
-3.219396 5.066870
-5.917269 6.141773
-3.713972 4.001163
-2.766987 6.812836
-5.274173 4.771140
-5.274173 4.771140
-5.958194 5.006426
-2.793613 5.886726
-4.721250 5.572410
-3.125916 4.857607
-3.588734 5.046340
-9.330289 5.454855
-6.345011 5.694527
-5.399183 5.102456
-5.844246 6.121440
-5.319907 5.662559
-5.380586 5.975345
-3.224297 6.716944
-6.029698 5.701397
-3.618940 6.837940
-3.120324 4.773336
-2.857183 7.357284
-2.055445 6.935305
-1.914797 6.501895
-6.210565 3.627516
-3.038100 7.290060
-5.968143 5.958466
-7.438960 3.694940
-4.739949 5.331371
-5.948483 5.296468
-5.758919 6.526207
-0.968773 5.273582
-5.164250 6.317773
-6.030909 5.638554
-4.659438 5.628644
-2.644783 6.844897
-3.395430 7.333443
-3.191452 6.394067
-5.891559 5.635326
-6.409449 6.951565
-6.146677 5.841130
-3.023869 4.380326
-3.015805 6.488787
-3.117104 6.595730
-1.921743 5.288671
-2.678125 6.087437
-0.739067 5.439756
-3.342160 4.736943
-2.983244 4.970444
-1.722098 6.747365
-1.832772 6.001287
-3.055651 4.619690
-4.753188 4.327066
-4.477404 5.517677
-3.027644 4.541436
-1.850304 6.986500
-5.176110 5.363022
-6.821835 5.292832
-6.327361 5.345381
-6.190144 5.682012
-1.365172 5.923556
-2.938698 4.110392
-8.233268 3.797796
-8.138068 3.803642
-7.439372 4.823472
-6.288768 5.598374
-6.382740 5.539113
-7.185102 5.110237
-9.079832 5.210392
-4.633987 5.086234
-2.014198 4.970411
-0.301686 5.327473
-5.319580 4.915741
-6.233014 5.468291
-6.123104 5.063659
-3.446186 4.780007
-4.420132 5.054827
-2.704135 7.183601
-6.143873 5.300594
-6.093993 5.237651
-4.605520 6.248178
-5.566382 3.900680
-7.097123 4.799005
-7.286060 4.610760
-7.032712 4.787105
-6.227804 5.780488
-6.203708 5.202172
-6.284521 5.271807
-5.395429 4.684515
-3.519225 4.738428
-5.446054 4.975944
-6.119003 5.510521
-6.123104 5.063659
-6.148838 5.283970
-6.123104 5.063659
-6.123104 5.063659
-6.303303 6.221001
-5.613696 4.247559
-6.097622 5.414148
-0.485071 5.254279
-6.186050 5.452094
-6.066387 5.572340
-6.097622 5.414148
-3.467453 4.878858
-5.357412 5.874726
-5.897941 5.630682
-6.081989 3.684405
-5.948789 5.334375
-6.038438 5.300070
-6.304245 5.404172
-5.820297 5.953880
-6.284521 5.271807
-2.582901 3.766013
-6.735853 4.732742
-6.263182 5.351571
-5.377146 6.442394
-3.520381 7.744782
-3.412253 4.604592
-4.791611 5.238946
-5.796832 8.026528
-3.203039 5.257922
-6.067390 5.711680
-6.221226 5.403488
-3.835252 4.203975
-6.336075 5.341011
-2.568811 3.868306
-0.530836 5.931761
-6.211188 5.759282
-5.643012 5.739160
-5.855817 6.125473
-5.349218 7.047620
-6.128126 7.266499
-6.776549 4.616795
-6.243044 5.845631
-6.150348 5.646453
-6.052120 5.553280
-6.263182 5.351571
-5.535506 4.972427
-6.284521 5.271807
-5.197410 5.371824
-5.639140 5.444927
-6.284521 5.271807
-6.222356 5.823254
-6.235449 5.768117
-7.207221 4.906343
-6.284521 5.271807
-6.226506 5.740476
-6.124804 5.278446
-6.123104 5.063659
-5.868156 6.060243
-0.693477 6.023631
-1.818682 5.221437
-3.182012 4.792889
-5.648652 6.000685
-5.870602 6.238924
-0.071469 6.141689
-1.419601 6.734885
-0.510948 5.326697
-3.372245 4.283993
-1.693544 6.871248
-5.543360 5.693723
-6.221704 5.609923
-3.453547 6.897174
-2.990135 4.022801
-2.799208 4.957046
-2.768644 4.067931
-5.906825 5.787157
-5.902742 5.531774
-6.009724 5.959612
-6.123104 5.063659
-3.248393 7.325774
-2.655263 7.231086
-5.336483 4.713264
-5.683340 5.726262
-5.209716 5.722346
-5.580255 7.076922
