-4.924378 0.500413
-1.643981 -0.847435
6.306112 0.703754
3.995832 3.566435
1.500999 2.046188
5.251363 2.193945
1.343950 1.071485
-6.859144 -0.419800
1.871701 1.761340
0.089461 1.368317
9.061892 -3.232934
-4.822518 -0.774696
-5.717409 -0.731417
-1.987533 1.096816
-4.334103 1.443947
14.766451 -3.527536
-0.208391 2.278022
3.741478 -1.662058
9.460350 -4.266505
7.462613 3.403062
4.135763 1.091753
1.759118 1.206074
-7.057308 -0.094409
-2.405976 0.274068
6.737576 3.303861
2.778949 2.087390
-5.831081 -2.184625
6.854683 3.768616
2.127348 3.773416
7.714453 -4.436247
7.668314 -0.217875
0.494023 1.480973
-3.812508 0.591566
-7.420897 -0.141500
3.131315 1.512172
-1.518788 -3.724839
1.350477 2.304028
-6.023348 -0.737065
2.756909 1.922479
20.491377 -5.338589
-4.410434 1.339969
3.112165 0.768357
5.545256 2.479377
7.031873 2.854798
-0.160639 2.704365
1.750142 0.762812
-0.234155 -2.155191
-2.803544 -0.743378
-4.050766 3.986910
2.957831 -1.131755
4.271439 3.847675
8.142370 4.179664
-5.157035 -1.787033
4.400108 -1.341302
-3.156206 5.473752
-2.341625 -2.774148
-4.989421 -0.082745
0.187333 2.804956
1.481001 1.946069
-4.972943 3.100181
-5.817588 -6.332866
-4.139429 -0.306319
5.468977 2.087015
1.555070 3.392088
10.108380 -5.484769
-10.663220 0.471418
-0.217712 2.667524
0.040736 1.407052
4.529663 3.197181
3.439431 1.600818
11.351413 -3.084950
6.940784 0.011075
6.092261 2.892070
-4.075275 -2.445038
-4.948089 1.393931
5.608945 1.605373
0.419895 0.825360
1.834971 1.288636
-5.355613 0.531940
-5.941452 0.757782
-6.547509 -0.832554
-7.257445 -4.125180
-0.178699 1.487957
7.530818 2.246591
-2.332574 -1.619221
2.069738 0.603900
-6.374114 -1.483365
9.058948 -1.888342
-5.293388 0.895408
6.008262 2.812022
6.106569 4.493275
-6.932399 -5.075330
5.754172 1.662737
-4.538392 1.069516
2.335531 0.406542
7.714453 -4.436247
-2.985735 1.846494
-2.368365 0.835362
-2.198789 2.743534
4.176285 2.493541
-4.784651 -1.955180
3.453103 0.859357
-5.204822 8.561157
0.395815 2.621211
4.645929 -0.620049
-5.744186 0.382637
-3.755612 0.577545
1.993344 4.128737
-5.200974 -4.312501
-3.332617 0.775879
4.173712 3.189582
-4.326156 -5.110500
5.724481 -0.589159
-5.095710 -0.974085
3.555812 1.865986
-6.736667 -1.658417
-4.395147 1.083663
1.639520 0.592011
-4.082179 0.484298
-3.541845 -0.758377
-7.362281 1.059009
5.551982 1.760143
15.357580 -4.686947
-3.904823 0.685353
7.137350 0.952684
-5.867688 1.637494
-1.339568 -1.089568
-4.513350 1.220379
-4.853179 -0.093296
5.862510 2.672337
3.236594 2.048952
-6.864543 0.264198
3.256414 1.572029
-5.029622 -0.081286
-4.860681 0.034080
-1.544503 10.363339
12.785406 -4.647234
-3.550517 -1.105914
-2.172894 -4.543615
5.503266 4.028008
10.289156 -3.144176
7.828869 -5.905178
-3.212531 -0.050389
8.946820 -6.375072
-4.989674 0.726015
10.349732 -4.642297
5.970445 -1.323317
10.684073 -7.892711
6.108885 1.647756
6.858348 3.597327
0.747038 0.976340
-2.784665 -3.198332
-9.187491 -3.426637
-3.339476 0.392034
-3.521413 -0.287322
7.654836 -5.717342
-5.512241 0.324374
8.859464 -4.296155
-4.750283 -0.577533
5.084118 4.341963
-5.017075 -3.103623
-3.648995 0.012458
14.594061 -5.342697
-6.514265 1.914691
5.390139 -1.671525
0.509673 2.879995
6.823205 3.167618
-4.367173 -2.565773
-1.977865 3.301660
5.560196 1.777110
1.277104 1.678117
4.571032 -3.020241
10.713129 -1.339829
-3.383083 0.930309
2.516697 1.603762
-3.077311 0.331868
11.833761 -3.356401
-1.329936 -0.638016
4.870784 3.983998
4.252975 -2.556669
2.933628 2.365569
-2.515752 -2.162544
-4.501701 7.407108
-4.569715 12.084535
-6.937923 0.839746
11.420367 -1.052018
-4.757119 0.898205
7.213255 4.304910
-5.589345 -3.400630
-5.204822 8.561157
2.612064 1.596821
7.658651 -2.298824
-2.229583 13.464532
2.426294 2.086860
12.994716 -5.878648
6.436332 3.045480
6.227617 2.271611
3.177109 2.367212
6.070666 -0.632867
-2.900405 -1.463767
-3.763983 1.779905
-1.845041 1.998485
1.452467 3.498985
-6.144254 -4.607415
1.992018 4.676381
13.178383 -4.684959
-6.256376 0.539388
8.512251 -5.566016
5.834748 2.351147
-3.659699 -0.200980
3.871736 -4.005788
3.822116 4.976009
-6.749260 -0.174959
-0.633609 3.822021
-3.683199 2.135127
5.839631 1.926962
-4.735783 2.281704
7.724000 1.044739
1.862723 1.685669
16.304056 -4.078077
12.538095 -6.904712
-2.281812 3.591931
6.616791 2.708417
-1.686393 2.291683
2.287120 1.846669
9.224770 -2.151109
-3.420575 0.333392
4.291534 1.652389
1.567877 1.831634
2.272212 2.277997
-5.999668 -3.923569
-6.630384 -2.152851
11.207812 -4.618970
7.089418 2.142116
16.671190 -4.305719
4.320941 2.154171
-6.653382 -0.649146
-3.740954 -3.512411
1.702686 0.687225
-4.437110 -3.151223
-4.598478 -0.320606
12.812416 -2.696526
6.149040 2.798250
-6.687186 0.270957
-3.754025 -2.357135
4.864135 3.473627
0.735390 0.428516
0.708549 3.103508
11.488042 -4.250696
-2.890827 1.266386
-3.622467 0.479347
-4.735142 -0.623528
1.688174 2.725456
10.840122 -2.816901
3.077769 0.870580
5.441955 -0.678291
-4.150136 0.527565
5.224440 3.327392
-1.869081 1.663224
-7.625267 -2.760311
-2.173003 0.891985
-2.873042 3.228639
6.217574 4.161505
4.163334 0.130950
-2.846181 0.148141
-0.819326 -0.211685
-2.748197 -2.405828
6.298806 -0.650802
-6.699311 0.237303
-10.531515 -3.794128
-4.839573 -3.600710
-8.742255 0.189830
5.904365 1.188421
4.619796 0.307675
-4.166479 1.099717
1.759522 2.889613
3.102207 -2.769501
-6.249909 -1.176723
5.136710 -4.054710
-7.151262 -1.218856
-2.725094 0.125566
-3.146707 -0.598354
-5.186734 -0.920297
-7.034271 -4.695247
-0.891466 1.215263
3.549019 -0.471111
-8.229156 -1.787066
-5.047170 1.652488
8.321849 2.871276
2.412153 2.896043
6.367652 3.573596
-5.428461 -0.892475
1.413248 2.850457
5.598500 2.392857
6.856062 1.551006
6.447553 2.518133
3.670611 3.385605
-4.108518 0.917137
-1.519345 1.893271
-5.569232 -0.123763
13.100179 -2.811556
6.231033 3.842697
9.609996 -2.547337
3.938774 3.035437
1.974798 1.531615
4.483054 2.767288
1.195717 2.942391
-3.043727 -0.610656
2.268929 1.884048
7.316443 1.905094
9.415340 -7.903687
-3.045515 0.281621
-2.719224 0.715196
-6.239617 -1.051535
-3.935067 -3.256444
6.528051 2.577964
3.707163 2.820451
1.949649 2.625791
0.317490 1.286079
-0.490690 0.936446
-2.795365 1.137822
6.801171 2.952477
6.906093 5.671742
9.540814 -6.335423
-3.963424 0.495335
-6.125389 -1.866483
2.852771 1.635277
11.293140 -5.096169
-1.416398 1.968200
1.865639 2.111247
2.442402 1.595420
7.553323 2.319685
-2.775664 1.960858
10.394248 -2.583014
7.908736 -2.611639
2.501960 2.360255
6.046904 -0.134598
6.938717 3.872185
-7.902657 -4.986868
7.384191 4.000305
-5.996508 0.437311
-7.095762 -3.493546
9.128190 0.279765
7.027811 3.579834
-6.657293 -1.009151
9.754362 -6.492709
5.648289 3.404914
11.970123 -4.013174
2.814735 3.180633
0.851408 1.963299
3.950180 -0.515089
-6.651633 -0.986332
4.466845 -3.415099
15.022217 -7.388491
3.666387 1.627740
-6.692360 0.265296
4.418030 3.130463
-4.138938 3.200658
-2.001223 12.430801
-6.514265 1.914691
6.045527 4.475337
-6.161902 0.302038
0.215555 1.931111
6.258813 2.578872
-4.846499 1.071033
4.731552 -1.294377
1.590492 3.103444
-2.916549 8.082754
-6.497516 0.216738
-5.652266 1.962483
-4.714602 -3.234540
5.194794 3.060059
-4.714666 -3.693600
-6.686404 0.256148
6.098382 2.472414
5.738404 -1.242876
6.939551 2.839192
-5.739675 1.552999
5.185881 -0.021628
1.208155 3.045850
-4.555524 7.588491
1.267408 3.123539
7.162554 -0.688163
3.745941 2.619390
-0.816341 -0.353447
1.746891 2.690936
1.987966 -3.645256
7.115063 2.114804
-4.205411 0.555462
1.517911 3.276432
6.575964 -2.052816
-4.040826 -0.210061
10.940957 -3.575909
-4.990160 0.039438
-6.750648 0.264704
-2.105900 -0.179054
1.193912 4.622120
5.064952 2.925635
6.418040 3.256439
2.235098 2.669904
6.447418 3.320261
3.508703 0.932833
5.133769 2.517321
-2.030504 0.464257
4.672253 0.967525
-2.644160 1.476171
12.665965 -4.040609
6.870237 3.399464
-4.616152 -2.259368
-6.451304 -0.280520
1.041945 1.936840
1.400569 2.876678
-0.338501 1.178428
-3.947619 -1.063072
-6.531523 -0.691736
9.978042 -0.995834
6.218108 1.512968
-2.503257 7.082309
12.020362 -4.893978
-7.693359 -2.484560
-0.538035 4.040569
1.527419 1.284960
-4.534649 0.752729
-2.530694 2.737530
3.903921 3.993132
11.585792 -8.100728
3.348449 0.498705
2.123450 0.436761
-6.608499 -3.549825
-2.081784 2.521013
1.586936 2.801042
-7.345033 -1.536424
0.179578 1.182818
-5.795696 -1.667507
0.991490 1.986337
10.134646 -3.688627
-4.903254 3.138013
12.208197 -3.832951
-4.847555 1.028385
2.653677 1.412265
-6.744895 -2.805295
3.091370 0.656277
11.135062 -4.948738
-5.487943 -0.795326
0.082107 2.093374
3.941127 1.187982
14.927227 -3.170173
-6.168272 3.188065
16.033817 -5.157937
2.137950 1.531571
2.045191 1.607743
2.899194 2.907813
-5.729484 2.224773
1.079273 1.424929
-0.317015 0.929900
1.925769 2.881958
-6.514835 -3.527579
5.356933 1.376154
8.160808 -5.167629
10.968749 -2.773093
5.230008 2.047421
-0.450132 2.051404
0.400819 3.140294
-3.615584 -0.673171
-5.799457 -3.966156
4.663025 3.133675
2.367135 3.641754
17.463063 1.240271
6.107687 1.175845
-4.686940 2.163179
0.015426 1.270723
-2.854671 -0.809401
-4.363185 3.594542
4.434316 1.716907
10.095601 -0.093262
-7.237027 -0.462831
2.507178 1.151537
-0.018301 1.005290
-7.254382 -0.290539
2.083831 2.057685
-5.078562 0.286965
-5.960577 -0.977677
3.042308 1.689810
11.308746 -2.541892
10.129849 -4.134622
11.861300 -3.646123
0.357005 0.522033
1.798789 1.974021
10.041325 -1.080650
2.355076 2.000225
6.131495 2.194572
1.565602 1.604646
7.255885 -4.902773
-5.069616 -0.076660
5.876996 2.778330
-0.288008 0.595579
-6.892188 1.156686
-5.706137 -0.709319
1.686767 3.054000
3.209938 2.600100
-3.377724 2.021403
-6.548302 -0.118959
8.977294 -5.546799
-5.983687 0.632926
-5.133060 2.046392
4.860073 -0.908584
-0.358969 3.532335
-5.218805 1.132985
-1.939816 2.970234
1.929853 2.453449
1.363943 2.697254
7.874197 -2.686292
11.859391 -5.196357
6.504248 2.678570
-6.589920 0.289792
5.737650 0.585653
-2.256363 2.720415
-4.374890 1.756268
8.857620 -1.775742
-4.085028 0.663264
-6.533937 0.093047
5.019916 3.910956
-3.823946 2.569905
-4.170105 -0.245132
3.283575 1.362472
11.618974 -3.059085
-2.955725 0.053052
-5.172661 -1.553169
7.082083 0.891355
-5.995705 0.078516
-4.697429 0.063369
-6.680667 -2.814142
-7.494452 -3.463359
6.872082 2.399037
-3.817415 -0.136143
2.438088 1.272856
6.332576 0.030708
2.320751 1.936043
4.715367 2.843906
7.398610 -6.670683
4.685079 2.606785
-4.227128 -3.818496
4.974252 0.972619
1.691903 2.045920
1.475887 4.086965
-5.825943 -0.308711
9.835309 -4.236176
-5.260598 0.359978
5.288125 -0.527113
-3.130852 2.750901
3.496551 3.057404
-5.675455 -3.006885
6.510005 2.637578
2.555197 0.025651
9.358204 -4.525809
-3.648835 -0.588503
12.079831 -1.887471
0.712928 -1.357010
3.574566 2.640671
2.885447 4.422160
-2.080586 -0.326021
5.138744 2.884495
-4.442725 1.167723
11.760843 -4.639846
-4.337137 -1.126327
10.010775 1.037830
3.086314 1.685763
-3.636407 1.857347
3.627265 2.122429
-4.012023 1.315501
-5.116982 -3.990510
3.727215 1.309683
-3.429594 -0.801990
-2.262478 0.684722
14.728960 -5.796545
-4.832266 0.408000
-4.382818 2.118291
7.863525 -5.848165
-7.657295 -4.150161
-7.084774 -1.240775
1.704203 4.329972
-4.573185 0.348468
-5.236697 2.894502
6.435695 2.045649
-4.823547 -0.591784
3.346426 4.128527
-6.231345 0.267956
5.017277 2.488149
-3.812147 2.092466
8.157581 -5.824990
-5.487754 -3.056472
-1.703891 -8.421597
4.640973 3.348541
2.161529 1.234283
1.193912 4.622120
-6.587310 -1.938264
-6.852764 0.282884
-3.299060 -1.009548
3.511854 2.508541
-5.101667 0.464934
4.219533 2.465621
-5.678330 -2.278040
4.867097 1.969747
4.533681 1.804401
-7.137231 0.700457
-6.283880 -0.591598
7.789990 -2.288542
-6.109010 -4.194675
1.603006 1.469077
-2.884009 6.045510
0.444860 0.001807
6.125088 5.725846
-6.513281 -0.512281
4.798720 0.284129
-4.823640 -2.341990
5.841240 1.226635
-6.816289 -0.930735
-4.289571 -5.077765
-3.152115 -0.996631
-5.854875 -1.439900
4.503130 0.160861
8.351415 -7.344670
2.521919 0.438233
-2.229583 13.464532
8.481911 0.406446
6.770736 2.948361
7.178245 -0.436693
7.649853 -0.924708
5.881281 -0.508318
5.995916 2.166159
10.846816 -0.264067
-4.843000 0.537273
4.895218 1.763172
11.593412 -3.884929
-7.186248 -1.347731
4.839517 0.382972
9.326569 -9.616206
5.609126 -0.552645
-6.761271 1.303414
-5.873832 -4.335788
-0.005699 1.999415
7.584709 1.439654
4.825014 3.143882
-4.782080 -0.849176
-5.943643 -0.682844
-5.913640 1.508400
3.763785 2.262159
-2.139853 -1.186511
-6.167566 -1.438080
3.322468 -2.214204
8.736231 -1.786897
-4.208182 2.893199
-5.990277 0.627740
1.593139 2.731453
1.845966 4.597781
-5.866488 -2.840350
10.459264 -6.167445
0.311607 1.359538
-2.992909 0.402448
3.937306 -0.544874
-4.452438 -5.185068
-5.542207 -3.111667
-2.686304 15.531994
1.309731 1.888518
-0.406051 1.301499
8.141247 -9.382739
-5.579771 -2.270849
3.408399 2.300158
3.381553 2.141995
-4.724356 -3.944739
0.776557 2.495586
7.657645 3.031755
9.275676 -3.889347
5.452307 3.360351
9.885158 0.915257
0.624566 2.684407
-2.622051 2.455170
-5.131234 0.094500
-5.827381 1.728199
3.727127 0.027862
-5.207004 -1.680456
-3.607114 -2.589770
4.867420 2.940192
-3.138634 1.806972
-6.540379 0.306623
-6.430583 -1.215392
-5.496225 0.084746
-2.510633 -2.121815
-8.630464 -0.889419
1.830748 2.886807
-6.324997 -2.635510
6.347524 4.322639
1.245021 1.582092
-2.662923 3.261089
9.369926 -2.370931
-1.506316 0.160631
9.253240 -3.711285
-5.333414 0.132671
-6.823052 0.368624
-4.700756 1.660346
-0.494086 -4.206848
2.455784 -1.340055
6.085290 -2.061430
6.864015 3.810254
-3.434711 -0.749126
-0.848469 2.440278
-4.266666 -2.410069
-3.632208 1.219904
5.566377 -0.648048
7.777031 -5.080072
5.980028 1.750154
-0.574545 3.191860
2.319214 2.918620
1.931685 2.480788
1.841651 1.148280
6.507262 1.724355
-4.192240 0.803187
-2.099591 0.629048
0.459496 2.878191
1.899517 0.494700
1.251422 4.268031
5.068019 2.431875
9.703443 -3.031039
10.966097 -3.670244
0.622240 1.967457
-1.069930 1.979703
5.841240 1.226635
-4.770168 -1.605232
-4.626774 -1.343208
6.301212 2.562057
-1.741565 0.970391
-4.000822 -0.354932
1.631896 3.698406
-6.538657 -1.758686
4.865172 0.066505
-2.913544 2.205511
6.606807 3.867897
-3.978767 -1.559572
1.685489 1.494555
-6.841525 2.051840
-2.031642 0.368807
-1.203334 1.525858
-1.155806 2.233108
8.283950 -1.456452
-4.859914 -0.032918
-5.935279 -1.056409
1.753337 2.639694
6.122300 2.053092
-7.013567 -0.519578
5.182297 4.169837
5.325176 -1.190816
-5.123601 -0.544022
-0.060043 -0.262359
6.303130 3.183801
-4.724648 0.500702
-4.991519 -0.891128
2.662373 1.762448
-1.453452 2.293801
3.154214 0.965112
-9.014385 -1.981483
-8.606900 2.437316
-6.171230 -1.693061
-7.056829 -0.235250
-2.389591 -0.175144
-3.125973 2.473152
5.414460 2.315866
5.784515 4.235051
-2.672334 0.244322
3.835219 1.108851
1.461434 1.704093
-6.193975 1.718966
8.453647 -2.551695
0.951510 4.210054
2.324787 -10.147699
3.963175 2.353639
10.680741 3.507960
-6.952004 -0.276607
2.396384 2.112613
-5.105674 0.648694
1.969776 1.080414
10.331314 -7.270775
4.163923 3.004478
0.921850 2.935154
-3.003103 -3.201986
2.574026 1.113085
-4.196858 -0.825264
6.282644 0.308692
-5.073599 -0.276793
9.877604 -7.441903
7.306594 2.139437
6.198494 5.079865
5.442991 3.227787
10.254905 -4.145978
4.439818 3.089966
-0.453715 0.331120
1.254609 0.962444
-4.960497 -0.287710
-3.863850 0.833436
4.410558 2.578250
-2.516974 2.264038
-3.364425 1.386540
-6.755485 -3.098978
2.379384 1.484140
-4.666753 1.795378
-2.763585 0.322267
-1.063518 3.371289
9.819321 -4.160478
-5.327846 8.975746
-3.140013 -0.335208
-1.421211 1.263046
-4.742430 2.103927
-6.945009 1.716465
5.267336 3.029923
4.959087 3.146603
-0.695571 2.532521
2.952212 1.757182
-5.552031 -2.146159
-3.329840 9.083199
-2.914664 16.565725
2.410443 1.642744
0.084455 1.338650
10.493653 -4.557229
-1.493945 2.904222
-0.338501 1.178428
4.165210 4.301785
2.711153 1.092377
-4.794812 2.899733
-3.846881 0.379304
1.881323 1.643742
-5.189912 0.881426
-3.659699 -0.200980
-6.178149 -0.400252
5.336746 4.017027
-6.457806 0.995959
-6.272421 1.373412
1.503315 2.813052
-5.006121 0.668832
-3.207066 -0.493993
-4.759765 0.668258
-2.520359 -1.568579
10.476319 -1.630622
4.794139 1.689894
-1.741789 -0.536078
-5.880303 2.199560
4.089646 3.558886
5.322078 4.390000
-4.003146 0.285439
16.785640 -5.353244
2.687723 1.769311
-6.015361 -3.481299
1.516088 -8.140656
-3.000158 -3.479877
5.328343 -0.441908
5.190834 2.234928
3.649794 3.239541
7.594657 2.793989
-5.254818 -4.787996
4.213233 2.399252
-5.848834 -3.578980
2.527366 1.324691
-0.065928 0.940667
-7.994264 2.039181
10.328975 0.897920
-5.263317 -0.218213
-7.000647 0.338236
-6.589920 0.289792
1.471484 1.799487
2.149643 2.960808
-0.068462 -0.498862
8.796898 1.139865
4.791201 2.831792
-1.364034 0.573283
-2.602728 -1.634800
10.867005 -3.050994
-6.978413 -0.720175
-2.584460 1.258891
-0.183369 1.817540
0.148471 0.914756
8.513328 1.949659
-4.176249 2.326278
15.642021 -4.424354
-5.589224 -1.378652
10.550875 -2.885353
6.835002 2.339433
3.365402 0.705102
11.585792 -8.100728
-3.313394 2.900676
-5.250698 0.202007
-1.568302 1.864256
-3.371381 1.640438
7.592853 -4.948465
7.806894 2.145051
-7.429068 -3.267246
-6.885173 1.226541
10.110676 3.416028
10.756685 1.230519
5.344513 0.304749
1.613231 2.129861
5.381987 1.867677
4.698769 0.898155
-5.320028 -1.027310
6.549825 -6.332547
6.795663 4.793033
6.291916 -4.090637
-5.282438 -0.047888
5.872349 2.002355
-3.676489 2.866411
-2.398504 1.089956
-5.272264 0.040218
7.359260 -6.658136
-4.985565 -1.664317
2.701282 2.223926
-5.232751 0.661344
-6.357929 -1.585181
-3.267669 2.218113
-0.780950 -4.911158
8.228070 3.374634
0.055617 3.570717
-2.921675 0.592803
11.760843 -4.639846
20.982933 -6.785115
-4.865014 -4.263443
-4.608520 1.236123
-3.645191 0.716657
2.078051 3.790634
-4.147333 -1.621743
9.924314 -4.199304
4.770410 0.727100
2.792553 3.379478
12.186318 -5.533223
-5.014769 -4.380579
-2.120458 -1.382346
-1.699119 2.343469
1.608512 2.238415
-7.432561 -1.278472
-4.245782 -4.169890
-0.839660 -0.469023
1.297654 0.815627
-2.894049 0.461438
0.307357 -0.694855
6.630470 4.471513
-3.418610 -3.289688
-6.625191 -1.132350
7.034513 -0.940479
13.749686 -6.043816
1.669429 2.421398
4.951446 2.523314
-4.998363 2.060020
-7.494452 -3.463359
7.714453 -4.436247
-3.427190 -0.826441
13.178383 -4.684959
-6.841525 2.051840
-5.665433 -0.601481
-3.317483 -0.384199
-4.272975 0.679080
0.084263 0.148980
-2.713898 1.616470
7.090008 4.406067
-4.730868 3.620270
-6.504088 -1.217799
1.201674 4.535327
1.388972 2.679257
5.882323 -1.215089
-6.218385 -1.022675
7.298295 2.683899
1.015641 1.680027
-7.623245 -1.720550
10.033331 -5.162617
6.776382 0.218266
-3.848251 0.108064
-5.462335 1.343162
-6.279805 0.215969
11.583273 -4.851141
4.978460 0.639946
6.286884 2.467430
-5.564238 -3.618734
4.880462 3.491878
12.785406 -4.647234
-6.414161 0.434223
-6.193875 3.654533
1.856692 3.357329
-7.346439 -1.936603
-1.209649 -0.480197
11.953319 -6.550263
-7.294697 -3.150126
6.816130 -4.643101
-6.094635 0.512623
1.104548 3.602701
-4.090664 1.486370
4.523824 1.790511
-3.505388 -1.457218
1.006805 3.272764
-7.812056 -1.207222
-3.542697 1.220793
5.229947 2.305104
-4.146961 2.104783
5.031998 -2.002885
7.597296 3.197056
-2.256363 2.720415
-3.008961 1.887576
-6.944858 0.584932
6.655743 3.683916
-4.116164 -0.355963
-0.490733 2.519073
0.254959 2.320895
-6.105423 -0.171172
-8.152031 -1.045147
10.749512 -1.282795
-3.267808 -0.108981
6.788228 2.350853
-2.557531 2.282719
10.841326 -5.713228
9.257584 -0.908445
2.079607 1.200106
8.032251 -7.872081
1.190572 3.921813
12.733382 -6.657518
2.183621 2.276040
7.193946 1.149338
-3.661873 1.314054
-7.791882 -1.123413
-1.557919 3.262882
-0.513268 1.855800
-4.492604 -0.194343
6.287777 3.001110
-4.969364 -0.179182
10.596127 -2.418569
-4.825445 -2.759043
-1.489758 1.070306
6.258919 3.174670
7.301480 1.594503
0.138735 2.341413
7.049188 -0.549723
-5.482213 -1.059147
-5.860170 3.820349
1.558386 0.429947
-4.619302 1.760197
1.579647 1.922192
-6.013406 2.494887
-6.754610 -0.078199
7.690748 2.695416
5.809745 3.341843
-6.741809 1.912229
-6.470275 0.012562
-4.127378 -2.816463
-3.717196 -1.201672
1.404723 3.392393
12.059242 2.816036
-6.783879 -0.821045
1.434505 3.108597
-1.568058 1.235368
3.097044 3.722672
-5.747483 0.414369
-1.179777 -0.642503
-5.400853 1.658578
-4.004693 -2.212518
-4.846295 -1.979015
3.306734 2.494875
2.393669 1.135950
-1.143254 1.924861
2.855639 2.333356
3.709011 -1.293584
6.076703 3.503983
-4.582674 -0.465692
1.595406 2.939510
1.974798 1.531615
5.183214 2.420858
-4.322925 -3.933448
8.979063 0.424122
8.329552 -2.258793
1.368089 1.871003
-3.351771 1.140497
-4.065797 0.507614
-1.388798 1.610077
-5.982418 1.628336
-5.007679 0.069299
-5.631978 -1.815152
9.408428 0.918188
-2.957420 -1.924490
6.436044 -2.767781
-3.641707 -1.048076
-0.422910 7.397863
-2.616202 1.264815
-6.604648 -0.998226
16.033817 -5.157937
-1.796533 2.031739
4.562729 -0.643142
5.563286 2.227896
7.590553 1.843689
-4.647900 -2.673726
10.521788 -6.518931
2.970334 2.665455
-6.135374 -4.269506
-3.352297 3.189073
-1.342511 -1.133520
4.657959 2.704608
-3.512611 1.948500
4.453328 3.388255
-4.286295 0.649519
-4.100916 2.366946
4.705080 0.086856
-2.229583 13.464532
-7.484083 -1.189944
5.850521 1.743118
-6.083689 -0.539345
6.662387 4.200489
1.646171 -0.796414
3.900993 1.465284
8.953143 -4.299324
-6.431929 -0.135412
7.045984 4.528614
6.845279 -1.984781
5.386019 2.296903
4.149686 -2.624541
0.915506 3.355289
0.913054 1.906639
15.147313 -0.993806
7.426395 0.700652
7.361307 -3.354664
1.951173 2.860262
0.949780 2.819330
6.085578 2.285273
3.947193 2.836698
6.703062 1.667228
-4.253614 1.549363
7.986015 -0.330397
3.795691 1.277708
6.914943 3.331232
9.689194 -5.150977
14.891612 -3.081221
3.293121 2.137667
1.430108 -2.736914
0.446259 2.341347
3.837501 3.338745
-3.427190 -0.826441
-4.956823 -0.991628
3.833747 3.217444
-4.011864 -2.416676
-9.950748 -0.126255
8.207215 -6.791951
-4.038671 -0.118550
1.338801 1.236632
-4.225537 6.475789
-3.599082 2.422437
5.083026 4.055260
-2.365320 -0.790128
5.648935 0.361791
6.126711 4.918720
-0.693373 1.277314
-0.374878 -0.051958
-3.226065 1.514455
5.762213 -1.413889
2.907219 2.089961
7.273426 2.419826
11.223744 -5.611699
12.631431 -3.635128
6.300933 -4.976150
2.725400 2.395085
2.940421 -2.992731
1.235182 2.339684
-7.793717 -0.927789
4.466546 0.928801
3.056832 -1.268195
8.187744 -4.341889
9.821252 -4.380968
-5.959571 -2.774175
9.689452 -2.415251
-6.631477 2.365833
8.483829 -3.247570
3.750378 1.634504
3.237171 2.307743
-6.553059 0.466085
-3.819790 1.144039
3.043012 1.725920
10.961968 0.855381
-4.849816 10.255098
-5.942102 -2.021164
1.410963 1.198747
-4.050766 3.986910
3.076253 2.434132
10.295045 -4.960554
6.659097 -2.221990
6.647029 2.568948
-3.588151 -1.042929
4.180917 2.009051
2.633084 -0.770744
-4.870769 -0.328429
6.495542 -1.295555
-5.356108 -4.139500
-4.720102 -0.203947
7.072340 4.309080
5.939165 2.600212
-6.094635 0.512623
-4.927912 1.474488
6.038573 2.416501
5.098291 0.944787
2.441262 1.770998
7.426395 0.700652
-8.995541 -0.554163
-5.230915 -2.873337
-4.688477 -0.780405
8.948739 3.814117
6.919768 6.676673
3.119825 -0.415013
-4.975585 -1.356068
5.771158 2.338658
6.499758 2.196224
4.382698 3.729521
-1.052260 1.725953
3.399132 -5.726479
-2.877552 0.481170
4.184491 3.492484
-3.331268 -0.391144
5.790039 4.527032
-5.071450 0.080902
14.761096 -3.789283
6.855597 3.770236
6.347420 2.359750
4.488387 2.776375
-10.531515 -3.794128
-6.481202 0.002329
-5.324384 0.738193
2.074209 1.465140
-1.312687 2.848099
4.329489 1.462372
5.857508 2.791514
9.442988 -4.778247
9.217221 -2.579236
-5.851926 -0.223746
5.381045 4.163568
2.372331 2.727966
-4.705726 -1.023250
-4.700862 2.661490
10.494143 -6.135063
-0.274327 -1.495446
9.150650 -5.319106
5.249584 2.291964
7.813876 0.259370
5.999498 1.970581
6.961481 -7.296166
12.593374 -3.988743
-0.943322 2.623563
-2.457943 14.498263
2.563888 2.092976
0.208257 0.705274
-4.606346 -4.114155
3.881491 -0.525426
7.648636 -0.108300
-6.380734 3.320090
-6.153896 -2.559039
5.379422 3.222696
-4.715610 2.236049
3.695764 3.247703
6.414008 1.319792
7.809733 2.186410
-4.874031 -0.815040
-7.161642 -3.036205
15.084472 -2.676461
-5.220868 -0.903723
-0.904126 -0.958958
7.433738 2.551987
12.564823 -5.853819
7.587567 3.972495
5.644142 3.178298
10.919844 -5.978438
1.991386 1.746065
1.138187 3.153483
-2.026944 1.983187
12.489284 -3.503471
12.232018 -2.490075
8.810774 -5.047705
-3.667150 -3.402415
-7.329060 -0.854372
-3.946112 0.609909
-0.444206 1.880661
-5.265120 -4.912362
5.735678 0.332916
1.486572 2.236432
-2.533608 1.927006
-2.807189 0.839433
-2.489354 2.779059
2.584517 1.388266
-5.105674 0.648694
3.657091 1.253649
3.730069 1.288031
3.332564 0.251550
8.124249 -0.895325
-7.017406 0.722357
3.481784 3.440053
1.048530 2.571267
-5.182619 0.939308
7.519212 -5.179166
-6.167199 -1.973579
-5.739675 1.552999
5.794851 3.718000
2.323953 4.170475
-7.475327 1.529682
1.027446 2.624579
-4.807760 -1.150918
11.024317 -4.215711
2.516205 3.103116
3.067805 1.376630
4.470999 -0.191194
-3.715773 0.073666
0.114070 2.456495
1.609619 3.006043
12.040453 -4.510630
-6.503985 0.631790
-4.585254 -1.585767
-1.766908 -0.121666
-5.470922 0.181817
7.032930 4.412618
10.352080 -5.096920
-2.229583 13.464532
4.711645 2.365029
-1.851290 -0.463486
3.917890 0.021713
3.632868 1.603447
7.358582 2.057080
-4.695681 -0.321366
6.044165 1.589169
-3.259035 1.172741
2.559392 2.584650
15.323927 -5.711258
5.535373 1.954341
0.805209 1.636381
13.888659 -6.319714
1.717014 2.694753
-5.618972 -0.920874
6.173118 -6.522819
-4.501996 -0.901840
-0.944466 -0.195206
-5.710471 1.186703
10.343169 0.934903
5.055897 2.193377
0.060233 0.102230
1.757065 2.495554
-4.608520 1.236123
-5.788111 -1.701189
2.971650 2.222213
2.931740 -0.871961
11.650621 -6.149105
3.209938 2.600100
0.625942 1.034013
3.364372 2.159465
-4.976191 1.535667
-5.686260 -0.561080
-9.154186 -5.190246
2.081692 1.740337
-6.877822 1.313353
-0.490733 2.519073
0.450052 0.642468
-3.187910 2.281067
-3.394356 0.629383
-6.034485 -1.774259
-7.316949 0.257456
12.799144 -3.642857
-2.322841 2.957524
-7.459758 -1.540649
5.483834 2.613704
0.857792 1.862650
-5.415373 -1.472378
9.544817 -3.548671
-3.751853 1.244626
6.785076 0.420609
-4.176275 1.986239
4.666159 0.535147
6.647093 1.234150
-6.990439 -2.285775
-4.304584 0.577342
4.878410 2.494292
-5.961251 -4.806719
9.995496 -7.451959
-7.179872 -3.143835
7.819063 3.605286
-3.787513 -0.482839
14.710200 -3.220949
2.260614 2.765343
-0.980575 2.170904
-3.934412 2.596793
-7.034271 -4.695247
-4.337137 -1.126327
6.815334 -0.097434
-4.115925 -1.992043
-1.745572 3.247106
-5.061627 -2.661481
2.087469 3.502644
-4.288348 0.445179
11.887285 -2.761851
-3.889108 -1.101577
6.157120 3.251849
7.315185 4.176012
-5.567623 -4.804227
6.261407 3.723071
-5.332547 0.627079
2.857729 1.480636
-3.459874 0.180189
3.427456 1.274368
7.701016 2.976553
-8.995541 -0.554163
-1.430481 1.599726
3.234830 1.974396
-10.092775 2.684613
-3.023904 2.686433
7.749844 -8.069513
-5.638130 -4.132268
3.619203 2.136588
5.760064 1.660821
-2.819369 -3.194150
-3.880891 -0.135323
-3.789122 0.391477
5.050312 -2.782685
-6.675950 0.231150
1.825742 3.044076
-4.627059 1.686172
5.332527 1.814430
-5.774714 0.269882
4.362010 0.317058
2.970138 2.040668
9.676880 -6.220553
-6.964737 -1.045739
7.724913 -6.699621
-6.688986 -0.786866
-5.951356 1.518161
5.753633 -1.779767
-5.605937 1.810383
13.070603 -4.572429
1.840521 2.508725
-4.196858 -0.825264
-3.706765 -2.194464
-5.873169 -1.248853
-5.242977 -4.227989
-7.675849 -1.771327
2.393669 1.135950
-5.044046 -1.511304
10.253219 -2.093070
-0.477800 2.559196
-4.600884 0.294887
-5.403978 0.644242
4.750409 -0.014499
-7.012228 -3.834107
-5.959195 0.341585
0.719125 1.880228
-4.894515 1.761235
8.009189 -7.205312
-4.108682 -4.124577
8.808211 2.784071
-4.302922 -2.153940
4.478165 3.531691
12.005998 -4.503166
-3.560030 3.018656
2.027126 2.363600
-3.406831 3.076965
15.357580 -4.686947
-2.430319 0.889375
-4.999736 1.174829
4.507420 1.832024
6.045846 -0.474352
5.794734 2.933838
2.466824 1.038586
-4.598478 -0.320606
-4.678208 0.798423
6.708926 -1.907868
9.208043 -5.894453
-3.210911 -1.410807
5.882140 1.428513
-6.063837 -1.644124
-3.839317 -3.355144
-2.080021 2.429216
4.867319 1.927436
-4.229031 0.634211
-0.600824 0.955967
5.451251 2.917527
2.541684 2.450823
12.184038 -3.328949
-4.393261 -1.509308
2.451476 3.629568
6.728287 5.161523
-7.812874 -0.774349
6.644798 -0.305108
1.491914 1.500994
-6.547441 -0.909052
12.821235 -3.000770
-2.625823 0.252990
3.060590 -0.338804
2.111344 3.603565
8.389242 1.154168
-4.465080 -0.223394
-4.476099 1.516452
-3.329840 9.083199
9.077199 -2.854528
3.991377 0.932181
-5.755751 -0.136669
4.146459 -0.573792
1.861295 3.596141
-6.996036 0.652679
-2.838138 2.539563
4.773523 2.860366
-3.023998 -0.858871
8.160808 -5.167629
11.287766 -5.575997
-4.088924 -1.140713
-3.633618 0.875103
8.598537 -7.027710
-9.226947 -5.679942
-2.426429 -0.906560
-1.316143 9.329608
-3.264964 2.300429
6.321110 2.233154
3.017528 3.554976
-3.531274 1.469400
-4.848417 -0.253640
7.127193 1.693664
-4.236375 0.985927
-5.579051 -1.641763
-6.803129 0.176354
-3.989200 0.398645
-5.510645 -2.968310
1.832298 2.280563
-3.282014 0.240021
3.046560 1.481908
6.809661 3.018060
2.722001 3.525584
4.715174 -0.476250
-7.739621 -0.603719
12.208197 -3.832951
-1.858271 1.492163
-6.340958 -1.843413
-4.925118 -2.613968
4.632215 2.659188
-7.605813 -0.740626
5.876551 3.001598
1.276237 5.147698
-4.566283 -0.894548
-10.167119 -5.353143
-5.245317 -1.827499
2.317101 2.551043
1.490787 1.280954
-2.616862 0.496025
-1.666729 -0.603114
-6.405117 0.608048
-0.570413 0.550172
-1.554230 0.877451
-2.348742 -0.103783
0.326531 -2.779523
-5.226262 -2.672268
-5.816323 -0.638222
3.929351 2.185506
-2.955725 0.053052
-4.000481 -3.622818
16.120858 0.855092
-2.295414 -0.821691
3.611037 0.540668
0.621002 2.266009
-4.100278 -1.159211
-2.945493 0.986766
-4.269513 -0.124205
-3.705207 1.765371
-2.914664 16.565725
-6.073531 0.683057
-6.090248 2.262953
2.942903 1.256629
-1.821050 -0.189197
6.306112 0.703754
5.307675 -4.115944
-8.918293 -1.345429
0.006109 2.093484
6.866823 -8.613722
4.757265 1.786581
-2.010199 -0.536064
6.534544 -0.352697
6.544810 -0.358937
1.233531 2.377854
-5.912832 1.395067
-6.368133 -1.045594
4.461120 1.519120
-4.857250 0.500123
-8.104499 1.342341
12.302198 -3.310194
0.399356 -0.851073
-6.176921 1.985238
0.235428 2.296515
6.453411 1.548848
6.037308 -0.375283
1.598780 2.065939
3.558827 0.571073
8.810081 -3.979926
10.157767 -7.101461
1.683760 2.606275
-5.003734 1.622106
1.974798 1.531615
6.760582 2.098586
-8.156747 0.312969
2.549599 1.959599
0.677962 2.448377
10.780807 -4.073366
-6.852347 -3.814014
5.922618 4.615977
-6.122122 -0.472041
6.122433 1.819607
-4.571080 1.561678
12.811950 -5.402898
-8.416605 -4.559225
2.868769 1.385981
1.969001 2.019148
0.281077 1.376799
-6.044192 -1.544373
-3.992305 0.027661
2.736291 3.115965
-7.063467 0.473760
-6.283038 -2.560651
-6.239328 0.850470
6.198494 5.079865
5.921058 4.545943
-1.720973 0.781814
-7.121323 -1.694124
18.261903 -4.588410
2.775947 1.678999
6.527183 1.256421
-6.231017 -1.413401
10.776051 -4.212750
5.899741 -0.793971
15.642021 -4.424354
1.456762 -0.175334
8.952037 -0.205445
6.271457 0.699446
0.938017 3.279471
7.276068 -0.293386
-8.298138 0.693193
8.882920 -1.893502
-7.379862 -1.571204
5.734555 3.123792
4.338212 2.915100
-4.825996 -2.358273
10.604070 -5.835067
-3.192572 1.529402
1.940850 0.036567
6.196242 3.794015
-0.667659 2.269786
-2.246484 0.034695
-1.644735 0.353277
-7.281552 1.763285
-4.699011 1.559791
-3.324844 0.889920
3.637345 4.325017
-1.887573 2.173407
-7.238132 0.439025
-6.923808 0.681729
-8.061220 -0.572203
-4.606676 3.987904
7.487279 -3.524833
-6.855102 0.185113
9.137721 -3.975451
-5.104149 -0.500079
1.229299 2.349185
6.510899 2.639256
1.474713 2.242156
-1.961963 0.757889
-4.860681 0.034080
-4.166479 1.099717
3.657114 1.028094
7.427716 -4.932776
2.865135 2.822959
1.626188 2.403908
6.070630 2.071153
-4.540643 1.404506
-2.982476 2.110389
12.232018 -2.490075
-5.064397 -0.644771
-6.268617 0.810291
3.911209 2.032016
-5.442805 -1.227416
13.178383 -4.684959
1.987966 -3.645256
-6.865931 1.676117
0.178703 2.438080
4.479277 -0.506408
-4.325384 2.123565
7.825829 -3.757382
8.148182 -6.799698
-4.898680 1.752580
-5.512188 1.244264
5.543093 -5.161654
-6.408055 -0.491384
-5.448528 -1.092756
-2.600421 3.503377
10.402775 -6.405012
4.925119 3.381742
-6.339041 0.056195
2.556351 1.043001
-7.812700 -0.571122
-3.152115 -0.996631
-5.459276 2.939354
-2.505136 -3.702089
-4.663448 0.205502
5.042428 3.811621
-2.895069 1.628040
-1.328629 -3.166948
-2.959339 1.928565
-4.719708 -1.454840
-5.289710 0.579677
-4.317368 -3.596527
6.847552 -1.655262
1.144416 2.028627
-8.576482 -2.986202
-4.673524 -2.278016
5.542517 -0.703725
-4.724648 0.500702
5.286703 1.398529
10.010316 -1.376465
-6.841895 -2.336642
-4.536306 1.367896
6.145963 1.572078
12.949506 -4.588366
11.389386 -3.659335
-3.254377 -3.622831
-2.686304 15.531994
-5.161802 1.417127
6.139197 2.110207
-7.205973 -0.520198
-0.898292 10.585699
-5.161802 1.417127
-4.476099 1.516452
-5.765224 -0.662413
-6.096163 1.111097
-7.409674 2.030697
-5.046411 -2.292625
-7.862197 -4.984154
-7.313126 -0.785244
-5.604487 -2.740193
6.907966 1.725943
-4.704542 1.389663
5.924536 2.225669
3.530745 1.106191
-4.437110 -3.151223
-4.777530 -4.050289
-6.208045 1.113810
4.415076 0.227395
-4.482406 2.015131
-6.460888 -4.628014
-6.220632 -3.299440
18.581283 -4.822154
-1.455921 0.496772
-3.592545 3.826835
-5.449323 0.861687
6.212305 2.683198
9.190717 -4.215059
-5.623681 -0.862158
-2.945648 0.762152
-5.066148 -1.970345
-6.930667 -0.987383
3.765802 3.144384
-4.267672 0.286735
4.727191 2.191041
-7.012470 -0.876160
-3.200099 2.458178
-0.131842 2.120870
-5.614564 0.259244
5.804926 -0.592713
-5.282438 -0.047888
6.069412 3.476697
-4.356067 -0.647820
1.379959 1.753484
-6.451304 -0.280520
-7.490033 -3.492923
1.710968 1.144360
0.466372 0.582837
-5.254260 -1.018142
-7.660284 -0.387058
5.035668 -1.077633
-6.508543 -0.087297
-6.056460 -1.145372
-0.166600 -0.377293
9.076836 -6.440822
-5.699282 -2.470704
-7.363852 -2.272801
7.104109 -0.714230
-4.172836 0.428226
-2.973088 0.745622
5.442114 -5.227461
7.653350 -5.197602
0.494658 1.292184
-6.706868 0.068295
-4.055414 2.011873
14.252112 -4.529614
-5.958689 -2.350828
-6.026429 -2.989171
14.453899 -4.101956
-7.391333 0.151045
0.193040 1.079834
-5.995653 -3.946816
11.339144 -3.792595
-5.903753 -0.793697
0.582252 3.110606
1.448422 2.264775
-6.816977 -0.657664
4.643427 4.798312
-5.412399 0.019929
0.554330 2.270454
7.197012 -3.812788
1.284130 2.273767
-6.224252 -2.430598
5.938765 -0.719143
-4.456462 -1.772620
-7.150941 -2.095837
3.124614 1.891003
-7.356452 -3.866640
-4.898680 1.752580
4.129123 -1.964275
-4.260195 2.347536
-5.543812 1.879203
7.732061 3.836853
-6.097092 -3.126526
-4.896502 -0.327035
-6.097092 -3.126526
3.652382 3.639177
5.775172 -2.827295
-2.788923 -5.747878
0.868214 1.035538
-5.184274 -4.594357
-7.251144 -3.597241
-4.592580 0.723438
1.371351 3.559239
4.997931 -0.173106
-3.648321 -0.782534
-6.240102 -2.734693
-2.915756 -0.571873
-5.199938 1.097326
-6.571354 3.416209
-0.570413 0.550172
-1.940280 1.458061
5.031998 -2.002885
-6.239328 0.850470
3.593796 2.152990
-4.203221 2.059999
5.308947 1.695622
-4.851343 0.912241
-7.576131 -5.024983
-2.398504 1.089956
11.355116 -4.130723
-5.514899 0.108989
-4.984261 0.314708
8.433694 -4.208623
-5.954568 -2.836567
-5.046411 -2.292625
-2.781700 -2.365093
1.216485 1.810848
-5.365337 1.817586
-1.077284 2.315864
-6.342220 -0.654395
9.174406 -0.824931
-4.269064 -0.318332
3.937464 1.078938
-1.137137 -0.704400
-1.784046 1.619909
2.504928 3.908509
5.696761 1.940839
0.480074 1.446291
-0.872402 0.056040
-6.141017 0.063489
-7.575790 -0.168169
-3.499869 -1.566620
-8.303551 -0.811783
8.979727 4.241879
2.185517 3.182661
-6.393813 2.327995
-2.914664 16.565725
9.852441 -2.286829
5.053105 -6.542425
-4.472393 -1.759381
-7.414535 -0.824054
6.293479 3.235295
-5.081949 2.353834
9.094851 -2.700552
1.860814 3.210906
4.625441 -0.688261
5.617510 2.255482
3.492815 1.418109
-4.815728 1.179734
-0.964384 -6.941555
-7.516855 -0.986825
5.030783 4.251067
-3.935665 1.690208
10.580775 -0.832568
2.303484 2.150495
-4.813843 -1.300069
-3.119953 0.813444
-7.480419 0.561876
-6.220425 -1.732767
-7.036871 1.895311
-8.432701 -0.972945
-0.956194 1.138306
-4.528353 -2.951894
10.038698 -3.842706
9.220011 -5.511150
-6.345908 -0.467367
-4.884682 2.391733
9.417592 0.817280
1.903629 0.969773
6.131209 -3.620524
-4.803703 0.162791
-3.765631 0.692756
-6.373837 -0.162818
0.405644 2.366598
-2.216401 3.172006
-6.350197 -2.682612
-2.797190 -1.098889
-5.560004 1.948551
-4.237455 -1.146112
-7.262748 -0.809589
-5.560149 -0.013999
-0.460647 0.825711
-4.353287 2.178549
-3.192754 2.631034
12.357295 -5.773739
4.497622 3.092081
1.646437 2.548277
-4.058023 -0.333522
0.881740 2.238910
20.936377 1.643873
6.919149 3.225964
-6.928551 0.164483
-2.081054 -4.707081
1.780946 2.052773
1.639520 0.592011
-2.368626 1.825955
-4.963404 0.620732
-4.739957 -5.561148
-5.270522 -1.400209
9.413208 -5.190938
4.948779 2.742654
-4.593646 -2.408141
8.009675 -7.474062
-4.515691 1.896717
1.447355 1.464510
2.304804 2.396054
13.507868 -4.954231
2.272886 2.184938
-5.126793 -2.785177
-2.058688 1.560544
-5.714549 -0.979913
-7.756598 -2.656789
-4.221779 0.934645
-2.898490 2.433597
-4.992530 -0.753482
-6.170608 -3.240698
-2.766093 2.405949
1.542954 2.737623
-4.504454 0.340921
-6.855093 -0.243167
3.358648 3.701919
-4.500260 -2.011432
-1.383616 -1.160846
0.154475 1.481318
-6.321954 -4.104406
-5.247550 -4.904043
-3.975515 -0.602274
-4.758163 0.576177
-4.398857 0.875263
-7.432561 -1.278472
-4.038548 -2.362292
7.328924 -4.964833
-8.421656 -3.541798
3.673673 2.084203
-8.055395 -1.806281
-5.475953 1.270408
-4.484887 0.263529
-4.589205 0.869041
3.133114 1.225753
-3.504149 0.201402
-6.345611 -4.060330
-2.696135 -1.506350
-4.464993 0.358041
-4.591437 -0.201295
2.829849 3.631107
8.587058 -2.991817
4.028295 -2.547466
-3.177451 0.020676
0.437762 0.852625
5.024147 2.541213
-4.399652 0.627838
-3.783938 -1.991577
-5.976704 -4.674345
-9.929821 -4.256570
1.643740 1.882248
12.208197 -3.832951
3.784996 3.246677
-6.725724 -0.770708
-6.091155 -0.190484
12.337690 -2.598678
-2.912210 2.369550
11.281221 -3.359099
2.424085 2.486123
4.006718 -2.695284
-6.525872 -1.304987
-5.799335 -1.168272
-0.244314 1.477953
-3.389581 1.473552
-2.324007 -3.981302
5.666447 3.894489
-6.608529 -2.046066
-6.529817 1.102330
-5.816323 -0.638222
-3.636407 1.857347
3.546655 2.702173
-4.543749 2.517554
-3.528269 -0.538440
-3.115277 1.061396
-2.012408 1.509087
2.303431 1.069558
7.833387 -5.139126
0.288456 -0.405256
-5.779537 -1.187974
-6.667412 0.426245
5.478182 -0.335027
-9.043520 2.361897
-5.305880 -0.009458
5.533519 1.071186
7.691800 -0.166970
2.167446 2.203595
-3.350033 3.619625
-8.742419 -0.553575
10.051171 -6.764216
11.399946 -4.158796
-9.471515 -3.988443
6.716707 -4.660768
-2.901975 -6.983982
8.290988 -0.188443
-5.148074 1.815849
3.140340 0.225781
-0.911559 1.644744
-5.161802 1.417127
-2.353382 0.831400
-0.354856 1.620629
1.503101 2.586509
-4.971154 1.254152
-5.074716 -1.426998
12.771197 -6.517182
-3.710510 2.091703
-6.167156 -4.079324
-5.135466 0.217883
0.739928 2.143236
-6.432575 -4.562882
-6.337198 -0.006261
-4.696626 1.930737
-3.580072 -0.745538
13.547312 -5.156368
-6.725308 -2.549478
-3.078970 0.526349
-6.418694 -0.961146
-1.761735 -1.173679
4.181943 -1.178665
-2.158694 1.179498
-6.881592 -1.846023
-9.216781 0.307871
-5.190192 1.978896
10.835369 0.954937
1.494834 1.499859
-5.245635 1.648611
-2.637021 1.258597
10.873807 -4.659255
-5.478828 1.720428
-0.424285 1.956613
-3.144379 -4.360158
-6.493246 1.944995
-9.056068 -4.134782
6.015821 -4.380988
-2.638809 1.445199
5.148120 3.097901
2.515236 2.470937
2.091047 2.006843
-5.461726 0.736653
-4.267152 1.779754
-3.911878 1.819855
9.765474 1.501246
-0.080797 1.648500
7.235249 3.506191
6.838235 3.099480
2.755674 0.455278
-2.189676 3.201644
2.911719 0.239437
-1.801240 2.861227
6.559586 3.347001
-2.741805 1.015436
-2.826844 -1.251186
1.646872 2.607482
1.479696 1.643742
6.955190 0.460221
4.936726 1.801101
-7.770343 0.144324
3.265695 3.419658
4.664277 -3.403620
-5.813624 -2.119571
-8.203265 -2.859007
1.689818 2.494726
-5.040691 -1.864718
-4.050766 3.986910
3.122598 3.059840
-5.528755 0.657268
-5.460314 -1.622200
6.919768 6.676673
-0.430834 0.920714
-5.082350 -4.072368
7.933952 3.084265
1.287455 1.861480
9.280501 -1.711453
3.332039 2.661952
-5.086122 -1.209725
-6.277042 0.194318
8.296253 2.447221
-2.842528 -2.924827
-7.392749 -3.013335
1.598780 2.065939
-5.902937 -4.072865
7.542609 4.164239
-2.348509 1.115842
-7.342971 -2.485538
3.807548 0.750437
7.882577 1.845186
-1.526394 3.731727
4.610681 4.753121
-5.933863 -0.125823
-4.745927 -0.641594
15.357580 -4.686947
-9.291605 -3.298041
1.546978 4.044587
-3.658488 1.886059
5.142428 3.215257
12.646707 1.128432
-7.161126 -1.620808
0.392853 0.218743
1.171240 1.053216
-7.298256 -2.673071
-4.275511 0.835679
-1.917936 0.759742
-5.029874 0.549625
4.889312 3.147976
4.328862 3.137850
2.165485 2.532602
-5.453411 2.772846
10.831207 -2.422911
6.226184 2.309981
-7.319577 -2.476286
11.847796 -3.160087
-4.830252 0.500363
4.492603 4.833743
8.986954 -1.550593
10.137934 -6.618954
-7.429703 -0.531130
-6.792166 -0.482511
-6.181482 -3.877098
3.182599 2.836167
1.375611 3.062824
-3.357649 2.974235
7.200647 4.205263
-5.684210 -4.107386
-6.344283 2.026454
10.242608 1.600534
-5.623699 4.346881
-6.188577 -1.897429
2.042271 1.956581
-3.106009 1.558628
0.900533 3.480704
-4.478049 4.521272
-3.730205 4.008730
-1.532410 2.377820
-2.554534 2.035038
-1.218525 -7.933324
1.955579 2.064782
-2.692053 -1.439544
-4.817752 -3.327780
-5.355935 -4.336212
6.745094 2.231204
-5.708536 -4.564583
-4.049654 -2.146656
2.556205 2.127287
-3.262943 -0.821460
-2.577372 4.562091
-6.458487 -4.125169
-6.070138 -2.403661
10.864153 -4.309208
-5.400853 1.658578
7.534124 3.964080
-0.092332 2.191893
4.995308 0.534854
-5.239888 -1.371082
-5.390529 -0.168702
15.147313 -0.993806
5.426867 -1.653732
0.464786 1.531803
2.892675 2.377911
-5.884842 -4.079280
-4.326339 -0.147493
10.493653 -4.557229
-6.660358 -2.924747
5.533519 1.071186
3.187664 2.094335
1.596574 2.484330
-7.253448 -1.503595
-2.499809 -2.362708
-4.091608 2.393229
-5.074623 2.042029
-5.246715 -0.060596
-6.991745 -1.228951
-6.621466 -2.332520
-6.673791 -2.033849
-5.486377 0.256608
-10.634068 -2.005357
-5.883034 -0.006138
5.963288 3.085851
-3.622234 0.458959
-5.137151 -4.058099
-0.607098 2.791336
14.399765 -7.524280
-3.160470 -1.033507
-9.043358 -2.786781
0.353094 -0.245775
-6.899740 0.452517
-7.389754 -0.664107
-3.997311 -3.123741
3.221584 3.140747
-8.191809 -0.484026
-1.702596 1.857195
-2.109913 0.062476
12.495614 -7.548889
-6.596507 1.553954
-5.749246 -2.036560
-6.809165 3.566973
6.902175 -0.644802
14.252112 -4.529614
-0.498775 1.632238
8.362253 0.639890
-4.189190 0.748537
13.338843 -2.953489
1.216844 2.108116
9.860317 -3.399200
5.145169 2.849415
2.891405 2.749267
2.857729 1.480636
-5.635575 0.778688
-3.848251 0.108064
-6.038360 -1.921956
2.534371 0.315270
-0.108694 2.696055
7.749844 -8.069513
5.525015 0.163349
-4.929401 -1.540394
-1.924997 1.781081
-5.442096 -1.166954
1.254851 2.094756
-1.023998 1.860879
2.934638 2.275868
-6.159307 -4.360718
8.538207 -8.842860
10.098309 -2.109210
5.398162 4.488819
-3.323577 -3.792402
2.532680 -0.131442
3.167640 1.065742
-5.400853 1.658578
1.015235 1.452102
6.858548 4.287773
1.850985 2.834814
9.228088 4.503967
-5.931322 1.037306
-4.347093 -2.020687
4.214074 2.150359
1.824910 1.232501
-4.197941 0.953287
5.359913 3.599064
-2.894461 -0.509523
-3.697337 1.004420
1.912615 0.825822
-2.024732 2.226547
-3.598474 -4.168329
4.181943 -1.178665
-7.843466 -3.059146
4.805873 2.592556
-2.140672 1.561637
-1.060394 1.296227
2.300386 1.344319
-7.726724 1.015702
-0.299325 1.616844
-3.742729 1.775624
-4.332753 2.558932
-6.616141 -4.582836
-6.417488 -2.227271
2.889578 -0.900246
-5.357629 -4.958137
-2.683033 -5.141067
0.584135 1.868210
-5.539671 -3.362331
-3.464729 3.105231
-4.871981 0.353992
13.179092 -3.886806
1.881438 1.423103
-2.766589 1.168418
2.000878 1.976908
-5.257058 -3.689190
-5.427903 0.374509
-6.489217 -0.808274
13.773447 -4.712678
-3.793839 -0.547831
4.527004 -2.722786
-0.463028 0.466451
-6.431929 -0.135412
4.811480 3.045789
1.066140 1.937139
-7.161126 -1.620808
12.358471 -3.448860
-4.033522 0.368850
-4.136922 0.853833
2.631429 -1.247697
-3.453765 1.360709
0.113535 -7.276289
3.106368 2.658576
-5.355510 -1.378057
-4.668168 -0.709519
-4.861470 0.782297
6.380517 -1.763894
-7.037901 -0.133460
2.266871 2.574451
-6.281423 -1.959971
-5.374544 -1.211813
-2.463204 1.326295
-3.897382 -1.119717
5.912539 2.775905
-5.108296 -4.420391
10.574413 -3.734026
-5.999668 -3.923569
1.117487 1.497757
12.512730 -5.353605
-5.891797 0.567733
6.526607 -1.080732
-4.780615 10.021892
-9.773991 1.894552
-3.320347 -2.361914
-0.633609 3.822021
-6.730169 0.856920
-6.939704 -2.944257
-7.289545 -1.263865
-0.515955 2.449761
-3.244156 1.639417
-1.136838 1.636369
4.254237 2.273668
-3.974452 0.024711
3.354389 3.567940
-4.944342 -3.611011
-5.094594 -0.935005
-3.506738 0.111293
-6.098821 -0.730729
3.947192 3.852291
11.177675 -4.134104
-8.669184 -2.187561
-8.252119 0.441513
8.271296 -1.095106
9.095529 0.629909
-7.033080 -2.369402
-6.260267 -2.053698
1.979377 2.335103
1.088918 2.771532
4.998027 -0.169857
-4.038437 3.535833
9.379923 -5.618706
-4.476082 1.283083
12.538095 -6.904712
5.082580 2.902449
-2.177610 -1.086595
6.145743 -0.433312
1.183796 2.125948
2.504434 2.491854
6.922171 2.540046
4.618099 0.007276
-4.973238 0.513629
5.381624 -4.253480
3.706344 2.260076
-7.544652 -3.576829
-3.636407 1.857347
-6.436074 -0.012090
1.713659 4.229371
-2.896750 0.494870
9.742324 -6.680805
-2.882936 0.896435
-4.631160 -2.149098
-7.987267 -2.905448
2.299806 2.056858
-4.648270 0.844507
-4.623968 0.712059
-6.050153 -2.094189
2.410443 1.642744
0.331957 1.245336
2.657148 2.144311
3.116291 0.332413
2.268810 2.284284
-5.992509 -1.796720
-6.191229 -0.851323
-9.854708 -3.299332
-6.267105 -3.269888
-7.720544 -5.543245
-5.996508 0.437311
2.058715 3.015105
3.336264 1.461639
5.904516 2.691254
-6.286081 -4.404663
-3.295954 -1.633437
-5.652042 -3.913826
-4.564173 1.353954
-3.443259 2.744164
7.717168 -4.282295
-0.347153 -0.150836
-7.507611 -0.573708
1.350533 2.484289
-6.232379 -0.861564
4.021786 -6.905966
-5.644516 0.228776
6.474925 3.006904
4.745825 0.200632
8.846217 -4.141933
7.223893 1.909084
-3.377590 1.169302
3.638049 2.123563
14.134005 -0.754407
-3.828225 1.349382
-0.892502 1.163676
-5.710640 -1.569240
8.009675 -7.474062
-7.129732 -1.308032
0.708764 3.155074
2.717683 2.308413
1.171957 1.623755
0.857227 -1.647071
-3.348342 -0.618370
-5.772547 -2.249779
-3.338492 1.483839
2.430324 3.046252
9.776887 0.932561
-7.217593 -1.847464
-4.100655 2.377922
3.428605 3.611079
-2.696135 -1.506350
-5.895598 0.451938
-6.597315 -2.486314
-4.131751 -5.746952
-6.957309 -2.424249
-7.768613 -0.488775
1.751857 3.295448
5.677803 -0.469335
-6.203689 -2.284953
2.115253 3.494027
-5.530399 -3.276504
-6.305685 -5.161820
-5.037601 -1.820287
1.145971 0.458229
-5.369271 -2.717574
1.722778 1.528291
-1.911155 2.255726
2.664290 1.591368
1.529923 3.356572
-6.502049 1.831878
9.263700 -2.772887
-1.772863 11.397070
-4.157159 1.110942
-6.793303 1.051827
10.880987 -0.289188
-3.077871 -0.245392
2.623885 2.143007
-1.498663 2.616853
-7.430212 -1.376118
0.692290 1.250673
-3.107426 1.863824
-6.460947 0.177131
-6.483211 -1.682797
-5.981733 -3.214276
-3.938461 -2.221876
-4.922309 2.425904
-6.696527 2.264590
2.919403 -0.336360
1.423304 2.596207
0.792270 2.028675
10.243634 -2.314594
-3.685392 -3.159302
-7.506654 -1.545896
-3.241847 2.943122
11.447806 -3.997003
-5.105674 0.648694
14.042928 -0.650258
-1.894496 2.280082
-3.883898 2.469082
-6.635055 -0.845003
-3.550582 -1.529776
-7.738472 -0.325243
-4.528163 -0.480675
-5.580406 1.077638
-6.185857 -2.934467
-4.210824 1.018754
-2.779420 0.625182
0.083605 1.631151
-2.161372 0.703697
-3.449002 3.020066
-2.161372 0.703697
3.641694 -0.507084
-4.315888 -1.206744
-0.524702 1.682191
2.827011 1.674951
4.970274 3.528187
5.592177 2.359235
-3.885329 1.475296
6.940807 2.605249
5.317771 3.273164
-4.796274 -3.584142
2.668755 1.602412
-6.460962 -1.708110
1.606442 0.687270
6.709474 1.171616
6.203504 2.556791
-3.961400 -5.236675
-2.594435 2.236117
-5.420539 1.887456
-5.444662 0.322374
-5.363414 0.901881
2.280101 3.451725
-4.332620 0.744355
7.850179 3.633072
-6.256376 0.539388
-7.720544 -5.543245
-3.076928 -0.100166
-5.487461 -0.439061
4.072335 3.829527
-4.416126 0.501727
1.677179 1.467253
4.521913 -0.715974
-5.388530 2.034180
-5.064397 -0.644771
-7.451294 0.903070
-4.589811 -1.870551
6.247773 4.237765
-2.771960 -1.019822
2.598551 1.707814
6.125868 4.155715
-0.696136 0.952924
-6.070478 1.045520
-5.480823 -1.066530
-7.151432 -2.825633
11.650621 -6.149105
5.056683 -4.377528
3.402222 2.180738
2.570985 1.406263
9.253240 -3.711285
5.633334 0.812920
6.638716 -0.386889
2.423346 2.849975
-2.830884 -0.484774
1.848765 2.775804
-0.663029 0.381678
-0.807296 0.557386
-5.962927 1.721402
12.321463 -3.951109
5.109627 1.453071
1.983715 2.130256
-6.438988 0.233047
-4.007813 0.773134
3.367561 3.177330
7.002027 2.477471
10.530006 -3.288428
11.685875 -4.155440
7.989224 0.337138
-3.331813 -4.611107
-4.337137 -1.126327
10.103342 -1.937661
-3.719455 4.365350
-6.069143 -5.061813
-4.957302 -3.585704
-8.990515 -1.462137
-0.475197 1.714033
-5.974747 -3.867645
8.239121 2.980341
-3.537970 2.931983
-5.747033 -0.548402
10.417520 -4.039731
-5.423162 0.054008
-4.729625 -2.712575
4.982452 1.875165
3.386848 0.946989
-4.738239 1.422565
-4.684753 0.020061
0.459496 2.878191
-4.080704 0.878962
-4.255011 0.168523
-7.310028 1.340207
0.546911 2.659075
-5.809735 0.105315
-2.924556 -0.818441
7.433989 2.030910
1.327010 1.088496
-4.394222 3.408626
-4.207323 0.754515
11.761663 0.794767
5.726138 -1.110074
5.200688 1.574177
5.624367 1.608348
7.395672 -5.253401
-4.080546 -2.058693
-3.589822 -0.511265
-4.810139 2.162656
-3.529868 4.469824
9.820118 -0.562403
-3.958490 -0.081352
-4.535014 -1.335795
-3.672683 1.365491
5.679802 -2.151989
7.171541 3.762384
-4.429569 -0.811364
-2.253915 2.657401
-5.595333 -0.286947
6.546576 3.609827
4.556455 2.012600
-3.896029 -1.280927
-9.114649 -3.507242
4.631149 2.574872
-7.922371 -1.571629
5.600843 4.150670
-7.496240 -2.576291
-4.539951 2.183130
4.514921 2.188759
7.415797 1.821205
-5.999668 -3.923569
-1.016813 -0.591897
1.788244 1.628081
-4.209053 2.084329
-7.313126 -0.785244
7.077705 2.678068
1.228872 2.365163
3.025917 3.006233
-2.293467 0.895065
-6.448471 -2.041357
-1.668873 -2.432318
6.198431 0.306146
-4.209604 1.553060
-7.197303 -3.530385
-7.231846 -2.420287
-2.195194 -0.777132
6.489109 -0.529932
3.237563 -3.268593
2.584994 3.003162
5.621342 0.879979
4.231794 2.045063
4.305659 2.167568
3.567575 1.339332
-6.135691 -1.055142
-6.787540 -1.241772
-0.934955 -3.344707
6.375357 0.001406
-8.965141 -0.040343
4.810258 3.820021
16.120858 0.855092
-1.752324 0.964740
-6.037274 -1.963279
11.211555 -5.538981
5.057346 3.197683
4.745825 0.200632
1.127651 -0.597318
-7.715321 1.897389
-4.735142 -0.623528
8.256174 1.070389
0.785932 2.978871
10.561530 -1.117849
-3.661873 1.314054
-2.420468 1.208308
-2.104481 -0.618177
8.143153 -4.511276
-6.821149 0.851606
-9.216781 0.307871
9.242865 -6.103436
1.986492 1.520221
-6.696527 2.264590
4.087508 0.630306
2.532998 1.919050
1.105222 1.103650
-7.752042 -1.109611
11.349064 -2.099578
8.102126 3.414751
-6.138369 -1.237341
7.020592 -2.224997
-5.522237 3.878766
-0.581371 8.460475
-5.246715 -0.060596
-0.788901 1.090243
-8.898650 -4.834084
4.884365 2.717918
11.119322 -5.731459
-2.247044 1.086319
9.981842 -4.513279
-5.566526 -1.420881
-1.699156 -3.331683
-5.962453 -1.565191
1.669766 1.596329
5.442780 4.616882
4.356550 4.227618
0.735683 0.404052
4.538764 0.414950
5.903704 1.962054
3.779166 2.767234
-5.624482 0.587552
7.560771 -4.924257
8.427708 -6.062843
3.094482 2.151746
3.166291 0.977837
6.840090 -0.853302
9.631487 -3.617450
8.301784 2.262153
-8.759519 0.633773
-4.529290 -1.258046
4.922887 4.488152
10.840709 2.402890
0.789347 1.390215
-7.560858 0.635285
-4.345843 0.746509
15.642021 -4.424354
-6.413530 -0.891054
-2.577348 1.349001
5.215466 1.444959
-6.822068 -3.756682
16.671190 -4.305719
-4.054644 -0.343399
-4.328501 -0.007056
-0.831378 1.133257
2.418770 3.479341
-5.496399 -0.506328
-6.272252 -3.442259
-2.294155 0.609202
-6.367872 0.612723
-1.316212 -0.859616
-0.131835 0.064309
2.207613 1.985968
-7.370635 -3.281053
-4.294873 0.769127
-3.442968 -2.407392
-2.353327 3.434055
0.764337 1.969795
1.410963 1.198747
5.505810 2.974750
-2.792941 -4.454838
-2.195194 -0.777132
11.685875 -4.155440
-2.826344 -4.298407
-5.277743 -0.090541
11.477570 -4.540604
-4.491665 -1.475370
-7.257445 -4.125180
1.927118 3.709228
9.010528 2.568465
5.176415 2.571558
-6.506104 -4.430981
5.779067 2.148845
0.065916 1.560039
12.605366 -5.650627
2.499465 0.395267
4.758302 -3.496471
-5.105674 0.648694
13.724144 -4.043839
-3.349867 -4.137403
-5.159797 1.206100
-8.091047 0.840435
7.460968 -4.016318
9.939161 -5.317951
2.172481 2.986754
-3.980749 1.669269
1.308024 1.690468
-4.914884 -1.067945
-6.060548 2.517112
12.490424 -5.092164
1.573431 1.616473
2.860974 2.491947
9.881326 -5.957941
-3.120724 2.501977
-5.630481 -3.854121
-5.588536 -2.391646
-5.187274 -2.887142
1.480083 1.110379
-5.250777 -3.044843
3.051006 0.856212
-5.818815 1.703124
-8.421656 -3.541798
5.947831 2.745506
16.714059 -6.471739
-1.192212 2.101893
9.223190 -2.385340
-6.056460 -1.145372
-1.767450 0.323940
4.263131 1.605029
-6.423414 -5.643426
-7.023997 -0.414465
-5.218658 -0.590516
-5.039006 0.643503
3.495102 2.281309
-3.889108 -1.101577
-2.419002 0.241926
-6.375850 -0.889237
-2.173003 0.891985
-6.344283 2.026454
1.046052 2.463316
7.811076 -5.343554
-6.130069 1.160209
3.810578 3.162801
13.886387 -4.377473
6.221050 1.400600
4.582745 1.911929
-4.807760 -1.150918
0.557546 1.877110
-3.595998 1.705282
-5.556028 -2.370717
-7.812345 0.326216
-6.646960 -1.324973
-7.559866 0.130589
-0.462848 0.175383
-4.007731 1.346583
-5.431607 -3.881834
1.684804 2.472696
10.293185 -3.370127
6.415932 3.433244
-2.778317 0.783006
8.220227 1.879262
-7.352481 -3.947735
1.413229 1.654868
5.094791 0.599278
4.252975 -2.556669
-5.503579 0.916034
-6.262689 0.856624
-7.215279 0.098941
-6.628796 -2.540016
1.920003 2.807058
-6.124803 2.094548
-6.148731 -3.742387
1.892291 1.965963
-5.046648 -0.124175
-4.472426 -2.617382
-6.279228 -0.469256
1.841222 2.253018
8.853254 5.184390
7.134546 -8.250764
4.286464 2.755719
5.656281 4.834090
-5.859954 -0.857899
9.476660 -7.766960
-4.344477 -2.362056
-5.860170 3.820349
-3.946928 -1.693493
15.402049 -5.460897
-4.985647 1.579312
3.881491 -0.525426
-4.417853 1.173253
-4.478093 -2.823635
8.019536 -5.234795
1.995579 2.313875
-4.488359 2.899925
-8.349387 -0.220603
4.510908 4.726170
9.383549 -5.441910
9.726754 1.243646
5.268806 0.344063
5.393180 4.006440
-6.175600 -1.390729
-0.020074 0.374065
-4.121293 3.294852
-4.081664 -0.026271
-5.065002 -0.917258
4.238849 0.352649
-5.791587 -3.950043
-3.338087 -0.854656
11.587967 -3.924571
-2.150709 -0.036367
-4.475795 0.761133
-7.208400 -2.181598
-1.196463 1.476882
-2.091743 -0.212580
-4.509310 -1.138720
-4.475795 0.761133
1.671072 3.246610
5.312167 4.005401
1.799545 2.456958
0.112460 0.454884
-0.633181 -3.013245
-4.434119 -3.254482
2.350386 -1.236508
-5.156173 1.599499
3.111238 0.463376
-3.186415 -1.727958
-4.608413 -0.703890
2.345899 -0.076315
2.551214 2.546108
4.595963 3.547217
2.723163 2.923209
9.009144 -2.544015
-0.830065 0.439202
7.344042 2.252145
3.265737 4.917502
6.647029 2.568948
4.684863 5.064618
-2.687696 0.765375
-8.828227 0.017132
9.726367 -4.057012
-1.544503 10.363339
2.265249 0.348631
-4.243046 2.838780
-2.763597 1.870118
7.658483 2.403339
-6.999539 -1.103856
7.811076 -5.343554
1.225718 -0.652020
6.689268 3.642605
-7.014412 -2.901177
3.020052 3.391324
0.233784 1.331840
-5.875322 -2.254988
-4.302922 -2.153940
5.154492 2.882525
-2.978399 -2.074025
6.239080 8.737814
-7.257445 -4.125180
0.977666 -0.215685
-5.388367 -0.925471
-7.723036 -1.055480
-6.159307 -4.360718
10.114932 -10.389553
-1.574534 3.584196
-3.769649 0.233084
-6.058627 1.286211
4.104356 3.669010
-6.847985 1.162378
0.116366 2.637042
-4.430808 -1.588237
3.972234 2.648069
1.213478 2.430283
8.565895 1.416736
-1.544503 10.363339
-3.616819 -0.652924
2.567004 2.819641
-4.642706 -4.968693
-3.633946 -1.816182
1.335961 2.418582
5.781826 3.549979
-5.386923 2.750927
-1.515671 0.276238
-5.840773 -0.863638
-5.811630 -3.045489
-2.096363 -0.402942
-0.739832 9.523087
15.357580 -4.686947
6.333160 4.433576
-6.125483 -2.650247
-5.349698 -1.894288
-5.311500 0.201073
-7.459758 -1.540649
-6.027533 -3.669595
-3.164990 3.323660
3.893794 2.432323
-2.328682 1.093684
4.647975 -0.766903
-5.254510 -0.499977
-5.621407 0.113690
-3.222741 3.124380
-4.449845 2.278061
-3.970337 0.083794
2.573079 2.283054
12.302198 -3.310194
2.465170 2.054907
3.223616 1.997717
-4.429577 -1.596632
2.082904 -0.812778
3.347158 3.068558
7.658651 -2.298824
-0.729935 2.061687
-5.690286 1.620185
10.330133 -4.362318
-7.534853 1.273311
1.350027 0.119524
-2.377519 0.116370
3.115400 2.456997
-4.051511 -2.704080
2.201088 2.691848
-6.142004 -1.550408
-5.412559 -2.390798
-6.912571 -1.025254
-4.279576 5.448557
-6.056460 -1.145372
2.220231 1.797458
5.166539 2.952998
-5.766370 2.358052
2.507560 2.092840
-5.618641 -2.272886
-6.816977 -0.657664
6.916264 2.922735
9.865908 1.563673
8.344677 -6.312758
3.534780 1.415826
4.534173 0.715562
-2.084503 4.335671
-5.465059 -4.828237
-3.266823 -1.548702
3.831191 2.022789
-1.032089 0.958864
-1.384291 -0.219302
-6.198484 -2.839318
-6.280937 -3.253562
-4.665563 0.580860
-3.743132 10.083644
15.372597 -4.597945
-1.257437 1.467311
-5.163478 -4.738985
-7.084373 0.437555
2.023761 -3.389108
-0.917761 1.415605
-0.194817 1.687200
-6.251201 0.216185
13.557714 -4.639758
-3.149362 -1.598402
4.848543 1.090373
13.178383 -4.684959
5.694251 2.809020
-6.613838 -0.833041
-2.951996 1.353299
-3.728050 -0.157358
6.047600 3.084508
3.344009 2.454927
10.658079 0.517006
-4.180870 0.305281
3.369333 0.813572
-6.105060 -2.228184
10.776172 -1.821920
-7.065568 -3.251345
-5.570424 -2.792669
7.139017 -0.717075
1.394931 1.727307
-7.098236 -1.052971
-7.257445 -4.125180
1.623611 2.440513
-4.786633 0.712637
-3.939939 -1.268264
-3.780991 0.203458
9.157098 -5.585226
-4.264509 0.857969
1.280972 1.619291
1.021499 1.562282
-6.044463 1.489009
-4.569715 12.084535
-6.451304 -0.280520
-2.831169 0.683430
-7.034271 -4.695247
-3.497671 -0.227665
-6.543005 -1.622528
-5.293295 0.666259
5.022109 -0.105375
-2.173003 0.891985
5.070321 0.406998
-6.370000 -4.127690
1.805095 2.203052
3.965210 2.358230
1.364349 3.009816
1.548255 3.473275
12.612213 -3.727504
7.101394 -4.365738
-6.761981 -3.208457
-7.532418 -2.052701
11.167061 -2.473454
-6.345507 -2.200274
5.818806 2.860740
11.476095 -1.841182
2.479668 4.224503
-7.913595 -1.009142
11.070873 -6.090360
-5.322315 1.318883
6.983632 3.154099
-7.605813 -0.740626
-4.255016 1.295816
10.921686 -4.303642
0.525986 2.845361
0.501341 2.711581
-6.271682 -1.998875
6.169690 3.039454
3.894705 -8.149945
7.788722 1.343857
3.709188 3.987980
-4.064291 0.874657
1.429296 2.882901
7.500881 2.977063
5.682251 -1.428848
16.671190 -4.305719
-4.221344 0.993299
-5.996508 0.437311
-8.836329 -3.162104
-1.799259 2.716437
-3.963546 -1.727075
2.334575 2.604172
12.164194 -1.983038
9.093102 -5.507180
-5.846820 -0.441920
6.305658 3.833750
-6.130861 -3.590698
-5.245292 3.215332
-2.509387 0.018196
-3.052745 -0.517815
4.918673 0.062683
-6.298733 1.627802
6.575103 -0.523589
0.261452 0.600492
5.209913 1.250026
3.399492 2.397700
2.816398 2.469247
5.447903 1.212745
-6.823262 0.611570
4.416481 3.653490
0.597321 2.019720
11.351418 -4.194880
-6.507273 -0.828157
-0.731764 -0.538233
12.329673 -6.988771
-3.658189 3.312744
-4.675871 -2.154503
-5.837220 0.291573
-5.620275 0.947502
-5.650408 -0.007462
1.865706 0.541551
2.169157 2.424237
8.029814 3.288263
-2.979802 1.801799
-5.897867 -1.560932
-6.440006 -2.249473
-3.316363 0.917468
4.252975 -2.556669
7.980112 4.729767
-8.180103 -1.235202
8.723081 2.147778
-4.000946 2.897556
-4.759507 1.646813
-4.408568 0.029905
5.080543 2.713013
5.942135 -0.371743
-7.043064 -1.040259
-5.511136 -1.338554
2.531067 1.558786
-7.141058 -2.287458
-4.611978 0.351076
-5.582503 -1.000006
-5.524832 0.259131
0.187442 2.646297
-3.357773 -5.846642
4.206009 2.884046
9.130666 1.510692
3.597192 2.830026
-5.867571 -2.695834
6.660920 -2.997958
-0.519923 2.372365
1.822543 1.740908
-5.993128 1.662870
-3.318403 -0.333911
4.974338 1.217303
-1.316143 9.329608
2.332612 3.614984
3.871587 2.476054
3.898456 1.761131
-5.704891 -2.701530
-4.891973 -2.229585
1.759349 1.107091
-9.193396 1.094024
-6.203227 -0.037552
-4.645543 -0.936995
-4.555944 0.500055
5.502323 2.228477
2.032739 3.721741
-4.091353 0.722325
-8.431093 -1.204756
2.770081 1.960658
-5.869645 0.920945
-0.411521 1.947190
-3.330491 -3.097359
-0.693373 1.277314
-2.305988 1.928607
-5.396298 14.085425
-7.989868 -0.738184
-1.998297 1.764152
1.731107 3.164332
-4.824587 -0.196291
-6.135691 -1.055142
-1.766143 2.583156
-4.979808 -2.351747
1.786687 0.024814
-7.190292 -4.387301
14.008598 -1.050869
4.659070 2.285839
-4.503871 0.934792
3.911175 2.812949
1.704203 4.329972
-5.697474 -2.034979
2.072525 2.788093
-3.700557 0.174209
3.898742 1.635245
6.906289 0.462887
-7.841525 -2.752923
2.870657 2.189537
-2.803377 -0.039919
-9.216781 0.307871
-1.126227 8.425436
4.395938 2.060745
-7.349257 -0.524955
9.205565 -6.626267
-4.931019 3.021933
-6.606083 -5.200810
-4.018361 0.530108
-9.950748 -0.126255
1.057858 1.308950
-6.112537 -3.911709
-7.257445 -4.125180
4.661801 2.799868
8.065451 4.387734
-4.124543 -1.111015
2.384109 0.976721
12.975692 3.726852
2.981358 5.556749
-4.560336 0.654983
3.912729 3.907957
11.319213 -5.680050
-4.022984 -2.258546
11.256811 -3.095592
-6.597472 1.551264
2.962573 2.369222
-2.770297 1.840839
-0.174857 2.159134
6.712818 2.220368
3.677265 1.488084
6.146111 -0.114031
-4.881407 1.243199
4.424678 0.200581
-2.720933 0.643851
-8.687506 -0.605789
-7.294227 -1.567387
-2.971004 0.243846
3.992029 -0.774746
6.281080 0.922251
-5.230502 -2.643725
1.048530 2.571267
6.976558 2.442322
-4.622086 0.289579
5.241519 3.946335
3.992029 -0.774746
-6.825848 -4.476569
-6.003086 -1.195708
-4.431077 3.783320
5.975612 2.189682
-9.138137 -1.818752
5.668949 1.022833
11.340278 -5.593071
11.394589 1.313025
3.052707 0.877553
13.373524 -3.759153
4.321370 3.094285
0.828249 2.306225
-1.038819 1.016392
-2.081789 2.275465
3.191378 1.650474
-5.817312 -1.788916
3.929351 2.185506
-6.292667 0.894462
2.087469 3.502644
-3.192105 1.053520
12.586876 -5.201417
2.235574 -10.202166
-0.757155 3.269875
-6.719554 1.392616
6.132887 -2.646816
3.008944 2.005286
4.307193 -1.308716
4.799845 0.024739
5.441955 -0.678291
-6.954142 0.164189
-5.206392 1.445035
-6.028364 -1.490355
0.961902 2.246010
-4.179473 -3.879334
4.016523 1.731831
-4.942575 0.729041
-6.405084 -1.134646
9.200299 -2.954055
-6.945009 1.716465
-4.379434 0.171335
7.083223 2.634133
-5.900760 -1.432401
-0.084802 -0.284746
10.483977 -4.746731
-5.547451 -0.933393
4.590638 2.880132
4.579831 -0.009068
-4.543502 -2.248571
-3.396235 -1.587349
12.208197 -3.832951
-3.005003 2.298857
1.176760 0.942100
1.658722 0.401137
-8.105048 -3.458866
-2.349768 1.284949
2.032691 0.699281
17.463063 1.240271
-8.759519 0.633773
8.643260 -4.338551
-3.268893 -1.286150
-6.162603 -0.842424
2.319459 -7.495355
-9.427566 0.789920
-1.472538 2.720410
-0.056182 0.319075
11.146007 -6.322809
-3.824766 0.102820
-4.724692 0.650499
-8.249903 -2.584842
1.208409 1.270280
-7.257445 -4.125180
4.595963 3.547217
-0.003064 1.922063
-7.489014 -0.659951
-2.813282 0.462904
-5.451702 -1.370706
4.652242 1.651692
2.455241 0.690994
-6.503421 -3.311059
6.680141 -4.545323
-6.816977 -0.657664
-3.454411 -5.040770
1.970359 2.555139
0.265185 1.841872
1.578398 3.146264
1.198352 2.880452
1.416793 1.161738
6.417951 3.068786
0.142775 -1.929469
3.154681 2.137496
-6.130861 -3.590698
-5.753634 1.053730
5.943318 -0.885620
-5.850413 -3.549276
-6.237188 -3.882690
3.188553 -0.892699
1.850380 0.278163
5.689984 3.514921
8.126208 4.860472
-3.544821 -2.526522
-3.218702 -0.149618
-5.390141 1.295794
-6.377026 -0.811753
9.622175 1.989744
4.623640 0.316432
1.914150 1.750793
1.535978 1.893695
-3.998847 -1.018021
-6.964737 -1.045739
-6.159307 -4.360718
-2.117631 -0.679389
-4.188120 1.152882
10.678342 -0.419039
9.326569 -9.616206
-5.274773 -4.830283
2.315272 2.253467
4.596393 -4.976126
-4.925088 -1.066204
-1.565517 1.982998
-4.504238 -1.203489
6.897158 0.073781
-7.000692 -2.843376
4.718626 1.439451
-7.548071 -5.058285
-5.667434 -3.965995
2.383302 3.075186
-0.270263 3.365365
6.450212 -4.217185
13.175246 -3.379088
-4.497406 -0.244931
-3.711842 1.890619
4.731775 1.312142
-1.761735 -1.173679
10.163967 3.736889
-4.337137 -1.126327
1.903324 2.865073
1.548573 2.167664
5.603241 1.909116
-6.428887 0.978712
-5.989006 0.827412
-2.916549 8.082754
-3.700557 0.174209
7.649061 -4.711186
1.942864 2.900888
-6.231395 -2.833819
-9.595575 0.714345
2.109854 -0.117014
-3.596633 -2.633190
-4.050766 3.986910
-2.910459 1.603624
-4.813070 -2.609103
-6.995040 -0.327838
-5.689848 -1.773928
-6.681278 -3.790221
-3.123626 -0.013637
-3.713414 2.418919
11.276851 -6.617481
-6.411834 -5.101792
5.539935 0.486817
-4.973358 7.627758
5.370634 -2.948324
2.292573 2.184744
7.158966 0.197478
6.601983 -1.587568
0.839762 -0.084568
7.686653 3.606540
7.362822 -0.386243
-7.281481 -4.186865
0.862552 1.193371
-3.837997 0.398262
-7.367379 -1.659586
13.374238 -4.605999
-8.236491 -2.654052
-2.532969 2.792326
-5.432932 -3.697441
-2.853325 -2.240624
-4.179584 0.300795
-6.210563 -1.470533
6.285011 3.269710
4.330388 0.129290
-8.598710 -4.626611
-4.684753 0.020061
-5.208682 0.984389
11.172752 -3.054227
6.062389 -0.411067
-5.195999 0.588691
8.025149 -1.301907
5.348783 1.441347
-6.168272 3.188065
-1.355747 1.328928
-4.201368 1.832945
-5.983367 -0.491565
7.627803 0.915863
14.908960 -5.372915
-6.245245 -2.418026
-5.451702 -1.370706
8.779477 -4.323315
-6.582131 1.243214
-7.008368 -2.732893
0.987843 2.212682
8.492179 4.025330
-5.737953 -3.865592
6.482546 4.095112
6.707150 3.972954
-4.790619 1.349518
2.035291 2.671077
-7.470671 -0.904423
-0.499424 1.751085
-6.169295 -0.967076
-2.585128 -2.038952
3.492692 2.703450
1.023593 0.990972
-8.055191 -0.859499
9.844964 -4.164424
-6.117007 -1.554804
-4.156423 11.084089
-4.975680 -0.499499
0.475458 0.792933
3.421627 2.092662
4.942179 2.602345
2.812064 -0.778476
3.700796 0.588912
2.195413 2.826173
11.030130 -4.045456
-1.758326 3.991294
2.624169 2.640706
-4.828185 0.419344
-5.907943 9.715206
3.110064 2.346103
-6.191166 -2.032497
2.884973 2.103030
-0.748273 1.423627
-6.958307 -1.544818
16.402716 -6.038161
1.731369 2.729955
9.297100 -3.918690
-6.752763 -1.414125
0.054057 2.298213
17.052706 -1.048236
1.662233 1.467130
-1.743213 2.097549
-7.257445 -4.125180
-5.638562 -2.464330
7.145855 1.699156
-6.828991 -1.930888
-7.024869 1.237635
2.433007 -3.179366
-4.839963 -0.973731
2.980891 1.199281
-4.873893 -0.753327
-6.288884 -0.535486
-4.563318 2.652631
-5.043125 0.362621
4.407906 1.571352
-4.809211 1.659426
-3.595998 1.705282
-3.523607 -0.721898
11.118940 -5.398718
15.726406 1.038471
-6.339324 -2.060916
2.077312 -1.436508
1.023714 2.045389
7.354340 2.969067
-3.392016 2.725387
-2.348992 2.686936
2.117015 1.758513
-7.365331 -1.277564
-2.223590 2.694800
-5.412336 1.124528
11.585792 -8.100728
6.585229 2.188774
-4.259353 2.318426
-6.964301 -1.638787
7.370639 -1.106140
-4.677679 2.347075
1.822542 2.850622
7.662443 3.471061
-3.865885 -0.395915
23.081580 -7.501050
5.966194 -0.076736
10.355779 -3.441393
12.793009 -1.623044
-6.554943 0.480395
-3.978417 1.128839
-3.970015 0.195962
-5.952852 0.073995
6.571415 4.390069
-5.665433 -0.601481
7.642392 -5.154335
-7.462523 -0.029502
8.390074 -0.228449
0.966231 0.597160
-1.639050 -0.283023
-2.700672 0.782242
1.559520 2.765674
4.126063 -0.898546
-0.323596 2.526447
-3.412652 -0.498044
5.902673 4.026431
3.529807 1.048035
0.577377 1.505151
-7.738472 -0.325243
-3.406831 3.076965
-5.899337 0.916217
8.918311 -5.572632
6.413325 2.675046
1.503101 2.586509
-3.965544 0.917298
6.241732 4.262652
-6.302707 -0.084437
2.428892 1.442317
-2.827459 2.045747
-3.171045 0.001437
8.747911 -0.650576
9.586684 -6.228600
-8.067399 -0.049455
-6.538657 -1.758686
-2.415042 0.361956
-6.497516 0.216738
8.094424 -6.355051
-6.025473 0.022210
-4.480613 -2.027311
10.658079 0.517006
2.727571 3.917900
-5.412960 3.077129
-4.808950 -1.199222
-3.204462 0.423493
6.682244 2.622989
8.752509 -5.988017
-7.220146 3.070623
4.647087 2.339403
-0.376097 1.188358
4.674931 2.254235
2.442748 2.140295
5.885180 3.143633
6.398001 0.112267
6.793919 1.110793
-7.437311 -2.750520
-4.192006 3.347055
1.559987 2.144282
-7.235734 -4.098161
-6.115546 10.414824
-6.616141 -4.582836
1.656859 1.757609
-5.665677 -2.016232
6.951983 -4.403218
-2.673178 1.934658
7.154902 2.000802
5.494574 2.001040
-5.366291 9.105305
4.774516 0.667528
-6.055417 -3.145520
6.763329 -4.671539
-4.871282 1.891533
2.471706 1.448676
-9.138137 -1.818752
-4.815878 -0.853641
-0.758745 2.070772
4.395482 -0.388511
-7.145453 -3.196667
-7.389100 0.905195
-6.444770 -1.211398
-9.043520 2.361897
8.260439 0.374583
11.804569 -4.004364
-6.939229 3.779079
-0.714280 0.011871
-4.894035 -0.044316
-9.471515 -3.988443
20.936377 1.643873
-4.060654 -0.652284
11.454431 -5.844851
6.911650 -3.074096
13.381756 -4.059953
-6.050153 -2.094189
3.169602 -8.026125
-3.080826 -0.183286
-5.927953 3.179098
9.676342 -4.975410
8.120840 2.480493
-3.836493 1.609596
0.706117 2.300216
-5.127940 -0.420962
-6.816977 -0.657664
-7.319577 -2.476286
2.337039 2.378526
3.850190 1.495755
-1.178820 -0.013864
2.375564 2.659167
-4.662958 -1.286028
4.571402 2.047559
8.066841 -2.100570
-7.223354 -1.504970
1.107201 1.878247
-5.150017 0.692379
-1.798555 2.139573
6.081002 1.839147
1.627949 -2.233184
-4.074662 2.160358
-7.460099 -0.973562
-0.259780 2.002811
-7.848193 -0.740134
4.356493 3.369698
-5.196302 0.199630
-5.800145 -3.861604
-1.974023 -2.087886
-4.279139 -3.999217
-0.780826 2.888657
-4.113828 -3.721621
-3.870566 -1.596734
-3.311055 1.363347
-5.440618 2.749783
9.319617 0.893793
16.570475 -5.653007
3.641778 0.611354
13.093975 -7.514911
-4.555524 7.588491
14.594061 -5.342697
-1.891887 0.987826
2.121998 2.783865
-3.288726 1.521617
-5.452729 -1.724491
13.341103 -2.448102
0.193895 1.900044
1.843147 1.500004
-6.591656 -1.469039
4.198212 1.900002
-3.650134 -1.876083
5.953557 3.859098
-4.601750 -0.848315
-7.182547 -4.409064
-3.809771 0.919784
-0.397278 0.810714
-5.846593 -0.295609
5.870504 2.883002
11.079062 -5.092318
13.341103 -2.448102
-7.848193 -0.740134
-5.080274 -0.451465
2.508656 -1.192797
-3.392001 2.819908
7.218068 3.014523
-6.695719 0.466531
3.173443 2.461623
5.738136 3.962921
-2.475360 4.201842
9.115089 -4.187037
-2.748485 -1.542593
10.897969 -5.481126
-4.145628 1.819343
-4.938114 -1.619871
6.454026 2.271441
-0.655707 1.583168
3.058834 3.234317
-8.191809 -0.484026
3.638049 2.123563
3.152084 0.876657
-0.851609 1.040844
-5.282438 -0.047888
-3.912725 2.280846
-0.117237 1.328865
0.878131 1.449040
-8.332849 0.614472
-3.226762 -1.948557
5.656661 3.272915
7.389931 3.693666
-3.489963 1.462817
-0.661261 0.237283
2.497978 2.856451
-2.258706 3.097684
6.111292 3.299478
-5.057549 0.850751
-4.967983 -0.924647
8.949632 -5.584450
-3.008092 -0.690457
6.148444 0.223312
3.474501 2.560344
-0.192473 1.323945
-3.441280 -1.669941
-6.267774 -0.706405
3.336549 1.473831
-3.743132 10.083644
8.799827 1.450545
2.091076 1.612789
1.690373 2.865115
5.877722 1.291165
-5.408637 -0.243398
11.914299 -0.533008
7.041995 -6.950309
-4.075388 -5.010855
6.021638 2.106465
-7.703124 0.488061
3.577211 1.466754
-3.843438 2.111250
5.584357 -0.189876
1.874544 2.404640
1.360663 2.347338
-4.552909 -1.882153
3.883181 1.995531
-3.250074 3.153573
1.218212 2.299885
2.889622 3.788882
0.556479 -2.121722
3.273613 1.707081
-7.416845 -4.293705
5.817261 -0.162359
-5.695383 0.632772
2.745051 -2.420544
4.168704 2.420918
-2.060831 -3.509028
1.842052 1.938974
12.148253 -2.550130
-0.686296 1.050076
-9.634529 -0.228198
-6.719452 -0.921298
5.266669 0.181816
5.846871 3.468565
6.709031 2.382648
4.752095 2.874515
4.181116 2.133159
2.178425 2.872116
-4.947590 -0.221494
1.678236 2.254925
-7.479095 1.120957
7.615891 -1.857313
-4.139429 -0.306319
-5.849105 -2.602466
-5.259111 -4.748697
-3.945440 -5.348919
8.056191 -5.637669
-5.594645 -4.647513
3.002733 3.058587
4.641524 1.225117
-2.112786 1.368588
1.279424 1.787568
2.116196 2.345177
4.503321 2.864017
-5.923473 -0.565232
-5.196079 -4.121759
-1.166049 1.827191
-4.509572 -2.525454
-2.258909 1.862783
-6.559441 -1.460256
-4.519793 0.396640
0.394114 1.691936
-7.380260 -1.443706
-2.941887 2.247197
2.421577 2.595116
-5.361611 -0.392037
-2.879028 -0.411685
-3.778771 -0.035607
-5.985696 -0.470802
4.162384 3.887547
-3.766813 -0.382697
-5.104536 -3.771264
-4.205411 0.555462
1.296797 1.847222
-1.313004 -3.303040
-3.057700 -0.312165
2.852464 2.802171
-5.799457 -3.966156
-4.920891 -4.304528
5.693793 -3.748056
-6.958806 0.029012
-4.610433 3.786026
0.067783 1.880960
-5.158901 0.640282
2.608592 3.912423
-4.624960 3.887135
-1.183300 3.002850
5.958617 3.542490
6.357125 5.217403
3.007854 -0.759631
1.786687 0.024814
-0.554211 1.199035
2.591569 4.538672
9.675349 -3.189929
7.576598 2.900295
-6.423414 -5.643426
-5.138335 0.770535
-7.163964 -0.759604
-8.236491 -2.654052
-0.239098 1.825730
-5.411392 0.322478
-5.553316 -2.392413
-7.348186 -2.748165
-6.569609 1.824222
-7.615879 -1.990375
1.121914 2.756282
-4.248743 -2.368754
-1.183300 3.002850
10.033860 -3.672131
-5.460624 0.653304
-6.813424 -0.236628
3.555962 1.425545
14.608225 -2.637611
3.989575 -0.569041
-5.644034 -4.157355
-3.892512 -2.932588
5.098008 -0.873618
-4.168156 0.894280
-6.188376 -0.477939
-5.635290 -4.493578
6.922892 3.297500
-4.208768 0.494711
16.304056 -4.078077
6.840988 5.047283
0.489223 2.163546
-7.512388 -0.854066
1.062703 1.899565
-0.816639 3.599182
-7.911941 -2.646380
-0.103943 1.369560
2.719427 1.456892
-4.319291 1.985044
-4.256556 -3.499139
1.750142 0.762812
-1.279675 0.055147
-5.483908 2.509868
-6.050153 -2.094189
-3.063973 -0.034796
-4.121395 0.688494
-6.224788 -1.399731
-7.257445 -4.125180
9.208043 -5.894453
7.018374 1.889806
6.606988 3.056196
-6.514265 1.914691
10.580913 -2.186005
-4.524745 2.610450
-5.829174 0.073430
1.583007 2.861064
6.340861 2.672621
-3.332704 -0.736904
6.957188 2.544620
6.177237 1.639026
6.580197 3.094945
-6.142328 -0.575551
3.368715 0.233311
-4.945343 -4.574375
7.616100 -4.506736
7.728732 2.674372
-5.220386 -0.784382
1.320057 -0.301622
6.262228 2.015481
5.931977 1.967625
6.570786 3.790459
1.276237 5.147698
-4.779332 0.766203
-3.501217 0.761436
-1.855073 -3.507765
3.157456 1.412475
2.471889 2.846677
-5.128325 -0.214077
-2.001223 12.430801
-7.257445 -4.125180
1.775268 2.784841
2.674297 -2.780106
2.064737 1.111829
2.643967 2.472940
-3.685824 -3.145966
-4.577181 -1.991956
-4.745099 0.159803
6.734304 2.309504
11.005388 -2.143463
-2.924602 1.022530
-0.050125 2.306297
-3.055152 2.116844
-5.116982 -3.990510
0.033014 1.220165
-2.766517 2.711906
-4.715610 2.236049
-5.270959 -2.918948
-3.862738 0.494593
-7.696162 -1.320831
-6.078610 -2.287858
10.426452 -3.260651
-0.366253 2.390079
4.910951 2.646717
7.084189 2.853936
-5.621407 0.113690
-5.619616 -0.288043
-3.290282 -4.178705
-4.437004 -1.011892
-5.095537 1.645234
-4.338419 -0.243800
22.401471 -5.855024
9.005154 -2.393389
-3.532936 2.168328
5.947734 1.848235
10.257022 -6.212349
-0.116767 5.518281
4.667783 2.606230
-3.008784 -5.349050
9.342739 -2.199545
8.689539 -4.093941
-7.249453 1.002667
-3.750490 2.066756
1.831154 2.475491
-3.200233 -3.703879
-4.780615 10.021892
-4.464248 1.099615
5.871121 4.267422
-5.580406 1.077638
-4.973358 7.627758
-5.129419 -0.253957
-0.616864 1.891050
-5.702569 -3.169775
-4.977924 2.270262
-6.113979 -3.727838
-0.283121 2.114395
10.888030 -2.573468
-0.091315 1.146333
-7.522920 -0.692745
-4.073290 1.866796
-8.612944 -0.009505
3.741439 2.183661
-6.144690 -2.455348
-0.858005 1.468605
3.860221 1.976192
-3.427190 -0.826441
-3.562864 2.125958
9.482262 -6.739319
-4.465355 0.730047
-0.154041 1.061241
-2.926459 1.225699
-0.880127 1.430522
1.742006 -1.066802
-7.043437 -1.787292
-8.594856 -5.359277
-0.570413 0.550172
1.773102 2.391628
-4.413797 -1.339355
1.862411 -1.128072
-6.927440 -2.722574
2.498786 2.811654
3.627941 2.084491
4.530062 1.939650
0.052060 1.872248
8.160808 -5.167629
2.602877 3.310313
-8.146939 -3.537913
5.735471 2.950785
5.266138 -2.388228
-4.656835 0.746456
4.648557 2.933389
-3.538134 0.333447
8.415747 0.209136
-5.086122 -1.209725
-4.229031 0.634211
6.229054 3.502480
-2.213863 -0.696136
-5.013806 -1.360859
2.572541 -1.882184
1.934621 3.063473
0.922057 2.263676
7.436879 0.043843
-5.092726 0.129722
-7.065568 -3.251345
-1.698595 3.591885
6.719781 2.266520
-0.643837 0.960097
5.810743 3.354805
6.685741 2.854130
-1.687036 2.489377
4.804489 -1.044763
3.634802 2.512906
-3.294445 2.377118
6.616269 2.630943
-4.486472 -3.260142
-5.410910 -3.307798
-5.243874 -4.593717
5.474874 0.454823
-5.684210 -4.107386
-5.895754 1.393749
-7.389908 1.287401
-5.935527 -3.559391
2.303147 0.051366
10.674357 -2.156537
-6.408159 0.316494
6.560442 2.007986
-3.160386 -3.493823
-5.996117 -0.435092
-6.163859 -0.909047
-5.789109 -1.921448
-1.106742 0.826302
-4.679330 -2.425405
-2.066803 1.594829
-3.311403 1.656501
6.639048 2.077965
-3.904823 0.685353
-5.208208 -4.629177
-3.257077 1.654254
-3.966420 3.577294
10.272102 -6.870875
-2.229583 13.464532
-9.702318 0.146835
-6.144254 -4.607415
0.262926 1.572690
5.963937 1.427272
-0.154337 0.551030
5.675569 1.886127
-3.730152 1.327984
-4.152006 -1.356331
-6.563435 -2.842287
4.555017 0.406633
1.286810 3.615435
-2.822063 -3.344009
-1.656913 -1.283466
1.463807 3.265159
0.302813 2.239498
-7.038374 -1.996811
4.187242 3.018272
6.838235 3.099480
4.398970 4.154195
-0.040036 1.761750
8.062067 2.572663
-6.125823 -0.420565
-5.138335 0.770535
-3.911116 0.749548
-0.098041 2.576999
-1.950708 3.465808
1.605427 1.673664
5.747028 4.371736
-6.632679 2.387279
-3.480060 -7.876447
12.967295 -7.397204
6.497338 3.136012
-7.344731 -2.244707
6.666602 -0.078935
-5.500174 -3.823216
-3.901874 -2.465724
-0.575104 0.665139
-3.511761 0.410267
-0.060305 1.840273
-2.813128 2.308137
9.815548 -3.067477
-3.271867 -2.960072
-4.548473 -2.942245
-2.835854 -2.662379
-7.341588 2.633807
-2.518744 -2.561533
-3.511880 0.051052
3.928032 0.997369
-5.708934 -2.228286
-1.415638 2.441610
0.296035 0.781852
1.774846 3.023182
-4.104630 -6.641839
-6.025739 0.670173
-5.111754 -1.000923
-1.667730 -1.983744
-3.329840 9.083199
4.662359 1.192983
6.539934 -4.492465
-6.118641 -4.183557
-2.745212 -0.376921
-3.099213 -1.010963
9.095529 0.629909
0.472905 1.412619
2.895982 3.337098
6.968069 3.165247
-4.628111 0.089367
6.791298 1.285701
8.664221 -1.845104
-3.571965 -1.452630
-3.316012 -4.126257
0.375968 1.688334
-6.109580 -2.694662
-4.091742 0.591730
-0.043537 -1.479361
2.334853 1.973120
-6.062269 0.877190
-2.450305 3.744567
-4.608520 1.236123
-3.113216 0.148921
-2.799030 -4.286653
-1.159327 0.373680
-2.289727 1.395319
0.636988 1.991960
12.944429 -4.078213
11.724798 -4.413382
3.161781 3.140978
-6.079229 -1.246925
2.541443 2.049064
-8.766266 -2.120052
6.164160 -5.508626
0.441100 3.632889
-4.025093 -0.796322
-1.944497 -5.195652
0.978244 3.115935
-4.225537 6.475789
9.482262 -6.739319
-6.321926 -0.817504
8.538207 -8.842860
-4.038589 1.918013
-3.141274 0.060618
5.917299 -3.390096
11.967800 -5.248419
4.560822 1.851865
-5.666184 2.222184
-1.435898 0.603254
8.160808 -5.167629
-3.947797 -7.661749
-4.492002 -1.580440
-5.400546 -2.968179
-7.332780 -4.128402
-1.673272 1.881519
-4.034732 -4.236510
2.940421 -2.992731
-1.743213 2.097549
6.577748 3.677160
1.538977 3.811115
-6.492262 -2.031632
1.445415 -2.137418
5.508410 2.691918
4.029809 3.571725
4.966386 0.419657
-3.056659 -0.374625
2.342471 2.339486
-8.039127 -0.047181
-3.180572 0.719693
1.393374 2.740702
1.611948 2.128944
-4.791088 -3.205858
-0.440743 -1.621762
-4.929679 -1.211778
2.768699 -0.793918
5.516474 0.685269
-1.466809 2.133471
-4.622086 0.289579
8.744850 -5.816204
-7.505923 -2.524469
6.591211 -1.517073
4.310732 0.117974
10.239295 5.083435
-8.221838 -3.302084
-4.347776 -2.758488
5.159809 2.578405
12.056444 -4.640132
-4.481479 -0.363871
5.976778 -1.366461
3.208632 2.166264
-2.356382 2.748972
-6.201731 -2.811736
-7.977400 2.093007
2.383852 4.612107
-3.865522 -0.235360
-5.505719 -4.144600
5.762213 -1.413889
-7.102972 -1.263417
0.364492 3.065906
-6.480564 0.059144
-2.807662 1.513440
-4.864647 -2.549414
2.689038 3.488321
-5.810352 1.074655
3.069546 6.066542
0.238353 1.696824
-1.732045 -1.501854
-5.983251 -2.820229
-3.481464 -0.779812
6.972660 4.038744
7.975713 2.593743
-2.284008 3.055646
3.603487 3.585972
10.101862 -3.761550
-0.052762 1.570956
-6.602060 -2.071369
-4.441687 0.346897
-5.790770 1.679279
-5.201771 1.514485
-3.848251 0.108064
-0.454433 2.022641
1.234377 -0.276257
1.479696 1.643742
3.570737 -1.818596
-4.941833 -3.061296
7.237511 -5.232636
-5.847936 -3.509892
-5.514261 -0.637948
-5.045355 -0.679231
-8.445320 -1.863398
-6.203689 -2.284953
-1.782701 1.464160
-5.681046 -3.305178
4.978374 3.457707
-0.194869 1.671075
-4.706074 -4.916090
1.622672 3.315095
-3.645852 2.290560
3.241790 -0.719240
5.425197 0.761581
-7.750418 -0.370807
7.980112 4.729767
-6.159308 1.865702
-3.994657 0.183822
0.955235 2.502587
-4.923808 -0.221842
-0.896247 1.125889
-7.922194 -6.203357
-4.752280 -3.631936
-5.282196 -1.986088
1.979084 2.646639
1.341643 1.705149
-5.266694 0.608486
4.314085 3.645136
4.631732 3.764124
-4.261611 2.134016
-3.783251 -2.929154
11.902310 1.758981
3.493063 1.115886
-3.640232 2.169678
-7.089213 0.236205
-7.092613 -4.083201
-1.137642 0.570658
3.282531 2.570597
3.113427 -0.419761
-4.608520 1.236123
-8.197352 -1.880510
-7.265783 -4.190567
7.642392 -5.154335
4.624005 -4.100154
-7.877225 -1.732697
0.045738 0.946595
-9.226947 -5.679942
5.636690 3.064408
-3.340906 -0.471927
-8.058602 0.887877
-0.644213 -0.148674
3.340605 1.541618
-3.885414 0.193563
-0.472739 0.079216
-7.078126 -2.710012
-6.354796 -3.154921
5.491362 0.165041
5.893077 2.498723
8.202165 -0.782257
-3.819790 1.144039
8.403641 1.576598
-5.774467 -2.273509
-5.217374 -0.381829
3.421768 0.484598
7.186510 -1.242060
2.699798 3.141292
4.654906 3.186450
14.252112 -4.529614
-5.250214 -2.175518
-0.419558 1.830209
-3.925847 -2.616363
3.572925 -0.377556
-3.205422 -3.133055
-6.281423 -1.959971
-4.278932 -1.430957
-1.354161 1.080433
-3.645781 1.423729
7.590359 4.163103
2.528197 1.707341
0.890519 3.659517
-4.773067 -3.455743
2.911353 0.673422
-5.426663 -1.869400
-3.747928 0.007556
-5.525913 -2.713600
-1.719558 1.012122
1.502877 2.020869
-5.248778 -1.523948
-6.783862 0.022742
-2.290281 -6.207427
-4.920056 2.057237
14.594061 -5.342697
2.743706 0.745502
-2.967633 2.486502
-5.547822 -4.720304
-4.909904 -1.124682
-9.604178 1.080142
-6.632679 2.387279
10.063921 -2.216924
2.989919 -1.804775
-3.099291 1.058245
-3.590473 1.333530
-0.675978 -2.351913
-6.169621 0.063274
-3.968370 1.593375
0.101510 -1.617111
5.722538 3.426165
-3.813139 -1.118875
7.465274 3.096886
6.373492 3.262804
3.535476 2.332922
10.976403 -2.557564
3.758761 0.917195
-7.174883 -2.099832
1.416321 2.311277
0.953031 2.435345
-0.263884 2.358079
-5.299111 -4.749946
0.542058 1.827771
1.405310 0.905567
5.142492 0.472613
10.129340 -6.371340
6.452901 2.956362
-4.156423 11.084089
-0.282443 -1.941600
-1.542716 0.727823
-2.493715 -6.293255
-3.772444 0.826714
-5.705413 0.296937
1.757548 3.560905
12.208197 -3.832951
3.302608 0.476649
-6.742123 -1.230102
2.758907 2.655196
8.358513 -1.005293
-3.403614 1.300348
-3.558340 -0.417724
5.370878 2.541849
-3.346592 -4.456137
-4.973312 0.726512
-4.658666 1.387659
3.547641 2.251041
-8.493535 -4.621786
-4.300997 0.372416
-4.022507 -3.382434
7.132791 5.084063
11.443212 -4.222624
12.542903 -6.444841
11.256942 -5.583010
-5.234136 3.033474
12.232018 -2.490075
-4.813498 0.437278
-5.047251 -4.299836
-8.330694 -0.026636
9.972061 -2.554904
4.234395 -2.420134
-4.959963 -0.275830
-3.935024 0.600173
-4.572302 -3.394770
0.060616 1.353157
-4.346743 -0.397698
2.605259 3.305910
1.024323 2.069934
-6.047088 -3.016459
5.859584 2.373532
0.239148 0.720185
-3.646558 -1.276055
-4.456559 -3.713620
-5.554296 1.349934
-4.325619 -0.072929
-4.447765 3.023191
3.108956 1.467204
12.491975 1.250112
-4.238306 1.104524
6.444319 -7.035890
-4.571793 1.373245
-3.077764 -2.552837
3.852506 0.607707
5.600382 1.349745
0.297391 0.971738
-5.104677 -1.617418
-1.369966 9.510991
5.091487 2.764058
2.503607 3.090717
3.768428 2.317343
-0.363051 1.681908
0.430985 1.098861
-1.856105 -5.490457
-0.428020 0.894690
6.369136 2.959862
-5.170291 -1.729357
-6.765096 -2.486726
3.083902 4.040131
5.381990 -0.778732
12.160128 -2.760545
5.293260 3.231373
-7.019728 -0.826517
7.396557 -5.233158
-4.050766 3.986910
-5.834053 0.144162
-6.408305 -3.635266
12.704669 -6.011753
-5.330809 -0.616963
7.623209 0.552886
-4.175653 1.042432
-5.938804 -1.128926
-2.962383 -5.182584
-4.875476 -0.596513
-0.304686 1.087318
-5.999668 -3.923569
-4.718945 -0.130201
-5.472675 1.298200
0.851815 2.000809
0.619079 3.554148
12.992243 -1.245515
3.587797 0.937157
2.045039 4.318970
-6.681713 -0.887569
-4.505078 2.334718
-4.948089 1.393931
1.308245 3.856868
4.739985 -0.336581
6.337042 -1.565877
-5.990319 -3.621206
-2.322199 -0.592842
-6.369934 -0.691911
2.216007 2.744858
5.617108 -2.138915
-6.500941 -2.872358
14.482874 0.692158
-6.108377 -2.074797
11.349064 -2.099578
11.061112 -2.554539
-2.564793 0.060661
-3.113684 -1.886601
-6.707480 -4.543108
3.318393 -0.282000
-8.088774 -1.887152
-6.196767 -4.821185
-5.192879 -0.543378
-4.219653 1.085504
1.925033 2.188909
5.719617 3.046444
0.709752 1.989343
-4.207436 -2.798111
0.624945 2.438510
11.059494 0.545142
3.579953 -1.030358
-1.716329 2.165479
-8.445299 -2.195052
-4.997454 -1.206204
3.568590 3.006088
-5.337263 -2.808978
-4.457423 1.290703
-5.734614 15.225545
-4.014970 0.486236
-3.881526 2.126272
2.391912 2.215430
-6.727051 -2.013793
-5.989933 -1.290767
-5.038414 -1.622549
-6.664631 0.519067
-4.042229 1.910321
-1.085424 -2.213785
-4.673524 -2.278016
-2.815991 2.024460
0.186695 0.118169
8.856193 3.033168
2.077312 -1.436508
-9.074289 -2.869558
2.894598 3.456305
10.493653 -4.557229
4.068462 -0.909830
-6.354676 -2.799089
-3.984852 -2.992575
-4.254597 -0.286422
-1.602688 -0.806776
-2.267922 1.917036
10.164520 -5.725985
-0.027579 2.087243
-2.709615 -0.047626
-7.524054 -2.767871
1.141929 0.390676
2.152879 2.329806
-0.951546 1.245861
0.580114 2.745352
-5.846542 -1.865316
-4.684131 -1.390692
9.762106 -5.956265
1.789986 2.670442
-7.462634 1.079588
7.142878 3.365040
4.003561 2.591124
-1.595716 2.130822
-0.298749 -1.512027
-7.576131 -5.024983
-8.000558 0.052802
-4.182915 -0.484268
-0.231965 3.670829
0.917604 1.900465
10.643684 -6.681075
3.893691 4.468845
11.355116 -4.130723
12.040453 -4.510630
4.081164 0.623781
-6.111636 -1.483898
3.115064 1.684527
-4.377368 -4.920224
-1.121408 1.224648
0.744218 2.462838
-3.074094 -2.326351
7.496890 -0.106480
5.633273 3.276847
-5.465138 -1.508271
-2.614493 -0.080317
-2.618462 -1.563989
-7.897185 -2.539961
-6.099808 -3.068403
0.623721 -2.033379
-2.114586 1.132469
1.610001 1.130982
7.144896 -0.099251
-6.349293 -4.855893
-4.235746 -0.684547
-5.775913 -0.790750
-3.355895 1.078062
7.910006 -5.312676
10.394959 -3.516599
-4.808412 -2.982753
-5.659890 -0.331817
-3.426681 0.247727
-3.405599 2.174249
6.467102 -1.929579
-0.240944 1.393015
7.061853 -4.777317
10.788917 2.034362
7.540251 -1.656930
-7.703124 0.488061
2.101765 1.590109
-0.154240 0.324160
6.411326 3.106583
5.324971 3.020861
-5.204822 8.561157
7.895833 8.743422
-8.762583 -0.879634
-4.853227 1.280096
9.578212 -3.454618
-3.604766 -4.445791
3.756572 2.668345
-6.503421 -3.311059
-5.035727 -0.698044
0.994517 0.753394
-2.792238 -2.920138
1.925704 1.176511
-0.739832 9.523087
-0.775510 -0.673879
5.453999 1.900644
-4.225724 -3.773854
-7.257445 -4.125180
-0.546105 -4.511327
-6.098247 -3.192207
-5.848857 -2.019059
-5.532479 -2.844951
4.565315 2.902208
2.371398 2.634127
2.124920 1.944759
-3.294445 2.377118
3.989073 0.798666
7.022814 2.042335
-5.176381 0.494937
6.044451 3.241731
-5.948273 -5.945889
13.465118 -0.264133
1.750142 0.762812
-1.653238 1.387102
-2.328900 0.483079
5.780202 3.268372
6.243655 4.284395
-3.006285 -0.900258
-7.827582 -3.694040
-3.693102 1.908409
10.317715 -2.376795
-5.078904 0.740769
2.356212 1.823775
0.905714 1.590577
4.014050 1.379081
-5.086527 -3.717743
-4.960497 -0.287710
10.962461 -2.920035
10.819527 -2.193350
1.915478 1.950056
3.570737 -1.818596
-5.588636 0.121959
3.424381 1.439177
7.139349 0.765722
-8.576482 -2.986202
-0.924358 1.930268
7.593819 2.695907
-0.606196 0.671185
8.508347 2.080056
-5.222321 -4.939437
-9.611620 -2.118946
-4.836042 -0.207553
-9.108073 -1.170033
-5.312739 -0.858077
-3.216284 0.275314
3.174439 -0.185132
-6.050153 -2.094189
1.847239 -2.376737
-6.845264 -1.030657
-3.307649 1.950666
1.003185 2.125111
-6.137690 -2.962555
-6.277440 -4.041209
1.726352 2.288016
-6.616141 -4.582836
0.398159 0.543920
-6.816977 -0.657664
-0.874843 0.142582
-2.395222 -2.793129
-5.208498 -1.223414
-5.544247 -1.473583
6.389606 4.022916
-3.753747 1.072796
-2.031304 1.542455
-5.274773 -4.830283
-5.938839 -0.990890
-4.322382 -0.243030
0.304412 0.485607
4.837365 3.780361
-6.715227 -1.234991
-5.617065 0.178103
3.704453 3.895961
-1.276284 -0.174015
14.670437 -3.664918
-4.273315 0.918959
4.833384 -2.922405
-6.170688 -3.171075
-4.142158 0.154352
6.377590 -5.774085
-5.150813 -4.693283
6.463520 0.548025
10.976403 -2.557564
-6.135691 -1.055142
6.156847 -4.483469
6.991733 -0.461247
7.268204 -4.179176
-9.153804 -2.611944
11.526259 -3.519100
11.175351 -7.448740
-2.813670 3.837476
-5.160957 -0.727868
2.330029 1.891299
-5.035435 2.308427
1.918476 3.210218
0.577576 3.645662
3.436823 0.773735
9.111634 -4.539639
-7.130557 -3.749252
-5.830483 -2.878774
2.178818 2.118609
0.735652 1.075007
-4.096795 2.215468
5.258376 2.489416
3.771023 2.764460
1.456929 3.424248
-5.389590 1.574300
3.486463 2.637531
2.500444 3.533223
0.882665 -9.090526
6.634714 0.371782
2.218632 1.915819
-4.006569 3.006427
-6.203712 -2.013555
3.731182 3.178980
2.036970 2.296737
4.088653 1.932730
-6.637496 -1.601129
-6.863296 -3.309303
-4.798264 0.225274
8.347853 -0.798516
2.888590 0.457298
4.035752 4.050316
18.581283 -4.822154
2.514290 1.434020
-5.846273 -4.655008
-1.552507 0.014404
12.863852 -2.586091
1.720655 1.916134
-4.520171 1.503671
-3.301726 -4.918956
-2.861092 -1.266928
5.194251 -6.791203
5.030328 2.324381
-3.224135 0.654903
6.682990 3.796110
1.546129 0.953958
11.685875 -4.155440
2.147091 0.761010
1.552789 3.441121
-3.636939 0.004229
5.480780 -7.402389
3.451103 1.077919
-5.217769 -3.583398
7.008368 4.359656
7.134229 1.267501
2.823271 2.465549
-6.836594 -3.607145
5.445326 -3.222615
-1.307060 0.940262
-4.974814 1.272913
4.385513 -3.288402
11.428269 -3.548275
4.730862 2.240760
10.821955 -3.746092
-4.323601 -0.160158
-4.227797 0.357556
-2.662264 -1.232204
-4.943967 -2.789865
-5.497539 -1.779881
-5.684210 -4.107386
2.131937 1.626690
2.942301 1.529114
3.126830 1.917244
6.613291 0.554858
7.027521 -0.745609
10.834774 -6.901487
-4.136875 1.486376
-4.030829 0.989327
4.604461 1.487537
2.235957 2.439972
0.652381 0.124045
-3.220913 -0.337756
-6.748385 -3.949042
-3.882472 -2.525924
-5.667241 -0.098031
-6.946426 -2.175687
-6.503421 -3.311059
7.368830 0.851343
-6.011011 -2.914291
-6.881404 -1.705912
-3.747085 -0.066703
-7.006541 -0.274852
8.782984 1.885460
-0.866278 -0.257022
-5.105674 0.648694
1.500999 2.046188
6.018838 1.957787
-6.304576 -2.464543
-2.063519 4.237881
-7.608827 -2.308463
7.631424 3.790590
-2.074808 -3.839603
8.181945 -4.795227
-5.790076 -0.608878
2.578836 2.912079
6.467281 2.046446
-4.077317 0.818171
-5.266119 -1.505059
-5.793281 0.253812
-5.613137 -1.530827
-5.891797 0.567733
-2.313103 0.920723
-6.124803 2.094548
-2.388104 2.431914
-4.295495 0.236748
1.641659 3.403978
2.236513 2.406274
-4.869621 -1.041061
5.242151 -0.583869
6.278849 2.964116
6.054549 2.428679
1.626317 -1.807530
2.638964 1.515037
4.242275 -1.314703
5.454570 -1.692778
4.310728 2.443470
-5.409949 -1.854741
1.807819 2.217914
1.479258 1.749743
1.770728 2.714043
-5.373472 -1.217638
-5.208285 -4.852202
9.714524 -5.835242
-2.903012 -2.523696
-4.434953 1.404344
-1.365247 1.673904
-3.845954 -3.616805
-6.988797 -0.967545
6.034896 2.101033
-2.621982 -3.834533
-3.598474 -4.168329
9.650543 -3.425411
-5.972784 -0.756989
8.962093 -5.308745
-7.263959 2.609784
9.171301 -3.972292
14.927227 -3.170173
-7.298692 -0.747500
6.544343 0.472436
1.016551 1.455182
13.093975 -7.514911
-6.360806 0.399809
-5.148333 -0.795717
-4.949874 -0.117044
-1.069910 1.081112
5.042761 0.128554
0.193040 1.079834
-1.065017 1.963881
-5.372317 -0.442158
-3.987511 1.072000
6.398001 0.112267
13.341103 -2.448102
-7.257445 -4.125180
11.793759 1.104717
-4.572700 0.040349
-4.999210 1.313966
12.232018 -2.490075
-7.114849 -4.136627
1.109622 1.378372
3.204865 1.039033
2.935693 1.465973
4.623257 2.101777
-6.192881 -3.354624
8.250404 0.453105
-1.973150 -2.294795
-4.076637 -0.276834
-5.216269 -2.264722
1.317437 2.367496
-6.508716 -2.363054
17.463063 1.240271
-5.208208 -4.629177
0.140603 -2.329737
-7.633279 1.286108
3.494572 3.204734
6.133663 1.360055
-0.654085 1.190145
-3.598474 -4.168329
-2.411402 1.120888
0.338234 2.489590
-0.079877 2.476649
-3.497316 2.057642
4.001405 -2.628052
3.574647 0.526491
1.428203 2.416488
-7.050422 -1.650568
2.098713 1.693849
3.134131 3.101990
-7.332780 -4.128402
-3.843341 1.450505
-8.360382 -3.655641
-0.849969 3.529007
1.287819 0.829505
8.854033 -6.315545
2.281106 1.944142
0.013011 -3.474386
-4.905286 0.057967
-2.291997 1.176834
-6.435925 -2.585948
-2.890659 -2.665142
-3.875249 -4.192766
12.148253 -2.550130
1.897874 2.855100
-7.461390 -5.557424
-4.653677 -0.639660
4.805873 2.592556
-5.074932 2.210934
-6.324671 -0.231914
-5.260780 2.683307
-2.577372 4.562091
9.428954 -5.639952
-0.250541 2.134440
-4.264770 0.406682
-3.730685 -3.079052
0.834984 2.516217
-5.695199 -2.403897
-3.630551 -1.349080
-4.848055 0.549589
-4.051408 -0.310882
2.712148 3.385863
7.916396 -6.443065
-6.975866 -0.069261
-5.420539 1.887456
-8.335539 -4.763341
-4.207323 0.754515
-1.521643 1.463847
-5.819860 -3.670211
-1.963826 2.215465
-0.283121 2.114395
4.677631 1.105142
8.887539 -6.205190
-5.999668 -3.923569
-7.812056 -1.207222
-0.399281 1.564663
-2.888441 2.534612
-6.449757 -0.907777
6.875004 3.861774
-3.017675 1.511190
-2.229583 13.464532
2.444550 1.002458
1.952352 1.993582
5.451284 0.024869
1.031172 1.727143
-2.714404 1.487986
-6.250567 1.671987
5.289229 3.180672
10.331314 -7.270775
6.114325 3.031682
-2.440043 -0.074479
1.475887 4.086965
9.103090 5.195634
-3.541822 -3.131094
-5.630929 2.240712
0.438889 -0.816513
1.550793 2.471325
-3.057700 -0.312165
2.756495 3.350663
0.772526 3.229610
-4.627800 -0.441216
10.654440 -5.626840
2.152820 3.995067
-4.267958 -2.640116
-4.499491 0.410321
8.337081 -5.064744
-1.196544 0.676898
10.961960 -4.998767
6.112888 1.915226
-5.577691 -2.024787
-2.941335 1.397315
-2.144814 -0.048922
-1.710283 1.507956
2.735288 -1.436053
-7.416195 -1.839219
1.786687 0.024814
3.761364 2.660603
-5.018682 -5.598243
4.870723 2.870033
-4.501653 -0.063209
2.427510 2.712473
-5.892682 -4.360953
-2.931884 0.659055
-6.025691 -3.579774
5.381990 -0.778732
-5.108296 -4.420391
-8.766266 -2.120052
-4.169275 -0.362500
-0.126944 1.956112
-6.220113 -4.943772
-4.984080 1.378031
1.608300 1.832894
-6.451551 2.556484
11.461866 -2.683526
6.573278 0.228838
0.589781 1.179943
6.909688 -1.422633
-4.594909 -0.103119
-4.087975 1.431606
-6.246746 -0.065352
-5.525122 0.049958
2.004396 2.702727
10.410354 -2.048920
8.745720 -2.072772
-3.900027 1.055307
-7.257445 -4.125180
-3.332474 1.265038
-4.346448 0.954717
-1.087782 8.295877
-5.327695 1.130146
-5.663407 2.193463
-8.132163 -3.852181
3.510888 1.966587
-5.355480 1.723963
-4.737882 0.666813
11.451563 -6.235318
-7.499222 -3.494852
-4.737540 1.193768
9.899147 -1.444532
-7.090175 0.044861
4.212921 -1.087766
0.981476 0.978724
0.807100 2.431910
-4.601139 -0.357450
-0.366253 2.390079
5.826936 0.616952
12.209635 -5.437338
1.358796 1.551658
-2.439381 4.269314
6.197638 0.148169
-3.954737 2.140526
-5.501676 -0.514454
-6.930945 -1.269625
5.310549 2.638910
7.255885 -4.902773
-8.613775 0.088338
0.158057 0.721836
4.909472 -0.251596
-5.367608 0.673960
-7.507611 -0.573708
-4.851582 -1.592219
2.181665 1.293330
-0.823674 2.071391
-8.431814 -3.265780
5.730093 1.075146
1.457060 2.588161
6.138246 3.071173
10.385336 -3.564157
-5.351257 -4.462348
-5.001643 -2.972359
2.492634 2.381236
-4.145016 1.281034
6.700781 -4.156101
1.450019 -2.756854
2.643278 -2.716869
18.884286 -6.069179
-3.748420 0.681905
9.566029 2.701216
-2.978386 -0.435258
1.157314 2.460878
-5.606709 -1.188381
-10.280708 -2.183641
4.035992 2.073753
-5.187880 0.957337
-5.339731 -1.178185
4.656789 1.244566
9.589631 -6.058121
-7.013658 -1.909440
-3.948874 2.511106
2.777529 1.300643
-2.000183 -5.040173
-5.463903 -2.966346
-3.760337 1.659132
6.679956 -0.787183
-3.364174 1.456028
-4.567963 -3.671584
-2.574032 0.589062
3.562541 1.343045
5.502308 2.377869
-5.105674 0.648694
-4.846389 -4.905502
-5.884382 0.863964
-4.717520 0.521558
3.111125 0.959976
3.013599 1.542476
-6.933524 -1.698540
-2.632356 -0.189550
10.516444 -3.593134
-7.994264 2.039181
-6.588089 -0.484094
-5.452751 -0.155696
-5.763576 2.791554
-5.067288 -4.431370
5.641493 3.940677
-2.457943 14.498263
6.236113 -0.969853
-5.245614 -2.848604
3.671601 3.631731
-2.449236 3.003304
-7.473372 -3.886085
-5.884074 -4.910081
-3.258024 -1.653197
-4.160415 0.538791
6.967308 2.340573
2.801091 -0.234005
-7.380260 -1.443706
-4.421343 -4.049074
-5.527673 -4.624501
5.699600 0.228383
0.314274 1.455049
-2.610591 -0.793349
2.938815 0.846506
7.178181 3.146803
4.929632 -0.693697
3.695948 1.070668
0.465738 2.256370
-6.171419 -1.222883
-5.517205 1.544749
-2.792561 -2.153231
-8.784266 -0.177677
1.010663 4.336986
2.860678 1.268612
4.446103 2.883520
9.176928 -6.924098
5.167850 0.865146
3.210231 7.245643
-1.745571 2.625592
-8.544860 -0.793555
-4.384186 0.235672
7.381215 -5.278813
-4.164544 3.184922
-5.313099 -1.504491
1.543395 1.871928
-3.015459 -0.718250
-3.767595 0.854897
-5.524325 1.078859
-2.871486 3.123402
-4.343450 -1.956848
1.793284 -3.269162
-0.680622 1.235784
-0.414124 3.347108
-8.820455 -3.807933
1.275993 1.712923
-5.395610 0.507418
6.889360 1.872525
-4.028621 -2.848728
-2.265638 0.237736
-4.910614 0.057665
0.628628 0.898175
3.092836 1.038345
11.004113 -5.330978
5.081161 -1.377596
12.581878 -0.392936
-4.936581 -4.442395
-4.018754 0.640131
2.791606 2.186196
-4.366620 0.347635
-4.279218 -0.351509
-3.073527 -2.771899
5.911868 3.523043
-3.614218 -1.284131
11.967485 -2.686029
-6.213158 -2.479803
-6.152440 -3.252930
-5.635355 1.402863
-6.363110 -3.326505
-2.909142 0.833619
4.844929 2.552501
-5.476983 1.657499
-6.028364 -1.490355
4.254837 -3.729007
-9.591451 -0.485540
9.326569 -9.616206
6.840090 -0.853302
-1.594722 4.160534
-6.078610 -2.287858
5.270948 2.613912
-6.086289 -2.979074
0.401994 2.685103
9.524731 -2.492688
-4.132147 -0.716767
-6.665401 -3.473945
-6.444265 -4.438853
-1.099948 2.908563
6.842972 -0.241792
-3.364174 1.456028
-1.588346 0.138386
3.726887 1.691016
-5.231286 1.638585
-5.856588 -0.698601
0.308071 1.733480
-3.557853 -0.097758
-6.422852 1.027754
-1.544661 -0.939253
-4.609718 -2.980174
2.657848 0.175913
3.278744 1.581598
8.671032 -0.594746
-3.857132 -7.691639
-7.753122 -5.236182
-2.550172 1.132404
-3.759426 2.034902
9.669444 -4.232387
3.737710 1.548984
1.633937 2.814512
6.353517 4.026632
5.384756 -5.749473
1.984416 1.488609
-6.816289 -0.930735
6.542440 0.985679
-6.193875 3.654533
-2.688812 2.039923
-4.239496 -1.390957
9.600697 -4.186110
-5.891797 0.567733
6.898326 2.945582
-0.725431 3.114340
-2.085736 1.824311
7.368981 -5.344343
7.934482 -5.284053
-4.346369 1.119725
-6.658978 0.058345
-2.487910 -2.621070
-4.168929 -1.362587
2.903125 3.951962
-2.450399 -0.989305
-3.472735 -0.931107
5.466746 3.190428
-4.225618 1.800308
-0.241745 3.131589
3.756572 2.668345
11.877719 -3.797258
-0.604145 2.143226
2.172024 1.127478
10.319145 -6.750546
6.475798 -1.777826
4.967807 4.103980
-4.658753 -2.103329
2.139623 -0.772505
3.586097 2.147945
-1.205621 0.075985
6.777557 -4.496361
-3.207066 -0.493993
1.974994 1.902140
-2.355635 -1.339146
-5.892318 1.087581
-3.387556 0.850096
-3.293016 -3.228906
5.696628 2.771655
1.812665 -1.751183
-4.925008 0.732265
8.998722 -3.639270
5.871853 -0.057580
7.402068 2.751049
-6.631477 2.365833
-3.175320 2.689087
1.097447 2.492377
-5.154678 -3.361891
6.811527 -5.542086
5.858154 2.174515
9.994445 -5.952599
-0.911739 0.651713
-1.766824 -2.319405
5.510124 4.304236
9.726754 1.243646
6.009344 -6.550781
6.332433 2.765898
1.928954 1.114835
-3.608001 -2.376233
1.770995 2.819660
-6.131061 1.319983
5.438710 1.993245
-6.957309 -2.424249
1.675445 2.417331
0.107653 -2.328473
-2.181420 2.454016
-8.859990 -2.304665
-2.356382 2.748972
5.736645 1.107356
5.081161 -1.377596
3.244150 1.587596
9.611285 -4.980706
7.005307 0.144463
5.381522 2.278703
-3.734512 -2.595960
-5.267730 1.033807
0.279941 2.348646
-5.975732 -0.743618
1.806154 -0.170344
-4.515298 -4.896026
1.166289 1.548788
-3.204764 2.636565
-5.258172 -1.471851
-6.719350 0.655846
3.359071 0.984136
-6.203192 -0.333612
11.125440 -3.630198
-0.732638 -1.023842
-6.948578 -0.675849
-2.939072 0.060260
-8.306435 -4.390920
-1.602688 -0.806776
13.989750 0.836670
0.254895 0.496188
-2.172899 0.912020
6.608047 2.703845
5.865527 0.191051
-2.820712 3.207095
-0.367644 0.592496
-7.741864 -1.600516
-4.995886 1.941646
9.022637 -0.727048
5.210374 2.847343
-6.008403 1.448733
-8.309144 0.017231
-7.504218 0.994884
-7.084774 -1.240775
11.859307 0.089716
1.754409 2.729943
0.628311 1.571629
3.358575 0.512697
7.590553 1.843689
10.698382 -4.923237
8.277895 2.636079
4.959652 0.576227
-9.031689 -1.304021
5.075273 1.057378
-3.812903 -0.060169
10.562195 -4.191929
-5.803004 -1.916411
-8.762583 -0.879634
-4.142322 -2.075658
6.964600 -4.709614
5.654569 0.026931
-2.791131 -0.010849
7.642488 -5.642732
12.990781 -5.036121
8.260703 -6.176078
-4.362241 -0.130148
-6.945938 0.776925
16.440900 -7.027682
-4.762779 3.097805
1.415610 2.013426
7.556372 -2.386843
-7.833563 0.579400
-3.282449 -3.314324
2.967380 1.658327
2.119296 0.880124
-1.069862 0.495126
5.105366 -0.358404
0.617596 1.805936
2.060753 1.837922
6.373526 2.446839
4.314074 1.987515
9.611285 -4.980706
-5.208208 -4.629177
-0.114197 2.555147
12.208197 -3.832951
2.324787 -10.147699
5.154770 3.131177
-6.958520 -4.433190
-3.673395 -0.602021
8.058756 -1.125032
11.196694 -3.460100
-6.571354 3.416209
-3.094404 -1.629258
2.929965 2.211109
-5.250006 -1.771430
-6.720294 -1.490730
8.979602 -1.477490
0.018513 0.662307
6.763925 2.506942
-5.993548 -2.267785
-3.512031 -2.140993
-5.208285 -4.852202
-1.159580 -0.753752
-4.504862 -2.447260
-2.299667 -0.034047
-5.302503 -2.405359
7.590553 1.843689
-1.206547 0.827834
-5.265120 -4.912362
0.938586 1.419939
0.088868 1.740510
-5.000454 0.261149
0.158057 0.721836
-6.240827 0.998251
5.184886 3.447356
-5.892318 1.087581
3.071060 0.376258
-2.847972 -0.582499
1.884214 -0.020624
3.226959 2.611018
-3.090269 1.038659
3.424381 1.439177
-4.103122 -0.622171
-6.780600 -5.039169
-6.106785 0.509931
6.153747 2.356679
-0.635908 1.294506
0.751490 2.695265
-3.359523 2.680439
-4.215395 1.483329
-0.168588 1.739513
-3.355796 -1.101362
-3.596854 -0.805564
-7.257445 -4.125180
-6.105571 -0.873885
-3.091578 -7.211320
-7.252856 1.749635
6.232878 0.693375
-4.853179 -0.093296
-4.267710 -2.020986
2.216659 3.523074
1.705992 2.897143
2.137999 2.761840
-7.319577 -2.476286
-5.044284 0.201496
-2.139853 -1.186511
10.642304 -6.096176
10.884832 -6.558086
9.636220 -5.596579
-5.460697 -2.561007
9.149041 -0.371259
-6.987238 -1.912402
-4.992030 0.839656
-7.500576 -1.978824
-4.664993 -1.962164
3.329544 1.198955
12.470407 -3.901291
-5.490320 -0.983397
1.344986 3.313721
4.492688 2.956476
-7.724041 0.561816
-3.758806 2.430837
-3.614830 -0.846865
14.476910 -1.280270
-1.639573 0.472872
14.252112 -4.529614
12.000609 -3.101094
2.669409 -7.013618
-4.381050 -0.933822
4.289355 2.984441
-0.338210 0.008257
-6.375850 -0.889237
6.120585 2.549250
-3.944328 1.216006
0.454869 1.305857
-6.130861 -3.590698
2.421687 2.113986
-5.270959 -2.918948
-4.208897 0.808120
-4.457811 -2.321658
-6.059752 -0.106589
-3.362892 -0.986450
-3.152646 -2.563402
-4.033867 -1.769813
4.905542 -0.271596
7.398578 2.143991
-7.378987 -0.985058
3.570737 -1.818596
-7.298692 -0.747500
6.073050 2.519824
-2.286504 1.760983
-3.548129 2.201995
-4.791258 1.797539
4.305659 2.167568
3.262170 3.243620
7.395672 -5.253401
2.394581 2.719958
-1.123811 0.570568
3.594189 -2.651922
-0.680622 1.235784
-6.493622 -0.770561
-5.891797 0.567733
1.001437 1.683045
-4.453524 0.299988
-4.169317 0.361954
9.392404 -3.883740
-4.539980 -0.306269
-2.232811 0.681341
-3.068244 1.842844
3.229480 -2.785060
12.484796 -5.815436
1.329039 1.617207
-2.991626 -0.893999
-2.571284 -5.019736
-6.704269 0.392499
-5.188182 -0.066957
-5.473416 -0.479665
-1.499140 2.292954
5.200079 0.148838
-7.062554 -1.243021
-4.572793 -0.068998
-6.312687 -1.673222
-4.762740 2.971261
0.194847 1.766961
8.743649 -2.025659
-0.310053 1.832132
0.641205 -1.914694
5.565344 2.423651
-4.457132 -1.916371
-4.456559 -3.713620
3.546206 3.629939
1.003304 2.041703
-7.624725 -3.788431
4.955174 2.141532
-0.759274 -0.908057
-8.463719 -1.909356
1.894679 2.589754
2.648323 2.519442
7.036865 2.340588
-6.151733 -2.327655
-5.685093 -0.195517
-2.218066 -2.187634
5.859161 2.876000
0.900962 -0.499435
-4.360400 -5.060688
5.370878 2.541849
1.649363 1.712033
11.714155 -5.839356
0.052060 1.872248
5.636439 2.951592
-4.245469 1.162003
-7.226240 -2.519872
-6.540379 0.306623
-5.471083 3.337711
-3.465736 -0.530629
-5.748245 -2.122473
-5.072966 -0.565413
3.821238 2.906256
12.744416 -7.450886
7.223893 1.909084
-5.420539 1.887456
-7.483290 -3.455460
-4.495171 -3.872077
-4.305977 1.367248
-1.886651 -0.988957
7.411073 0.342141
-4.128603 -0.600594
-3.473237 0.842485
-1.796848 -0.471141
0.744516 1.505454
-4.265097 -0.229955
4.969006 3.293138
4.528259 0.525901
-5.173065 -4.718865
-2.250501 0.188355
-4.256733 0.902744
-4.592984 -2.834298
7.980112 4.729767
1.170068 1.866842
-2.398445 0.930987
7.291217 1.776118
13.547312 -5.156368
0.922319 2.330372
1.983862 3.068706
1.627406 2.793076
8.587773 2.392414
3.487449 2.558910
1.389602 0.590043
-2.835854 -2.662379
-7.899088 -1.075259
10.025469 -4.995298
-6.083967 -3.753703
-1.483709 -2.625734
-1.756751 0.743714
-6.052489 0.006998
1.716358 2.564562
-5.520519 0.355548
-0.695230 0.363911
-4.312617 3.263862
-8.720381 -0.976450
-4.633295 -0.843522
-2.622051 2.455170
-2.034500 -2.327363
5.430828 3.176061
2.184102 1.717405
-4.575425 -1.217586
-1.453096 2.402299
4.524862 3.364675
-3.430583 1.894413
5.330409 4.775018
-7.512388 -0.854066
4.180454 1.928012
8.657042 3.236237
1.114356 2.517185
11.587252 -3.223795
-6.892315 -2.612800
-4.305977 1.367248
7.946461 3.945925
0.295205 1.611912
-4.920099 -0.965930
1.856713 1.191179
0.161719 2.241836
-6.434122 -3.219188
-5.503906 -4.103260
5.745071 2.112756
-3.384824 -0.535819
1.901367 1.692583
0.050206 -0.665455
-3.291539 -0.341298
-2.543459 3.059974
-1.400890 -0.395819
-0.663906 2.796001
-4.156423 11.084089
-1.226820 2.374031
1.016814 2.343566
5.956380 2.541218
-1.704502 -0.303493
-8.297364 0.440334
5.231644 -0.508775
-0.130338 1.641831
-4.051787 -0.457850
-5.880667 -1.584657
-0.480326 2.542002
-6.499441 -2.691656
-6.259329 -0.750336
-3.650134 -1.876083
-5.137391 -4.733250
-6.863296 -3.309303
0.029994 1.906214
-6.018289 -0.223637
14.252112 -4.529614
-4.831689 0.024678
-2.323678 1.367886
-5.239888 -1.371082
-2.940279 -1.552186
9.115089 -4.187037
5.025478 -0.698937
6.415754 2.011603
1.256943 2.722199
-6.275507 -0.762302
-4.026709 -1.039754
7.178245 -0.436693
-5.742834 -1.190995
-7.322009 -0.681581
-0.499791 1.965175
5.943522 -0.269521
-2.744883 0.763889
2.886911 1.354477
6.117835 -0.879782
0.658837 0.562301
8.000726 3.164335
-2.146897 -0.608328
3.545905 0.324708
-2.242588 -0.455731
-7.687822 -3.012559
-5.418011 -3.603187
6.848060 2.689026
-5.902947 -4.499095
-5.491050 -0.553081
-4.343724 -4.464289
-0.344205 2.111749
9.885158 0.915257
6.248045 2.459474
-6.204990 -2.668354
-1.749809 0.619710
-1.224823 1.839279
-6.100819 -3.476474
1.834013 1.080085
-4.456559 -3.713620
1.310475 1.356818
-5.535405 -1.510738
5.026574 1.932868
0.220787 0.601166
6.774589 4.138862
-5.793373 -2.156923
-5.208285 -4.852202
4.393989 3.372435
-3.282014 0.240021
-4.370865 -1.852655
2.950939 3.114001
2.019982 3.017424
-4.742854 0.093177
5.264520 2.618541
-5.733530 -1.061370
-7.222083 1.845029
3.397400 2.310732
2.802029 2.244213
-4.788574 -4.446916
-4.700756 1.660346
-6.894319 0.504478
-5.840608 -1.073872
5.335240 0.928161
-0.359537 3.001190
4.841807 2.627961
4.143229 0.618581
-5.194383 2.749980
2.962702 1.505562
10.008011 -5.045146
11.587252 -3.223795
-3.333219 -3.089883
-7.491954 -1.835865
2.433007 -3.179366
8.265688 -6.257785
7.673400 0.109359
-2.194721 1.496151
-6.172121 -1.842858
-3.346515 -3.927559
8.406120 -0.198410
8.073003 -5.074601
0.661505 2.369178
11.742468 -3.161713
-1.206881 2.161051
-5.146212 -1.613161
-2.595063 0.734677
-4.844381 -3.820522
9.887957 -1.581395
4.382237 0.568837
2.424040 2.212164
-7.302862 -1.729882
-5.108296 -4.420391
12.580836 -0.762108
-2.822180 -5.416167
-4.151970 2.723233
-7.490033 -3.492923
-5.902982 -1.376592
-5.690964 -1.489693
-0.143468 0.900188
-2.319340 1.770405
-6.909299 -4.860967
9.226070 -6.137617
-2.707455 1.119217
6.631942 -2.296284
-7.141058 -2.287458
2.718367 0.386494
-7.062298 -3.511201
-6.634823 -0.615729
12.495614 -7.548889
-7.641424 0.486237
3.376227 3.545812
3.379834 -6.207559
-8.463719 -1.909356
-4.657844 -3.849963
-8.440165 -3.105181
-8.820455 -3.807933
-6.145990 -0.677370
8.415747 0.209136
-0.471810 1.275524
1.055647 1.030298
-5.915592 0.760306
6.009321 4.016142
-2.892981 2.197808
0.052060 1.872248
-5.399103 -4.686655
3.035345 2.727576
3.445890 2.062742
-4.608520 1.236123
4.871761 2.698963
-7.499457 -3.356399
-5.149514 1.973269
-7.662293 -1.530306
2.763758 2.309518
7.642392 -5.154335
-0.466482 0.652201
-6.023025 -2.920865
5.681895 1.556564
-5.444484 -1.421158
-3.207066 -0.493993
1.793060 3.492825
0.192490 2.156328
0.001481 -0.304943
-3.612246 -1.420719
1.449124 1.602187
-6.948609 -4.276695
-3.440297 -1.475690
-4.180826 -0.829511
3.821957 -5.367781
-3.270751 -1.761408
11.597733 -2.219741
10.028770 -3.617510
-5.613420 -2.846126
-4.166479 1.099717
4.387490 3.307907
-6.592423 -1.110422
-7.675786 -2.672206
0.735013 -3.470243
6.842972 -0.241792
4.974871 2.572060
-7.603997 -0.784185
6.711847 2.867233
4.275365 -4.367640
-6.388190 -5.068867
9.415340 -7.903687
8.365951 -4.346046
-4.417012 -0.758801
7.564565 -1.601487
-5.329338 0.049076
10.921234 -6.093979
8.495399 -6.104441
3.125957 0.623801
4.702392 1.123007
-3.705207 1.765371
-2.699151 0.340579
-4.664841 -1.688377
0.837039 3.610444
-0.701223 0.968802
-0.446415 1.015492
-3.518447 -4.980184
2.475344 1.017098
-4.278880 -4.002289
11.443212 -4.222624
11.027667 -0.769810
-3.950218 1.895207
4.383716 2.283034
12.329673 -6.988771
-4.623829 0.190837
-4.851440 -1.861999
-1.687883 -0.086361
-1.935695 -0.004440
0.828775 2.671089
3.465044 2.224486
-6.295678 -4.261028
-8.762583 -0.879634
-4.825445 -2.759043
-5.637375 -4.167155
-6.116955 -1.975982
3.017813 1.966179
6.639700 0.700413
4.885134 3.177078
-5.262816 -1.089853
-4.560918 -0.996102
-6.558319 2.260825
1.048530 2.571267
4.414117 3.024549
1.244662 0.065096
1.524158 2.015607
3.981038 2.207381
-1.614092 -2.448628
-4.618615 0.174784
-6.929072 -0.322533
-2.457943 14.498263
3.483293 2.405664
10.658079 0.517006
10.687098 -4.154422
-3.892438 0.797145
0.686022 1.423471
-6.203689 -2.284953
-4.081807 -3.464336
-3.652440 -0.267247
-4.135667 1.705969
-2.577294 2.025518
-4.338678 0.430698
-3.353411 3.627398
7.112272 3.826949
9.101855 -3.670792
1.346021 1.552709
-4.973631 2.927665
1.786687 0.024814
12.944429 -4.078213
-4.795418 -1.966025
16.671190 -4.305719
-2.038762 -3.482935
-4.919422 -5.519600
-6.626342 0.166102
-2.272796 -4.110228
-2.580668 1.429851
-6.271716 -0.394291
-0.028472 1.625740
-4.303189 -0.157843
4.600900 2.055703
-3.987097 -3.614471
9.155703 1.036791
-6.769880 -1.286045
-5.372105 1.243242
-2.403865 -0.141449
4.527830 2.216411
-4.465630 -0.705306
-4.752890 0.120774
6.373966 0.347951
3.524556 1.325296
-0.560182 1.038550
-5.150813 -4.693283
9.183473 -8.539940
-1.637510 0.168215
0.297237 1.771070
3.829304 -0.839409
1.479258 1.749743
5.410238 3.220690
2.956073 3.616673
2.417377 2.317060
-6.125447 -2.192037
-5.208208 -4.629177
-2.310718 -2.066429
2.054911 2.171389
-3.845384 0.489064
-5.800145 -3.861604
1.716546 1.518140
-5.049925 0.683179
5.848579 -6.643864
-7.496494 -0.890882
-4.810445 -1.240222
-0.739832 9.523087
12.992243 -1.245515
-4.485563 -2.078020
2.557206 1.975300
4.300244 3.345635
7.234272 -4.164382
3.581685 1.615032
11.502516 -5.449752
9.664043 -5.904654
9.366436 1.581310
3.614452 3.336588
-5.365337 1.817586
-3.564535 0.893908
2.631919 0.933709
-3.452635 -0.227285
-3.130226 1.120895
8.158959 -1.249899
5.440805 1.158881
5.015553 3.720409
-7.738472 -0.325243
-3.631993 -0.402380
2.467989 2.972081
-2.978084 2.358471
5.195721 1.135721
7.807737 -3.959928
8.051351 3.601882
-1.597513 2.472887
1.450969 2.712078
-1.745572 3.247106
2.865485 2.258575
-5.163478 -4.738985
-8.055395 -1.806281
-6.613838 -0.833041
2.781472 2.031851
-5.150079 0.280675
10.881114 -6.221132
-6.661430 0.315858
3.747933 -0.374282
2.475751 2.002450
7.655528 11.160143
6.125088 5.725846
-8.213720 0.845856
3.969079 2.248282
3.441181 2.289595
-4.032658 -2.210638
3.233484 -2.108815
3.290704 2.730850
9.166356 -2.232670
-6.071316 1.724685
-3.206891 -0.498816
-5.665433 -0.601481
3.359942 1.975663
1.394268 2.203705
-0.718290 1.945918
0.247102 -0.278341
5.220283 -0.442549
-6.996182 -1.602172
3.090468 0.755579
-8.991444 -0.945087
-6.348059 -1.611545
4.256596 4.834982
-5.197221 0.346424
1.925152 1.868166
-4.569715 12.084535
13.514058 -4.696737
2.988053 1.698921
-4.108699 2.809824
-3.783251 -2.929154
-1.519557 2.599721
-6.228132 -2.515007
-2.602245 -0.545782
-5.193480 -4.435003
5.482464 1.579057
14.355701 -6.710316
-5.891797 0.567733
3.979112 2.585196
-3.057596 -2.999287
-2.885649 -2.616364
-1.530859 -0.030904
-4.077747 -3.691231
-8.358997 0.985959
4.508428 0.552153
6.463032 2.543280
9.809286 -5.784075
-0.730169 1.970433
5.019008 0.063145
-7.034271 -4.695247
0.606238 -2.152064
-9.604178 1.080142
-0.952643 3.028566
-4.992256 -2.358579
3.592534 2.239119
4.808449 -1.492656
3.438299 2.402738
-0.156510 0.828065
11.543644 -3.847647
-2.652367 0.826116
-5.525802 -1.323490
-6.474195 -4.368821
-5.494428 -0.188472
7.786843 2.689922
-3.421984 0.749485
1.685365 2.772556
6.286498 2.705498
9.167137 -6.258729
-6.941854 -3.913703
2.479119 2.846043
-0.166711 -1.547202
-1.190280 -2.121149
-6.575345 1.008432
6.169536 1.721983
0.975041 1.186273
3.590291 -0.833722
6.542991 3.807307
6.887509 -0.166564
0.757803 1.547265
-4.124224 -1.422664
-5.091064 -4.166589
-5.329800 1.906405
-0.036397 1.350317
3.259843 -0.018938
-7.297503 0.714990
12.985949 -4.088831
-3.345686 1.664848
1.167593 1.962078
-7.812056 -1.207222
-5.092690 -4.303773
-2.912137 -5.243260
-3.053074 -0.795857
0.062974 -0.424376
12.516558 -1.192353
8.209283 0.505312
-2.085736 1.824311
-5.494884 -0.892230
-5.100462 1.600433
0.455751 2.390759
-2.959776 -0.101790
-3.976175 0.467443
2.410273 1.907766
-2.300156 0.299107
-6.287240 -3.867187
-4.337137 -1.126327
2.024446 0.587204
4.029787 0.492196
-4.127526 -0.086656
2.544826 3.077455
-7.208171 -1.696813
-3.903220 -2.026454
-3.927407 4.165008
1.337131 -2.481131
-5.085894 -3.981986
9.229937 -4.125704
1.541569 2.290204
1.276564 1.864299
-4.731313 -4.646562
-2.447733 2.056297
4.599362 2.636415
-5.111583 -4.950945
12.358471 -3.448860
2.256728 3.197242
1.262416 0.488127
-5.045809 1.367560
10.091209 -5.927266
-6.389049 -3.172556
-1.254271 -0.259478
2.953022 2.084073
3.511895 2.312604
-6.623262 -0.075885
6.240614 2.963906
-2.141913 3.030639
0.083605 1.631151
-2.228687 3.228279
-1.442919 0.960038
6.256507 2.001394
-0.733419 1.242150
-3.815409 -4.595662
7.452050 -2.765642
-0.918785 1.246459
-4.734590 -2.486285
5.716276 3.308791
4.656521 3.182645
-2.963037 2.633168
-3.355970 2.589962
5.029478 2.972947
-0.040227 1.012826
6.481472 3.544472
7.368830 0.851343
3.428965 0.805899
5.082475 2.515488
0.659917 3.062312
7.041276 -2.336499
-0.470744 2.178375
-1.393414 -0.040706
4.215322 1.814919
-0.159550 1.299938
-5.080556 -4.673090
6.406426 2.048420
-4.536203 -3.140206
6.271057 2.352442
-4.645055 3.620917
7.936919 -6.556669
0.312971 1.227334
0.609858 2.449041
-5.305545 1.290114
2.728364 2.493597
-5.947279 -2.901244
-7.539240 -0.847713
-6.456012 -2.899837
-7.792720 0.146882
-3.928030 -4.299138
-8.241232 -3.067427
-6.365261 -0.606467
2.065090 1.230344
-4.461851 1.833151
-2.973828 -4.051564
-2.095975 2.318127
-5.175729 0.452070
2.124750 2.067576
-4.180224 -0.853034
3.393204 2.623074
5.710055 0.003446
1.535284 3.063367
-5.995738 0.822022
8.308546 -5.204452
-2.122327 0.089484
8.070683 1.560286
-6.715677 -1.366590
-4.389761 -2.212645
-4.966725 0.320566
11.110687 -5.272426
11.596068 -5.980297
-2.696135 -1.506350
-4.557347 -4.436999
-4.111617 1.923322
4.823887 -6.669646
6.282876 -5.900569
-7.190454 -2.213442
3.272601 0.580538
9.844964 -4.164424
-7.576131 -5.024983
-2.422969 -3.211278
-6.278459 -2.282271
1.015784 1.688111
0.440185 0.541443
-4.864660 -0.546506
-1.637083 0.308554
10.573068 -6.091221
4.455822 1.559464
-3.865522 -0.235360
-1.143254 1.924861
10.680741 3.507960
-4.154023 3.223127
-5.230637 3.056765
10.664347 -4.100377
-6.404173 0.498000
-2.677351 -3.612741
2.695553 2.761248
-6.364193 -0.030769
-1.538478 1.764800
-5.625331 -2.376164
-1.636889 0.056280
5.651932 -0.149207
8.466828 -7.389665
11.066999 -5.790757
1.722709 2.648473
9.246562 2.338084
0.725482 2.486586
-3.788508 3.067932
2.233428 2.289293
-6.476315 -4.648532
-5.847062 -0.119142
-2.075473 -2.067370
-0.570413 0.550172
5.154339 3.996885
-5.366248 -4.278026
4.877756 0.088085
-4.977924 2.270262
4.758076 3.284223
-2.692666 2.875623
2.470956 2.310365
1.267156 2.754629
1.185524 2.228181
-5.835108 -1.293123
3.142230 0.856012
0.351667 1.969089
11.798097 -3.217290
8.160808 -5.167629
-2.224225 -1.360797
-5.963450 0.135308
-5.478140 1.290969
-5.266394 -3.186397
-5.426340 -4.835079
1.151651 1.800980
-4.864660 -0.546506
5.845933 0.530264
8.402502 -2.272938
10.927866 -4.106459
2.730087 0.694747
-4.050766 3.986910
-3.220913 -0.337756
-5.804881 -4.149270
-6.312474 -4.061598
-1.697569 0.895743
0.219052 2.629075
-2.405612 -0.385495
-0.395825 0.362326
-6.396762 -2.357731
-7.129521 -0.617805
-3.975057 -0.060210
-7.666297 -1.537802
4.455822 1.559464
-5.902947 -4.499095
-4.265097 -0.229955
-6.758779 -2.642899
-3.218702 -0.149618
-4.868840 -0.092262
-5.684210 -4.107386
-6.187592 -1.039135
-0.635686 1.687514
4.527458 -1.163565
-6.957342 -0.248357
-3.882446 3.160319
1.448941 1.872998
-2.769128 -0.312144
-1.509066 -0.429729
-0.067023 2.723957
10.025777 -5.722015
8.532772 -0.663313
-6.254812 -3.591632
7.424866 3.774944
0.944945 3.663150
10.545687 -3.527408
7.733676 -0.804368
-3.332209 3.242997
-0.313279 -4.516478
-7.374845 -1.613449
11.815061 -4.186422
-6.538657 -1.758686
1.952943 2.602872
6.638588 3.080836
-4.449845 2.278061
4.077791 1.384298
2.379705 2.133112
9.286452 -4.591905
9.770502 -3.627277
4.921998 -1.305462
-7.817930 -1.104481
2.062685 2.217052
-3.320347 -2.361914
-2.034532 -1.466360
-3.569191 -5.777111
3.134131 3.101990
-6.432556 -3.310672
1.314364 1.381459
-1.245199 -4.446359
8.531793 -6.178831
5.661162 -1.521361
1.754318 1.568610
-6.813997 -1.994406
0.373671 0.806139
-7.803240 -3.725741
-7.912678 -3.473903
-6.799160 1.331287
8.066841 -2.100570
-7.812056 -1.207222
5.768266 -2.262481
-5.996508 0.437311
-3.433662 1.210476
-2.748938 3.282479
-3.392016 2.725387
-1.208465 0.522717
12.289915 -0.139634
-7.708438 -3.181307
8.241288 2.564967
2.186667 -1.206857
1.745110 1.573984
8.121816 2.343841
-4.977174 3.575952
3.319753 1.597420
12.253093 0.634870
-8.576482 -2.986202
3.136089 3.368994
-6.816977 -0.657664
-1.777834 1.747545
-4.777809 -3.854260
-6.516903 -0.740584
7.077552 7.682155
7.639462 2.095341
-0.950147 -0.449571
-4.961799 2.408675
2.276395 1.800367
-7.137685 0.946371
-2.830916 0.727490
-5.471723 -0.841520
-6.401284 -3.355375
-8.914046 -2.382376
-4.468301 -4.074845
9.326569 -9.616206
-1.639513 1.854862
1.005575 2.675644
-5.968891 -3.188075
-3.661873 1.314054
4.951088 2.173888
3.266180 1.299318
14.298651 -6.751080
9.777020 -3.851557
-2.001223 12.430801
10.093470 -5.015827
4.026482 -1.936553
-2.879520 2.395923
-5.639081 1.614606
13.004728 -6.298480
-5.185707 0.752532
-2.315328 1.652659
2.794336 -7.365358
1.958896 2.756370
-4.240179 -4.119276
-1.772863 11.397070
-4.437320 3.523068
-6.816977 -0.657664
-4.019294 1.960433
1.147331 4.230327
-3.250478 -1.129162
-2.890249 -2.003575
-3.145071 -4.218858
4.886870 3.345318
-7.710964 1.911421
-3.301672 -2.483663
-6.130362 -4.137762
-5.108296 -4.420391
-5.776336 -0.801691
-5.072176 -1.747657
-4.681978 -0.165871
1.962799 2.976187
10.910138 -5.627053
-0.918201 1.566299
-5.891797 0.567733
2.493392 2.733277
6.991733 -0.461247
10.529006 1.397886
5.054075 4.598180
1.447819 2.672623
-3.771599 -1.069755
-2.157266 -0.918811
-1.941996 -4.313164
0.994749 2.142076
-6.458001 -1.786423
3.437813 -0.669353
3.229850 -0.835964
6.651629 3.295526
1.981727 2.925708
5.841150 0.424133
1.863047 -0.674445
4.185531 1.728326
-6.200035 -2.278599
-4.755160 -1.829568
4.638240 4.602445
-1.744594 1.033186
4.036919 2.458495
-10.246061 -6.259394
5.993752 3.652560
7.775465 2.642949
-3.937824 -2.925646
-1.571270 1.681959
-1.373612 2.364132
2.644940 1.625910
-5.232981 -2.363887
6.803879 -1.726298
-4.983006 13.084980
-1.640733 -0.455717
-3.071988 1.203814
-6.343106 -3.303702
-1.265208 2.460831
-2.661459 0.871028
10.375622 -2.814233
-3.607114 -2.589770
-4.947962 -0.393230
-4.837456 -1.448205
4.894024 2.665422
-4.425407 -3.172631
2.733576 0.631680
-0.204187 2.711157
-3.111348 -5.722001
5.333639 1.879582
5.428570 2.754037
-3.927407 4.165008
-1.740479 -0.344402
10.775324 -2.990447
-4.006841 -2.051452
-4.973787 -2.192950
3.254013 0.957116
2.103634 -8.950358
-4.706074 -4.916090
-3.265847 2.055144
6.670246 2.954013
-3.426880 2.098769
1.124124 0.714947
0.973213 1.968451
6.852073 4.357934
5.359852 1.691922
-2.910775 -3.642083
7.429346 1.868165
7.090462 3.425525
-3.837580 -0.350282
-5.435776 0.412277
4.824044 1.720462
-5.049985 -0.622969
-8.416605 -4.559225
-5.821247 -0.324441
-0.787764 2.955137
0.219819 5.260080
5.346124 2.438551
12.584862 -6.757805
4.701602 -0.734853
-4.877606 -2.718026
-4.921920 1.955531
-6.432853 -1.567523
3.169535 1.271457
-7.101942 -1.964581
-3.330343 -0.254339
8.189258 -4.055080
-3.294445 2.377118
10.674158 1.084562
2.090871 -2.295660
5.381959 2.711467
3.728966 1.116446
1.016658 0.547850
19.199720 1.442072
-2.997837 -4.052589
-3.807737 -0.459010
-5.002135 -2.558495
-0.211716 1.945801
-1.772863 11.397070
-2.185269 2.224995
-0.043537 -1.479361
1.609394 2.118402
9.566699 -5.515586
-2.490751 1.830526
-7.201804 -1.204881
-4.236917 3.986980
2.581671 0.380546
-3.396015 1.170874
7.674037 0.074458
-2.356382 2.748972
-7.715715 -2.925604
13.263132 -2.891961
-5.014951 1.255952
-5.389249 -2.662144
1.953372 0.733900
-2.085292 -0.097218
-6.067151 2.390203
-3.230860 -4.041397
-4.865840 1.141010
-0.806071 0.066743
-6.337198 -0.006261
-7.150941 -2.095837
1.967505 0.693164
-4.145628 1.819343
-5.357663 3.005014
10.929357 -5.835359
-5.888940 1.178040
2.144591 1.563737
1.057978 3.899756
-5.451175 -1.686246
-0.584861 1.370531
0.067791 1.901504
-5.208285 -4.852202
3.087084 3.418935
-3.283470 -0.493687
1.686542 1.387352
5.759088 -1.312227
-4.519310 -0.432438
-7.517147 0.784563
-3.394155 1.411321
-5.714037 -2.434734
-3.693593 0.053150
8.161560 -3.613582
12.211398 2.487414
-6.616141 -4.582836
7.116353 0.177528
5.339566 1.531635
-5.278141 0.111899
8.694155 3.650799
-4.651974 -3.661060
-3.858809 0.123197
-6.221880 -5.332257
-8.339974 0.575950
5.417519 2.016211
12.825039 -3.248274
15.084472 -2.676461
5.447903 1.212745
7.845085 1.427480
8.011183 -3.277114
0.980423 2.865045
-4.455469 -3.168475
-3.181022 -2.510906
-1.356612 -0.321108
-4.847768 -0.287513
3.833581 0.504978
-4.980179 -2.957047
-4.782537 -1.288149
-5.721179 8.779728
-6.632551 -3.568650
-7.806796 -0.522941
-4.279576 5.448557
4.880622 -0.598273
4.733630 2.941400
-2.812817 1.182910
-7.120030 0.014178
-5.937343 -1.900294
-7.283350 -2.296695
5.455397 2.172456
-4.752521 -5.414357
0.654484 2.686755
-7.067601 0.646711
1.159999 1.628170
3.189798 0.689611
4.806031 1.004247
-5.704891 -2.701530
2.574221 0.466595
-5.315925 -4.354619
-0.802955 1.985139
-0.785048 -0.299100
6.534544 -0.352697
-4.869356 0.134619
4.591807 3.264117
1.902896 2.258059
-5.617618 1.469590
7.313489 -4.326522
-0.703016 1.717992
-4.836610 1.297719
6.578737 3.818788
-5.014951 1.255952
-2.714854 -1.054041
-5.096674 -0.982841
-3.944262 -4.338749
-5.105674 0.648694
2.760610 1.075793
6.660147 2.278366
-4.414151 1.710951
-6.762271 -1.290725
7.301122 4.837381
-6.274794 -4.317818
-7.361213 1.024138
6.023615 2.518447
-3.081453 -1.626310
2.839106 1.068761
11.838532 -3.199515
11.099693 -4.485204
-4.279139 -3.999217
7.328775 -0.490888
-7.338395 -3.122632
0.460090 -1.217433
-6.661430 0.315858
-1.321488 9.845700
-4.432411 0.581622
4.268320 2.095466
4.416652 -0.775867
-7.674791 -3.987984
10.005984 -6.994120
14.714852 -4.958109
4.145978 -0.037036
3.331092 1.981356
-4.227236 0.914140
10.093960 -8.131965
-6.011047 -0.861445
0.458125 2.289350
-4.744062 -2.148134
7.993043 -6.775769
-2.692578 0.516585
-5.093497 -2.879370
0.101207 0.334590
-0.946346 2.167431
-8.883099 -4.678229
1.378174 1.356232
-7.048199 -3.750411
-8.343017 -4.917996
-2.869537 0.404064
5.598597 2.490215
-6.662420 -1.421416
-5.727284 -0.712160
-5.166887 -2.807446
-6.979181 -4.818055
-5.701124 -3.490968
-6.758779 -2.642899
1.086282 -0.094440
-2.997147 3.678877
9.131533 -4.883973
-4.960782 0.072681
5.052772 -1.423216
-5.481556 -2.895628
-5.666863 -3.827827
-4.032622 -0.915617
-6.598436 -2.510714
-6.037336 -3.428105
4.641369 3.048893
-2.940301 -2.927295
8.510178 0.636087
-5.247172 -2.205514
-3.836431 -3.003074
-1.995968 -4.287956
-1.908348 1.623381
6.925959 1.124555
10.098309 -2.109210
9.391358 -6.715136
-7.549120 -1.381408
-1.939777 3.427833
1.534056 0.427708
-4.347277 2.071525
4.769146 1.807929
-2.634138 0.445356
5.530810 -4.175206
2.966928 1.544118
1.261820 -3.230732
6.947303 9.948979
6.140309 -4.497362
4.605509 3.607295
6.562097 -4.107262
-4.561404 -0.412394
-2.748938 3.282479
4.392622 1.108904
2.504266 2.703399
11.838248 -3.487552
-2.753765 -2.520111
2.205319 1.076945
-6.503421 -3.311059
-4.205446 8.826206
-5.653937 0.722787
-3.801724 1.067453
7.465695 -4.815309
2.614399 1.788600
-3.951569 -4.245787
5.719486 2.536875
-0.315353 1.567012
-1.688537 0.970606
-3.253645 0.292600
-5.927953 3.179098
4.425979 -0.642266
4.958544 2.718491
-4.867781 0.785051
3.272404 3.698285
0.141191 0.576198
-5.035749 -4.559873
11.110687 -5.272426
-2.322199 -0.592842
5.522129 3.485697
-6.580215 -4.814283
2.068856 0.682813
6.378464 3.813237
-3.401094 2.611524
-5.839323 2.009161
0.625766 2.839666
7.792961 0.844327
-5.304385 -4.964203
-6.150723 0.240003
0.823159 3.998507
-3.885329 1.475296
3.538120 2.824041
6.917939 2.173175
-4.008536 -0.160627
10.580913 -2.186005
-2.826158 -5.931955
-7.461390 -5.557424
6.105097 -6.104077
-2.454611 0.777678
1.464983 1.300699
5.904542 -3.637963
-5.679630 -2.201580
5.338931 2.726679
-7.752042 -1.109611
6.364641 1.618815
7.155739 -2.517048
8.986395 -6.629055
0.989912 -0.018874
10.530800 -3.300089
12.148253 -2.550130
-3.179082 -2.767314
-4.857484 -1.229857
-5.007679 0.069299
10.271409 -1.303374
-7.226179 1.346194
-2.987386 3.924267
-5.153048 0.234024
5.778342 3.369765
-1.692456 -0.140026
-2.013883 0.699538
4.560924 -4.682001
-6.956662 -1.484552
-3.922971 -1.679421
-6.028536 0.701381
9.154370 -0.153100
-4.300395 -5.719745
-6.016029 0.054619
-1.622811 2.428568
6.897158 0.073781
2.433100 2.381645
6.421536 2.964186
5.888954 -4.527279
2.111140 0.724517
6.541944 2.910790
6.541752 -4.125407
-2.845603 -1.391843
0.968589 1.800107
0.372518 -2.702871
-6.817010 -2.596889
-4.189695 -0.535012
2.276477 2.576696
8.048572 -5.031115
0.528911 1.322878
-1.714707 0.448653
1.054652 3.708179
9.171332 -4.416390
7.992015 -2.279909
-6.849091 -1.147161
-3.684683 1.999842
2.800199 2.084777
6.636178 -3.423099
2.886849 -1.604412
8.376608 1.268271
0.818187 0.703463
-5.688077 -4.180840
6.047347 -6.597186
0.505479 2.670782
-6.592266 -0.999468
-1.552507 0.014404
-7.795859 0.162418
6.915825 -0.386676
7.386738 4.113807
3.176777 2.212321
1.678112 0.797493
13.146151 0.062921
-4.758293 1.410602
-5.255689 -4.846567
-2.290174 1.169000
8.091276 1.745467
8.789335 -1.407254
-4.184612 1.105695
-5.026000 -0.191038
-1.447698 0.180382
12.360304 -4.884335
-7.401191 0.490523
1.968550 1.608811
-5.727714 3.130198
9.845796 -7.132048
2.031377 3.441644
-3.583124 -2.703426
1.311209 2.117628
3.469830 1.507689
-5.093646 0.402240
2.100174 0.572706
-4.377297 2.017600
-0.732710 1.459648
4.534681 2.084831
-4.694971 -3.515768
-0.906687 1.032980
4.316688 0.693396
2.912527 2.760167
0.894157 0.578218
6.669788 4.231344
1.576349 3.116193
-6.218699 -0.567572
-2.518744 -2.561533
-0.366253 2.390079
-6.096163 1.111097
7.128065 1.392789
-5.888519 -3.242264
-6.052489 0.006998
-2.801584 -1.154346
-1.137648 -1.462684
7.981387 -3.761422
-7.257445 -4.125180
10.683263 -5.870601
7.171300 4.374929
4.432993 5.369749
-5.280581 -2.975676
1.657783 1.945729
-2.328406 2.450272
5.532773 2.104347
12.009785 -7.373814
-4.489281 2.162482
5.480817 -3.708079
-4.475795 0.761133
-2.708351 2.767432
-2.756786 0.527381
5.958668 1.878024
-2.736519 -3.137676
-8.762583 -0.879634
-1.600731 -2.032930
-7.047557 -1.015986
2.680084 0.987919
9.847308 -6.478074
-4.578240 -2.920731
-5.328394 -0.134816
2.860542 0.117654
-5.132351 -2.481627
4.291439 4.051917
-5.600173 0.719407
7.020592 -2.224997
-4.123357 -1.681958
-4.130385 -0.105047
-4.673524 -2.278016
1.392670 1.587539
-6.892315 -2.612800
10.008011 -5.045146
7.407761 -1.377666
-4.182691 1.672177
6.331927 -1.021733
-6.735421 -1.135987
-5.666184 2.222184
4.512438 0.245463
13.082916 -6.360296
-5.789453 -2.653038
-5.965805 -0.939571
2.076192 -3.555164
-4.393792 -3.283986
8.112671 3.506451
-5.432490 -0.889324
6.613907 3.418509
0.198928 3.529779
-6.804545 -5.214101
-7.085952 -1.546640
-4.326384 -1.783424
5.815341 4.657610
-4.591670 2.367397
-0.366253 2.390079
1.418528 1.028309
1.093113 -0.700253
-5.254545 -4.841125
4.712790 3.501914
1.077614 1.782284
8.193271 -1.581082
6.696736 3.185125
-2.356382 2.748972
0.464053 1.705223
5.757875 1.552745
-6.187592 -1.039135
-6.692141 -3.733847
6.354503 -0.696013
8.576207 4.004315
-4.303458 0.575611
-5.353184 0.757772
-4.730162 -0.182231
5.628379 3.200428
7.639109 2.726360
12.071730 -0.341586
9.387530 -5.660394
3.131173 2.617480
7.165775 1.655330
2.293382 0.636543
-4.932385 1.154020
-5.500715 1.221334
4.172869 1.677747
3.986819 3.158723
0.365361 1.969855
-0.267439 2.207862
-4.279139 -3.999217
-5.159790 -4.700247
10.109978 -2.655713
-6.753313 -1.541075
-1.067813 -5.615469
-5.839323 2.009161
-3.591382 -0.009052
-6.843401 -2.719916
-4.492818 0.897381
-2.337056 -0.857919
-4.805948 1.829095
-5.850598 -2.513701
1.734229 2.458807
11.120905 -3.555184
-5.057211 0.368657
-4.943967 -2.789865
-1.994498 -3.472403
7.521947 -0.627090
-6.570963 -3.962762
3.180262 2.457631
-5.185358 -0.904085
8.166483 -2.142531
-4.941678 -2.293371
-4.611113 -0.054945
5.901503 3.522560
-4.927021 1.804822
-7.301355 -0.323740
7.410882 -2.438750
3.077990 1.483271
-2.813282 0.462904
-0.758043 2.518352
5.120107 1.770547
2.963110 1.429305
-4.427674 -2.449430
-6.335061 -0.939703
5.621234 4.491064
-1.378574 2.316905
-4.571793 1.373245
-8.707678 -3.287517
3.610370 2.027634
-3.298745 -0.583586
4.977184 -4.136634
5.580550 0.658099
3.824710 4.868674
2.540495 -0.954672
-4.641718 2.433059
-2.627314 1.023232
6.398036 1.171770
-3.489036 0.675498
1.399379 -0.724835
4.745825 0.200632
4.686419 5.081511
-5.290566 14.121452
0.479691 0.748973
-3.384869 0.805503
1.197149 2.404149
-6.261687 0.062067
4.353339 -3.698874
3.692357 3.061496
-6.212867 -1.965529
-9.604178 1.080142
11.150483 -2.857447
-4.507391 -0.669075
2.166742 1.074117
1.584383 0.786766
-4.896810 2.197522
6.835243 2.837455
5.642614 1.863499
-4.287833 0.392106
-0.473597 2.646159
-2.267922 1.917036
-5.690206 -0.530485
7.443637 -1.228882
2.016064 2.065606
-3.184632 -0.166967
7.971084 1.154112
9.316913 -5.117245
5.076414 2.489324
-3.680332 -0.075091
4.258166 2.106764
-0.520913 -0.446678
3.698438 3.852052
-2.835854 -2.662379
-6.839464 -1.430933
1.702632 2.762496
0.546509 2.699065
6.913935 -0.108511
-4.346649 -0.009674
5.894224 2.556779
-7.920278 -2.867284
3.177373 3.538926
-3.354691 4.909231
-5.729958 0.025832
-7.755978 -1.272053
-4.198969 0.175819
-2.770781 -0.763228
-4.937179 -2.079558
-3.645629 2.395770
-5.170707 -2.003550
1.093821 1.720590
-6.396491 -3.016844
-3.421222 -0.104403
-0.178243 0.797664
-5.991007 -1.473948
-3.400270 -1.772410
-6.097886 0.556801
2.483217 1.215960
7.183398 -5.230868
-3.469647 -6.059383
2.190347 3.205934
2.390462 0.725738
-5.356108 -4.139500
1.281577 1.884901
-4.905454 1.295710
-2.146902 -4.715956
-5.617065 0.178103
-3.654872 3.882831
2.114533 1.452269
5.979862 1.359234
-4.869621 -1.041061
-5.072544 -0.086752
1.363985 2.823652
4.200014 3.591354
-3.559193 -3.532337
1.223522 2.203119
0.680996 2.256926
-6.569050 -1.226888
3.613924 -0.258851
-4.453626 7.432374
5.307175 2.317431
-5.548879 -0.236841
-4.397448 -2.056408
-5.063630 -4.741820
-0.485186 1.152195
-3.517821 -1.987531
4.297322 0.650908
6.027730 1.184758
-7.519205 -4.327407
9.527218 -6.047184
-4.914471 0.098024
-6.187372 -2.940883
7.822649 2.266354
-7.365382 -2.286781
1.631067 2.406960
3.070585 1.916071
-5.685391 -0.239320
4.178809 2.390121
7.849417 2.878878
-5.019422 0.430134
-4.921983 3.738380
-2.918074 1.272086
-4.331584 -0.217130
-4.416259 1.288801
3.073336 3.553450
-3.944296 0.577066
7.729600 -7.627280
4.489929 2.039588
-5.417098 -3.351370
-7.257445 -4.125180
-0.004546 0.509369
0.304412 0.485607
1.856692 3.357329
2.902310 2.667411
-2.246484 0.034695
-0.995268 -0.098544
-4.793111 -3.043606
1.892291 1.965963
1.228988 1.779624
1.882480 -7.753018
0.843410 1.107342
-4.005508 2.164167
-6.390104 -1.154274
-4.688330 -5.148151
4.683624 3.255285
-2.708626 1.346831
3.503421 1.660753
6.620326 1.053628
-4.228513 8.903941
7.066160 1.120727
5.248848 3.218449
1.263657 2.035258
12.704669 -6.011753
-4.677789 -4.532103
-3.342886 -0.472110
-5.581085 -4.423049
-6.429492 0.115257
-5.486377 0.256608
1.288851 2.566817
-3.058245 0.076756
10.976752 -3.951771
-3.563977 -2.954908
-0.326928 2.633988
-2.838063 2.498681
2.105497 1.812671
-2.612441 -6.618304
2.764428 1.273915
-3.575896 0.993801
-5.983367 -0.491565
10.241751 -6.286910
-1.390236 3.552427
-0.005107 2.417208
3.652270 2.488034
-5.500107 0.077991
13.989750 0.836670
-7.452879 -4.334345
-2.650257 -5.044605
8.445287 4.177951
-5.891797 0.567733
-4.501701 7.407108
4.808312 3.107608
0.882665 -9.090526
-3.241018 0.600921
1.233106 2.679502
3.354991 2.350383
2.327584 2.400086
-4.155159 1.767313
-3.497344 0.071255
-7.255402 -3.085883
-6.268301 -2.044169
2.204026 1.575592
-3.829914 -0.641126
-6.394292 -0.330000
-6.717418 -2.675395
-3.412780 2.287271
17.758842 1.018025
-6.678592 -4.315245
15.323927 -5.711258
-0.791861 -1.073896
-7.589992 -0.780515
-7.257445 -4.125180
6.937557 4.277699
1.963970 3.035399
6.369024 3.436940
-6.948609 -4.276695
-6.448267 -1.650449
-7.738472 -0.325243
-7.084774 -1.240775
-1.190280 -2.121149
-5.520519 0.355548
9.715492 -4.058350
12.489284 -3.503471
-3.896553 -2.527751
-2.882258 -3.925257
6.686828 1.318047
-2.392180 -2.473107
-5.362361 -0.241495
7.441617 0.467203
-5.258633 2.101075
2.205856 3.251952
-6.089353 0.429515
-5.718326 1.515594
-6.413834 -0.799593
-7.817016 -1.939667
6.750196 4.185762
5.096778 -0.451502
-1.466809 2.133471
-4.987229 -2.313920
-5.565627 -0.479640
-0.859422 7.262146
3.002733 3.058587
6.415577 3.745993
-5.266628 -0.123113
11.981365 -1.810039
-3.884849 -0.889276
-3.780979 2.344143
1.868601 -2.195018
-1.649418 -0.112047
5.825394 -0.076332
5.161593 -1.162084
-7.138561 0.744945
-3.232095 -5.309862
11.274520 -2.213509
8.833696 -2.768023
6.360271 1.117905
-6.379969 -3.777102
7.033239 0.308652
10.033423 -4.963018
1.147526 3.070324
12.844890 0.529224
2.830653 3.146826
-1.494942 1.739278
4.620966 -0.140052
-3.352507 -2.251988
7.838514 1.534434
-0.570413 0.550172
-0.100682 1.523471
-3.657524 -0.627234
-4.272624 0.446527
-7.250853 1.114503
7.499925 -4.698746
-1.597513 2.472887
-1.296411 -2.002253
3.004744 2.776435
1.882145 -2.671784
4.492232 1.502671
-7.264542 -4.902363
5.563856 1.416042
7.758860 -5.122907
0.336808 1.531168
-3.867868 2.541449
-6.797259 0.196499
-2.091937 1.407952
0.735916 3.176150
5.471896 3.572815
-5.422479 -2.286793
-0.028472 1.625740
-5.450792 -1.815720
-5.895054 -0.459903
-4.226366 -0.078753
1.142488 1.508615
0.791999 3.021220
-6.613883 -0.166836
-6.748052 -0.164745
-7.141635 0.052186
-3.344700 -4.339018
-7.617885 -4.478218
-2.962765 3.663190
-7.398755 -3.339044
-1.447647 2.386297
2.351211 3.852692
6.889174 3.652053
2.393669 1.135950
8.584416 -4.659080
7.417303 2.857611
1.220049 0.987520
-1.462295 -2.298510
3.166026 2.489356
-6.081327 -0.541613
1.715467 1.778726
-4.432910 -3.383065
7.335944 -3.460457
-2.419180 -1.146254
-5.431375 -4.166589
-2.627376 2.280790
-8.684771 -3.953466
-4.646020 2.182006
5.376754 3.355074
8.232774 2.150460
-7.257445 -4.125180
1.203901 1.626659
-7.403797 -4.104870
10.565575 -4.123896
11.631826 -1.274444
2.585268 -0.377220
5.660469 4.179590
1.099606 -1.899427
2.288608 2.601387
2.947775 0.835134
5.068160 4.031432
-7.707820 -2.085499
-2.289505 -1.616127
-1.097278 -0.488144
5.427783 2.831277
-5.015004 -0.889579
-4.265097 -0.229955
0.624792 1.643595
2.109980 1.910135
-5.738974 -3.951966
-5.552808 0.488077
-6.096656 -2.159660
0.043744 1.122239
2.489722 -0.272814
-5.155963 -3.072374
5.889660 -3.278756
6.544437 3.397658
-5.373472 -1.217638
-5.475699 -0.407504
2.010587 2.691475
0.846966 2.743406
5.733204 3.356529
-4.735347 -2.290863
-5.042593 -0.930853
2.804700 1.808203
-4.817722 -4.179394
-6.111318 -5.050285
-7.431805 0.976183
2.043119 1.283970
-7.102972 -1.263417
-6.640584 -0.911860
2.367761 2.081051
10.243301 -5.049837
-7.257445 -4.125180
-5.350753 -0.496011
-4.585029 -1.847044
-0.570413 0.550172
-5.647792 1.100800
6.311058 -6.472023
-7.548071 -5.058285
1.852973 0.756538
9.931887 -4.137555
-0.172617 -0.791203
3.247464 1.734929
4.917650 4.372878
2.112848 1.919600
11.362659 -5.554680
-7.629070 -0.434631
-1.085424 -2.213785
-4.743240 -1.098816
6.609650 0.203577
3.061969 1.938195
8.334609 -7.008822
0.045230 3.406231
4.321505 1.036840
-6.334724 -2.524653
-7.358593 -1.131970
1.164161 2.699304
0.756933 1.473897
1.378824 2.766743
-4.389402 1.049944
-5.208285 -4.852202
-0.338202 -6.038319
0.265785 -0.789665
-9.382113 -3.981027
3.733727 1.192569
4.342487 -1.231056
-5.515210 1.746722
-0.491760 2.543587
-2.502611 0.012457
-5.333762 -2.993539
-5.935437 -1.138380
-2.668474 1.849811
10.819527 -2.193350
-6.128408 -1.092919
-3.002988 -2.795703
-4.889776 -1.501509
0.181566 1.389655
6.606171 3.518333
6.596267 -6.017254
0.557129 1.993061
-5.844645 -4.236762
12.208197 -3.832951
11.338023 -3.929534
-1.991395 0.775840
-3.139688 -6.305360
-5.778524 -1.024767
-6.616141 -4.582836
-5.057211 0.368657
2.066763 -0.744261
-5.723907 -4.798988
2.289282 2.035287
-0.338501 1.178428
-4.288028 0.097700
8.823306 -5.024849
-6.275935 -0.412337
2.509438 0.087715
-2.997453 2.583684
-7.326894 0.209553
11.036346 -3.792667
-4.739062 1.897228
-3.157036 -0.310152
-5.938089 -2.745872
-4.897136 2.316165
4.724878 1.870839
-2.580736 0.160778
3.403623 3.619073
-5.822413 -1.539339
14.252112 -4.529614
-4.613526 1.228558
-7.509229 -3.289490
5.520301 -1.007308
7.592853 -4.948465
-4.947728 1.504178
0.606238 -2.152064
-4.051389 1.728069
4.151216 1.698580
-5.213096 0.913785
7.150075 0.115045
2.177801 2.037848
-6.452631 0.715915
4.238522 2.465349
-2.056299 2.458892
-4.476069 -1.994665
7.028520 -0.026652
-3.197219 -0.055398
-2.924753 2.793077
-6.155933 -2.122830
2.803708 1.555349
-4.228101 1.017572
-1.390368 2.062052
0.902841 1.177581
-6.102784 1.235594
-4.823880 -1.010483
-0.086708 0.609222
6.874434 3.687381
-6.239328 0.850470
-5.121682 -0.862192
-4.698092 -4.109313
-4.470430 -2.464754
-0.283121 2.114395
2.484454 2.400903
7.556372 -2.386843
1.475887 4.086965
6.859207 -7.657325
-5.403349 -1.700789
0.021418 1.176445
9.096669 -5.377767
4.376725 1.482236
-2.790101 -0.522664
4.624005 -4.100154
1.627241 2.689332
1.551236 2.455879
1.407910 2.936433
1.110187 2.219450
-1.545930 -0.479909
-3.617194 0.455023
-6.138598 0.727436
13.989750 0.836670
-6.349293 -4.855893
-6.777895 -1.956319
-5.187880 0.957337
-8.621017 3.127384
-1.302282 2.380567
-7.090982 -2.913139
10.580913 -2.186005
0.805258 3.004818
-4.196858 -0.825264
5.223942 1.426259
8.124656 1.912694
-3.650069 -1.202739
-1.417223 2.617831
4.399529 3.306253
1.310688 1.855408
-2.457943 14.498263
-3.774243 0.186826
10.442401 -2.190783
2.550623 -0.081767
6.119691 2.932355
7.478062 3.426193
15.357580 -4.686947
8.992273 -4.234920
0.860518 0.863510
7.451713 -5.516834
-6.477534 -3.220408
-5.737441 2.310999
3.721952 -1.100965
2.157456 0.242221
0.002683 2.181278
6.983903 2.653468
-2.288747 -0.347916
5.697969 0.527748
-7.137231 0.700457
-4.024127 1.380260
-7.131295 -0.062827
-4.384140 0.108581
0.183270 0.780546
9.482262 -6.739319
11.999955 -3.044156
-5.896925 -2.310055
10.097227 -4.818203
-2.068784 -0.674522
-6.575452 0.162078
-1.722266 1.698362
10.317867 -5.601681
-2.431525 -0.187790
-5.163478 -4.738985
2.556999 2.346131
3.856088 1.129928
3.593537 2.451899
-0.820346 2.495451
-8.419809 -0.310898
9.645663 0.744496
-5.253651 -2.595737
2.077312 -1.436508
0.623329 1.583667
10.634410 -5.030032
-3.101733 -2.884789
-4.697824 0.090091
14.714852 -4.958109
4.253422 2.422138
-7.699126 -0.792790
-5.230981 -4.470912
-6.119661 0.580592
-0.291645 1.925086
-6.234410 -1.141825
5.217628 4.909143
-7.328454 0.791046
-2.132962 3.798559
0.693228 3.434995
-3.723258 1.394807
-4.809541 1.696770
5.656492 1.797237
-6.493122 -1.665163
2.140627 0.384095
-6.144254 -4.607415
-5.493130 -5.554698
-7.281295 -3.914359
4.303111 3.045608
1.004474 2.476524
5.291874 -0.546947
-2.229583 13.464532
-6.534223 -2.254127
-4.395082 1.392890
-6.991745 -1.228951
-3.214521 -3.132456
-1.841980 1.694121
-6.540379 0.306623
-3.779818 -3.203669
-7.548071 -5.058285
5.534837 -0.065787
-4.698934 -3.303425
-3.382122 0.648807
-4.325294 -3.677361
3.261572 1.329085
-6.565149 -3.268156
-4.661469 -0.308118
3.054260 1.759647
5.135346 -3.345199
-4.698092 -4.109313
1.502571 1.373057
-6.349293 -4.855893
1.206152 3.338098
-7.922194 -6.203357
-6.170688 -3.171075
-5.219965 -0.753173
7.637931 -1.900173
-3.939939 -1.268264
-6.519249 -1.433534
6.270052 4.214469
-5.400627 0.144627
2.155586 2.520169
4.239591 3.504678
-1.944497 -5.195652
-1.708019 0.617083
-7.475108 0.194511
1.310375 2.058221
10.040149 -4.987361
-0.366253 2.390079
-2.893633 -4.746700
1.763270 2.169342
5.812581 2.554499
-3.939939 -1.268264
7.968588 1.201615
-3.216284 0.275314
6.210860 3.095508
-1.573270 3.468943
0.818956 1.487590
11.799005 -4.929176
12.000609 -3.101094
6.680141 -4.545323
-7.220808 -4.131903
-6.009301 -1.961672
5.131358 1.764338
4.845538 3.184906
7.390387 3.288315
-3.428631 2.402768
-7.053515 1.832694
10.587532 -4.795364
-4.936367 0.255057
-4.811032 -4.721093
6.344418 -0.861358
-7.307734 -0.485739
2.655096 0.568681
-7.150753 0.170499
-4.005881 0.992520
11.579577 -2.619959
6.249788 -0.708429
-5.235230 -1.576347
4.357188 3.463626
1.110416 1.129780
2.757017 1.270780
-5.057211 0.368657
-6.636290 -0.833269
2.858534 2.793859
-0.392477 0.429920
2.167947 2.915454
-3.652493 2.048967
-4.061228 -3.489067
3.582496 0.706348
14.024824 -4.521889
-3.049486 -1.496226
-6.840541 -0.300379
7.886841 -4.654596
3.134022 3.874132
5.338147 3.582760
2.812228 1.869423
-1.965018 -3.354169
0.766931 1.614612
-2.044796 -0.243106
-1.067797 -1.170217
11.717030 -4.213170
-4.944305 -4.263120
-1.638420 -2.282045
13.407154 -3.494896
5.342581 2.616589
8.186296 -6.783695
0.795483 2.287532
-4.686319 2.751977
-8.043411 0.645368
8.103770 -3.605640
2.968233 1.862784
-3.392754 0.629291
-1.703891 -8.421597
2.356033 1.397520
2.272126 2.308029
-8.576482 -2.986202
-1.174614 -1.997564
9.210737 -4.255012
-0.025041 -4.510222
-5.208208 -4.629177
-4.846712 -0.415676
-5.379161 0.185266
-6.158093 0.543836
-7.755621 -1.765939
-3.400571 -0.743885
-5.165406 -4.275190
-7.370605 -0.925151
5.332024 2.036851
-4.381720 1.514885
-1.304002 -8.066278
8.114921 -2.083601
2.342471 2.339486
-6.183492 0.138187
-3.844572 1.419755
-8.089428 0.165626
3.396737 -2.733274
17.516494 -6.290930
-6.347220 -3.163158
6.051739 -6.028537
-0.405163 0.008848
-5.208208 -4.629177
3.799695 4.550131
1.582574 1.244541
-7.899103 -0.694693
-4.683219 -4.295892
-7.034271 -4.695247
-6.939229 3.779079
-7.077941 -5.045974
-3.426710 -1.140430
6.606389 2.302801
-7.641424 0.486237
4.665900 1.274768
6.327960 2.054924
1.105246 2.139043
-7.617785 -0.229098
-7.469457 0.706354
-2.718008 -4.059779
-5.267467 -0.973510
1.241369 1.377695
4.762306 -1.794406
6.493468 3.184754
11.340278 -5.593071
-1.597513 2.472887
-3.331233 -0.376895
3.188427 2.388984
10.206449 -4.952308
9.631065 1.699476
3.350446 1.985161
3.521771 3.527064
-5.475024 -1.470528
-1.353820 1.422430
4.210048 4.153729
2.161870 2.480887
-6.129572 -2.476959
-2.600703 2.077812
-3.683982 -3.511003
-4.399652 0.627838
-7.102972 -1.263417
-7.249026 -1.539996
-1.744816 -5.278944
6.043807 4.250787
4.898387 -0.097275
-4.305155 -0.646978
12.232018 -2.490075
-4.432765 -0.026063
9.386412 0.115375
-3.438515 -1.048177
6.372494 1.615234
-1.748856 -2.695839
11.413175 -5.635902
-0.388369 1.344036
7.307508 0.678114
-4.251141 -0.821661
-4.018916 -3.658124
-6.989782 2.978381
-3.057700 -0.312165
-2.538026 -1.608541
-0.026060 0.812627
2.380491 2.248630
4.793189 -1.257202
-3.000158 -3.479877
2.908983 1.618682
-3.946125 2.216425
-3.714059 2.235410
-0.498954 2.326867
-5.830930 -2.702039
-3.598474 -4.168329
-7.078359 -2.048005
8.582995 0.652665
-8.806902 -0.165328
-5.302037 -4.205518
1.609713 4.051221
-5.000319 -1.783984
-8.115514 2.206561
-5.280885 -3.582217
-3.258947 1.572609
5.030442 0.911239
7.774149 4.067755
-4.215609 0.475367
6.593495 -0.799083
-3.585108 0.236457
-6.194331 -0.948596
1.001043 2.544458
14.722349 -4.670869
-4.983748 -1.761026
-2.645831 2.750321
2.119098 2.068788
-3.981740 -2.924306
-5.557852 -0.839447
0.003818 1.538457
-3.754256 3.813360
4.560400 3.251714
4.414276 3.688809
8.098815 2.561993
-4.606782 -0.510554
-1.215781 0.627998
6.186058 1.347298
2.917360 -0.102095
-1.436579 -0.293215
-1.884627 2.996780
9.145162 -5.659013
-4.943664 -1.759938
-7.367479 0.711616
0.127539 -6.336508
-1.421929 -4.773488
-3.277992 3.541857
-5.540643 -3.207401
1.426581 4.109534
-1.245199 -4.446359
-3.523625 1.060275
-5.084599 0.831099
-5.398146 -2.240363
6.468165 3.615228
-2.594961 -0.370062
7.565298 4.093221
5.979502 2.896721
4.644151 1.131941
-5.682110 -2.586970
2.239469 2.093785
1.080195 2.098859
-6.867820 -0.829492
4.562450 2.251949
1.774763 2.529639
-3.807413 -4.038013
-1.864648 -0.339413
3.924620 2.359985
3.293822 3.760387
-5.668438 -1.685678
-11.025887 -2.357381
-5.082350 -4.072368
-5.107494 -0.268331
8.691828 -0.130642
1.950646 3.904987
5.327511 3.491752
-2.894634 0.404525
-0.808160 1.265069
1.054769 2.027897
-3.626981 3.202523
-3.611081 -3.221722
-4.750383 -0.447291
-5.362342 -2.939603
-5.425800 0.139775
9.175982 2.990497
-3.225019 -1.835383
2.570251 -8.445456
0.920501 2.256100
2.525905 1.874789
5.135153 1.736031
5.326171 1.346951
3.681338 1.980246
-4.636246 0.347813
1.171067 2.096734
-5.228511 -0.546017
0.774888 1.462111
-8.445740 -0.257735
7.465274 3.096886
7.047645 1.820672
2.754559 2.248756
-2.001223 12.430801
-7.518447 -2.149815
0.436504 1.747607
-7.311656 -3.518027
-4.241095 0.600432
2.412831 1.684158
12.785406 -4.647234
-3.900300 0.980470
-4.785393 -1.790096
-8.169400 -2.154902
-4.091457 -1.349396
5.945224 -0.859557
-6.523329 0.338702
0.940055 3.157057
5.515243 2.490109
-4.279139 -3.999217
2.737246 3.769061
6.545230 2.608363
4.022277 2.287975
-4.914471 0.098024
1.456530 1.568276
5.070619 -0.349777
-6.632775 -2.073804
-5.081310 0.250543
3.451797 1.080471
-5.163478 -4.738985
3.393204 2.623074
8.075622 0.454051
1.705668 1.447853
3.789166 2.665053
-9.216781 0.307871
-3.599533 -0.201367
6.864686 -0.343969
-3.535732 1.478352
2.108126 2.276790
-6.988745 0.384762
-6.848467 0.496387
4.349053 3.670640
-4.308092 1.169026
-6.206160 -1.856353
2.355207 1.716381
-5.416805 1.426550
-3.014168 3.245711
-4.447978 -0.977579
-3.732938 0.333268
4.395482 -0.388511
-4.353932 0.658043
-2.829524 -1.069960
-4.894347 -2.254331
-6.672788 -1.177821
0.573479 2.705555
8.847873 -0.213758
-4.231380 -4.527695
1.619524 1.956183
4.403143 1.750736
3.130954 2.898672
2.303333 2.635536
-0.338817 1.093413
13.241920 -0.939376
7.226067 3.944689
-12.129998 -2.191961
-3.152115 -0.996631
-10.092775 2.684613
-5.695936 -3.635545
-6.505403 -0.907068
-6.073652 -2.413463
-2.029324 -1.322840
-6.187592 -1.039135
-5.390343 3.261887
8.082315 1.521204
-5.679630 -2.201580
3.342124 -3.857415
-4.719359 0.049516
-8.055191 -0.859499
-6.748528 -2.669024
2.031309 2.503818
-0.366253 2.390079
7.417578 3.762559
-1.095043 8.644500
5.351785 1.064982
-8.104998 1.512603
-6.371081 -0.390900
0.815886 -0.258822
-3.176962 1.132515
-3.607210 7.552784
2.017980 2.576731
13.920480 -0.791916
-3.512316 0.914644
-2.239445 1.851547
0.997826 3.705404
-4.750505 0.542475
-7.251974 -3.363378
6.327219 3.952648
0.145995 3.077124
4.308437 3.782689
-6.213239 -4.381478
1.012243 1.859118
6.259271 6.620888
-3.899770 -1.696692
7.114789 3.684793
5.773297 1.509530
7.776687 1.035149
-6.508405 -3.121561
-2.913158 0.087945
-5.309601 -0.099909
7.489904 5.178556
2.324196 3.396472
-4.211910 -1.042081
0.459496 2.878191
-5.246756 -4.798259
-3.642359 1.520991
-5.801097 -0.356689
-5.934060 -2.963602
-5.479294 1.907681
-3.329840 9.083199
-1.250292 0.886799
9.124139 3.749117
-7.298256 -2.673071
-5.278542 -4.872395
-2.575097 2.795181
-6.409163 -2.140014
-0.372310 1.548990
6.100304 2.421057
-5.884399 -2.286068
-2.482147 0.146835
7.679524 -1.369975
3.276138 -0.766713
-3.570857 -0.393690
-5.977454 -2.654511
11.847796 -3.160087
-3.110457 -3.810017
-6.373641 -0.927584
-1.878218 0.911059
3.056959 0.297414
6.602590 1.907874
-7.690945 0.126768
3.237563 -3.268593
-1.536566 1.886340
-4.958970 1.550577
-7.374845 -1.613449
2.659024 1.994299
-2.496132 -0.564742
-5.451702 -1.370706
-3.452124 -2.984283
-1.957316 0.358501
9.887486 -1.346635
6.332157 -2.811247
-3.567596 -1.346637
1.615175 2.906626
-2.248024 -4.508578
1.310729 2.470376
6.708420 2.603908
-5.326197 -3.404735
-5.302975 -1.817317
-0.933724 0.739236
-5.271247 -0.823149
-5.799335 -1.168272
-5.884074 -4.910081
-8.388785 1.594142
2.169459 0.412890
-2.668353 -1.789394
-0.997060 -0.213661
7.515999 2.867054
9.152793 -3.727736
-1.300290 -0.198352
-5.030960 -1.976305
9.236251 -5.484817
1.563067 2.310338
1.517511 4.392513
4.941553 0.372040
-4.890489 0.728335
-4.744910 -1.924127
0.167563 2.645901
4.160141 3.567276
6.506670 3.715663
-5.771359 -3.297727
7.884728 1.693029
-1.970650 -1.088446
-6.302052 0.948011
3.786553 2.579343
-2.665315 -3.056026
7.162473 3.371788
1.957575 1.940685
-4.958965 0.185871
-5.208956 -3.199568
-4.581174 0.396599
-5.550653 3.146054
-4.849101 3.352462
6.817660 -0.507694
7.179439 2.353229
3.554316 3.076151
-6.952119 -0.710237
1.759118 1.206074
-5.105674 0.648694
-5.192259 1.811366
-7.654119 -1.884920
-6.758051 -2.699053
-3.069899 1.450709
-1.860185 -0.867795
3.191307 4.353494
-2.518744 -2.561533
0.544519 1.394662
-4.956495 -0.543339
8.557477 -0.330373
4.748796 4.072270
7.856965 3.042553
-4.552244 1.294017
-5.927294 -3.454375
-5.545934 0.927081
-1.885746 -0.821187
-3.589363 -3.375809
-5.928341 -1.442220
1.299574 1.661172
-5.593605 -1.918790
5.922076 3.502493
-1.296411 -2.002253
-1.956616 -2.482486
-2.036369 -1.324386
9.748709 -3.589815
2.358340 1.150474
-4.017343 0.136560
-7.625267 -2.760311
-4.850084 -0.557421
6.680141 -4.545323
3.437918 2.577967
8.023689 3.114246
-1.867399 1.703476
-5.789943 -0.742499
-6.310786 0.009683
-3.176313 3.267499
7.686800 2.202615
1.378196 1.103905
-7.480686 0.090955
-2.270398 -4.100350
-5.917128 0.447827
-0.020277 2.454093
-3.252773 1.112200
3.177217 1.502072
-4.446678 1.018610
3.367501 -0.662341
-5.081492 1.047031
1.083949 0.730912
-1.633810 0.099231
2.778296 1.917159
-5.915996 -0.727011
-6.374114 -1.483365
5.992067 -0.467027
-5.891797 0.567733
10.746649 -6.019361
-1.000003 2.238909
5.625640 -0.315631
-4.548426 0.081757
-5.449330 -3.372831
-6.043508 -4.024263
-6.226366 -5.108858
0.901447 1.591013
-3.816534 -3.595091
-2.181420 2.454016
4.183663 -1.599109
-6.274794 -4.317818
-4.602011 0.621959
-4.601791 2.279209
-4.065367 -0.602551
-6.481501 -0.687033
-3.541313 1.752467
-5.690206 -0.530485
2.396977 2.329655
0.420004 2.343300
5.943539 3.112103
10.142210 -3.536449
0.117869 2.690550
-6.427811 -1.187737
-11.025887 -2.357381
6.389552 -3.341583
-4.741881 0.384208
3.121213 2.124997
0.019524 1.672629
4.808689 3.378338
5.960263 -0.839846
-9.900446 3.620961
-4.814737 -2.166379
-3.281008 1.009277
-6.655763 -4.274344
-1.363496 -7.374641
0.719642 2.262294
6.696157 3.717473
-4.946123 -0.178183
2.363925 0.991238
-4.829333 -0.876418
-0.454554 -4.233974
-2.612824 -2.151724
-4.548426 0.081757
1.384764 2.848055
-4.138583 -2.637663
-1.734684 -0.922572
-7.257445 -4.125180
-0.979734 -4.946425
-4.694837 0.328470
-7.588752 1.367261
1.945366 2.689942
-1.854297 -0.663021
-5.245635 1.648611
9.119629 2.263899
1.582735 2.154153
-4.181195 0.578354
6.947303 9.948979
-0.570413 0.550172
-2.646242 -0.160518
7.738606 -4.888421
-2.989495 -2.942759
-4.004555 -1.851466
-1.865944 0.850014
-1.531890 -5.195068
7.098188 -3.402151
-2.456210 3.369394
-4.302922 -2.153940
-8.720381 -0.976450
-8.471517 -2.217897
-2.098940 -0.473240
9.880485 -3.935839
2.328357 2.472101
-3.886322 -0.008172
-5.980719 -3.965038
1.648256 1.809644
-1.511537 1.734057
-6.052175 0.139139
-5.617065 0.178103
-7.352963 -3.198180
7.865118 1.027539
4.496740 1.209661
-4.810052 -3.259328
-4.156423 11.084089
4.092705 1.355005
1.395285 2.472314
-6.086280 -2.607093
5.430828 3.176061
-4.778542 -2.868894
-3.142292 1.866543
-2.154278 2.051104
3.384302 2.229284
5.802636 2.683253
-7.205321 -3.694647
-4.596029 1.198068
7.537657 -0.164016
-5.488016 -4.898619
-4.846389 -4.905502
-2.181420 2.454016
-2.126936 -2.992732
-2.643803 -3.576598
3.393204 2.623074
-1.597708 1.070023
-6.268301 -2.044169
-7.738096 -0.284426
-1.723477 2.705643
-0.896056 1.618181
0.692227 1.263404
-6.903134 -5.556719
-7.679001 -2.289930
-2.335272 -0.036600
2.345641 2.598832
6.591238 3.057340
-7.036950 -0.964847
5.785589 0.030523
-7.160320 -2.663626
0.761563 1.940870
-8.606468 -3.413705
-2.689569 3.026514
4.913486 2.759874
1.616191 2.641775
-5.169544 0.288333
-6.003558 -2.475179
-3.196116 -2.199176
11.631826 -1.274444
-4.943967 -2.789865
-5.448033 -0.806785
-4.051787 -0.457850
-3.164662 1.309280
-6.923808 0.681729
11.257411 -4.880644
5.098700 3.031696
10.223107 -2.045908
2.077486 3.608885
-6.252757 -1.006195
1.515719 1.310413
-3.426466 2.450634
5.253737 -1.029093
-5.750149 2.519232
-4.481304 -5.068706
-6.499829 -2.771011
-4.950458 0.029879
4.730140 3.022147
3.082324 -1.877830
14.346209 -3.567744
2.603270 1.456247
-6.945009 1.716465
2.646818 2.415255
6.378893 -2.760234
-4.578316 1.896758
4.887114 4.856130
2.056327 2.414941
-0.881621 1.155872
-2.740434 -4.320550
-6.571999 -0.868053
-7.179872 -3.143835
-4.227128 -3.818496
11.110687 -5.272426
-5.740054 -0.418292
-3.938459 -3.090103
-3.876212 -0.175169
6.069604 3.324191
8.555872 2.349315
-7.028568 -1.119209
1.062888 3.117833
6.060782 3.159559
2.384091 2.838873
-3.313736 0.667847
1.391904 1.620643
-6.210033 -0.079029
-5.102050 -1.470072
-3.848251 0.108064
1.599954 3.083553
-6.870183 -1.546692
6.027233 2.544917
-4.543961 -0.044212
-0.851869 0.522677
-5.105674 0.648694
2.471160 3.078374
-5.725619 -2.581189
-5.480190 -3.826705
12.934032 -2.721599
-2.883357 0.095517
-5.424451 -0.378021
-4.999627 -2.893229
5.507096 -1.228042
2.277605 1.810154
5.141413 3.289601
-5.430617 -2.607062
4.426894 0.235600
-7.461390 -5.557424
-2.717087 -2.033523
7.494280 3.721148
5.750258 4.224718
-2.148777 -1.382996
4.719803 2.539951
2.760426 1.327362
0.186325 0.906979
-5.743348 -3.019375
4.875999 2.237520
-4.798027 -3.885893
11.373943 -2.736740
-4.830039 -0.002430
-1.148464 -3.476531
-3.888044 0.293725
-6.468879 -2.870562
5.125657 4.225685
2.531461 3.178648
-5.322890 0.667872
-6.277304 1.397688
2.802425 1.984356
6.791282 2.439403
-2.558109 -2.772360
1.674735 2.371589
-5.160559 -1.807429
10.530006 -3.288428
2.430392 1.563673
-5.787650 -2.225493
-3.449112 3.442561
-9.586472 -3.277339
-4.107743 1.663021
4.063149 3.561560
-4.319537 0.389664
-5.510645 -2.968310
5.538538 1.224083
7.045606 -4.782289
-4.494382 1.415684
2.992771 2.949849
-5.517937 -0.669543
-6.737915 -3.436740
-6.102412 0.750467
-3.386412 -3.131138
-1.892678 1.126904
0.847250 1.154917
-0.388478 1.871000
2.205615 0.803637
-7.165751 3.044979
4.383533 2.729999
1.219948 2.760380
2.806097 0.871100
4.565563 1.039063
2.578088 2.723350
-4.814652 -0.833527
10.249636 -2.619198
3.883480 3.304240
-6.103901 -4.654002
2.426422 2.156583
0.723426 2.732091
-3.456672 -4.884711
-3.773268 -0.185762
2.898904 2.730043
-4.455005 -1.270978
-6.549162 0.462869
10.011733 -3.570825
-6.087112 -2.210454
2.837074 2.283890
-6.310979 -0.843362
4.978230 3.544245
-4.870010 1.282363
-5.025618 -0.406099
4.428413 3.383502
-5.150275 -1.484181
-5.577830 -0.256353
-6.842823 -0.398234
-5.214540 -4.549007
5.190134 -0.706485
-5.890594 -4.731334
-8.793881 -2.696799
6.643149 3.029764
-5.019600 -3.652179
-5.175559 -2.142087
7.535886 2.551117
-2.264775 -1.944548
-4.213367 0.756508
-3.435567 2.764765
0.581247 0.831558
-4.447900 -1.940108
-1.819513 -0.849822
-3.265812 -1.231397
-4.159137 0.167563
-4.277911 -3.148386
7.196396 -0.039996
11.759397 -4.535035
19.199720 1.442072
-5.210653 -1.438231
7.743365 0.711579
6.756448 3.433366
3.400983 2.529974
-6.343107 1.819741
-5.028777 -0.561740
-5.833905 -0.284119
-3.523329 -1.788024
-5.451702 -1.370706
3.152140 3.164599
-1.221789 1.393784
1.467306 1.686199
7.164492 2.925955
-3.930624 -2.576429
-6.130861 -3.590698
1.005202 0.899552
-6.295575 -3.469851
-4.212273 -5.331598
-0.979734 -4.946425
-3.949583 -3.794215
2.431742 2.776847
2.017198 4.211791
8.957847 -6.386238
-10.162800 -3.932086
3.366758 -4.893778
-4.212662 -2.338364
-6.803034 -2.819919
7.997263 -2.611567
5.180105 2.662212
-5.100579 2.148689
0.019295 1.152045
2.796669 -1.672954
-1.856105 -5.490457
-0.676270 0.045529
6.209334 2.324063
1.183165 2.115570
4.589097 4.664354
-1.342979 -0.905832
-6.118190 -1.777584
5.518773 4.403729
5.247013 3.453781
4.972589 1.598852
-4.125012 1.019401
5.170125 2.229049
1.127650 4.324224
-4.635666 -2.057382
1.599186 2.872499
4.196136 3.440971
-3.203526 -2.737744
-5.782741 -4.837216
4.966186 1.527864
-4.284819 0.382100
-6.403255 0.528451
-7.067513 -1.184235
-6.540379 0.306623
-1.379403 2.460455
-7.735423 -1.249457
-6.212449 1.624079
-6.777152 -1.287379
3.394078 0.774581
2.048725 1.391443
-3.535670 2.621538
-1.535221 2.100654
-0.304150 1.945192
-5.211795 1.379405
12.704669 -6.011753
5.341086 2.295507
-2.748938 3.282479
-0.393250 0.761836
7.148642 3.760206
2.874360 3.014285
3.411327 3.462945
5.680937 2.216656
7.050921 4.233532
4.406936 1.348324
10.788917 2.034362
-4.219360 -0.409339
9.689452 -2.415251
3.636411 2.009908
13.263132 -2.891961
