1.391487 -0.022724
-2.076655 0.202484
-2.735915 -1.814948
-1.248957 -1.396076
0.628461 -1.804036
-0.472707 -1.546671
0.144550 0.690364
-1.294260 1.239227
-0.098353 0.690445
0.549823 1.034895
3.524579 1.459665
1.262219 0.961732
1.487904 0.257507
0.582874 1.399646
-2.464090 -0.991677
3.179369 -1.690057
-1.009750 0.827718
0.054947 -0.256116
2.089994 -0.918324
-0.014685 0.548186
0.011650 -0.831674
0.179604 1.426817
-0.626682 1.682947
1.603272 0.965302
-1.932739 -1.165251
3.737816 -1.534081
3.405734 0.514475
-1.209025 -0.191412
2.142132 -0.561848
2.210839 0.910337
0.148781 0.070189
-0.386246 -0.208040
1.825843 0.897576
-1.248308 -0.498655
1.130894 0.929484
2.740239 -2.174835
1.559277 1.318170
1.035228 1.420655
3.669072 -0.926524
0.854448 0.411053
-1.342745 -0.803923
-2.610582 -1.460385
-1.857401 0.843084
0.686598 1.010596
-1.958436 0.979269
2.228000 0.365920
-0.260096 0.261125
1.789080 -1.277626
-1.340180 0.919511
-0.447570 -0.511482
-1.363036 0.360234
-3.036636 -0.104328
3.112181 -0.911226
0.120699 0.458604
2.227662 -0.477553
1.529028 0.150923
3.611703 0.395719
-0.849478 1.115879
-0.134369 -0.165182
1.327454 1.981110
-0.098971 -1.320674
-1.941083 0.957796
-2.657866 0.594024
-3.141736 0.128652
-0.086035 0.927869
-2.057846 1.845956
1.113841 1.919026
2.372603 -0.484580
2.621659 -1.885348
-2.953115 -0.845431
-0.040999 -0.792463
0.226245 0.479332
0.621757 0.552085
-1.123385 0.695411
-5.358734 -1.674462
1.027809 0.300044
0.711995 -0.059606
0.989190 1.694316
0.476645 1.128525
-1.212655 -0.857973
1.843277 0.031152
1.882282 1.636014
0.087376 1.436514
0.335682 0.185992
-3.881401 0.205208
-0.041224 0.557956
0.488989 0.972184
1.980935 0.879900
-1.440350 -1.937609
0.060914 -0.150212
3.188885 -0.590653
3.408115 -0.810123
1.971752 0.651326
1.592866 -0.075141
-0.419211 2.096080
-0.041305 1.878502
-2.825301 -1.335398
2.269610 0.783791
-1.934141 1.413705
-0.595382 0.550032
2.704354 0.160762
-0.437796 -1.564493
-1.582967 0.690096
-3.637990 -1.229204
1.808999 0.534573
-0.214153 -0.208053
0.136698 -0.094616
-0.453147 1.187156
2.107056 0.124649
1.080501 0.204596
-2.197027 -1.215789
1.004544 0.688991
-0.148481 0.576582
-1.223759 0.299956
-1.200830 1.028466
2.569994 1.532350
2.856779 0.530514
0.033310 1.074217
1.967846 0.030118
-1.183593 0.080672
-1.584698 -1.692519
0.115014 0.513223
-1.411054 0.910578
-2.208316 0.341976
1.908551 2.277930
0.826809 1.034870
1.176774 -1.138276
1.547219 -0.200862
3.364020 -1.261907
1.707114 -1.173324
0.769187 1.270214
-2.540084 -0.720031
-0.904575 1.558915
-0.293218 0.883426
-0.964126 -0.624485
0.239181 1.512069
-0.652457 0.487501
-0.090549 -0.091266
1.088881 0.612713
-1.043884 0.862916
-2.095412 1.087649
1.098011 -0.783544
-3.087429 -1.127716
-0.436838 0.985799
-2.333912 -0.092805
1.430476 1.318385
2.457183 0.808706
2.657750 0.037725
1.171743 -2.000370
1.114163 -0.076423
0.061918 0.786922
-0.272603 -1.424323
1.117811 0.550370
1.176036 0.627494
-3.524639 -0.616992
-2.507592 0.952020
-0.389649 -0.517148
0.492920 0.332525
-1.800330 0.246999
3.537996 -0.806087
0.250525 1.100527
-0.171277 0.498429
1.475211 1.360000
-1.922103 1.677358
1.198994 0.704019
1.651567 -1.075625
1.399586 1.132701
-1.879588 0.687343
4.504594 0.497290
0.695246 -0.862292
-0.969267 1.340176
2.688680 -0.393819
-1.149230 -0.024231
1.284293 1.409194
3.453357 0.782527
1.383100 1.443636
-1.288435 1.032646
-0.781058 0.530574
-3.039354 -0.287075
-1.285801 0.326719
-0.336581 0.128151
0.412090 0.277139
-1.349786 -1.618525
-1.997396 0.941064
1.150050 0.861665
-3.842438 -2.285172
-1.442611 0.676789
-1.249779 0.684244
0.807421 1.492192
-0.129943 1.046384
-2.159725 0.881422
0.693491 2.359905
0.245835 1.701490
1.309204 -0.848620
1.287776 -1.054392
0.415901 -2.014366
-1.726924 0.408330
0.820784 0.250036
0.841268 0.932789
-4.117771 -1.138072
-1.843755 0.211119
-0.745566 0.058314
-0.805454 0.764409
-3.125361 -0.974751
-3.181011 -1.363303
-0.031470 0.161450
-2.238658 -0.304117
1.418957 -1.792482
-2.436840 2.280184
-0.026309 -1.007384
-0.283295 0.995665
-1.893567 0.391342
1.354696 -1.979447
3.601694 -0.444659
-1.858995 0.391609
0.208688 -0.734721
-2.520398 0.236312
2.519486 -1.556323
-2.094022 0.070183
3.530906 -0.857344
2.449708 -1.193142
0.799020 1.235283
-2.963889 -0.838222
-3.148107 -0.779951
-1.751937 0.945479
-1.999747 -0.560211
-2.919591 0.165405
1.422413 -0.205274
0.804935 0.102726
2.045758 -0.410420
-1.247447 0.864451
-1.508014 -2.893112
2.732592 -2.544250
-0.564569 2.489524
1.741379 0.529866
-2.133266 -0.606818
-0.702936 -1.133722
-2.031469 -1.430714
0.632241 0.092367
2.009043 0.938601
3.156279 0.366645
-0.074015 -1.182436
1.360167 1.086957
1.594044 1.045729
0.160925 0.980963
-0.723360 -0.483365
3.393631 -1.062718
-1.905716 1.636741
-3.059152 -1.182656
-1.486416 -0.929747
3.288273 -1.392304
-0.143167 1.415541
2.116950 -1.035805
-1.486199 0.493274
1.488774 -1.648890
-0.013686 2.297369
1.403603 0.031827
-1.448992 -0.253171
3.784981 -2.209062
-1.694181 -0.666493
1.451244 1.160303
1.382993 0.294800
0.946325 0.496030
-3.072771 0.321292
-3.039683 -0.329449
1.894405 -0.333740
3.227728 -1.515001
-0.563928 0.933004
-3.158138 -2.279582
0.432557 1.211003
-1.299954 -0.719320
-1.049968 1.250216
2.160914 0.310397
-2.891028 -1.268914
1.562291 -0.027390
-2.887143 -0.948992
-1.646003 0.395593
-1.310076 1.354865
1.604226 0.424436
-2.202937 0.193395
-0.920503 1.481982
2.025688 0.165725
0.532381 0.812810
2.115375 0.138252
-0.524968 1.215672
-0.862011 -0.708410
-1.470325 0.519653
3.244793 -0.895436
3.164044 1.109126
-0.745986 0.513458
0.106481 1.308034
-3.238407 -0.345511
-1.787834 -0.417687
-3.278184 -1.087912
-1.004207 -0.361857
-2.776353 0.880669
3.669975 -1.671305
-3.566569 -2.507404
-2.812006 1.129179
1.106416 -0.026219
0.623168 0.355996
3.577670 -1.740675
2.225410 -2.386744
0.915597 2.062610
2.349926 -1.227674
-2.232325 -2.474061
0.183132 2.655491
-1.908326 -0.729079
2.496706 -0.324925
-2.491803 -1.374038
1.606101 0.748264
-2.718524 -2.523986
0.492022 -0.469501
-0.550970 -0.826197
1.368219 0.438326
-1.351583 0.018624
-0.252544 1.188806
-0.171659 0.080178
-3.429350 -1.513926
-3.916811 -0.077764
2.666121 -1.170247
-0.394624 -1.473567
-4.054607 0.071659
-1.762102 -1.322088
-2.059615 -1.741010
2.388254 -0.536688
1.458118 -1.173352
1.346445 -1.745079
-0.510732 -1.225448
-0.359622 0.469474
-3.587014 -1.118689
-0.159588 0.360038
-1.035326 0.646111
0.875574 0.791376
-0.300048 1.079388
-0.700693 2.597641
-1.341414 1.283517
-1.609094 0.383455
3.470997 -0.954898
1.551174 0.679077
1.656511 0.963575
-2.684487 -1.676358
0.106979 1.571184
0.442623 1.860634
-1.051073 -0.255057
-0.795785 -1.025782
1.435716 -0.344217
1.305131 0.936227
-0.584756 1.158323
-1.817828 1.181430
-0.378892 0.714893
-2.610594 -2.506012
0.101867 -1.579494
-2.575474 0.828089
-2.854871 -1.330281
0.306228 -0.062725
2.692254 -0.759290
0.098116 -1.539165
1.675487 0.091591
-4.012592 -1.003863
-0.742666 1.607381
0.560140 -0.237789
2.256264 -2.309140
1.392040 2.421630
-3.133413 -1.413243
3.418742 -0.638451
-0.513807 2.058051
-1.844792 -0.617333
-1.890894 -2.455969
1.757004 1.479838
-3.226164 -1.695989
1.031140 -0.370545
-2.205769 0.198484
2.690633 -0.368277
-1.549565 -0.759702
0.246170 0.377570
0.856384 0.362791
-0.370123 0.068143
-1.693547 2.151470
-1.400039 -1.350742
1.659280 -0.127326
-0.731607 -1.440193
1.778666 -2.052232
0.960937 0.840350
-0.392363 0.724088
-1.361438 -0.134783
0.697272 0.199982
0.429716 1.331928
-1.611450 0.441605
-0.597195 -0.962502
3.762079 -1.303201
0.106492 1.062419
-2.566608 -1.153445
1.630354 1.358399
-2.429560 0.061590
-3.247657 -1.550506
-4.139520 -1.373283
-2.069388 -0.749538
1.078130 0.771448
2.004723 -1.657169
-3.751434 1.912420
3.019697 -1.211298
2.690454 0.160297
1.733672 0.493477
-1.074915 -0.781750
0.999091 1.569969
0.548215 1.405693
-0.870650 -1.140705
3.319487 -0.443029
2.595467 -0.075405
-4.016730 0.690219
-2.196515 -1.157977
-2.663575 -0.010874
0.705121 0.425559
0.494457 -1.375454
0.790799 0.509026
1.582411 -2.579045
2.239257 -1.246534
-0.154768 1.222763
-0.419744 -0.437213
0.106422 -1.442613
2.387397 0.224006
-1.667076 2.672616
-3.154975 2.136512
-1.912717 0.700593
-0.078209 1.161763
-0.813136 0.802105
0.992269 1.647554
-0.294722 0.188254
-1.321775 0.283985
1.741096 0.111829
-2.688844 1.085329
0.827368 1.030765
-0.853588 -1.505352
-1.772804 1.860676
-1.132259 1.109098
-0.596190 -0.210444
-1.727639 -1.834715
0.425781 0.165636
-1.052990 0.640672
-1.793645 0.880998
0.652625 1.074545
0.663850 0.661452
2.017467 -0.700268
-2.494191 -1.140795
-1.026975 0.990299
0.810129 -1.538482
-3.273928 -1.784306
0.248049 1.106420
-1.962026 0.159908
-2.783016 -1.386701
1.469756 1.017942
0.858799 0.830204
-1.242869 -2.379274
3.357221 -0.731646
1.862035 1.160397
-0.451786 -0.038866
0.465333 0.037388
0.110975 1.392327
-0.335622 1.649972
-0.100921 1.522868
-2.661541 0.368841
1.573257 0.979072
1.137000 1.195494
1.117126 0.632897
-1.472001 0.343038
-1.318958 0.144314
2.502111 -2.674222
2.238260 0.295558
1.040403 -0.562302
1.192251 0.063322
1.008721 0.570070
-2.824008 0.756116
-2.221216 -0.340148
-0.382938 -1.427421
0.592454 -0.166811
-1.136544 0.830116
-1.662391 0.076199
0.643660 0.081383
-1.161151 -1.057897
-0.868752 0.584696
3.737122 -0.508375
0.441761 -0.593390
-1.705472 2.641382
-1.184295 1.959995
1.130159 0.341443
-1.476882 0.243386
0.757157 -0.139552
3.392378 -0.506846
-1.401267 -1.042476
-3.200070 0.685524
0.699253 0.654372
0.078718 1.334384
-2.589502 -0.426978
-1.292824 -0.307927
-0.864231 0.829839
4.576328 -1.226395
1.159612 0.878835
-1.666517 0.266118
3.838586 -1.094318
3.010440 -2.007635
-1.968194 -0.431283
2.703963 2.093847
0.754770 -0.424536
-0.732348 1.570663
1.907040 0.883352
0.507094 -0.384066
-2.326734 0.281043
3.545143 -1.105619
2.586400 -1.995101
-1.424653 -0.300858
3.323975 1.879238
1.125613 1.180699
0.785060 0.737029
1.546000 1.883092
0.483990 -0.084409
-0.810249 0.274243
-2.506710 -1.727494
1.044035 1.482961
0.479263 0.353607
-0.452496 -0.561131
-1.763727 0.935764
0.043148 0.162644
1.364158 1.662360
0.150622 -1.537150
-1.564256 0.013277
-2.251127 1.394687
1.635383 -0.272824
1.509636 -1.542205
-0.131068 -0.117937
0.652917 0.416381
1.145096 1.764223
0.271321 0.725428
-3.741218 -1.242572
-1.724567 -0.447335
-2.005236 -0.191371
1.545982 0.641742
-0.506620 1.487569
-0.844917 -1.546657
0.546367 -0.133870
1.140166 0.444595
0.358894 0.893379
0.167171 0.491765
-0.909069 0.555935
-2.335643 0.062827
-0.140343 1.011489
-0.772277 -0.567419
-2.414126 0.054253
-1.383410 -1.872359
0.342518 0.910192
1.954299 -2.194403
-0.575352 -0.011191
2.141254 0.370554
-0.249025 0.927055
2.171798 -3.060046
1.076587 -0.376027
1.395826 1.291300
-0.852620 2.672433
-0.318316 0.770202
-2.777222 -0.857654
-0.257147 0.473260
1.359950 1.032998
-1.492815 -0.021731
-1.261599 -2.282420
1.713692 1.881716
-0.973994 0.935791
-0.639487 -1.584016
1.466062 1.818275
3.262913 -0.922650
-1.643368 0.173363
2.434631 -0.556080
-1.757192 -0.058406
0.017728 -0.624002
-3.049164 -0.359102
2.944517 -0.110848
1.503107 1.077898
1.697537 1.137632
3.858414 -1.684476
-2.909021 -0.735268
-1.980628 1.852979
3.228077 -0.821961
1.902795 1.485055
2.768509 -0.672305
3.078111 -0.262239
-1.792115 1.297963
1.407254 -0.251725
-0.683034 0.840557
1.357364 1.525046
-0.415523 -0.877228
1.886497 -0.449088
1.613161 1.015372
-0.707111 -0.734940
-0.741598 0.399129
2.690324 -0.752647
1.469350 -0.639002
2.723591 1.433517
-1.135053 0.178764
0.599376 -0.189838
-3.253792 -1.507475
0.074556 0.252700
0.144731 -1.921795
2.375258 -2.624321
-1.521557 0.458361
2.005861 0.581995
0.673387 0.224647
-3.493949 -0.809715
0.756738 -1.889355
3.025018 -1.356899
0.465928 1.256497
3.685729 -1.059635
-3.089275 -0.237139
-0.632979 0.018282
-2.957683 -0.950542
0.201590 1.364948
-2.460013 -0.963446
-2.566608 -0.500771
-1.756815 1.728959
2.210829 0.819789
0.812129 0.537902
-1.820758 0.799806
2.241635 0.562183
0.975039 -2.369622
-2.682803 0.183013
2.922602 -0.545008
-1.480916 -2.487941
-3.510791 -0.344453
1.482690 1.140380
3.055414 -0.580932
-0.054646 -0.019496
-0.676896 1.549641
1.293107 0.513150
3.182083 -0.554934
-0.568646 1.326913
-0.679116 -1.391395
0.643915 1.826907
2.381176 -0.551505
2.038643 0.853709
1.150245 0.350826
2.406062 1.956111
-2.655332 1.363431
-1.063229 -1.862395
-1.330893 -0.689584
-1.803561 0.749002
-1.083312 2.077380
2.227681 0.164961
-0.104943 1.784260
1.920937 -0.667613
-0.569844 0.197923
-1.352160 1.205773
1.189094 -0.887161
-2.149921 0.142351
0.665995 0.887558
-1.859545 -0.053075
-0.511702 -0.464568
-0.737101 0.709840
-1.327879 -1.272786
-2.258869 0.259410
-2.399670 0.802611
-0.522116 0.934251
-1.582555 0.306445
2.087411 -1.098961
-1.555517 -1.600862
1.566431 0.858352
-1.486494 0.290511
1.492430 -0.878347
-0.290478 0.848118
2.095803 0.242782
2.383486 1.436469
0.318091 1.250047
-2.716568 2.198466
1.277444 1.341907
2.027208 0.043951
1.500679 1.259412
-3.098677 -0.959676
5.364766 -0.316353
-3.795182 -1.498882
-0.546610 -0.118683
2.758147 -0.279484
-1.812252 0.532488
-1.171072 0.244696
-0.427316 -1.214050
-1.016175 0.938387
-2.114768 0.905787
3.563326 -1.426919
-1.670740 -1.372885
-0.216151 1.931353
2.307049 0.681261
-3.027528 0.073983
1.309855 -0.863974
0.853392 0.239848
-0.342987 0.763870
-1.392049 0.553061
-2.840578 -0.369038
0.911973 0.421517
-1.864706 -0.168731
-3.489037 -0.997038
-3.475999 2.349078
-1.675688 1.275261
0.150106 -0.109795
-1.014837 0.132444
0.610638 0.048178
2.774023 -0.130942
1.961127 -0.959925
2.773569 -0.346448
-2.375488 1.086030
-1.078884 -0.983274
0.312519 -1.180334
3.490002 -0.689917
0.611429 1.074510
-3.393033 -2.547928
3.288004 -0.278084
-0.332609 0.216600
2.546432 -0.237893
2.830076 -0.157478
1.598171 -0.534175
-1.890802 0.133853
-3.291288 -0.525216
-0.770000 1.245907
2.980618 0.633652
-0.269355 0.405172
-0.362246 0.150412
-2.579230 1.008122
-2.270920 -1.027209
-2.839777 0.439753
-2.847113 -0.774093
2.775315 1.040915
-3.199650 -0.280015
-2.234999 -1.756615
-1.400675 1.948202
-2.330853 0.402909
0.031686 1.300746
-1.483033 0.803902
-2.988437 -0.276316
-1.479959 0.916456
3.596665 -1.238458
1.422276 1.464216
4.238025 -0.872064
-0.597453 -0.091314
-2.999741 -0.446670
2.526738 1.932664
-1.142423 0.675942
-3.314832 -1.356583
3.474428 -0.704738
-1.635268 -0.776312
2.094439 0.342226
-3.278228 -0.862967
-2.973256 -1.051435
1.396371 0.312362
0.857333 1.993361
-0.007507 0.545584
-3.344018 -1.492678
-0.117979 0.841993
-0.369530 0.868737
1.554792 -1.368104
-0.958244 0.354847
-0.442681 0.200749
2.289345 1.065266
0.258213 0.862965
2.526539 -0.159830
-1.283408 -0.727063
-2.611784 -1.449184
-1.366965 0.419614
1.346155 0.910626
-1.219072 0.715841
0.790285 -1.329310
1.686089 -1.441841
-1.651563 0.723100
-2.368727 0.009722
0.647537 1.977249
3.704892 -1.528608
-2.342316 -0.471356
-3.542995 -0.893337
1.749308 0.147878
1.579181 1.505350
0.862743 0.288963
1.478619 0.120011
-2.455811 0.953599
3.074436 -1.588233
-1.085093 1.083764
-0.293460 -0.866535
4.320673 -0.343576
0.125200 1.443258
1.179071 -2.597520
-2.156615 0.820123
3.230793 -1.793610
1.073036 1.742696
-2.293000 -0.348510
2.192164 -1.549105
1.285181 -1.646864
-0.344133 0.787381
0.563701 0.685921
1.244311 -0.488386
0.112554 0.695060
1.162185 0.907328
1.076969 0.984139
3.221873 -0.478340
-0.889204 -0.106491
-0.535440 -1.175444
-0.881234 -0.064107
2.269282 0.624638
-1.005097 -0.918341
0.497537 -0.212274
-0.013197 -0.755107
0.121106 -0.068559
2.294938 -0.584843
2.163024 -0.096551
-2.836623 0.681083
-2.364363 0.618262
2.850322 -2.717045
-1.000982 -3.007369
1.204042 -1.603712
-2.771769 -1.355142
2.425758 0.340723
2.074594 1.186820
2.084158 0.114840
-1.926122 2.244288
2.158777 -1.328391
0.602979 1.947505
0.727171 1.184347
-1.759637 -0.857871
-1.826635 0.317099
0.208447 0.481206
-0.765231 2.280316
-2.036193 1.464412
0.246660 0.607085
-0.091881 0.132557
-0.974616 1.502689
-0.834765 1.259387
0.504080 -0.407105
0.823774 -0.753293
0.881467 0.394265
-2.671438 0.803061
-4.290836 1.990494
1.867283 -1.661577
0.820482 0.987804
3.447837 -0.414924
-1.417244 -0.461981
4.641889 0.008044
0.851759 0.875542
0.568316 -0.016840
-1.013427 0.871661
-2.623216 -1.371212
-1.560986 -2.033360
-1.197000 1.768298
0.690241 0.270180
3.101616 -0.644888
-0.560823 0.372340
2.137756 -0.038165
0.664525 0.682419
-2.143707 0.892477
2.375807 0.348485
0.756917 0.652179
0.490915 -0.886435
1.308564 1.385007
-1.272263 -0.219582
1.372889 1.349349
1.431291 -0.184036
1.882218 0.294388
-0.351984 -1.251178
-2.499553 -0.696362
-1.235840 0.687113
-1.180476 -2.421400
-2.123435 1.879112
-2.333651 -0.421015
-1.934582 1.895563
0.818909 2.146950
-2.871794 -1.400426
1.529461 1.093804
0.785487 -0.014430
-0.648779 1.599570
0.943699 0.563769
1.879216 -2.001694
-0.596259 0.061029
1.068297 0.699766
-0.585234 1.846892
-2.068143 1.061922
0.166304 -0.538216
-0.330509 1.432571
2.576428 -0.491081
0.291309 0.294852
-1.257747 -0.050746
-2.989129 -3.181251
-1.582071 1.000143
-2.842068 -1.786466
3.501098 -0.744530
-1.874725 0.899841
3.005135 -1.830545
2.286462 1.296593
1.290911 -0.507910
1.198670 1.149207
-1.618313 1.582869
-1.138704 -2.255311
1.408426 -0.068239
-0.747215 1.989570
-0.277801 0.826432
3.174070 -0.915091
0.989610 1.729171
1.793167 0.856876
-0.332547 1.923444
-1.369122 0.761810
-1.377874 -0.705701
1.250166 0.486616
2.090972 -0.113057
0.222789 -0.262652
-3.430511 0.389342
-0.045008 -0.837640
0.313817 -2.382926
0.250047 1.472463
-0.018437 1.025857
1.948160 1.418758
2.549277 0.655301
2.521619 -1.214696
1.763402 0.636722
2.721978 -1.905050
0.297740 0.147033
0.333720 1.184184
1.812911 -1.160301
0.344847 1.034146
1.525123 0.379512
1.362386 0.015624
-3.184288 -0.901508
-1.358302 0.108290
-3.364923 -2.964129
0.469395 0.477706
1.100531 0.097989
-1.781560 -0.250421
-0.574801 2.179639
1.922562 1.664026
2.708057 -1.745118
0.487492 0.071239
0.039971 0.134240
-1.307293 -0.576067
-0.303976 -0.177690
-1.347813 0.876627
-0.613236 -0.774366
3.714876 -1.261877
-2.186725 -0.744630
2.105438 -0.347840
-2.735892 0.733357
3.254901 -0.798279
-2.077581 1.366426
-1.910886 -1.353964
-2.674352 -0.481688
-1.888021 -0.696339
-1.550144 0.854010
0.658380 0.422541
0.733536 1.090680
-2.070126 1.023688
0.136079 -1.866677
-2.960663 0.780599
0.439716 0.626507
-3.379255 -2.639003
-2.477700 -2.904253
-3.781718 -2.196113
2.204528 0.917732
-0.922253 1.091744
-0.399648 0.603965
-2.353905 -0.279102
1.281883 1.809919
-0.411073 1.314464
-3.110696 -1.803894
0.267850 -0.188164
2.282607 -1.589902
1.947576 0.372365
-2.671085 -0.052947
2.646007 -1.232937
1.882749 0.915612
0.858963 0.050168
-2.213113 -2.071540
1.181441 0.133767
-2.247143 -0.509790
-3.067685 -1.068239
-0.353043 1.497018
2.244245 -0.343272
1.508833 0.589184
0.905311 0.090667
-1.773842 -1.166344
-3.852783 -0.649246
3.749513 -1.207263
0.683089 0.376078
-1.338886 1.034084
-2.627905 0.822391
-1.593104 -2.439469
-3.312907 -1.946942
0.954840 -0.380392
-1.251949 -0.379348
-3.568644 -0.412260
-1.200702 0.064905
1.879683 0.450418
0.330754 0.688867
-2.959967 0.166657
2.180601 -1.476086
1.922921 0.248098
-0.957625 0.576969
-2.655786 -1.017007
2.454415 -1.911124
-2.436702 -2.277900
1.637706 0.404319
-1.881968 1.035400
0.557053 -2.361796
-0.896020 1.021677
1.769617 1.126928
-1.732774 0.201668
-0.234368 1.245403
1.548022 0.614891
-0.211376 0.577766
1.881903 0.652136
-1.018171 1.022039
-0.527284 -0.569584
0.804894 0.723539
-0.764947 0.619092
-0.736113 1.471140
-0.183896 1.074635
-1.564879 0.976876
-1.723440 1.606589
0.117368 -2.533074
-2.187861 -1.006012
0.695592 0.859835
-1.918202 0.673349
-2.864984 -2.989074
1.901096 -1.628487
-0.172429 0.542938
2.214863 0.677223
1.709629 0.485485
-0.917246 0.430519
0.073438 -0.017646
-1.546680 1.415451
-0.015644 -0.570212
-1.456941 -0.325565
-1.735505 -0.992258
-0.488848 1.004416
-2.099806 -0.537602
-0.914662 0.068435
-0.091299 0.137152
0.892379 -1.116115
-4.015966 -1.538103
2.835339 -0.131929
-0.711836 -0.314040
-0.378810 0.805581
1.540410 1.158168
0.190205 0.285247
-0.319895 0.554110
-3.930852 -0.823646
-3.569833 -0.455117
0.328865 -0.549595
-2.875683 2.605202
-2.929491 -1.237613
-2.402774 -0.420556
-0.014948 0.293100
-0.196693 1.823432
2.629737 0.791344
1.863504 1.569643
-1.811130 0.253603
-1.193611 -1.390833
-1.167679 -0.244031
0.224188 1.016686
-0.214719 -0.415199
-2.338279 -0.104929
2.171754 1.088357
0.839342 0.696151
-1.409771 0.458145
-1.476680 -1.252541
1.088944 0.739044
-2.878242 -0.457567
1.843105 1.968401
2.455101 -1.514929
0.130023 0.087291
4.017310 -1.005004
1.329063 0.152450
-3.780831 -3.172988
1.721902 -1.012646
0.442957 1.252772
0.976847 0.423844
3.849496 -1.983362
0.972714 0.016710
-3.045483 -0.228074
2.916574 -2.731503
-2.617027 -0.261430
4.048333 -1.431593
3.308874 -0.879662
-0.389380 -0.141549
0.044894 0.998462
-2.926399 -2.608569
-1.237544 0.601332
0.459883 1.773083
1.899818 -2.534502
-1.923296 -0.407243
0.236625 -2.149455
2.072967 1.122908
0.437970 0.862473
0.403823 -1.028002
-3.478541 -2.000834
2.371883 0.190073
-1.177234 1.020950
1.994301 -0.953740
0.516088 -0.135730
-4.319496 0.477707
1.918282 0.886777
-1.077566 -0.605329
1.725409 1.378594
0.871015 2.281162
-0.403072 1.311763
1.673672 0.420287
0.165057 1.259496
2.350524 0.126282
3.258669 -0.703501
2.647604 -2.844077
1.582045 -0.134610
2.165296 0.622477
0.549517 0.848855
0.465505 0.520822
1.846615 -0.225337
0.920829 0.302777
-0.242394 -1.085453
-0.978642 0.830056
0.937751 0.957671
2.583143 -0.765995
0.398235 2.351076
1.491986 0.364940
-0.907440 -0.138502
0.862485 0.983463
-0.611562 -0.895133
1.394477 1.168858
1.019449 0.883213
-0.102580 -1.290283
-0.921453 0.975463
-1.610471 0.659718
1.804229 -0.041963
-1.720702 -0.695371
3.827143 -0.789282
-2.927734 0.122985
-2.152105 -1.076290
-2.087287 0.897158
-1.787799 -0.590461
-0.899669 0.683700
-2.101336 0.335533
-0.939293 0.625337
-3.701598 -0.856233
0.725288 1.679082
-3.452266 -1.791930
2.031367 0.593893
2.519633 -0.569188
3.754902 -1.389925
-0.171850 -0.666800
-1.964583 0.195619
0.198686 1.894666
-1.883780 0.053824
-0.121788 1.615752
1.704613 0.846049
-1.093440 0.941907
1.024449 -1.087708
-0.051937 0.348593
-2.777353 -1.794401
3.817890 0.860250
-0.550250 -0.304227
2.508520 1.404145
1.558531 0.698268
-1.127372 -1.383699
2.766167 0.412610
-2.045625 -0.539014
1.480982 1.108906
1.388956 1.692300
-2.134373 -1.267780
-0.352163 0.740954
-3.252750 -3.736662
-0.657361 0.081590
-2.570040 -0.569346
1.011799 1.623411
0.433868 1.076707
-0.597297 -0.095115
2.551870 -1.873003
-2.349022 0.378654
0.822669 -0.096134
-1.957940 -0.786833
0.513617 0.417768
0.244843 -0.391269
2.177852 0.729137
0.573571 0.914263
-1.895931 -2.929779
-2.791148 0.198976
-1.382118 0.130611
1.301646 0.851653
1.122633 -0.249419
-1.677259 -0.489786
-2.932906 -1.565431
0.181772 0.649926
0.319171 0.983515
0.588064 1.565310
-2.808368 -1.343275
-0.586438 1.214600
-1.569198 -2.008072
2.696668 -1.503233
-0.284754 1.717775
-2.634454 0.384880
0.211137 1.137265
-2.964746 0.317233
-0.000717 2.255132
-0.114788 0.810767
-1.456626 -1.412997
-0.830096 -0.822072
1.828219 -1.882955
1.592039 1.047735
0.086463 0.374095
-2.303202 0.067373
-4.630314 0.546686
-1.740334 -1.434481
-2.866880 -1.034636
2.313483 -1.613817
-5.758848 -1.484263
-0.466360 0.390609
2.591953 -0.795710
-3.360119 -0.027542
2.205392 2.397797
0.632830 0.291524
4.289801 0.527288
-0.961974 0.260546
3.965708 -0.879197
-0.325877 1.359239
0.550495 -0.142418
0.224106 -0.644688
1.924026 -0.746524
-3.974160 0.715692
0.065177 0.471906
-0.680103 -0.026078
1.052433 0.497622
2.208665 0.763706
3.540395 -0.112712
-4.459589 -0.948872
-1.778439 0.330908
0.843979 0.415728
3.191955 -0.606336
-0.170342 0.231389
-2.280726 0.109359
0.046688 -0.678785
-1.370116 2.318486
-1.641828 -0.803082
0.389679 0.033861
0.661894 -1.265719
-0.103721 0.625495
-3.439400 -2.262576
1.867774 -1.509044
2.207149 0.197011
-0.577068 0.012149
-0.414669 1.196075
-2.816410 -1.841348
0.338213 -0.508057
-3.513552 -1.815680
0.600036 1.317339
-1.270099 -0.662085
-3.309983 -2.079550
-1.705983 1.297530
0.221875 -0.022001
2.471323 -0.080900
-4.601041 -1.006137
-2.001696 -2.656669
0.758331 -1.606954
-3.373270 -1.508410
3.458157 -1.616947
-0.085214 -0.347797
0.922998 1.205135
2.170370 0.598083
1.898219 1.392331
2.835678 -0.928221
-3.473008 -1.849939
3.843733 0.418308
-2.364748 0.305804
4.497177 -1.875011
1.935225 0.968891
-1.884087 1.463827
0.457554 1.676643
-2.648065 -0.431323
1.115549 1.513549
-0.934593 -0.285212
-2.556855 -0.986670
0.782618 0.185603
2.603854 -1.876629
0.564956 2.217418
0.759154 0.295271
-0.402821 1.358313
3.472009 0.749452
-1.221717 0.123273
1.368818 1.695530
1.554686 0.735095
-0.725404 0.865683
-2.993809 -0.510625
1.754351 -0.230245
3.213623 -0.810998
-0.120838 0.351408
1.848723 0.990464
-0.835052 -0.705033
0.390542 -0.929740
2.123965 0.978139
2.004799 1.346880
-0.017389 0.896526
1.054395 -0.349153
-0.941339 1.232468
-1.147536 0.154580
-1.498486 0.347744
-3.068600 -2.171087
1.524805 0.897927
-3.033030 -0.135182
1.799201 1.006007
-2.524688 -0.219992
1.469422 0.618306
3.650522 -0.256895
-2.033977 -0.045381
0.909470 -1.456017
-0.096699 -0.756273
0.801409 -1.657186
2.097297 -1.835879
0.098142 -0.439814
2.439085 -2.241548
2.710983 -1.708970
2.216730 1.170880
0.146463 0.963090
1.074833 -0.023885
0.043026 1.234794
-3.091535 -1.054555
-0.945480 1.522580
-2.784393 0.883517
-2.445218 0.901561
-3.056087 -1.459024
-0.929842 1.842416
-0.212063 1.197390
-0.948732 -0.064934
-2.610728 -0.810487
0.627987 -2.309078
2.318267 1.877530
1.645612 -0.013170
0.582709 0.552542
0.201348 0.703730
1.778856 -0.049611
4.717758 -0.805365
1.861176 0.843880
1.263608 0.820461
1.787872 -1.830883
-2.282652 0.146048
0.836485 1.158434
-2.517021 -0.079208
-0.518513 -0.115009
1.338140 0.501800
-0.926819 1.617391
3.035302 -0.719337
-2.039854 0.659867
1.284081 1.001448
-0.063084 0.658113
-1.958702 -0.624760
1.089291 1.423280
1.682062 -0.651403
-5.358734 -1.674462
-0.587491 1.114773
-2.134717 0.885495
0.442307 1.210050
-0.935375 0.920302
-1.852934 0.921995
2.151679 -0.171909
-1.727046 1.269409
-3.220024 -0.382183
-1.997633 -0.021088
1.856272 0.166398
0.328746 0.103231
0.241983 0.145482
-1.120932 -0.933639
-1.787433 -0.527529
-2.079835 -0.242625
1.260371 1.397939
-5.169919 -1.235839
-2.666496 -0.614432
3.258748 -0.473426
-2.661035 -0.808794
-1.697510 -1.994069
0.821075 1.631794
-0.762516 -0.206655
-2.268076 0.921498
-1.271400 0.035628
-3.845672 -1.856412
2.751461 -2.293126
-0.275906 -0.492175
-0.269327 0.258169
-1.558498 -1.330079
2.117463 -1.392992
1.310725 -0.414980
-0.198396 0.191184
-3.203418 0.010477
-0.408588 -0.109654
1.496357 1.007441
0.609744 0.756496
-1.592981 0.541026
2.261500 0.509192
-1.900899 1.451968
-1.042663 -0.329975
1.554208 -1.043862
-2.703182 -0.023797
-2.745115 -1.730598
-0.665287 -1.190268
1.575686 1.179524
2.487018 0.353795
2.189481 0.337552
-3.498619 -2.400781
-4.133046 -1.217040
2.618563 -1.111721
-3.915768 -1.809588
0.454123 1.389688
-0.550835 -0.910724
-1.687536 -0.017285
1.790823 -1.953886
2.245317 -0.934243
-0.646432 1.497948
1.329092 0.815717
1.850962 0.618611
0.370142 1.571050
-0.713195 1.397054
2.371099 -1.049060
2.120652 -1.704251
0.687599 0.948519
-1.568725 0.627262
-0.499968 0.056990
-2.468514 -2.435355
-1.013733 -1.146250
1.457653 0.183652
-0.322490 1.483827
1.083813 1.027972
-0.055054 0.547771
2.662584 -2.122747
-5.278598 0.055440
3.403785 -1.275665
0.200653 0.626031
-0.740987 2.046842
1.257551 0.582878
0.154386 -0.249565
1.429759 0.789885
2.041840 -1.346394
-0.860757 -1.907564
-2.508320 -1.579848
0.566041 -2.273909
0.962121 -0.184775
-0.121416 1.435159
2.946636 -1.401313
0.842827 0.579375
-3.013685 -0.809889
0.378111 0.828530
0.960829 0.549765
-1.793270 0.590521
0.106733 0.709377
0.196805 0.673260
-0.632064 -0.234720
-0.270245 0.786257
-0.820531 0.034579
3.637982 -0.378055
0.386635 1.418988
-3.370515 -1.696593
-1.920734 0.341265
1.604373 0.445447
-0.795861 -0.081538
1.193943 -0.876218
-2.096948 1.181601
2.562461 -1.102169
-1.093527 0.349325
0.500528 1.006631
3.558978 -1.295918
1.841130 0.860367
-0.613190 0.697025
0.264336 0.624956
1.912210 0.249786
3.052255 -0.759308
-1.504230 0.358868
-1.711023 1.400187
2.477761 0.001635
-1.039677 -0.020885
0.768267 1.248539
-3.354572 -0.820792
-1.074048 1.005752
-2.670463 -1.124539
-1.482662 0.807071
0.512235 -0.068291
-1.634543 1.062044
1.666557 -1.398121
-1.649160 -2.328884
1.782318 1.205900
1.865363 0.709303
3.493789 -1.327862
-2.738709 -0.594789
-1.237187 1.242955
2.221527 -0.613216
1.587329 0.807724
-0.593983 0.661050
-1.137822 0.831465
-2.326457 -0.751707
-2.431130 -0.480262
-1.538203 -2.675590
1.446134 0.325325
2.118713 1.739251
0.213060 -1.308209
2.696937 -0.503518
-1.252241 -1.691410
-1.792409 1.631915
2.069414 -0.333930
1.598910 -0.893657
-3.456292 1.175412
3.047987 -0.431359
-1.107081 1.060912
2.265874 0.279809
-0.316595 0.233660
-1.703121 -1.925313
2.729461 -1.317736
-2.241052 -0.294372
0.059147 0.875262
-1.990440 -0.454955
1.799139 -0.126670
-1.031731 -1.328145
0.665436 1.068369
0.969503 -0.645776
-2.692471 0.121286
1.379011 1.001275
-0.801144 0.890947
1.029711 0.676889
-1.096124 0.470187
3.148762 -0.479901
-0.311084 0.824996
0.903060 1.561057
0.541281 1.342247
-3.162151 -0.559389
-0.720353 0.915327
0.131121 -0.143106
2.304152 -2.707136
-0.681387 -0.051699
-2.307311 1.259037
-0.179898 -0.591105
-0.386796 1.853869
2.109657 -0.857897
0.964172 1.011355
0.320134 1.708616
3.711669 -1.629362
1.785086 1.287716
3.342850 -0.339281
0.208526 0.037198
-3.166988 -1.982547
0.075685 -1.178801
-0.644873 0.190398
2.620515 -1.379943
0.351993 1.451850
2.612448 0.607655
0.303929 0.754253
1.217119 0.069208
-1.146568 2.095742
1.483246 1.168728
-3.753242 -0.791980
-0.404704 0.040722
1.066303 0.499378
0.272613 -2.291062
1.394764 -0.376683
-1.571331 -0.584774
-2.367333 -0.701823
-1.666678 -1.902598
-3.015972 -0.048951
2.649106 -0.773578
-0.155832 -1.356542
-0.235859 0.671465
2.105845 -1.807936
-1.483991 1.289105
-2.658449 1.624056
-1.420054 -0.051903
0.396647 -0.551831
-1.393530 0.249312
-0.116182 0.129402
-0.084951 0.492192
1.900877 -1.178784
-1.610175 -1.380456
2.034091 -1.317734
1.643631 2.168074
-0.707074 0.021945
-1.799328 -0.369169
-2.640225 0.435702
1.892956 -1.327998
-0.402383 -0.098404
-1.946442 0.627111
-3.417888 -1.977109
-1.465980 -1.002616
-2.536834 -1.608240
1.530625 0.621057
2.944099 -0.958643
-0.452086 3.426414
-2.090605 -1.687639
2.270821 -0.524285
1.857461 0.770394
-1.020380 0.558262
-0.401795 2.171680
2.691732 -0.526767
3.146511 -0.950050
1.874615 -1.614173
1.059566 -0.972780
2.062576 -0.028277
2.393593 -1.698631
-1.942605 1.537044
0.913344 -1.082992
1.101511 -0.693091
2.663578 -2.598619
-0.165682 1.034879
-0.289273 1.000055
-2.569557 -0.005669
1.460130 -0.776646
0.723576 0.769863
0.743174 -1.615693
-0.183677 0.574391
-2.088332 -1.758937
0.384686 -0.416317
-0.605698 -0.657843
2.646570 -1.250456
-1.739318 -0.710262
-2.402828 -0.525592
-2.254902 1.257230
1.237705 0.846056
1.976535 0.796518
1.167537 -1.021135
3.008163 0.357353
0.299110 -1.306460
-0.035834 0.083708
0.673038 1.518004
0.865100 -2.748987
2.549546 -1.704922
2.388422 -1.266553
-2.655270 -2.084323
3.620905 -0.993152
1.814787 0.804527
1.225486 0.099967
-1.078514 1.152892
3.150389 -0.912704
-1.078330 -2.764119
2.055403 -1.813759
2.540373 -1.967483
0.909001 1.503400
3.173445 -0.676027
2.088727 0.703790
1.811060 0.181323
0.757522 1.188825
2.345178 -0.542123
2.392263 -0.578469
1.889211 -1.109309
-0.967518 1.214737
1.083610 -1.843765
-1.668996 0.463472
-0.350037 -0.119972
0.567807 -1.506484
0.498191 -1.569139
3.004759 -2.267704
0.130440 1.469089
0.077908 1.078109
-3.379255 -2.639003
-1.573177 0.959012
1.645110 0.180750
0.645541 -0.103852
2.345581 0.974594
1.507412 0.241933
-1.545128 -0.041167
2.157017 0.750176
-2.668027 -1.729916
3.043925 0.354621
1.515703 1.388976
-3.025541 -0.792068
-2.266846 -1.341852
-0.534551 -0.041801
-2.217158 1.811121
0.490785 0.577320
-0.042205 1.081157
2.792439 -0.750690
-1.649445 1.126564
-0.785138 1.845781
-1.717281 -0.404410
3.695344 0.446831
0.329282 0.033324
-0.284050 1.485674
2.717224 0.068192
2.454522 -0.793923
0.156045 0.865384
-0.088835 -2.087214
1.027067 1.001016
2.294449 -1.681048
-1.763871 0.103123
-1.028959 -0.089714
-0.177418 -0.825644
2.114097 -2.706803
-0.379103 1.480472
2.002420 0.365568
-1.394213 -0.453637
-1.273989 0.771478
-3.084700 -0.208663
0.221388 -0.070999
1.840377 1.853889
-0.246576 -1.835795
1.605336 -0.289426
3.341199 -0.435791
2.032530 0.715261
2.351951 1.212626
-2.151597 -0.538585
-2.085938 -0.606168
-0.769388 0.013143
-0.047133 -0.528647
-2.878298 -0.090826
-1.946479 1.441691
3.123689 -1.430427
-3.031849 -0.457892
2.003315 1.568790
-1.245269 -0.584975
-1.854964 -0.591571
0.186191 1.009197
2.889160 -0.154358
2.621388 1.079598
2.443575 -0.066044
1.016558 0.907171
-4.180746 -2.983254
0.206110 0.992311
0.353965 -1.919118
-2.328110 0.630930
0.638727 0.517824
1.991104 -0.684124
-2.283854 -0.982373
1.888255 -1.206989
1.233372 -1.044344
-0.142543 -0.273960
0.808474 0.976660
3.540012 -1.083805
1.064694 -0.161720
-0.521160 0.942431
-0.321474 1.306450
0.576650 -1.013158
-4.269066 1.695643
-0.751503 0.458981
-0.793008 1.737771
1.533664 0.943033
2.137252 -2.410301
-3.103559 -1.124739
-0.152600 0.489875
1.293417 1.234800
-1.197781 -0.369145
-0.033533 2.816564
2.945600 -0.066318
1.463191 -0.671286
2.262243 -0.644450
1.822535 1.532394
-1.491240 0.092735
0.600125 0.786633
-2.461502 -1.354423
3.993973 -1.555856
1.218142 -0.378148
2.285810 -1.120245
1.550167 1.628433
-0.390391 0.841987
1.411772 1.280161
-2.931842 -0.525765
0.312478 0.899303
-0.627088 0.029391
-2.118828 -0.440983
-3.698794 -1.524280
0.120210 -0.115862
-0.078705 0.405198
2.086250 0.571458
2.235437 1.118016
3.576689 -1.189362
-0.645685 1.016300
-0.157879 -0.079415
2.826381 -0.411633
-0.290797 0.440379
1.472453 -1.498688
1.792380 1.055793
2.742228 -3.012649
-2.357473 -0.517086
-1.633027 0.095990
3.292891 -1.202310
-0.281193 -0.502640
-1.161529 -0.645730
-0.628441 0.956236
-0.743146 -0.087519
-2.635511 0.495881
-1.094746 -0.400335
0.462773 2.528446
0.083482 1.359302
-2.108872 0.848739
0.421416 0.967740
-0.328976 -0.768721
2.316639 0.599140
-1.783709 -0.320723
0.656672 0.455949
0.922318 1.945000
-0.106142 1.105025
-2.723820 0.997269
1.991819 1.540299
-0.867701 0.495222
-1.712092 -0.536126
-0.013217 0.360736
3.751441 -0.378581
2.242519 1.401600
-0.943695 1.248053
0.743188 0.062006
0.739314 1.526182
-0.930142 -0.762381
0.832250 -0.186780
0.736161 -0.173711
-2.237353 -1.202286
-1.858456 1.925047
0.561608 -1.474979
-1.630976 -0.446108
-2.442741 -0.664335
1.803308 1.550896
2.770381 -0.358449
2.301271 1.420505
-3.868448 -1.614632
-0.547854 1.185143
-1.963249 -0.126637
2.880610 -0.346716
1.866937 2.217916
3.652252 0.659478
1.732108 0.102021
3.353291 -0.772136
-1.864385 -0.244983
-2.723252 0.329054
-2.089911 1.123637
0.173438 1.238737
-0.725073 0.250605
-0.893364 1.968321
-0.705305 1.017700
-3.407083 -2.576974
-2.926833 -0.095197
-0.103535 -0.690744
-1.841636 0.254058
0.971478 0.825189
1.070968 -0.808130
2.608353 -1.225786
-1.339886 2.398751
1.293938 0.882777
-0.193494 -0.709002
-0.120739 1.027039
-0.255026 1.791715
3.398887 -0.855486
2.111276 -1.714125
-1.189195 -0.729578
1.297598 0.821408
-1.880411 -0.698683
1.917698 -1.381335
-1.019578 0.313681
-0.643044 -0.101523
0.314795 0.260537
-0.181966 0.930492
-3.774687 -0.959673
-2.104455 2.956238
1.023493 0.552572
-0.641039 1.150080
-0.349392 0.874067
1.005444 -0.264066
3.201253 -1.279807
-3.433033 -1.512888
-0.753613 0.836421
1.683158 1.290500
0.765101 -0.576875
1.717860 2.689047
4.128354 -0.324279
0.863112 0.521938
1.009232 0.866474
-0.201911 0.104290
-2.483898 0.815286
2.517209 2.542646
0.222287 -0.605464
-1.265628 -0.559172
-0.144941 1.246700
-0.589370 -0.554573
1.491520 1.405772
0.691969 0.339517
0.971558 0.685132
2.350325 0.288092
1.564561 -1.203721
-2.510802 -1.425852
-2.518647 0.675478
3.414990 -1.514400
0.212608 0.974348
3.144445 0.563653
2.498352 -2.226124
0.526467 -0.596181
0.313373 0.716300
-2.853000 -1.424315
-3.338748 -0.898692
0.681597 -0.576125
-0.109733 0.326478
-1.195103 -1.120504
0.679948 -0.502670
-0.877926 -4.203074
2.438420 -2.210373
3.459657 0.219472
-0.674273 0.370443
-1.621117 -0.727790
2.227738 -0.052070
1.235043 -0.173965
0.796975 0.369066
2.243451 -1.544470
-0.035834 0.953120
3.192155 -0.805349
-1.244556 0.650642
1.402048 -1.781641
2.228235 -1.090316
1.730371 0.226851
1.690251 -1.668688
-2.087429 -0.504655
-3.228658 -0.530247
-0.822632 1.315476
-1.308540 0.735852
1.710814 -1.051365
0.675651 -1.639040
-0.181040 2.107151
-1.126695 1.772296
1.270582 0.232216
-2.566450 -0.715513
-3.107958 -0.494653
1.633776 0.401746
-2.559063 0.302535
-0.836182 0.263739
3.357589 -1.632789
2.336641 -0.601347
3.326532 0.942162
2.473873 -1.539012
0.418334 -0.329225
-2.404486 -0.981944
1.840510 -1.293653
-2.671129 -1.161984
-0.195342 0.397737
-3.261006 -2.081252
1.762686 0.191720
-1.458335 -0.694813
-2.315857 -1.079010
-0.587673 0.107113
-0.364340 1.176559
2.101455 -0.271904
-2.133547 0.210993
-0.053725 0.649966
1.233346 1.309539
-2.343855 -1.285534
3.150886 -1.423242
-0.643922 0.587220
1.730468 0.461605
1.160071 0.816580
-2.342445 -1.647007
0.436718 1.572468
-1.872412 -1.728654
-0.530486 -0.039529
1.404845 -0.121941
-6.181473 -0.919483
-0.481012 0.015772
2.579869 -2.237996
1.087615 0.988427
3.386437 -1.195177
-0.902129 1.717553
-2.456404 -0.824283
0.105817 0.261298
-0.748950 1.315746
5.001562 -0.515246
-1.832009 1.065565
1.066010 0.461710
0.294690 0.777920
2.028780 2.344199
3.621259 -1.250403
0.001399 -0.565743
-0.619722 1.060820
0.625472 1.523413
-1.366537 -1.078536
1.902226 0.062597
0.263831 1.001186
0.315216 1.692914
0.125690 -0.049937
-3.581598 -0.980900
1.269536 0.332396
0.739723 1.129573
1.676309 -0.061181
-2.637241 -0.080197
1.104847 1.597123
-2.035785 -2.251440
2.295620 -0.748352
-0.505987 -0.823773
-3.657369 -0.535961
1.830706 1.318338
2.566980 0.328697
-2.560078 -0.308922
-0.616035 0.272728
1.568169 1.336210
2.981205 -1.952701
-2.223136 -1.018651
1.755087 0.067478
0.130526 2.639817
-3.028984 0.354603
-2.044010 1.065801
-0.996499 0.330728
3.611954 -0.647788
-1.138047 2.307053
-3.108478 1.428632
1.638935 -1.104649
2.846897 -0.386578
0.392441 1.015046
0.445880 -0.030491
0.107642 0.950600
0.581745 -0.294339
0.270439 0.971132
-1.745313 0.466131
0.979186 -0.300979
1.475525 -1.462270
-2.319327 -0.939014
1.139058 1.286216
0.912756 -1.136422
-3.092086 -1.413459
-2.367305 0.916060
0.019660 0.726152
0.725402 0.908787
-1.204443 0.322777
1.871315 -1.617561
1.021646 0.262909
-2.418016 -1.534971
-1.567635 -0.519227
-0.412875 -0.419776
0.829653 0.835174
-1.721992 1.284510
2.763141 -2.793259
-3.135825 -0.554664
2.997926 -2.858690
-1.132253 0.289288
2.146248 0.770250
-1.566323 -0.333068
-1.873274 -2.722269
1.752984 1.427859
-0.665666 0.818370
-0.294291 0.774485
-2.691744 -0.311170
-1.367934 -0.116568
-0.642935 2.191458
0.017431 -1.674544
0.916986 1.124505
-2.049518 0.496684
0.023079 0.054772
-0.214202 1.125102
0.303740 1.177689
-3.730915 1.009356
1.852932 0.948010
-1.530377 0.207822
-2.412589 -0.666357
-0.425182 -0.279276
-2.145714 -0.573880
-1.681506 0.141198
-2.716520 0.690865
-2.958264 -2.519603
-3.187420 -0.307016
-0.866993 -1.311066
-0.151329 -2.036877
3.127374 -1.278861
0.647447 -1.355226
-0.387381 -1.008348
2.955203 0.151965
1.390961 1.574787
3.247248 -0.161426
2.090246 -1.997343
1.204440 -0.332709
-0.765553 -0.768568
-2.295528 -2.707747
-0.702085 0.779292
-2.593367 0.755561
-0.588203 0.303287
1.896945 -0.316738
0.999091 1.569969
-2.897083 -1.309310
-0.102022 2.638744
0.205644 -0.779096
0.033250 2.251476
-0.463990 1.130776
-0.315620 2.570185
-1.137427 -0.652969
3.900672 -0.029844
-1.546699 -1.848323
0.755158 0.618023
0.781140 0.439466
1.876734 1.259295
-1.060147 0.413681
-3.544493 -1.170597
-1.091436 -0.789321
0.460609 0.776346
0.006035 -1.747869
1.204797 0.260753
-0.344264 1.514703
-0.939938 -0.729441
-0.865856 -0.198305
3.142093 -0.615067
-0.767145 1.146668
0.783652 0.238303
1.906561 0.548499
-0.527927 -0.515996
-0.860029 -1.518080
-2.454721 0.098618
-2.155640 0.128717
1.439492 0.754756
-0.886899 -0.599876
2.316470 1.075732
3.674600 -0.879245
0.600507 0.778136
1.226600 1.523166
3.820256 -1.220799
-0.569633 0.472235
-0.025555 1.472204
1.685097 1.556432
1.922325 -2.013131
-1.643504 -0.556676
0.384651 0.500555
0.712926 0.282044
2.204892 0.076118
0.500977 0.744627
5.380891 -2.060766
-1.551388 -1.180386
2.119742 -0.725052
1.209835 1.290914
-0.731305 1.004541
-3.071688 -1.094333
-1.394913 -0.558896
0.181554 -0.940466
-0.154072 1.177502
-1.657791 2.170869
-1.191036 1.023895
2.024733 -0.904581
0.011111 -1.684372
-2.190212 0.592270
-3.870439 -1.695792
1.201342 0.126824
1.255110 0.543111
-0.340144 -1.003924
1.261213 1.390430
1.971505 0.943365
-1.884080 -0.520714
0.260153 -1.866636
2.196484 -2.653575
-1.300982 -0.137305
1.138768 0.805839
-1.335355 -0.176632
1.445990 1.404884
0.304827 1.257577
-1.816486 1.117484
2.391892 -0.789668
-2.150286 -0.553027
3.636578 -0.028685
-2.359889 -2.856797
0.998813 0.084082
-0.933203 -0.453482
-4.527060 -1.850790
-2.734419 0.999056
1.815103 -0.337249
1.976606 -1.556918
2.240754 0.468951
-0.108968 0.060756
-0.691337 -0.902054
-1.638830 -0.919393
-1.126149 -0.779062
3.854332 -1.845774
0.923050 1.089347
1.832156 -0.563601
1.303666 0.542961
1.452289 -0.308277
0.112678 0.262700
-0.901361 -1.480510
-1.568923 -2.043905
0.765979 -1.150543
-1.539242 0.807397
3.939422 -0.986264
0.704949 1.659424
-0.819358 1.483506
2.174379 1.704787
3.532974 -0.830692
-0.099146 1.337034
-1.806909 -0.535000
-0.599038 0.012218
2.298110 -1.858827
1.031035 1.187546
2.387028 -1.470370
-1.246275 2.052532
-0.478926 0.304511
0.274077 0.266697
0.769846 -0.104236
2.710579 -0.766483
1.250036 1.216910
-0.875913 0.122996
-0.540037 -1.072920
-1.258046 -0.564190
-3.697441 -1.034386
-0.896302 0.317118
2.605996 0.638294
1.579926 0.684304
0.700859 1.413609
-0.647557 -2.014374
-3.104853 -1.059643
0.378994 1.510122
1.547295 0.945980
0.995923 1.338584
-2.932270 -0.931427
-0.228768 -0.942809
0.034414 0.668601
3.431000 1.018201
0.821563 -0.847027
-3.878487 -0.476401
-1.041021 0.345921
-2.304313 0.141867
-2.780544 -0.897240
-0.066052 -1.258226
2.521074 0.364951
-0.499107 0.799638
-2.295046 -1.026300
-1.940866 0.389157
1.479166 0.027020
1.340958 0.438132
-1.480928 1.813410
2.063291 -0.378415
-0.342629 0.401160
-0.328776 1.190670
1.418456 0.846061
3.712293 -0.917823
1.794228 -0.956431
-1.107071 0.727591
2.164575 1.634360
-1.720957 -0.154534
3.590215 -0.841729
0.738151 0.492401
0.269283 0.355710
-2.182545 -1.281764
1.542504 -0.846112
-0.983236 0.214947
-1.968529 0.891767
-1.586179 -0.437600
-1.089805 -0.540068
-3.165322 -1.093698
0.193102 -0.351551
-2.696273 -0.156808
1.200152 1.129686
-2.597900 -2.966962
-0.800527 -0.195995
-1.997250 1.169998
-1.525706 0.102812
1.940924 1.034360
-0.493698 0.349493
-0.110623 -0.738603
0.041223 0.675638
-1.342443 1.006464
-1.806803 -1.762428
-1.111863 2.296085
3.234796 -0.783529
4.391090 -1.588284
2.451610 0.914547
-1.650228 0.782538
1.056979 -0.261966
-0.384479 -0.500937
-1.241649 0.678397
0.793529 -0.883511
1.400169 -2.701622
0.431553 -2.315798
1.780753 -1.214191
-1.490779 -0.282288
-0.801544 -1.373668
0.754645 0.606709
-1.662611 -0.164591
-2.229777 1.224890
1.065014 -1.098506
-0.628561 1.290301
0.404340 0.464238
1.110648 -2.222178
-0.033039 1.644973
-2.149134 -0.074803
-2.958956 0.580344
-3.261901 -0.824602
-2.994717 -2.561601
-1.119499 -0.525572
3.066009 -1.309411
-0.738780 -0.358649
1.537616 -0.056274
-0.592927 2.043095
-0.854873 1.068933
0.090915 0.789603
-3.908508 -1.067211
2.516599 2.177636
3.698786 -1.044891
-0.702513 -1.343596
-3.623831 -1.803926
0.120172 0.407830
0.272818 -0.386964
-0.596695 1.959140
-0.260000 1.398367
1.841400 -0.187145
0.534506 0.012250
-1.775769 -0.380004
-3.192283 -0.384208
2.173601 -0.618557
-2.757892 -1.846251
-1.124223 1.194544
-1.205381 -1.175863
1.232376 0.940902
-2.075272 1.644544
0.332003 1.833485
-2.362642 -1.023420
0.452385 1.359034
-1.308457 0.919881
0.297669 -0.510038
3.470243 -0.292532
0.585726 -2.898991
2.192319 0.532456
-3.497346 2.000167
-1.414213 1.480342
2.767154 -1.318656
0.141066 1.380180
1.111517 1.260544
-0.410366 0.239766
2.714477 -2.551351
3.036010 -1.307032
0.853614 -0.697968
0.300127 1.535224
-1.059720 0.939454
-2.390360 0.503554
0.135713 -0.961386
2.206404 0.131517
0.304682 0.334653
3.601562 -0.842230
0.621278 0.535434
-0.953443 0.715855
1.170295 0.601107
3.389147 -0.222031
1.242762 -1.566350
3.397501 -0.663132
0.433818 1.615062
1.371522 0.057021
1.649442 0.589917
0.691991 0.561907
-0.862966 1.278064
0.085565 0.278064
-2.166665 -0.662946
2.292446 -0.231000
-0.803269 0.407179
0.425476 0.406334
-2.538620 -2.414787
-1.969206 0.898160
0.339833 -0.912711
0.491998 0.960669
1.189499 0.458549
2.028623 1.317516
3.558453 -1.181690
-2.914820 -1.347440
1.676288 1.569011
2.432594 -1.422489
3.440557 -1.684872
2.291780 0.365961
-2.570859 -0.225304
-2.131135 -0.052068
0.327304 0.941976
1.534309 -1.063958
1.279397 1.491564
-0.372371 -0.442292
-0.852713 0.172761
0.046560 0.183069
-0.668067 -0.562078
-0.765936 0.121592
-3.732449 -0.586905
2.221316 0.243863
1.930098 -1.624459
-1.039922 1.676083
-0.337927 -1.628156
-1.109497 1.156106
3.665554 0.263967
1.405740 0.960185
1.404719 -0.563704
-2.516444 -0.040224
2.036298 -2.158844
-2.072507 -0.184209
-2.029281 0.945777
-1.041919 -1.645691
3.019506 -1.725234
-1.318159 1.129066
1.026992 -0.096592
-0.388750 -0.158662
-0.100931 0.844187
-1.218802 -0.534231
0.077942 -0.260103
-0.926813 -0.877296
0.303629 1.566833
-0.803823 0.953337
2.001411 -0.017064
-0.642683 0.392762
-0.053776 1.054369
2.119656 -1.624043
-1.871250 0.856467
0.947784 -0.407822
-1.355392 -1.441593
-1.756072 -0.353720
-1.839168 1.079147
-0.937242 1.641366
-2.746961 -0.456239
3.170286 -1.110718
0.245179 -1.775861
2.649139 -2.162122
0.582212 1.154544
1.165202 -1.253584
1.379249 0.468581
0.498024 0.681260
-2.909980 -1.074646
1.658589 0.389201
-0.452736 0.758296
1.657311 -0.646528
0.849264 0.924866
1.619911 0.595286
-1.793597 0.408457
2.213144 -2.537237
-1.043846 -0.408771
2.614241 0.654271
1.789388 0.707137
-1.576600 -0.536194
-1.287501 1.776994
-0.311269 0.400678
-0.727043 0.824176
-1.452404 -0.034322
0.869847 -0.318305
0.523756 0.681973
3.578185 -0.904004
1.254694 0.357138
-1.703315 1.038733
0.493599 0.738702
-0.070802 -0.152600
2.258876 0.437028
-1.073321 0.178038
-1.924275 -1.025545
-0.947262 -0.856817
-2.559186 -1.763461
-3.447072 -0.539568
-1.656333 1.110954
-0.440902 1.231894
-1.910056 -0.513759
-2.153079 0.673541
3.321253 -1.011269
2.416194 -1.438802
1.292676 -0.518163
2.664416 -2.617808
3.587840 -1.363660
-0.367440 1.223163
0.615170 0.781975
-1.564914 -2.047680
0.846487 1.668529
-0.035403 0.558586
1.119859 1.027643
4.112318 0.645728
-1.120745 -1.199037
0.435325 0.036368
-2.334687 0.522705
2.118323 0.066464
-0.210180 -1.081768
-0.949784 0.575514
-0.138123 0.955636
-0.237142 1.280235
0.807637 -0.321426
1.378997 0.876054
-3.130299 -0.319698
0.823338 0.148698
1.497140 0.828726
-0.827736 -0.540767
-0.453455 0.235478
3.460922 -0.426230
0.893434 0.459254
-0.127133 -1.195530
-1.344050 0.104297
-2.635752 0.415940
-0.014300 0.891365
-2.815523 -1.719327
-1.301383 0.948908
1.993325 1.311199
-0.119366 -0.293846
-1.198804 0.158295
-1.970075 0.272220
-1.407202 0.574547
-1.381056 1.083379
2.947722 -1.849390
1.749486 -1.387545
-0.548990 0.097318
-3.684999 -1.026889
0.402504 1.985545
1.493526 1.319460
-0.427914 1.521227
1.303066 1.268735
0.241263 1.225036
0.526735 0.904998
0.170382 1.293747
1.413665 1.418152
0.895320 0.022780
2.136150 -2.344840
-1.969873 -0.967180
3.928992 -0.899450
1.657311 -0.646528
-0.021967 -2.069679
1.720389 1.018377
1.451633 0.243426
2.540889 0.308399
-3.506094 -1.837899
-1.990349 1.210254
1.147919 0.581560
2.646197 -0.850616
0.139626 -0.051040
-0.939938 -0.729441
-3.012198 -1.248795
-1.431144 1.390359
1.543275 0.730444
-1.006568 -0.422524
1.430715 0.293638
-2.705393 -1.556582
0.434377 -0.348861
1.968584 0.850590
-1.704184 0.412499
1.739554 -1.915314
1.041793 0.412865
1.267768 1.506166
-3.580511 1.886646
-0.735531 0.896328
0.956834 2.620306
2.028288 -1.056079
0.148672 0.056249
3.066144 -1.425273
1.014595 -1.636164
-0.792388 0.878659
-0.450128 1.109096
-1.335695 1.194768
-0.749331 1.411063
1.318993 -0.577799
0.319661 1.688748
0.531908 2.739153
-3.314184 -1.536151
2.056081 -2.348477
3.560621 -0.777938
0.987773 0.205729
-0.105606 0.842531
-0.888713 1.012485
-0.548200 -0.247917
-3.055452 -0.302842
-0.906836 -1.495817
-2.749037 0.828276
-2.451806 -0.339084
1.113977 -1.408964
2.558681 0.810580
-1.473958 0.309426
1.885697 0.254215
2.437431 0.116722
3.345774 -0.910566
-1.752358 -0.520451
-1.674517 -0.390795
-1.828664 -2.171001
0.968743 1.246254
-3.195927 -2.023477
-0.260375 0.513912
-2.598356 0.765801
-0.290377 0.215927
3.376970 -0.320152
-2.436996 -0.715080
-2.481648 0.900391
2.507547 0.287181
3.604950 -1.010577
-1.083451 1.551309
-3.638771 -1.086074
2.178927 1.777700
-0.164414 -1.641496
0.630090 1.195132
-0.825702 -0.280133
0.187525 0.645947
-0.243304 -0.580184
-2.157142 0.116729
-1.351684 -0.504758
-4.306194 1.560714
-0.341644 -0.755813
-0.085464 0.316674
-1.019303 -0.957029
-1.128039 0.336634
-0.668121 -0.087271
-1.744731 0.891164
-2.376895 -0.965177
2.254329 0.062324
4.132623 -0.972682
3.747728 -0.683301
-0.861437 -0.927075
2.024024 -2.178880
-1.693723 -0.797173
-0.005531 0.776104
4.318688 0.708126
-2.433607 -0.465439
-0.543652 1.884560
0.712470 0.565010
-1.523547 0.027492
1.933944 -0.350322
0.229500 0.298772
2.223435 1.996343
-2.887538 -2.372597
-2.964538 0.007103
0.686756 -0.481160
-1.579859 1.848736
-1.738727 0.952798
3.290195 -1.122645
-0.056804 -0.691046
0.824990 2.739786
1.522222 0.451320
0.051745 1.339492
0.261860 0.530421
-2.069824 1.025030
-1.879697 0.297959
-2.198643 -0.510787
-2.055055 -0.868412
-1.849858 -1.676340
1.900474 -0.408747
-4.755952 -0.241989
-0.435499 -1.518853
-0.598199 -1.128324
0.331019 0.573367
-3.169023 -0.072342
0.503512 0.403678
-2.353734 -0.070302
-3.342343 0.663778
-3.773681 -2.327071
-3.337601 0.151350
2.452210 -1.942895
2.184731 0.953098
1.852075 0.259750
-0.710090 0.413623
1.187974 0.212152
-3.290141 0.157906
1.669901 0.683207
0.365658 0.256386
1.607356 -0.290743
-1.328334 -0.612748
-2.101113 0.397924
0.459719 0.406238
-3.207009 -1.010363
-1.213625 -2.016177
-0.910199 -2.176383
-1.033200 -0.695209
1.448934 0.783923
-0.155175 -0.477356
-4.522491 -0.446972
-2.054992 1.999595
4.213437 -1.819690
0.900361 2.408983
-1.385147 -0.668481
-0.534818 0.117927
1.100906 0.875632
1.458342 1.132553
-0.048076 1.693630
-2.362456 -1.140771
2.889175 -1.317184
-2.720574 -1.941036
-0.368750 1.372560
-0.118080 1.344329
-0.359032 2.078387
0.468854 0.095811
-2.120346 1.289164
2.881336 -0.499310
0.206725 -0.467294
3.762346 -0.430394
-0.684929 1.853163
3.648817 -1.012335
2.007945 -3.355852
3.421935 -0.831598
3.393442 -0.669633
0.284605 2.396765
-0.203331 0.223652
-2.184265 1.188650
-1.210597 0.293337
-3.033468 -0.491260
0.786695 -1.397605
-0.657114 1.103054
-0.747143 -0.974753
-0.940262 0.382359
-0.835202 0.641199
3.030160 -1.044324
-0.033484 0.769983
-0.907748 -0.616760
0.336860 0.483740
-1.893097 0.598687
1.630036 0.933673
-2.688227 -1.895013
0.458283 0.685776
3.526409 -1.330880
0.197616 0.981673
-1.044615 -0.606813
2.500099 -0.465960
-2.770643 -0.578514
3.165553 -1.370587
-0.573858 -0.480633
2.312497 0.543990
-0.209742 0.783963
1.860848 1.120511
-0.328144 0.446250
-0.406208 1.219045
1.126409 1.069488
2.739573 0.219110
1.919306 -3.035313
0.713416 -0.163568
-0.336367 1.880280
-0.079188 -0.275288
-1.098768 -0.507457
2.176613 1.400218
1.885317 0.956303
0.849379 1.487246
-1.955544 -1.187088
0.186375 0.487929
1.225905 -2.123624
-1.095449 -0.324509
0.478592 0.471801
2.969288 -1.114527
-0.848733 0.409020
-1.015311 1.770430
0.196805 1.120638
-3.408038 -1.288739
2.732782 -0.471833
-2.596740 -1.718228
0.749766 -0.124438
1.657311 -0.646528
-0.516187 1.718579
0.655996 0.817595
-1.442674 1.353247
3.254054 -0.879225
3.334979 -0.939801
4.118684 0.893874
2.245587 -0.099898
0.131829 1.796827
3.128473 0.338905
3.307660 -1.056469
0.936322 0.849286
-1.577002 1.429011
-3.950289 -1.050111
2.040871 0.687630
0.786590 1.720926
-0.489727 0.551613
-5.390079 -0.945477
1.315629 0.055969
-0.633644 -1.959888
2.670851 -2.430217
-1.271242 -2.840941
-1.481647 0.739288
-2.561045 -1.197717
2.193772 -2.334762
-0.700388 1.606457
2.030477 0.204402
1.023960 0.781782
0.610505 -1.546437
-0.612312 -1.155970
0.663764 0.770857
-2.712806 -0.503363
0.426975 1.224616
-3.096543 0.788011
1.520370 -0.811045
0.329103 -0.176194
-1.509079 1.178099
0.407780 0.219645
-0.370425 1.509878
0.694098 -0.687732
-1.065146 1.062678
1.427870 -0.296710
-3.420451 -1.030612
-2.073120 -0.895420
-0.560098 1.029553
1.885096 0.882693
0.585403 0.800218
-0.838406 0.754706
1.915398 0.015843
3.213854 -1.164077
-1.621608 1.077892
-2.832224 -0.596331
-2.169599 -1.574384
2.132973 0.906307
2.752369 -0.961935
0.640687 -0.575475
-1.132733 -0.484129
0.497621 0.243666
2.295874 -0.378068
0.975622 1.160867
-3.017190 0.530357
-2.684693 -1.369964
-0.529170 -0.056014
-0.636896 -0.747004
4.042693 0.983132
-0.669509 1.367966
0.601293 1.089336
3.308487 -1.205083
-2.726071 -1.112357
1.978365 0.130877
-2.165121 0.295649
-1.166037 -1.325184
-0.377347 -1.156310
-0.110552 0.705422
-0.762138 0.252002
-2.725535 -1.828977
-3.087481 -1.108914
2.162939 1.295953
0.727537 1.118413
-1.263021 0.690434
1.070757 0.451835
2.393089 1.461472
2.009964 0.241796
2.195347 2.233084
1.935418 0.508961
-1.066917 1.300460
0.144170 0.319050
0.563468 0.074571
0.553313 -0.963184
-1.255616 0.414569
-0.400405 0.371099
-1.054126 2.087878
0.630887 1.260857
-2.744796 -2.612327
0.542445 0.279215
1.308488 0.520280
-2.252557 0.648427
-1.827324 -0.853377
-1.163122 -0.124468
-2.829506 -1.170583
2.844716 -1.900803
-1.436441 -0.098046
2.271780 1.284885
-1.253500 1.624202
0.954401 0.817022
-2.174257 -0.364089
2.219978 -1.340479
2.361018 0.148430
-2.593118 -2.358885
-2.382848 1.512561
-2.974190 -1.955141
-2.600018 -2.768013
0.280959 1.168206
-1.706732 -0.032605
-1.721834 1.152808
0.003861 -0.333770
-1.998370 -1.196481
-2.537851 1.240509
0.263507 -0.153895
2.965856 -0.566393
2.620048 -2.662514
-1.333734 0.027022
-4.389530 -1.508998
-0.586817 0.583631
-0.695436 -0.704727
0.567174 1.533923
-3.001531 0.939513
0.760440 -1.062113
1.965319 -1.584035
-0.265470 -1.006456
2.836222 -0.913321
-0.071495 0.503966
-1.427699 0.653471
-0.824815 -0.327921
-0.015326 -0.198823
-2.847394 -1.326711
3.086942 -1.717960
-2.008794 0.948751
-2.042192 -1.610362
0.125242 -0.613661
1.627590 0.815010
-2.105885 -1.020097
-3.069646 -1.048637
0.788567 0.502684
2.448741 0.971276
-1.274780 -2.528864
1.054033 1.553873
1.349576 0.271662
-2.626929 1.171185
2.325584 -2.300579
-0.954967 1.059548
-0.741840 0.006052
0.368582 0.660698
-1.009810 -0.086280
1.701322 -1.871162
1.843067 -2.287293
2.467029 -0.574541
-1.044804 1.201429
-3.808940 -1.728922
-0.499260 2.271526
-3.275329 -1.429784
1.052574 1.141295
0.504687 0.456115
0.113396 2.187751
0.554048 0.210877
1.300415 1.648375
3.589357 -0.101610
-0.416962 2.061404
-0.881338 1.638360
-2.317487 -2.740674
1.368213 0.747265
-0.266004 -0.125570
-0.842926 0.819016
3.621313 -0.799387
1.682343 1.179728
2.775075 0.571122
-3.667045 0.828284
3.315139 -0.422382
2.262265 0.598815
-0.317186 -0.251731
1.742092 1.370825
0.812043 1.569669
-2.608410 0.715700
-1.833368 1.324367
1.900670 1.431999
-1.415191 -0.615639
0.997157 -0.240926
0.389637 1.199101
-0.509680 0.880896
-0.102564 0.344754
3.251887 0.683445
-2.017703 -0.039291
0.836667 0.898979
0.954797 0.775522
1.684298 -0.701905
2.748183 1.035199
1.587245 -1.182630
1.508569 0.774826
-1.669267 -2.319826
0.350055 -0.284466
0.462049 -0.760352
2.714695 -0.082317
2.890095 -0.360323
-2.415542 0.089504
-2.154865 -2.197792
0.297980 -1.509932
1.447073 1.187034
-3.073138 -1.290489
-0.055931 0.568801
-0.471491 -1.269426
1.466022 0.966238
-0.499297 -0.230085
0.347243 -0.742739
-0.867399 -0.170891
-3.172443 0.401912
3.792046 -0.543644
3.448775 -0.750907
-0.914889 1.600738
2.696487 0.598559
-0.524871 0.522237
3.659218 -1.160560
-5.173289 -0.496290
0.425922 0.034653
-0.445890 0.127979
2.114953 -1.267503
-1.720481 -2.344456
1.426348 -1.222147
2.245992 1.268463
2.237070 -0.059564
2.927475 1.050185
0.011902 0.629938
-2.952363 -0.837319
2.060300 1.460643
3.488147 0.705712
0.519466 0.604077
-1.858294 -1.648304
-2.206667 0.043953
2.203426 -2.087824
-1.984493 0.246094
-1.575091 1.410829
2.337170 -1.843367
-2.088448 -0.397231
0.729173 0.242368
-3.308526 -1.898340
1.197395 0.347534
-4.209758 -2.178158
-0.177226 1.180770
-0.750294 0.507885
1.191940 -0.547099
1.649744 0.415071
0.940866 -0.095480
0.965576 -0.771983
-0.328928 0.556003
-0.021168 1.123054
1.848457 0.502338
-1.885824 1.213389
-1.256242 -2.583021
-2.517547 0.086587
-1.152345 0.727127
0.804074 -0.296065
-0.736945 0.162882
-1.346435 -0.679344
1.830295 -0.000617
0.171945 1.041913
2.716477 -0.512442
1.478597 0.189053
0.698579 1.337713
3.972248 -0.998247
-1.127599 1.402337
-2.255930 0.657271
-3.033923 -1.852044
0.680396 0.450354
-2.544214 1.047561
-3.101297 -0.694669
-2.297301 0.033339
2.009685 1.113402
-1.053343 0.714779
-0.212019 -0.503778
1.222038 1.208427
0.401755 1.553957
-1.786029 -0.715649
1.730641 -0.105658
-3.256903 -1.363267
-2.043741 -0.220538
-1.291861 -0.989840
-0.648514 -0.954233
1.299429 -0.178991
-2.910942 -0.602907
-0.793899 -0.673943
0.759087 0.353417
3.992681 -0.507440
1.948914 -0.906417
-2.894919 -0.605704
-2.298449 0.741464
-2.740856 -0.635618
2.352443 -0.647662
-2.867329 -2.172806
0.335350 1.223790
-2.967513 0.210842
-2.229984 1.053981
0.371286 0.765218
-0.091968 -0.499599
-1.279551 2.748801
-0.271483 0.420148
2.017787 1.008665
-2.041196 1.642124
-1.095642 1.041186
-2.838959 -2.710167
1.156912 0.731717
0.277513 1.361027
0.499451 0.967075
1.575468 0.355593
-1.454697 -0.441805
0.342347 1.483491
-1.693789 -0.710168
1.489083 -0.831288
3.258855 -1.786618
-1.299748 -0.536027
3.246559 -0.921459
-1.926677 -0.761110
-0.437628 -0.560738
-1.675475 1.421443
1.024665 -0.143774
-2.798706 -0.756024
-0.838393 0.894922
0.567195 0.120800
1.984800 1.150850
-3.370065 -0.211403
-1.448366 -0.074098
2.911150 0.739507
1.749878 1.259649
1.377787 0.909749
-0.485446 -0.882140
-1.356977 0.890224
1.745546 -1.050830
-0.009998 -0.503660
-2.745829 -0.436941
-2.581008 1.040820
-1.160181 -0.133676
2.147580 1.962484
-3.333940 -1.460312
-1.921410 -0.154642
-3.025436 -1.137428
-2.675827 -0.268704
3.728916 -1.703462
1.694809 0.576391
-1.142921 -0.041344
1.059636 0.569987
-0.594274 0.651732
-2.289666 0.783998
-1.832490 1.262012
3.331483 -0.282427
-0.093753 -0.655963
1.045726 0.111785
-1.284085 1.734780
1.001123 0.207073
0.415454 1.002555
1.129547 1.346170
-2.165701 -1.066326
-2.331608 0.450013
0.975975 1.290423
3.021590 -1.013115
0.134706 0.671961
3.737154 -1.134266
2.099407 1.582981
-0.162442 -2.596811
0.482651 -0.204637
3.537271 -1.602234
-3.195443 -0.718941
4.311069 1.950642
4.164039 -0.266702
0.622356 1.341175
-0.494370 0.732023
2.212004 -0.822869
-3.125465 -1.438553
2.942808 -1.291416
-0.075879 1.350487
-2.578399 -0.607583
0.021746 2.008325
-0.366259 0.700722
0.257425 -0.977577
0.095269 0.442767
2.627464 -1.559662
-0.586680 0.847958
-0.191606 -0.973869
-1.277723 0.225661
-0.845048 -0.491468
0.074310 -2.034070
3.375471 -0.756714
-2.644913 -0.503906
2.214352 0.259283
4.308921 -0.660328
-0.847599 0.408588
1.600092 1.152775
-1.377874 -0.705701
-0.746542 -0.313798
-2.589502 -0.426978
1.645180 0.781610
-0.976621 1.352015
-0.738633 -1.912371
0.178351 -0.107626
1.256421 -1.127117
2.692073 0.030574
-2.179550 -0.455263
2.373289 -1.154535
-2.325639 0.715046
-1.973197 0.904693
2.189040 -0.103344
2.061489 0.852598
1.652445 -0.485489
-0.342402 1.666432
0.358587 0.411673
3.410940 -1.029815
3.070564 -0.121056
-1.947705 0.270509
-0.576855 0.188562
1.175026 0.406247
0.481883 1.156652
1.212516 0.413596
1.340380 0.075569
-2.228198 1.210839
1.353164 1.124827
1.632579 1.181436
0.308115 1.959432
-3.026883 -0.086723
-1.347341 -2.432284
2.175467 0.137588
-1.093620 1.430029
-0.117681 0.877726
0.962611 1.369416
-2.274493 -1.271924
0.476135 -0.857375
0.856359 1.061690
1.232646 -0.208701
2.316207 0.210743
0.814074 0.828378
-1.663954 1.112819
3.678651 -0.858819
-1.804625 -1.129861
2.557950 -2.467333
-2.504499 0.233041
-0.745433 1.761441
-2.024826 -0.870751
-0.879033 1.616005
1.913050 0.974516
0.050309 -0.651289
-2.667486 -0.579561
3.427219 0.891197
0.086811 -1.426729
1.534523 0.987291
1.800447 -2.501977
1.199411 1.386014
-2.404816 -1.161181
-3.503342 -1.136804
-0.471947 0.316635
-0.511472 0.640010
2.005556 -0.227824
2.698041 -1.570081
1.598030 0.950886
-0.650788 0.782049
-2.285516 -0.366936
-3.018059 -1.326936
0.609288 0.712688
1.739631 -2.926317
-0.698396 0.065111
1.374171 -1.988094
1.836072 0.497031
0.836050 1.011328
-1.128707 -2.270286
-3.220697 -1.137465
-0.596412 -0.192136
1.185897 0.370067
-2.098292 1.918564
0.894562 1.195353
-1.773226 1.995734
2.280051 1.237754
-2.353617 -0.793458
-2.237283 0.998709
1.547489 0.473359
1.198282 0.683610
2.061384 0.374650
3.405594 -0.257123
-3.269474 -0.773949
-1.621108 1.646521
-1.185825 0.753219
1.675369 -1.019490
-2.624186 -0.196916
2.005013 -3.160587
-2.316051 0.653317
1.201217 -0.431847
-3.788929 -1.633913
3.062890 -0.803047
-0.623249 -1.730691
-1.213492 0.934301
-0.308834 1.262455
-2.388033 -0.998748
0.671737 1.581266
-2.734503 -0.322963
2.423473 -1.002336
-3.771149 1.335427
0.824211 1.015729
-0.550277 2.153791
1.522472 0.548134
0.779729 1.040904
-0.104109 -0.224618
1.313980 1.476958
-2.438262 -0.159669
-5.507757 0.559156
3.873257 -0.824737
0.313631 -1.253990
1.185318 -0.213442
-3.508259 -0.296435
0.814829 -1.996946
2.186211 -1.909210
2.769202 0.629600
0.845669 0.223061
1.020002 -0.459067
2.816913 -1.109050
-0.619841 1.247248
0.152742 -2.468638
1.487594 1.218862
-1.124631 0.530868
-0.524288 0.704488
-0.585816 -1.083120
0.569252 0.888236
-1.048644 0.996677
-2.499756 -0.565664
-0.797527 1.681297
0.778980 1.323844
-1.513320 0.420885
-1.962997 -1.130849
-2.224176 -1.409242
0.677890 1.085985
-2.983925 -0.776182
1.740642 -0.306509
-1.425040 -1.444803
0.149723 -0.058301
-4.045743 -0.537245
1.199004 0.862075
-3.430675 1.849846
-2.186599 -1.745378
-2.529281 -1.057472
-1.111030 0.954799
-1.681269 -3.660021
0.346215 1.084155
-2.967410 -0.263903
0.636909 1.490629
3.480730 -0.344781
0.884251 0.842524
1.515033 1.288598
-0.822854 -1.186096
-2.414297 -0.991737
-1.998048 -0.578134
0.207579 -1.916691
-2.440936 -1.368546
-2.394190 -2.228269
3.202870 -0.717206
-1.739831 1.481565
1.731581 1.146745
1.021527 0.540829
-0.387658 0.398873
2.580182 0.341805
-0.646813 -0.921770
-1.054283 -0.879435
-0.534362 0.304106
3.348665 -1.340213
0.072357 -0.847521
-1.888584 -1.700956
-1.060044 -0.957138
1.530914 0.498818
0.659815 0.883948
0.953183 1.099604
-0.575642 -0.106483
-3.307177 0.496556
-2.438855 1.503760
1.447732 0.012146
-1.938065 -2.035236
-0.439308 0.280869
-1.168359 0.119775
-3.980023 -0.481076
1.164046 -1.254556
1.349836 1.264792
0.471393 0.056234
-0.066217 0.848712
1.369638 -0.367976
0.004996 -1.504450
3.540548 -1.538341
0.048614 0.372158
2.140345 0.753127
3.457425 -1.620963
0.962194 0.050192
-0.282848 -0.723340
3.759527 -1.303162
-2.913521 -1.078254
-0.353349 1.590628
-0.310475 0.122468
-1.526259 0.386223
0.216611 -0.581351
-1.780308 2.816970
-3.042182 0.403395
2.683080 -0.008097
1.907270 -0.933587
2.537696 -2.422843
1.036110 1.359960
-1.165382 -1.905190
-0.320727 1.776877
-0.106092 1.813458
-1.416007 -1.225635
2.150305 0.255166
2.936913 -0.839423
2.715049 -2.064865
-0.671558 0.410276
-0.624005 -0.528255
1.118094 0.309975
1.100378 -2.163114
-0.367072 1.076662
3.491014 -1.793962
-2.582604 -0.149992
-1.595331 -0.251431
-1.251351 0.978099
0.251939 -0.355318
-1.302830 -0.906971
-3.740210 0.759359
-0.844585 1.277247
2.112080 -1.409596
2.832052 -0.587058
-0.905389 1.569572
-2.713494 0.717567
0.884881 0.871467
-2.678666 -0.866962
2.394572 1.248895
-1.111955 -0.074465
-0.206718 1.173509
-2.041449 0.185752
-2.032934 -1.095220
3.604492 -1.389282
-0.360431 0.898759
-0.541899 0.792122
-0.205880 1.096033
1.734957 -0.995373
1.452123 -0.900140
-0.449812 0.156773
3.079686 0.034202
-0.374024 1.736983
2.511010 -0.451115
-1.876950 0.374764
-4.962240 -1.198791
3.335110 0.252672
1.454541 0.850109
2.396569 0.527725
0.342124 -1.049663
-0.671664 -0.573468
1.310812 0.768831
0.802168 0.556098
0.185073 -1.393661
-0.694716 -0.238864
1.189547 0.010923
-3.083817 -0.302136
0.987208 -0.511079
1.593800 1.020559
-1.153088 0.144645
-2.077676 -0.165056
-0.319668 -0.547670
-0.336269 1.164823
-1.148154 1.449905
-1.837001 -0.381623
-2.563019 0.975079
-0.255852 1.608195
-1.074987 -0.180662
2.817933 -0.879262
2.973067 -0.382276
-2.868413 -1.281791
-3.504277 -3.199893
2.253123 0.907948
2.348494 -0.181511
1.543055 1.105369
2.356172 -0.361057
-3.977084 1.032259
-0.468002 -1.762089
-0.340745 1.513466
-1.358973 0.271576
-1.512056 0.811670
3.119176 -1.812056
1.083051 1.572892
3.519764 -1.673354
-0.041912 0.667602
-1.779569 -2.502360
-1.773101 0.771763
1.263143 1.923084
3.439454 -0.984296
1.099912 -0.373464
2.493716 0.653561
0.755883 -0.121605
-2.748997 -0.661957
-1.702708 1.295662
3.160190 -1.267597
-2.197111 -0.547506
0.708068 -0.212479
1.598194 0.513706
-2.661010 0.342528
3.322602 -1.081134
-0.414109 0.200254
-0.165139 1.652131
-1.852846 -1.102804
-1.722177 0.595362
1.785793 1.165704
0.541691 1.476222
-3.309751 -0.536823
-0.077180 -0.300639
2.118396 0.880493
-0.076271 0.727512
-1.073092 -0.344833
2.084678 0.812690
2.516285 0.592742
1.307077 -0.282820
-0.505724 -0.984979
-1.903064 -0.754563
-1.928826 0.545732
-0.520024 1.890114
-0.393000 0.185948
3.418258 -1.341704
0.896865 1.338482
2.314973 -1.187891
-1.542187 -0.233165
-1.620515 -0.809695
2.413671 -1.775100
-1.187046 1.221336
-0.154514 1.362952
-2.909517 -1.234785
0.922113 0.354400
-2.501180 0.494762
0.616278 -0.385642
-2.750068 0.861215
2.546300 -1.105946
2.661577 -2.404946
-0.343811 -1.956314
0.298304 1.462635
-1.046311 -0.834822
2.606318 0.804518
-3.830178 -0.573018
3.541268 -1.730313
3.395527 -0.437901
0.966053 -0.340685
-2.774675 -0.781793
-4.299879 -0.111839
-1.021583 0.420749
-1.877380 2.120972
-1.839832 -0.575279
3.345245 -1.278885
-1.154925 -1.494297
0.284711 -0.704916
-2.038300 0.680346
0.388862 -0.629365
-3.206409 -0.858910
0.865015 0.921937
-0.642303 1.687672
-1.631110 0.200526
-0.107612 1.116704
0.544898 0.879082
3.469843 -0.981053
-2.182479 1.556190
0.899651 0.472307
0.987999 -0.002862
3.266279 -0.493271
-2.385762 0.044747
2.475373 0.672303
2.403624 0.694383
-2.265381 0.688295
-2.143121 -0.675302
1.672132 0.525212
1.440583 1.358008
1.307542 0.635997
-3.039152 -1.281070
2.469237 0.422750
-1.265225 0.875985
-0.685479 -0.153031
0.042968 1.402059
-0.827540 0.477095
0.495561 0.322728
-3.023010 0.617047
-3.042197 -0.125407
1.542694 0.963283
2.817594 -0.779276
0.226962 0.781520
0.765702 0.342663
-1.590151 -0.296514
3.826505 -1.743422
1.844708 -0.819050
0.978724 -1.086973
-0.494229 0.572704
-0.447351 0.866668
2.114954 0.816019
-0.502146 -0.715348
-2.849194 -1.030861
0.786935 0.619651
-2.318141 -0.348519
0.325904 -0.428836
1.336183 0.702568
2.068382 -0.606408
0.738599 0.937446
-2.827221 -0.101246
3.649007 -0.664135
2.369050 0.657336
-1.740224 -2.416103
-1.238199 -0.326701
-4.605269 0.007495
1.486093 0.638416
-2.749759 0.308449
-2.102501 0.072449
0.041450 -1.704506
-3.004984 -0.213205
1.425458 0.154786
-2.220504 0.336974
-2.591202 -0.402832
-0.392275 -0.454712
0.562626 -0.564135
-2.600187 -0.599305
0.986216 1.888463
1.546139 0.682279
-3.304184 -1.186734
-0.564181 0.117973
-3.040045 2.143347
2.321654 -2.964277
0.381708 1.577693
-1.389722 0.611961
3.190221 0.995728
-1.096556 -0.600628
0.255655 -0.374251
1.798303 1.051794
-0.970378 -1.212326
-1.622571 0.837772
0.765972 0.810923
3.365002 -1.379753
1.711800 0.443851
-1.314275 0.484271
-2.128774 1.347394
-0.316449 -0.103418
1.458190 0.213410
1.263844 0.694390
-3.137587 0.572780
0.381200 0.738383
-1.244294 0.137376
2.125427 -0.383827
1.698279 1.531648
0.869142 -0.259581
-1.623818 -0.511802
4.144219 -1.868518
-2.617159 -0.435114
-0.092104 1.767871
-2.134691 0.535858
-2.638709 -2.154048
-0.711873 -1.067019
-0.296686 1.561228
3.477745 -1.237787
-1.676681 0.663557
1.021768 -0.191911
-1.437622 -0.587329
0.223038 -1.438376
0.889104 0.276760
-1.607315 -0.686669
-1.727285 0.395169
-3.594681 -1.343467
2.862644 0.280782
-0.940533 -0.421839
-1.686045 0.814754
-2.822540 -0.583347
-2.799724 0.277902
-0.489370 0.550493
0.341866 0.989399
0.786931 1.705020
1.503325 1.778359
0.391478 0.925475
-0.115090 1.245361
2.409221 0.142075
-1.054370 0.170956
2.816835 -1.857884
3.140745 -0.826373
-4.243785 -1.377604
0.429466 -0.802714
0.385467 1.629519
4.049321 -1.510803
2.784231 -2.380632
-3.057993 -0.699206
0.217653 -0.555732
-2.491065 0.569343
-0.707793 -1.912662
2.376502 -1.576086
2.234453 -0.802637
-1.785709 0.306787
4.578093 -0.411189
-0.611321 0.775385
-2.295603 -1.159466
-1.174267 1.613729
1.473960 -2.231018
1.901389 0.464259
3.469588 0.464393
2.224675 -0.203499
2.072921 0.001812
0.894516 0.890531
-2.422376 1.110669
0.760609 -1.385951
1.150687 -1.722224
-0.449697 2.430627
0.473707 0.799287
-1.972913 -0.743749
1.942352 -0.058811
-1.206815 0.022730
-0.453990 -0.542253
-2.364229 -1.689007
-0.090389 2.213192
3.591020 -1.523637
1.996653 -1.058002
-0.198099 2.317328
-0.767589 -0.166715
-2.005888 0.888771
1.933025 -1.378714
2.385929 0.419304
2.462856 0.583865
2.726587 0.502281
-1.385067 0.946878
-2.354905 0.793589
3.171381 -1.260484
2.544101 -0.959567
-0.052752 0.592667
1.976535 0.796518
0.299817 -1.025124
3.576088 -1.288069
3.490059 -1.901736
-0.581992 -1.890317
-3.823126 -0.767463
1.084579 1.023834
2.528846 -2.057932
-0.881578 0.808435
0.356956 0.380940
0.753369 0.810590
-0.790415 -0.066350
-0.617296 0.378362
-2.252625 0.987221
-0.399938 -2.798612
-1.560681 2.203759
0.844591 1.228716
-1.143297 1.108944
-0.561936 -2.321546
-0.854439 2.351630
-1.852430 1.748954
-0.483119 1.691445
1.997736 0.200400
-1.105530 -0.921336
-0.065823 0.965531
0.663009 0.242450
-2.487775 1.515149
-1.398340 0.792033
0.786904 0.173493
-0.930921 0.041992
-1.504291 1.218002
2.274183 -1.175655
2.799029 -0.285877
0.429221 0.473869
-2.294158 2.922841
-2.823433 -0.803189
1.243224 0.758648
0.438908 0.040066
0.118688 -1.719995
-0.767478 0.000180
-2.893005 -1.027183
1.095336 0.593319
2.680768 0.025943
1.197300 0.592037
0.991026 0.506931
1.804733 1.472111
0.004363 -0.702224
3.250065 -1.666256
-0.722432 -1.054683
0.060850 2.521949
1.568527 0.384669
0.481240 0.482763
-1.744429 -1.517523
2.219992 -0.761217
-1.945742 -0.876591
-2.215193 0.766862
0.731471 1.396302
-0.178602 -0.388342
2.205335 -1.183140
3.835557 -1.396894
1.743179 1.384786
1.204169 -0.769365
0.754768 0.934544
0.328521 0.999348
-0.482600 1.347143
-0.341374 0.358269
-1.620603 0.910536
-1.418676 -1.097661
-0.243489 -0.472081
-3.400567 -2.945858
-1.331341 -0.461450
3.811921 0.566928
-1.878515 -0.118854
1.006221 0.058276
0.150100 -0.323027
-0.538534 2.037416
1.058281 0.522892
1.602363 0.497531
-0.157471 1.785457
0.343879 0.552550
1.268491 1.368459
0.697675 1.530993
-1.418725 -0.169173
-3.054394 -0.582292
-0.367528 0.861973
3.687505 -1.750383
2.106168 0.121408
2.378490 -2.344745
-0.454846 -0.720682
-2.541618 0.209019
-0.559451 -0.340685
-1.726764 -1.377251
2.600604 -1.809222
-0.953403 -0.287265
-3.190910 1.493284
1.673057 -0.425639
3.321607 0.382285
-2.703481 -1.420535
-1.251967 0.867211
0.231146 -0.325540
-2.063003 -1.606956
1.780873 0.304947
-0.161706 1.561663
-1.259034 -0.858277
0.956085 -0.128247
3.016141 -0.774829
-0.276354 0.435800
-0.472772 0.755060
0.026773 1.474197
-1.042739 0.929780
4.111831 0.389739
-0.834546 0.865598
-0.868068 1.255018
-2.746609 -0.869941
1.198364 0.435796
-1.893934 -0.420681
0.596539 -0.110907
-1.164440 0.904389
3.016641 0.537618
2.546726 -2.107090
-0.416661 1.034744
2.797253 3.254410
3.557262 -2.336306
1.448153 1.151157
-0.715648 1.370788
-1.226272 0.465306
-0.552273 -0.849336
-2.964538 0.007103
2.534632 0.184900
-0.640020 0.460331
-1.467926 -0.645317
-2.372278 -2.186410
-3.082535 -1.364278
-2.243404 0.359811
0.141190 -0.486686
2.107367 -0.038782
-3.324277 0.283787
0.836982 -0.321028
0.643076 -0.147455
1.097136 0.914857
-2.010614 -2.079410
1.582617 1.294450
-1.431189 1.729990
-0.766633 -1.445559
-0.885090 0.386957
2.001336 -2.513169
-1.809028 0.479573
1.982880 -1.577858
-0.408272 0.500501
2.374774 -0.718583
0.014131 1.400464
1.201471 -0.127913
0.597192 -1.269562
-0.647899 -0.339115
-2.146884 -1.290580
-1.507125 -0.192103
2.867314 0.104987
0.785917 0.379707
1.353901 1.010381
-1.397167 -1.437331
1.088032 1.521813
-3.064726 -2.508464
2.304004 -0.753043
2.757069 -0.701959
0.697520 -0.070857
1.591811 -0.632713
-1.454281 -2.976850
-1.405529 -1.811091
3.319871 -0.742803
-4.601041 -1.006137
1.456614 0.895169
-4.161149 0.492739
0.985974 0.621643
-0.703707 1.183696
2.339256 -1.137233
-0.415976 0.497076
1.021466 0.247011
-0.143544 -2.279369
-0.842931 0.455096
-0.455764 0.912135
0.241676 1.579912
0.455101 -0.196184
0.319585 0.005319
-0.675919 0.374837
2.773177 0.485291
-2.372690 0.277797
0.367418 1.328212
-0.636931 1.496591
1.240429 1.006942
-0.296263 -0.731396
3.323395 -0.924885
-2.752819 1.341528
-1.315816 -0.117575
2.040967 0.903951
-0.640798 0.361269
-2.058571 -3.412892
0.447738 0.654883
-2.329646 -1.753754
0.910633 1.132167
1.148488 0.781263
2.177584 2.280951
0.672003 1.291196
0.477469 -2.566214
2.159103 1.263383
1.464171 1.056629
-1.516916 -1.615600
-1.298223 0.853122
1.553212 0.636024
0.758583 0.380039
1.972216 -0.900590
2.493435 1.108491
-2.319381 -0.325137
0.753168 -1.073432
-0.999896 1.071107
1.921790 -0.870417
0.485991 0.927681
-0.505871 -0.818238
-2.404643 -1.862231
1.751338 -0.258330
-0.677185 1.501858
-0.248908 0.878276
-0.180539 2.195809
-2.788001 -1.274552
-0.639531 -1.638477
2.194627 1.025909
-3.115712 -0.095399
0.929050 0.413266
-2.376744 0.901032
1.077029 -0.066113
-0.193977 0.186264
-1.363224 0.640717
-1.118376 0.463449
-2.216259 1.391329
1.783187 1.026240
2.088046 0.767598
-2.654367 0.269372
0.673323 1.028919
0.394198 0.543353
-2.093276 -3.025105
0.752075 1.726818
-2.334378 -0.791076
2.035276 0.511460
0.296033 1.912775
-0.535103 0.933529
0.192506 0.789723
-2.294656 1.094526
2.351356 -0.069464
1.901134 0.129777
-2.933335 -0.227175
0.439938 -0.175845
2.328642 0.686212
-0.898649 -0.286445
-0.114445 0.486049
1.511320 0.742225
0.121106 -0.068559
-0.769738 1.147723
-2.108213 -1.054777
0.748310 0.570145
2.035791 1.168941
-1.869650 1.024722
-0.745486 1.872096
3.584097 -1.015828
-1.986323 -0.842776
-1.127755 1.092028
-1.623227 -0.044113
-0.139042 1.159440
0.364343 1.795003
-2.079306 0.950489
2.180433 0.940661
-3.184384 -1.489286
-2.425238 -0.618752
-2.683301 -0.360454
2.125732 0.407640
1.411682 1.511252
2.430663 -3.046303
0.614925 -0.412027
-2.047950 1.111144
2.588487 0.315230
-1.452754 -0.930511
-1.091296 1.393391
1.870246 -1.473964
-1.243994 -0.558374
-2.000588 -0.343657
1.165423 -0.299330
0.901971 0.079037
-0.346029 0.816467
-2.426787 -1.108029
0.456288 2.327840
0.472753 0.646677
0.533458 0.941940
-2.130745 0.119818
3.769350 -0.324095
1.031172 1.178908
1.437217 0.126263
-2.912190 -1.992107
-2.998640 -0.122855
0.278445 -1.316740
2.476901 0.185890
-3.003005 0.488680
0.519429 0.524733
-1.576801 -0.902305
-1.403116 -0.736587
-0.494321 1.900629
-2.336913 -0.107007
1.426977 0.897449
-3.168334 -1.992188
-1.314963 0.307218
0.002191 1.443165
0.910077 1.637860
-3.153547 -1.374963
1.726371 -0.441832
-0.642218 -0.451528
1.588939 0.194974
1.934619 0.928324
0.195535 1.451224
0.621051 -0.770934
-0.024533 1.108404
1.544242 0.973667
0.842643 -0.373883
-0.089650 0.357383
-2.642356 -1.818298
-0.472411 1.726123
-1.276782 -0.172983
1.835849 -0.951855
-3.021975 -0.550552
-1.891788 0.850067
-1.868542 1.551508
2.358741 0.877441
-0.648269 -0.389310
-0.795052 -1.437462
-1.208975 -0.325707
-1.227787 -0.174992
-1.041312 0.672912
2.709180 -0.795700
3.016680 1.689787
0.565370 -0.197308
-0.491864 -0.157680
1.679513 2.501644
-0.902355 -1.893529
1.605260 2.136645
1.086092 0.656008
-0.518074 -1.219114
-3.161877 0.199085
2.632447 -1.271882
-3.884844 -0.986998
-0.666960 -0.527480
3.633683 -0.830002
-3.024504 -1.718973
0.644552 -0.350157
-1.099612 -1.916018
0.318775 -0.605095
-1.255557 -1.875053
-0.846486 1.544672
2.258699 0.893830
1.963841 2.620463
0.699114 -1.003801
2.324394 -1.707988
-1.823413 -0.044346
2.648851 -0.488219
1.976679 -1.326395
1.650697 -0.756244
-0.543450 -0.194099
2.115457 0.452673
0.529090 2.392773
0.546199 0.452061
3.804148 -1.407514
-1.678024 -1.219822
0.802626 1.091725
1.507129 0.859095
-1.775829 0.985850
2.366194 -1.793243
-0.284178 -0.311644
-4.165376 -1.842205
-1.546323 2.545794
-2.913005 0.292667
2.916306 -0.405501
-1.826614 -1.910978
-3.172159 0.054726
-3.631566 -1.533559
1.070502 0.788400
-0.995203 1.082392
-1.672753 -0.434035
-1.570789 1.400507
1.273815 1.177954
-1.682874 -0.318895
0.952580 -0.232036
0.541837 0.071746
-1.295559 1.352412
-0.833305 1.141618
3.031960 -1.073358
1.829400 1.258776
0.370424 0.012237
-0.853124 -0.449911
-2.464021 0.810459
-3.611903 1.403170
-1.111138 -0.236387
-2.689113 0.265716
1.437310 -1.047054
-0.334630 0.622310
-3.039369 -0.949992
-2.062645 1.170763
-2.614656 -0.342367
-2.700276 -0.168727
1.230041 -0.855956
4.275497 -1.327657
2.091535 1.859651
-0.636480 -0.026152
0.613448 0.547364
-2.977559 -0.950142
-2.269587 -2.158795
-0.544317 -0.498734
0.483008 1.658226
-2.181991 -0.664558
-1.795656 1.331872
-1.661033 1.375971
-1.489728 -2.614017
0.243704 0.506477
4.708148 -1.633432
0.269762 0.175655
-1.305150 0.444369
2.019914 0.355988
-0.730995 0.465036
0.544755 0.648731
-0.527029 1.738926
-3.166428 -1.305781
-2.333528 -0.710147
3.395101 -0.685911
-2.288761 0.787412
-1.309420 0.775041
2.920468 -0.521751
1.612958 -0.694460
3.821263 -1.284477
-1.218164 -0.808701
3.681775 -0.968360
1.233169 0.354118
0.330896 0.247464
1.758114 0.764341
2.945759 -0.623419
-0.157003 0.429265
-3.805491 -0.687788
-0.597669 0.267136
-0.053535 0.024822
1.852827 -2.021446
-3.028886 -0.598924
-2.792919 0.549527
0.693786 0.672055
2.989525 -1.481287
-0.446819 0.408148
-1.867276 -0.238316
-0.424878 1.407479
3.765948 -1.967391
-2.672652 -0.433433
1.370744 1.634222
2.094925 -1.821397
1.489514 0.156156
2.813656 -0.018727
2.095018 1.108476
1.304496 1.358528
0.576445 0.883862
0.218580 1.415513
-1.386350 1.443891
-0.476261 -0.923417
0.613817 0.509496
-1.877928 0.435289
1.881715 -1.345995
2.387940 1.074901
-2.199670 -0.425830
-2.111744 2.196650
0.313949 0.144567
0.941770 -1.000804
3.642604 -1.343732
-1.797059 -0.855722
1.949845 0.190838
1.248238 0.410723
1.691165 1.729903
2.460274 -2.024161
1.252649 1.328637
-0.074971 0.507695
1.990944 0.633954
-1.964716 -1.303572
3.390159 -1.672658
-0.544026 -0.152149
1.853318 1.312665
3.334426 -1.088457
2.200139 -0.813033
-2.165042 2.666158
1.207674 -0.232116
-3.103945 1.072840
-4.444946 -0.466007
1.757701 0.443154
2.183323 0.027280
-1.175997 0.295159
-0.186183 1.587323
-0.279026 -0.001208
-1.059716 0.616684
2.288847 -1.682234
-0.787080 0.696500
-1.218553 -0.996537
1.428491 0.561366
-0.051185 0.865347
1.760370 -0.560777
0.745162 -0.396174
0.019178 -0.112500
1.591039 -0.078382
2.620611 -0.199912
3.726788 -1.538241
-2.225566 0.780878
2.178281 0.815580
-1.549374 1.609312
-2.224279 1.164805
2.452783 0.579640
1.325257 -1.091263
-3.219357 1.927846
1.476532 0.908692
-1.325114 -1.700884
0.571777 -0.091038
-3.209795 0.059462
2.750511 -0.217006
2.611936 0.613625
1.146461 1.078801
1.732816 -0.567760
1.626051 -1.095935
3.272173 -1.451556
-1.413327 1.442372
-0.481919 1.201566
-2.280475 0.618992
0.761045 -0.270070
2.303992 -1.342350
1.302741 0.791374
-0.211978 1.102065
1.367193 -0.411383
-1.217845 0.066350
2.853580 -0.179260
-0.179002 2.024418
0.192352 0.742294
1.487994 0.776997
-1.818202 -1.053004
3.393505 -1.428914
-2.883634 0.279511
-0.646585 -1.114206
0.988192 -0.148040
2.117331 0.147113
0.054524 -0.080669
0.823035 0.766559
-1.175445 -0.337167
-0.461831 0.933662
0.334873 -2.032621
2.486459 0.698092
-2.738849 0.613770
3.164073 -0.549821
-1.587590 0.590674
-0.858274 0.314996
-3.115857 -0.942954
0.493646 0.046180
1.804229 -0.041963
0.365895 1.341487
1.316399 1.184751
1.609962 0.824862
-2.529756 0.158045
3.027680 -2.366644
-2.396402 -0.803996
1.213534 0.195622
0.593934 -0.343781
3.070251 -0.665531
-0.822101 0.679397
2.521447 -0.520357
2.120690 0.397621
2.410601 0.417597
-0.705023 -0.837524
2.112344 0.906419
2.512937 -0.566116
-2.164629 -0.548457
1.268102 0.287139
-0.843218 -0.220696
2.141232 0.293251
-0.625400 0.747246
3.489350 -0.802344
-1.469092 -0.965606
-2.421183 -0.277245
-3.902308 -1.186668
-1.905778 0.230024
2.007140 1.380447
-1.093324 -0.358783
0.350872 0.839963
-0.187255 0.805239
3.052825 -0.114361
-2.099799 -1.391032
-2.361640 -0.092617
-1.448442 0.013916
-1.736355 -0.656053
-0.149897 1.238332
-1.246763 -0.692612
3.025694 -1.442820
-3.374951 -0.346809
3.907852 -0.983111
-0.280304 0.559913
1.295389 0.561126
-0.429559 -0.228922
1.989018 0.301192
1.157470 0.634670
-0.863002 -0.583812
0.958415 -2.594766
-2.185964 0.835805
-0.483469 -1.806376
1.470828 -0.394473
2.952987 -0.536485
3.533438 2.365632
-0.397830 1.585412
-0.134677 0.886818
-2.932114 -0.831763
-0.676063 1.581314
-2.970563 -1.120687
3.439409 -1.239945
-1.285604 0.929291
0.254626 -0.920019
-3.122884 -1.064547
-2.202594 0.023851
2.285300 0.980587
3.415247 -1.319677
-0.290633 -0.201101
1.745946 -1.199298
-2.205495 -2.236121
0.638259 0.271761
-0.485446 -0.882140
2.283174 1.217308
-1.620369 0.026483
2.704966 -1.607336
-1.567014 -0.396667
-0.994775 0.122881
2.344021 0.616492
0.425987 -0.000973
1.781173 -0.595529
-0.514692 1.482267
3.510722 -0.770385
0.873316 0.132085
-3.340198 0.333196
-2.926403 0.066423
2.271662 -2.035623
-1.792142 -1.509442
-1.605941 -1.081203
2.481798 -1.080451
-1.323930 -0.069998
-0.379369 -0.261759
-1.348495 0.877877
-0.146616 -1.262941
-1.860684 0.843749
1.605273 -0.485325
1.888311 0.057965
3.395649 -1.318439
-3.000957 -0.777208
-0.133570 0.214583
-4.556356 0.217864
1.630844 -0.469583
1.425623 -1.224364
-2.027507 0.001104
3.298340 -0.182115
-2.184518 0.617293
0.357385 0.480393
0.742365 0.972686
0.490897 -2.369842
-2.896783 -0.736513
-1.319037 0.532293
0.565439 0.060654
0.144544 1.266074
2.709479 -1.998359
-0.575552 0.218287
-0.689368 0.651316
-1.385131 -1.440199
-0.892082 0.147937
3.685781 -0.740102
-0.238109 1.644578
0.984424 1.081710
1.354434 0.935477
-3.202764 -0.403503
1.884731 0.228149
1.539745 -1.145141
-2.730316 -0.795017
-1.184860 -0.327286
2.139973 -1.303891
2.554405 0.132682
-3.256425 -0.566520
3.527359 -1.852444
-1.197047 0.883662
-0.026919 -0.725998
0.802774 2.029605
-0.401347 0.882631
-0.158492 0.601247
1.044597 -0.488214
-1.745355 -1.959999
2.113516 1.054659
1.464594 -0.598842
-0.829320 2.107836
-1.413405 -1.969888
-1.775009 -1.374250
1.420469 -1.889233
-2.154196 -2.131784
-0.939938 -0.729441
5.825896 -1.181855
-0.922364 1.004935
-3.986779 -1.957658
0.188491 -0.432638
-0.539507 1.544771
-0.413658 -2.259496
-2.714695 -0.708705
1.802821 -0.919063
-1.941268 0.492062
0.687185 0.573973
2.892613 -2.503865
1.515283 1.065985
-2.362462 -0.304701
1.823392 -0.945820
0.236711 -0.500375
3.055414 -0.580932
0.266061 0.744169
0.777145 -1.102383
1.860087 1.487269
-0.512627 -1.340660
-1.251150 -0.700583
0.600980 0.017410
1.635602 -1.112314
1.470902 1.614073
2.646235 -3.097460
-3.484266 -1.898208
0.073265 -0.148198
-1.558094 1.239677
3.055414 -0.580932
0.012813 -0.263803
3.200929 -0.733365
2.148049 -2.337295
2.330109 1.372675
-0.211023 1.675049
-0.129394 -0.039991
1.033656 -0.415410
-0.594107 1.074008
0.891794 1.114383
2.249734 1.379324
1.288174 1.089101
0.369963 1.035753
0.602269 0.802840
3.217113 -0.688494
2.629679 -1.355077
-3.492143 -1.065985
2.916021 -0.972944
1.575722 1.072734
0.054819 -0.829303
0.326064 0.132544
2.685285 0.289431
2.172617 0.190400
-1.425378 0.926730
-1.622237 0.342028
-0.587304 -0.543811
-0.884337 -1.116906
-0.112658 0.427312
-2.259200 0.117756
0.733842 0.657961
0.550718 0.718543
2.526069 -1.513810
-2.596955 1.072309
2.010227 -1.205870
-3.299290 -0.180612
-0.392145 -0.479849
2.551606 -0.551539
-1.429521 0.913258
3.656601 -1.547254
2.215898 0.693278
-2.619391 0.916064
2.511408 -1.907945
-1.955092 -0.964404
2.757668 -2.671469
-1.181676 -5.318597
-1.184037 0.866409
0.219285 -2.138457
0.618728 1.687693
-2.829566 -0.989176
2.294339 -0.719639
-0.608567 -0.827083
-2.566506 -1.525114
1.784100 -1.554189
-1.680471 0.984311
-0.847990 0.858794
-3.435211 -1.106910
-1.650198 0.622603
1.427953 1.213745
0.864948 1.281291
-1.245833 -1.573568
1.183912 0.401498
2.442568 -2.387374
-0.473836 1.042313
-0.438131 -0.515065
-0.067611 -0.879858
1.558452 0.683941
-1.663830 -0.980236
-2.547078 -0.711371
-0.729030 1.809791
-0.213928 0.744647
1.704690 0.597790
3.644434 -0.647147
-2.494344 0.581906
-3.109701 -1.272587
2.500321 -0.211894
-1.581239 0.659980
-2.677151 0.203819
-0.019827 0.487217
0.551265 1.368751
1.160170 1.284983
2.558187 0.097401
-2.030151 0.057846
2.387220 -0.984636
-2.108193 -0.130693
-0.388105 1.198058
0.741008 -2.740068
2.767535 -0.224163
3.585457 0.070744
2.656314 1.280634
-2.402390 -0.637468
-1.135476 0.808487
1.931447 0.380998
1.747729 -1.477128
1.416216 0.507080
-0.578652 0.497757
0.258066 -0.732263
1.842230 0.514544
0.344069 -0.067082
1.434667 0.592012
0.010716 1.228722
4.199772 -1.847981
-0.409892 1.365896
-0.633063 0.832938
2.928458 -0.422423
-1.809728 0.601076
-3.216435 -0.733631
-0.312473 1.042301
-1.834763 0.946500
0.793022 1.498956
0.255867 1.006514
-0.268362 -0.477259
2.132868 -0.127253
1.728415 -0.019986
-2.087854 -0.262988
-1.327427 -0.140959
1.593936 -1.341979
0.434783 1.287031
-2.151852 -0.619189
-2.528048 -0.253159
-0.006945 -0.668468
-4.387184 2.125257
-0.831719 -2.394172
-0.191662 0.705796
1.563242 0.475013
-3.808433 1.189005
-0.811412 1.333151
-2.221654 -0.541672
3.028886 -0.239886
-1.902643 1.069996
-0.680670 0.752133
-3.137508 0.188295
0.113607 1.386301
-0.749903 -1.542886
0.046560 0.183069
-1.162765 -1.359169
-1.460629 -1.118384
-0.347977 0.751467
-1.237120 0.961546
1.300282 0.755811
-0.856593 1.571713
2.908270 0.152198
-2.657574 0.707773
0.343044 0.202755
-0.652004 -0.057672
1.837015 1.117445
-0.727409 1.198688
1.461785 1.330584
0.919225 0.284952
-0.426398 0.972520
-2.749042 -1.063547
-0.812887 -1.281610
-1.882162 -2.496860
-3.465666 -1.762953
3.005603 -1.800067
0.346642 3.296509
-1.133092 1.807647
-0.969101 0.669533
-0.911732 0.367102
1.208065 -1.495223
1.017392 1.258535
-1.390415 0.927788
-0.372524 -0.429219
-1.598723 0.213830
0.615051 1.620460
2.740479 -2.476073
0.100398 1.646937
1.873732 1.104874
1.978084 0.771727
1.694248 -0.740838
-0.761675 0.348746
-0.963138 -1.825327
3.558061 0.956464
-0.457514 0.844801
-0.366510 0.364408
-1.562104 0.713985
-0.288681 -0.507564
-0.346898 0.729418
-0.147116 0.365131
-2.476528 -0.453921
1.714159 0.213134
2.410015 -0.874098
2.006107 0.586896
0.119943 0.650118
0.327455 -0.352979
0.241808 1.145548
-1.069976 -0.017102
-2.188440 -0.213185
0.379198 0.837396
1.211901 0.869830
0.942428 -0.198335
-1.181422 0.427739
-2.068519 -1.035759
2.326430 1.484254
0.336659 0.532968
0.936831 0.975334
-3.090626 0.707639
2.713421 -1.671270
3.041780 -0.499160
-0.713115 -0.217359
1.215090 -0.416070
-1.015218 1.099655
-1.414558 0.172561
-2.934075 -0.786404
3.014324 -0.809792
-1.242151 0.349453
1.405554 -0.948668
1.242641 -0.497624
-1.042556 0.507672
-0.213840 -0.255609
-2.939565 -0.472621
-1.544827 -1.359694
3.285740 -1.684898
-4.499657 -1.629298
0.703841 0.409236
1.809559 -1.770641
-3.216084 -0.925340
3.565171 -1.232906
0.150131 0.899136
1.736277 0.618407
1.097914 0.541610
0.321989 0.657400
-2.023165 -0.341846
-0.089764 -0.121578
0.585277 1.308972
-0.087206 -1.855834
0.681223 1.191876
-1.814376 -1.121841
-0.307993 -0.213326
0.432277 1.204825
-0.103894 2.273389
1.314656 0.325801
1.035591 0.363266
-0.934277 1.208358
-3.640565 0.752627
1.753909 1.813542
0.165816 0.227368
0.833753 0.593890
-3.112521 -1.832761
-1.655376 1.478716
-0.213504 0.299032
-0.449538 0.788921
3.391771 -0.581535
2.065572 0.317744
-1.343663 0.060341
-2.630599 -0.275811
-1.149885 1.318335
2.432557 0.613171
-1.422651 -0.795097
-2.013436 -2.281591
0.583633 1.091102
-0.661252 -0.545668
-0.853250 -1.138461
2.702473 -1.332391
-2.110159 0.172789
-1.347392 0.868946
-1.227225 0.464676
4.327542 0.289754
-0.552972 -0.944213
1.488611 -1.456112
-2.148114 0.838000
-2.735826 0.673998
1.360540 0.624490
2.304163 -1.976678
1.316090 1.093135
-2.185978 -2.508583
1.604295 -1.339255
1.585369 0.179573
1.705437 0.842726
-2.400946 2.395073
-1.716422 0.647066
2.338122 0.044542
-1.387412 1.810978
1.275737 -0.594519
1.038977 0.607695
1.354464 0.515883
-0.632713 -0.608306
-0.894669 -2.016817
2.834267 0.042181
1.322819 0.979209
0.308042 1.044679
0.650173 0.709746
-1.123972 1.376670
-2.865767 -0.034035
-4.959788 -2.116859
-2.100669 0.757578
0.775997 -0.725216
1.506526 -0.510127
0.524518 1.110429
-1.559681 0.236575
2.711779 -0.669968
2.321577 -2.430347
-0.150999 -0.538527
0.657781 -0.897270
-4.034875 0.024428
-2.998463 -1.301187
2.470895 0.277252
-3.035947 -0.047969
2.827710 -1.140576
-0.025390 -0.399536
1.377788 1.161211
-2.863322 -0.535152
1.636758 -1.096612
1.634906 0.723451
-0.123389 0.366176
1.424596 1.119093
-0.108600 -2.045336
0.730432 -0.316274
-0.292690 -0.176037
-0.954883 -0.808277
0.821211 -0.512347
0.537642 -0.661458
3.712658 -0.868034
0.315687 -0.935617
-2.773364 -0.745374
2.638234 -1.322901
-2.210132 -2.612554
1.293495 1.504916
3.436823 -0.515797
-4.680916 -2.061167
-0.110282 -0.107003
1.565579 -1.438124
-2.904610 -0.167140
-2.372809 0.577571
0.305462 0.189106
-2.107222 0.232797
-1.195780 0.586396
0.467039 0.718621
-0.521335 0.670650
3.630838 -2.016902
2.718296 0.453163
-2.751573 0.039477
-0.836833 1.324417
-1.826120 0.655485
2.854358 -2.491767
-1.540748 -0.414706
2.599417 -1.426820
-0.790514 -0.419015
1.401547 1.295310
0.247452 0.144919
1.300426 -0.372539
0.857273 1.196085
-0.732986 -0.104642
4.150206 0.459258
-2.906518 0.335113
0.968093 1.454669
-3.537463 -2.468798
3.605303 -0.910222
-0.693911 1.071528
-3.868349 -1.628226
0.619119 0.894259
-2.512082 0.151054
4.011707 -0.297461
-0.978254 0.492834
1.634493 -0.727827
-0.366971 -0.025034
3.278490 -0.703277
1.656087 0.750678
0.665253 0.343190
-1.618381 -0.398473
-0.042880 -0.964384
-0.906196 0.109367
1.798377 0.974361
2.593724 0.404296
-1.711214 1.205507
-2.834354 0.696739
-0.687714 1.182076
0.987164 -0.209833
3.248414 -0.344968
-2.632938 -0.696814
0.875432 0.757356
1.570915 -0.149356
-3.380819 -1.238455
0.252846 0.974337
0.253114 -0.320429
0.628337 0.258091
-1.096972 -0.748393
1.614765 -2.200894
0.581965 -1.927173
-1.705660 -0.630724
3.055414 -0.580932
-2.375860 -1.782156
0.680654 0.569461
3.225966 -0.770747
-2.710657 -0.971480
0.990542 0.510475
1.678782 0.046822
-0.092096 -1.743089
-0.317202 1.563281
-0.331280 -0.236378
1.441286 0.763865
-0.271084 1.240580
0.020783 -1.413989
-3.035482 -0.903434
1.661412 -0.664671
2.444329 -0.550004
1.523506 0.807347
0.020710 -1.487856
-2.561048 1.432297
0.812620 0.572220
-1.049873 1.403323
-2.904091 -0.287367
-1.557134 -1.258006
0.323654 1.318331
0.698515 -0.002297
-0.143796 1.198573
-3.527339 -0.555398
-2.538087 -0.153137
-1.805371 0.556777
1.258678 0.521352
1.055081 -0.281494
1.227680 -1.069207
-2.691458 -1.040043
0.816744 0.343785
0.893375 1.038479
2.246982 -1.799662
-0.506567 -0.096305
-3.172239 -1.036176
0.840720 1.434426
0.878085 0.534952
-3.588186 -1.600566
-5.094485 -0.680646
-2.199407 -1.655307
2.338836 0.938651
1.303616 -0.923331
-0.201942 0.499286
-0.005130 0.461391
-0.917819 -3.455105
1.854837 -0.470803
1.970558 -0.149763
3.495959 -2.818316
-1.917322 -1.055585
1.018002 0.762529
2.781250 0.160292
-1.494269 1.110083
-2.516603 -0.349914
-3.332346 -1.832046
-2.678364 1.238588
-2.014499 -0.721804
3.456386 -1.485396
-1.679004 -0.380553
-1.674465 0.019302
1.817757 0.275612
3.481679 -0.085771
0.986111 1.196678
0.700730 0.122206
0.765521 -0.295556
-1.699983 2.393290
-0.819302 0.671265
3.506550 -0.958482
0.939368 1.552507
2.357102 -0.825640
2.443428 -0.168928
-0.148648 2.722274
0.005686 1.032091
0.575496 0.936629
-0.203739 0.663159
3.649157 -0.995846
0.005986 -0.957831
-0.316108 1.459673
-1.118650 -0.809094
1.143022 -1.591601
-3.968511 -1.545319
0.334676 0.352354
1.103721 1.327470
0.893611 1.055452
-1.134957 1.483848
1.559138 -1.590976
-2.876533 -1.237043
-1.250848 1.349552
-1.480350 0.001415
-0.232506 0.854693
0.389129 -1.947416
0.184218 -0.190567
-2.589502 -0.426978
2.990778 -1.259167
-0.688305 1.332064
3.055414 -0.580932
2.208069 -0.084669
-2.854589 -1.331795
1.254566 0.091922
-1.543210 1.067458
-1.506848 0.513821
0.329799 0.230844
2.196859 1.443358
1.666716 -0.315616
-1.451339 0.997218
-3.128880 0.053650
-2.167834 -0.002545
3.450311 1.293685
-0.913373 -0.415530
2.716251 -0.868001
1.045838 0.953034
-0.820966 -0.572197
0.705762 0.743945
-2.419820 0.314764
-1.730903 -0.752389
2.287173 1.033614
1.990979 -1.788645
2.364863 -0.278545
2.699803 0.234949
-1.127705 -1.083749
2.946078 0.746793
0.315870 5.365958
-4.012662 0.380960
2.058590 -1.410882
1.666622 -1.700630
1.105318 -1.619907
3.481762 -0.882067
0.064614 0.839911
-2.017628 0.930679
-1.220659 0.288351
-0.464053 1.940363
-1.330281 -1.526430
-3.825582 -1.207296
-3.914323 0.371019
-1.833702 1.552030
1.040079 0.520379
-1.420379 -0.728574
0.366244 1.553774
-0.234062 1.350657
3.249108 -1.257393
0.302824 -0.379359
-1.479011 1.659560
2.559043 -0.501804
2.063910 0.716471
-1.527413 1.506952
-0.393726 -0.051235
1.836283 -2.981872
-0.874499 -2.274534
-0.939330 -2.026387
1.113217 2.317386
1.558891 -1.153144
-3.641329 0.621800
0.299653 -1.179950
-1.000901 -0.984496
-2.746800 0.637377
1.917795 -0.070943
1.389013 -1.310925
-3.496401 0.210151
3.122222 -0.877099
-1.756306 1.157452
1.678227 0.147358
3.027762 -0.355608
-3.008517 -1.617493
-1.658570 1.333936
-1.852285 0.611348
-1.857529 0.543850
-3.450601 0.236532
1.227152 -0.134629
-0.609667 0.988949
1.581559 -1.106266
2.805388 -0.466612
1.118847 0.490776
-1.980628 1.852979
-2.543234 -0.883170
-2.350793 0.783714
-3.071798 -1.818321
-0.186070 -0.391677
1.347563 0.877012
0.838527 -3.577821
-2.686725 -0.408009
-3.591556 -1.210310
2.707724 -0.428189
0.381035 -0.218315
-0.664517 -1.490741
0.407853 0.483497
-2.768672 -2.961287
3.399266 -1.414125
3.251613 -0.617113
0.990860 1.574837
1.060557 0.751144
3.738688 -0.921586
3.595088 -0.785750
1.025171 1.551911
-2.774733 0.808795
-0.594519 -0.071745
1.372099 1.226101
-0.572669 1.482425
2.171271 -0.812642
-2.763086 0.521685
2.450289 0.861725
0.709316 0.374986
-1.086695 -0.281288
-0.892933 -0.376234
1.685869 0.601907
-0.577897 1.776162
1.551137 -0.908183
-3.332409 -0.718886
2.203663 -2.593894
2.403219 -1.744261
-1.366412 -0.706418
-2.233598 0.297675
-2.900418 0.976409
1.518243 1.469443
-1.516095 -0.706955
1.035828 0.903830
0.050796 -0.363862
0.593111 0.979059
0.916680 -0.015806
-0.452134 -1.975328
2.985076 0.267770
0.423255 -0.039633
-5.619165 -0.459365
-3.516538 -1.180581
-1.980628 1.852979
0.623389 1.319985
-1.323142 1.287165
-1.084761 1.103252
1.778702 -0.267042
-3.161300 -0.758439
1.252940 0.749739
-1.160547 -0.308205
2.851351 -2.623649
-0.463878 2.078853
-1.098145 -0.381072
-2.511885 0.664484
-0.278015 -0.719513
2.007563 -1.661650
0.330290 0.020737
-2.307402 0.838457
1.949067 1.421350
-2.589502 -0.426978
2.303142 -0.141531
2.238237 -0.482431
1.942352 -2.414144
-1.652089 -2.482040
-1.997407 -0.443707
3.239702 -0.106855
-1.195733 2.340750
2.910411 0.894166
-2.669400 0.539982
0.514986 1.845878
-1.531245 1.275060
0.602325 0.560283
1.464936 1.496427
1.560653 -1.300593
3.169236 -0.845331
-1.076716 0.876267
1.014145 0.325834
-2.875075 -1.555173
-1.435543 0.970573
1.929987 -2.268906
0.196166 -2.208515
-2.653201 0.350266
1.900599 0.738071
-2.583008 -0.550602
-2.455208 -2.187245
-0.720302 -1.893444
2.528138 -0.242690
1.684300 0.032540
1.719313 0.698225
0.062753 0.773732
1.706642 0.727704
0.247234 0.621447
-0.211551 0.665973
-1.596404 -1.033218
1.517785 0.794047
-2.964569 -3.047590
-1.481801 2.296261
1.701108 0.411467
2.206104 0.639374
-0.838474 1.517590
-2.358020 -0.565884
-1.377874 -0.705701
-2.377535 -1.129010
2.522285 -1.785971
-2.367141 -2.984284
-3.062283 -0.826557
1.705237 0.630205
2.894623 -1.643888
-0.776034 -0.807334
-1.710431 -0.723149
1.336161 1.307831
-1.059500 -0.245603
1.366685 0.663040
-2.379263 0.679887
-0.085476 1.400224
0.976439 2.007446
1.369490 -0.261301
0.232222 -1.704233
-1.619456 0.291493
1.335309 1.563809
2.872715 0.507716
1.117582 1.273953
2.039102 1.096941
3.718469 -0.880849
-1.782358 0.293146
-2.454562 0.011400
-0.386192 0.146844
2.514528 -1.854452
1.169218 0.714449
1.386756 0.793300
-2.944316 -0.640951
-2.071938 -1.601292
-1.888200 -1.032732
0.428838 -1.575838
1.678223 0.788069
0.039867 1.050286
0.291996 0.469135
3.145188 -1.425488
-2.741409 0.896580
1.000387 0.216537
0.099946 1.020935
-0.462860 0.612469
1.567214 -1.267917
-1.811560 0.793134
-2.490020 -1.795546
1.721276 0.127186
3.616457 -0.875107
-1.311942 -2.283599
-2.613847 0.147653
-0.027894 0.676186
0.868895 0.888084
2.253743 -2.792621
-2.211631 -2.137826
-0.293856 0.433516
-2.374499 -0.114018
0.142223 0.011807
-0.301987 0.827766
-2.035004 -2.355461
-2.412586 0.166684
-1.309233 0.559197
2.001706 -1.598080
-2.719660 0.285167
0.479801 -1.787675
0.763134 0.785978
2.288153 0.116996
-2.619159 0.212479
-3.219357 1.927846
-2.455736 0.282266
0.122945 1.279491
2.765412 -1.560931
-0.919467 1.889431
-3.357655 -0.623808
1.107152 -0.074582
1.851831 -1.629853
-1.368599 0.909074
0.878539 0.440149
1.234367 0.722210
-1.133393 1.171321
1.709634 -1.782480
-2.762490 0.933278
0.038529 -0.092135
1.148684 -0.711542
3.343663 -0.168429
1.568105 1.044084
1.811731 1.182039
-0.316083 0.290640
-3.141178 -1.253196
2.631156 -0.785150
-0.566093 2.001965
0.812051 0.508159
3.871000 -1.014040
1.420038 1.970393
0.651302 -0.619383
-0.996326 -1.671796
-1.016804 -0.514431
-1.134063 -1.029490
1.628087 0.538461
1.201471 -0.127913
-1.505233 -2.534755
0.431931 -1.445444
2.551574 -0.697931
0.525603 0.056221
0.308445 -1.615929
1.828936 -0.291643
0.895999 1.686385
-1.247582 -1.416913
1.251605 1.035068
2.853111 -1.819615
-0.659286 -1.539176
0.926442 1.058205
2.202520 -1.825776
-1.405364 1.257138
3.488517 -0.632251
0.453428 1.685753
-0.262707 -0.465614
0.403223 -0.791672
3.520351 -1.126912
-2.511020 0.011016
1.157092 0.909452
3.605322 -0.987249
0.817441 0.734699
-1.028181 0.045603
0.669670 1.832195
0.003770 -0.121930
-0.474752 1.279105
-3.200087 -0.040741
-1.714248 -2.517296
-2.480235 0.000902
1.491942 0.985034
-1.838311 -1.379772
2.358431 -1.275170
0.474917 -3.128170
-1.501013 0.920221
-2.079428 0.833444
-0.719539 -0.526373
-1.454598 1.720318
-1.096135 0.438143
-2.432388 -0.100575
-0.326585 1.086158
2.332984 -0.848030
2.604461 -2.735118
4.102824 -2.114121
-2.193792 -2.313945
2.065572 0.317744
2.283339 -1.125302
0.563053 0.846869
-1.584650 -0.860482
-0.296397 -0.556741
2.397661 0.168199
2.053664 1.134243
-2.700407 -0.644298
2.696863 -1.673571
2.200439 0.205953
2.767934 -1.133632
3.617539 -1.948619
2.066333 -1.926144
-0.321003 1.181816
-3.310630 1.535933
-2.617842 -1.326317
-1.711294 0.921937
-0.649157 1.490672
1.436254 2.921431
-1.887960 -0.939282
-0.053297 1.283961
-2.182265 -0.499275
-2.783692 -2.508596
-1.475896 -0.267589
-0.681444 -0.399344
0.590993 1.790069
-4.321889 -0.152278
0.721444 0.044312
2.084913 0.251104
2.492375 -2.151800
3.811293 -2.266298
4.528185 0.085541
-0.782944 1.427724
3.634656 -0.600952
0.043754 0.878608
1.699300 0.623254
1.876608 0.081721
2.139694 0.040855
-1.576543 1.106993
0.425895 -0.318263
1.041256 0.246758
-0.199402 1.078996
2.014631 -0.883029
-3.237839 -0.309568
0.759525 -1.837284
-0.968445 -0.873841
0.184511 1.027013
-2.462354 0.190859
-0.101979 0.997087
0.879326 1.239481
-2.924994 -0.436666
3.627931 -1.062427
-0.735833 -0.383425
1.903765 -0.686069
1.573921 2.679160
-0.282744 0.735542
2.006867 1.117706
-0.998552 -0.853876
-1.181979 -1.698610
-0.889677 0.679801
4.903524 -1.266178
-1.597054 1.640237
-0.575999 0.843871
-3.114204 -1.060974
-2.185671 0.704259
0.416548 1.453070
0.243066 1.338512
1.734886 -0.345338
-1.410002 0.472167
-1.245438 -0.554780
0.301450 -1.929627
-2.748593 0.374114
-2.501505 -1.701569
-1.569869 0.594270
2.020844 0.965767
1.251333 1.023977
1.702525 0.508016
-0.596013 1.059583
1.479538 1.576080
3.814845 -0.767688
-1.322322 -1.358501
1.888264 -1.289146
3.491002 -1.002880
2.062901 -0.005502
-2.965356 -1.242624
1.680748 -1.558903
2.137655 -0.545756
0.052405 1.041400
2.495639 0.192550
0.941439 0.314216
-2.027578 0.178242
0.831591 0.540998
0.168956 0.222795
1.986385 -1.085680
1.468455 0.749010
3.133859 -1.104323
-1.073262 -1.212338
-1.754380 -1.225836
-2.385132 0.280722
1.530334 1.230302
-3.214717 -2.456273
-0.366352 1.978354
-3.482644 -0.730999
0.434404 -2.848536
2.449243 -1.787935
-0.192381 -1.874212
-0.643713 -1.660257
2.943125 -0.794912
0.414743 0.608292
0.271414 0.703121
-3.057472 -0.176541
-1.225558 1.782975
2.606403 -0.829944
0.946945 -0.903558
0.973743 -0.711284
-2.830163 -0.684649
-3.192647 0.239710
2.102031 0.887979
0.194003 -1.534604
1.986817 -1.374421
2.197040 0.320688
4.604593 -0.391110
-1.773857 1.345324
1.172297 0.966278
-0.182154 0.341493
-2.207821 -0.907558
0.959003 1.578731
-1.004995 1.305902
-1.154754 -1.647358
0.912057 -1.458277
-1.955943 -0.944846
1.289914 -0.610422
0.392203 0.607133
-0.271214 -0.151642
0.449407 1.094299
-0.761586 -0.957455
2.744522 0.189386
3.472411 -0.660509
-1.757504 0.285668
-2.439613 1.028521
1.006199 -2.063597
-0.399789 0.927873
3.362190 -0.510677
-0.472116 -0.085077
1.522694 0.724934
1.364259 0.599357
-0.504418 0.295250
-1.404215 -1.626092
-1.069349 1.310259
-3.313824 0.722956
-2.376733 -0.307657
-2.233015 0.762907
-1.636700 1.135186
-1.892017 -1.718008
3.200560 -0.292770
3.175749 -0.649783
-2.941714 -0.915902
1.593441 1.211759
-0.753790 1.634253
1.544961 0.286823
1.095867 0.640487
2.918630 -1.649323
-1.847864 -0.349842
0.602156 0.233269
-2.050058 0.114171
-2.000943 0.490455
-0.209746 1.093411
-0.410608 0.126033
1.092239 -0.673575
-1.343332 0.276059
-3.565287 1.987729
1.066281 1.098382
3.404671 -1.830757
-1.173251 2.551346
0.674245 -2.669751
2.435572 -0.643408
0.251604 -0.493764
1.149926 1.298882
-1.783759 1.084100
1.521833 0.547773
-2.211086 -1.174075
-3.364464 2.113244
-1.754248 0.765798
0.993259 1.697014
1.982604 -0.115008
-2.301938 1.150762
0.762195 1.576207
-0.248900 0.996597
-2.654249 -1.267747
2.184295 0.015035
-0.584208 -0.523632
0.641065 0.002215
-0.037966 -2.164795
-0.574175 -3.087550
0.471648 1.047465
1.430995 1.891105
2.150810 -0.790661
1.419391 -0.297813
0.144372 1.110694
0.570262 -0.562687
0.861550 0.630861
1.254278 -0.850573
1.194257 0.421093
-2.314152 -0.778818
0.176547 2.435025
0.418771 0.135052
0.321852 0.730787
1.529419 1.006397
0.219663 0.696395
1.279231 1.215043
0.145472 0.118387
1.821360 -0.646428
-0.429484 0.738889
-2.307720 -0.751514
-2.236921 -1.829537
-0.241643 -0.478118
-1.630788 -1.175355
0.548718 0.999220
-3.092310 -0.960643
-0.753319 -0.256490
-0.780180 0.394697
-0.207891 0.346678
0.308757 0.527986
2.372176 1.283432
2.837038 -1.138566
1.393791 1.126004
-2.320124 -0.655422
0.305017 1.005946
2.002912 0.850842
1.713879 -0.982671
1.480719 1.432546
-0.843356 0.199878
0.498623 -0.043669
-1.796284 -1.520957
-0.592166 -0.016848
1.009297 -0.132589
2.277909 -1.304344
-1.115841 -0.325102
-1.904002 1.223047
-2.880627 0.006066
2.157595 -0.475171
2.068027 -2.054709
-0.008429 -0.458487
3.224611 -1.271563
0.164782 0.797451
-2.351744 0.165353
-2.717735 -1.189369
1.489484 0.591029
-0.459540 2.029040
3.132692 -0.892489
1.821354 -0.156632
1.871670 1.303921
-1.592697 0.131326
2.201988 1.619358
0.698749 -0.976297
-1.735963 -0.072421
-0.167020 -1.040065
-0.020872 0.570849
3.652064 -0.652541
-1.832970 1.335612
-1.752166 1.718459
-3.024733 -1.611490
-0.463431 1.648517
-0.419109 -0.026887
-1.823718 -2.530367
-1.790032 -1.466993
-3.241228 -2.053943
-1.252041 -0.789228
0.992956 -2.095456
3.912657 -0.595965
-0.831052 0.604465
2.700659 -1.172452
2.311702 -0.012406
-0.364631 1.107657
0.460468 -0.029238
-0.024995 1.754977
2.607510 -0.893288
1.125887 -0.976615
-0.068469 0.582108
-0.356697 0.456132
-1.449132 0.462363
-4.141812 -1.540905
1.290477 -1.098157
2.051028 2.272043
0.613609 1.104806
2.513491 -0.697946
-2.356472 -2.027180
0.914071 1.131656
0.412559 0.874494
0.902402 2.263141
1.319837 -1.393887
0.473445 -1.369092
-2.921234 -0.836160
1.111215 1.677690
2.381159 -0.871645
0.898910 0.410965
0.312717 0.125214
-0.186233 0.871623
1.095514 1.093852
-1.921427 -0.008998
1.302215 0.820008
-1.935144 -0.568731
-0.345087 0.892190
0.483796 0.589366
-2.787036 -0.437540
2.133256 0.846749
-1.091302 0.858087
0.564630 -0.117357
-1.474765 0.748214
-3.141213 -0.534703
1.401930 1.052170
-2.149182 0.052666
-2.293377 -2.135690
2.191747 -0.320759
-1.440393 0.951723
0.336901 0.884671
-0.972437 -1.260464
-0.160265 0.019717
-0.312687 -1.736169
2.463284 -0.652188
-2.633108 -2.156278
2.670696 -1.374495
-1.501410 1.732754
-0.905407 -0.631669
-1.441517 -2.761707
-0.388750 -0.158662
0.710145 1.664386
-1.653205 -0.565214
-3.562615 -2.027649
3.174951 -0.473596
-3.557182 -0.599610
-1.441772 -1.499149
-0.056481 1.672255
0.977836 -0.092322
2.100925 0.020183
-0.472544 0.900937
0.121115 -0.590085
-3.170846 -0.548933
-0.145513 -1.825630
-0.409502 -1.607555
0.227146 0.974644
0.799832 0.335134
0.117684 0.734613
0.568060 -0.899362
3.636023 -2.123295
2.086917 1.748282
1.290615 0.671908
-0.783829 1.432417
-1.123497 -1.601454
1.666644 0.499046
-3.461626 -0.998930
0.582152 0.281700
2.862342 -1.153755
-0.557521 -1.538741
2.925196 1.871310
1.840659 0.612455
-1.530593 0.755523
-0.120838 0.351408
-0.756541 -0.070713
-0.325275 0.114216
-1.111348 -0.745154
0.337917 0.216273
-1.088412 0.201939
-1.875019 1.411114
0.754052 0.810874
0.180913 2.328139
2.230965 -1.802575
4.046108 -1.029045
0.933080 0.554774
0.756930 -0.585200
1.335099 0.401621
-1.842180 0.117390
-1.089256 1.484951
1.110906 -1.055678
-2.228146 1.089911
1.844243 0.253318
-2.043518 0.156668
3.015676 -0.457064
-2.713979 0.482237
2.124166 0.376261
0.818620 -2.022533
2.780322 -1.113341
0.953290 -0.569531
-2.127444 0.947443
-1.474687 -0.405064
-0.128132 0.252646
-2.621391 -2.101269
1.263306 -0.679746
0.404691 -0.085410
3.122452 -0.541139
0.278240 -0.684781
-1.266274 0.512456
-2.171096 -1.018519
-1.300600 1.056322
-3.186299 -0.280151
-2.042110 -1.226584
-3.522221 -0.038863
3.503886 0.368734
2.407815 0.564018
-0.232651 -0.193221
0.560361 1.041625
1.267513 -0.932942
0.875294 -0.213657
1.923060 1.846710
-0.940275 0.117867
-3.048818 -1.599233
0.704416 0.758227
-2.120691 -0.829186
-0.341401 0.145374
-1.575577 0.447277
1.764855 -0.274393
2.231304 1.055477
-3.153841 1.126946
-1.631822 1.663859
0.706657 1.145892
-0.428807 0.802413
-0.076689 1.519173
-2.704546 0.000387
0.488454 1.017289
0.228854 1.477276
0.833608 1.959237
-2.147711 -0.050717
0.938424 -1.634247
2.385827 -0.335178
-0.380338 -0.447148
-1.475242 0.287741
3.544413 -1.469434
-2.593143 -0.332138
-2.525943 1.225024
-1.392060 -1.111991
-1.331949 0.100179
0.938264 0.295158
-2.008814 0.495783
0.324173 1.572070
-0.272287 1.823097
-2.434710 0.215569
-1.726080 -0.547382
2.275064 -0.813244
0.328777 1.391729
0.740990 0.752496
-1.011084 -2.277433
0.025486 2.112215
1.213033 1.243118
2.935456 0.274033
-2.776552 -1.382500
0.227652 -0.160782
-0.982951 1.250683
1.650053 2.748713
-2.305195 -0.913275
0.275232 0.599329
-2.601126 -0.683555
-2.677609 0.567283
1.690667 -1.944872
0.564363 -3.125825
-3.405800 -0.030172
-0.850441 1.065584
0.331039 -1.608619
-0.742246 -0.548356
-3.833050 -0.424911
-0.260172 0.382368
0.058457 1.328191
-0.972128 -0.003619
2.092887 0.766439
-3.231827 -1.293798
2.829773 -1.159887
-2.466709 0.807749
0.955945 0.954882
1.515025 -0.705370
-0.123903 1.658198
1.348806 1.221616
1.150297 1.066525
-2.172116 -0.361381
-0.477251 0.440557
1.612060 0.235224
-0.137260 1.428019
0.668606 1.184641
-2.435778 0.172477
0.818789 -2.660048
-0.022995 1.252730
1.652336 -0.834468
-1.615507 0.310914
-0.494461 1.437294
-0.628803 0.003452
-1.578112 0.381695
3.021146 -0.761239
2.380234 -1.937495
1.403952 0.936278
1.420341 -0.418742
-0.130416 -0.275423
3.225113 -1.309468
-1.342718 -0.467300
-2.655515 0.369953
-3.699625 -2.095543
-1.413498 1.522730
0.712244 1.554284
0.349546 1.283290
0.358651 1.066486
-0.995006 -0.112171
1.258147 0.896148
0.942943 0.938586
2.606373 -0.789506
-1.025877 0.204378
-0.077348 2.731060
-2.581492 -0.049119
0.917025 0.018042
-2.551643 -0.235335
0.786031 0.967056
-2.700956 1.260487
1.889619 1.856827
-0.179644 -0.013750
-1.336262 0.232925
0.173560 1.089004
3.270923 0.108752
-0.887547 -0.763470
-1.484283 1.171312
-3.264403 -1.312021
0.080392 1.093297
-1.620557 -0.420579
-2.175118 0.085752
2.818719 -1.070992
-2.941816 -0.175961
-2.518982 -0.307539
0.672160 -0.721902
1.682343 1.179728
-0.489022 0.428517
1.231251 0.861266
1.961438 -1.108467
1.586819 -0.407298
0.874273 0.163352
2.169153 -2.315509
-0.085464 1.258758
-2.289528 -1.965859
-1.626695 1.255862
-2.153067 -2.157880
2.132246 -1.732919
1.519469 0.491083
-0.056170 -0.085940
2.448930 -1.205179
2.534222 0.756946
-1.611560 -0.976409
-2.039303 0.771225
1.554127 1.357355
-1.357348 -0.183426
-2.101172 1.040653
0.977061 1.082940
3.118462 -0.337986
2.490928 0.694546
-2.078576 -1.396794
-1.766209 -0.250757
-1.183172 -0.650640
1.198922 -1.226611
-2.681495 0.603645
0.983365 1.369624
1.517160 1.091280
0.852636 1.214414
-4.745980 -0.677953
1.729747 -0.716353
0.581644 1.956981
2.574679 0.019465
2.071228 0.148711
0.893240 -0.347616
2.748676 -1.109294
-0.668172 0.352814
-0.541801 0.264442
-0.242080 -0.893100
-0.602006 -0.232091
-0.987426 0.907950
1.811070 0.442548
-1.936860 -2.462920
1.152334 1.241472
3.083199 -1.082900
-2.500161 -0.316893
-0.165774 1.678537
3.800503 -2.240165
-1.566331 0.673743
2.371387 0.756700
-0.780130 -0.380046
-2.497553 -2.661050
2.835384 -1.166890
-3.010658 1.798525
-2.885810 -1.844262
-0.686561 1.734987
2.735989 -0.697817
-0.920122 -0.955707
-0.255048 0.256454
2.573630 -1.089164
1.101772 0.815390
-1.708248 1.526230
1.269497 -0.032754
-1.145989 1.195099
0.514398 1.508633
-1.897875 -0.503221
1.037397 -0.401375
-1.952761 0.513605
-1.877932 -0.318572
-1.011496 1.558836
1.347141 0.147355
1.465474 1.033649
-0.207267 1.653153
0.375054 0.399188
2.726160 -0.622153
-5.126320 -0.823109
1.599742 1.413111
-1.784292 0.198757
-1.459451 0.467965
-2.797089 -0.887463
-2.597567 0.470039
0.980640 -1.910780
-1.510995 -2.763902
-2.392598 -0.617155
1.832769 -1.919160
-2.255119 -0.345018
-1.721783 -0.436922
1.835258 0.436702
0.435666 -0.188303
2.914736 -0.658797
-0.130316 1.225429
-0.579567 0.728843
-5.128425 -0.145711
0.820911 0.282366
-0.887671 1.440237
-1.352071 0.507022
-3.243343 -0.345546
-1.480922 -0.316041
2.234886 1.765304
-1.255789 1.020571
2.650628 1.971365
-0.109093 0.333909
-1.067902 2.436077
1.204994 0.414568
-1.204582 0.442956
-1.196344 0.786808
0.029053 1.527930
2.994098 -1.982071
-1.815721 1.455613
0.136235 -0.166510
0.064718 -0.256280
-0.875050 -0.971737
-0.031628 -0.474158
0.287106 -0.115444
3.045492 -0.745682
0.438135 -0.171655
-2.588927 -0.615237
-0.527139 0.053950
1.619080 -1.742289
1.939615 0.518785
-1.512339 0.404525
-1.216463 -0.120472
1.313193 1.518621
2.861458 -0.258445
-2.539643 -1.003274
-0.625378 0.688648
-0.834721 -1.725175
-3.898606 -1.104039
2.177598 -0.558726
-0.073305 0.256008
-1.584648 0.386991
0.884602 -1.097446
-2.197509 0.282594
-1.501758 -1.583673
1.482651 1.093274
0.771611 0.697668
0.667995 0.075939
1.158062 1.394746
-1.814942 -1.400975
-1.972721 -1.887286
1.446169 0.733036
2.220152 -0.625342
-2.278442 1.219033
0.624455 1.650759
-1.857422 0.401541
-1.705100 -0.125823
-2.260690 -1.145523
2.675997 -0.490128
0.090260 -1.831432
-0.847339 0.205643
1.566543 0.212588
-2.369974 0.289675
-1.112219 1.183061
-2.408014 -0.816195
-0.740846 0.547343
-1.598415 -1.856360
3.568287 1.242054
-0.144054 1.383351
-0.183940 -0.923862
2.861126 -1.132093
2.563414 -0.842351
2.720098 0.697244
-3.064814 -0.830309
-1.291689 0.429847
0.586999 -0.302851
-0.041187 1.079720
3.095840 -1.056089
3.331442 -0.399310
-4.124428 -2.049942
0.471762 -1.090849
0.063135 1.047578
1.360681 0.410935
1.901426 1.346412
-1.582550 0.214931
-2.669802 0.409630
2.478426 -2.958329
3.116716 -0.905171
-3.639899 -1.967765
-1.945799 0.421955
0.480367 -0.089522
-3.275138 -1.136827
-0.720406 -0.192215
-3.238837 -2.360245
-1.784439 -0.052377
2.005113 0.573901
-1.417154 -0.736817
-0.013655 1.468203
3.079874 -1.011009
1.926162 -0.694891
-1.888714 -0.857028
-0.665816 2.093940
0.087108 -0.448645
-3.032830 -0.134615
-0.105312 0.812092
3.080914 -0.714322
-3.940214 -0.769745
-3.421475 0.161397
-2.172317 -0.802297
1.191184 1.722701
2.324997 -0.073447
-1.521416 1.504074
0.197370 0.990826
-0.263888 -0.434069
1.543136 -0.586440
-2.924386 0.659039
-0.356452 1.086679
-1.598499 -2.251085
1.624789 -0.427095
-0.310171 -1.085012
-0.554244 0.671483
-1.258149 -0.070708
0.664237 0.682859
1.562655 -0.198410
0.178833 1.125336
-0.200691 0.436645
1.897085 1.460111
-0.103896 0.869717
2.535601 -2.131277
-0.063792 -2.120082
-2.487934 0.766007
0.571397 1.531247
0.488055 -0.788354
1.218537 0.116957
-0.971677 0.716977
-2.280844 -0.098853
-2.445785 -0.503591
-2.878530 -0.283308
-2.216975 -0.424185
-0.920207 -0.050241
-2.113602 -1.068259
2.178265 -0.467129
-5.245487 -1.367867
-0.268729 1.651905
1.745803 -0.360691
-0.561645 -0.291940
-0.571120 -0.295944
-0.098029 -1.114395
0.400739 0.673326
-1.897384 0.559854
0.066459 1.093945
2.152962 1.378166
1.164311 -0.239502
2.334694 -0.591103
-1.989993 -0.367650
1.551495 1.272182
2.406366 -0.178681
-1.254197 0.117172
0.795584 0.649857
-3.417897 -0.862079
-0.615101 -0.686105
2.164185 0.362121
-3.347457 -2.241351
-2.103538 1.268123
2.254864 0.389508
1.913330 0.128779
0.088080 -0.538897
-2.214745 0.243754
-0.403758 0.892801
-0.842830 -1.022443
1.094457 1.159396
1.581888 2.290251
0.698078 0.783674
-1.068085 -0.007469
-2.977287 -2.344594
2.555008 -0.944781
-4.755952 -0.241989
1.525018 0.939351
0.053163 0.330074
0.019095 -0.203506
1.502246 -0.108752
1.792109 -0.449180
-0.558512 0.601150
0.372067 -0.679935
-0.536196 -0.112951
3.102131 -3.304694
1.277568 0.060511
3.486778 -0.792429
-0.358094 -0.423570
1.742974 0.582086
-0.298531 -1.991410
1.380736 0.220024
-1.537412 1.050590
2.345735 -2.206897
0.912954 -0.022412
-1.439805 -0.836575
-1.961204 0.297062
-1.124323 0.991814
1.750884 2.335161
3.242161 -1.238686
-1.859714 -1.163975
-1.953030 1.346214
0.441509 -0.004231
2.095526 1.343553
0.544506 1.590265
-0.441222 -2.038035
0.739806 0.945928
3.202382 0.207364
1.132673 -0.020514
1.083369 0.774115
-3.327202 -1.449080
-0.393015 0.791279
-1.556564 0.499890
-1.861197 0.805669
-2.158253 1.325145
-0.006636 -0.755415
-2.372282 1.192018
-0.893677 -0.490925
-3.077153 -0.259918
2.049008 1.160644
2.307713 0.531918
0.730280 -1.424636
-4.382094 -0.106483
-1.985611 -0.242266
-3.389516 -0.957032
0.029248 -1.091698
-1.461892 0.871184
-0.313265 -0.133037
0.172272 0.193152
0.413436 1.176527
0.928573 1.161960
-0.764837 0.636707
0.539431 0.378224
0.822180 0.643729
0.648381 0.815548
1.310578 0.553996
-1.068993 0.497594
0.758276 0.122666
1.648084 -2.774108
-2.212432 1.106988
-0.529415 -0.300862
-1.641829 0.673494
0.989315 -1.192431
3.485609 -1.091374
3.110548 -0.760202
0.423183 1.028952
-3.447521 0.490563
-0.258639 0.664754
2.337616 0.833224
-2.232087 -0.349450
0.753578 0.051628
-0.839892 -1.277561
3.660208 -1.313772
-3.279385 -1.715664
1.897521 0.048648
1.932316 0.882944
-2.239616 0.811540
1.521901 1.709092
2.138722 1.368525
-3.215716 -1.631140
-1.005619 0.460448
-1.536125 1.850453
-1.552884 0.316703
-2.164493 -0.501447
-0.867795 0.283216
0.848382 1.085174
2.747593 -2.077992
-1.435521 -0.544456
-1.080453 -1.427430
1.572770 1.003489
-0.631397 -1.774496
-1.116300 -0.470320
-0.080893 2.375575
2.989349 -0.619915
0.189323 0.343551
-1.618388 -1.189590
0.114894 1.123716
0.005987 -0.600062
3.333567 -0.742753
-0.897610 0.566365
-3.034498 -0.163549
-0.249980 0.526429
1.486559 0.483388
-1.053131 -1.254252
-2.083347 -0.871038
-0.452283 -0.353931
0.596350 0.994407
-0.490104 0.602033
3.106914 -0.661975
-0.653366 0.020749
-0.614432 -0.619187
-0.287823 1.761333
-2.318791 -1.176962
-2.836568 0.993804
1.787400 -0.851558
-0.213252 0.450851
1.012344 -0.702689
-2.412143 0.841021
-0.949398 0.120358
2.933882 -0.798336
1.606154 1.034472
-0.895782 0.438560
1.295850 1.220987
-2.438294 -0.765200
-0.445092 -0.671039
3.129006 -1.244478
0.441366 0.117177
1.097773 -0.437233
0.977275 -2.294041
-2.571871 -1.650477
-1.561617 0.529751
-0.114735 -0.944805
-1.488552 0.096747
-2.531866 0.182169
-0.449413 -0.695572
1.748705 0.284110
2.350043 0.849237
2.259682 -1.588287
-2.708706 -0.831031
0.246790 1.377484
2.852378 -1.537468
1.101833 0.800710
-1.353540 0.157642
1.329221 1.235086
-0.226656 -0.465724
-3.066009 -2.089477
0.980798 0.540589
-2.498990 -0.760933
-0.404632 -0.168096
-3.181699 1.814421
-0.554106 1.694162
1.033030 -1.086042
1.399729 1.261423
0.727726 -0.660702
1.005321 0.952871
2.653894 -2.081874
1.023939 0.144988
-0.041786 0.114031
0.166940 1.502945
-0.582385 0.776011
-3.111740 -0.246010
3.843203 -1.471231
1.165950 0.232069
-1.454641 -0.095606
0.009761 -0.653351
0.392183 -0.967946
-3.125585 -1.533905
-0.976853 -0.949178
-1.994915 -0.235515
2.413854 -0.431579
0.261790 -0.381857
1.514564 0.686321
-2.376187 -1.203173
0.259554 0.128068
1.249141 -0.871864
1.424205 0.016502
0.627113 -0.020561
-1.308689 -0.738045
-2.181804 -0.999081
1.016905 0.442099
0.091991 0.792231
-2.983069 -1.150990
-0.417092 -1.851270
-0.792858 -2.324010
3.267022 -2.446036
-1.174592 -0.786082
-2.841569 -0.332209
-0.630345 0.249110
0.263895 0.695541
-1.030930 0.598916
1.318191 0.635926
-1.872513 -0.260414
-1.102458 1.149984
-0.543350 -1.304215
3.457524 0.307570
1.615571 1.156843
1.064336 1.067199
-3.422438 0.124566
0.093488 2.499779
-1.574890 0.443867
-2.849482 -1.357844
1.387535 0.598902
1.267067 -0.580883
0.233311 -2.081006
2.192838 -0.793223
-0.518525 0.581276
-1.819531 1.165752
3.760687 -1.479874
2.465043 0.848086
2.221150 0.659671
-1.630231 -0.554407
2.554529 1.662913
-0.273690 0.969327
0.066777 0.129955
2.070740 -1.580990
-0.020316 0.279627
-1.503347 1.167811
-2.705103 -0.885648
3.259087 -0.305613
-2.990498 0.466436
-1.907455 0.504501
0.699357 0.808558
-2.253238 0.055166
4.049350 -0.679179
-0.855422 -0.500177
1.525358 -0.765288
-3.050183 -3.076189
-2.386888 1.135851
-0.488292 0.755823
0.289171 0.197224
-2.094346 -0.017627
-1.875876 0.184142
-2.489382 -1.322170
1.404312 0.988444
2.599471 0.578818
-0.970682 1.412099
-2.203139 -1.384418
0.340099 0.951359
-3.567721 -0.816605
1.279619 0.086181
0.140226 0.726291
-2.130867 0.045114
0.450669 0.970434
2.251008 -0.367390
-0.798122 -1.195685
-1.288348 1.031203
1.324105 -1.902326
-0.561959 -1.548062
1.741647 -0.358736
-3.471876 -1.063959
-2.176555 -1.597074
-2.970749 0.905199
-1.570072 -1.519656
-0.691610 0.718100
2.036056 0.691255
1.733759 -0.761389
0.095464 1.317069
1.215108 -0.740638
3.563667 -1.616914
2.483479 0.755917
0.397901 1.096977
-0.797079 0.733266
1.413928 -1.219759
-3.226184 -2.158698
1.335453 1.198903
-0.778806 1.888615
3.660550 -0.967227
3.184945 -1.590343
-0.180306 -0.147579
1.413694 -0.512661
-1.522757 -0.284592
-0.270609 -2.297475
-1.555162 0.332543
1.632995 1.383037
-1.787220 1.597861
-2.246545 0.403182
-2.250732 0.221934
-1.804216 0.352884
3.205188 -0.880799
2.784103 -0.090303
-1.333940 -0.519737
-1.563645 0.520026
0.960446 -0.336617
-4.948795 -1.628945
3.675924 -0.196750
-1.472634 0.465261
-2.594641 -0.725683
-1.148543 0.805789
-2.013258 -0.521582
-0.265924 1.294926
-1.046089 0.201350
-1.427829 -0.507434
-2.781026 0.751317
1.052560 -2.131128
-0.689560 1.594340
1.797866 0.922593
1.121626 0.662600
-3.440153 -2.770034
-2.173746 0.583841
-1.378487 -1.608776
-0.835434 -1.410105
-0.694469 -0.053111
-1.149338 0.657529
3.751202 -0.748292
3.832461 -1.265275
-0.502938 -0.409343
2.268702 1.093185
0.945948 -1.137551
1.613114 1.416873
1.142236 -0.177261
2.152139 -0.476143
-0.583007 -1.493873
-0.431039 0.967346
3.121375 -1.031809
1.740651 0.298771
0.290623 -1.908821
3.690683 -0.821055
1.139412 0.739790
-1.774054 -0.554884
1.835294 0.702652
3.710057 -1.153957
0.433839 2.171401
4.236172 0.536251
1.802884 -0.454720
1.873634 0.702890
-1.296915 1.050802
1.045689 1.254867
-0.542930 1.663314
-0.245053 -1.255785
1.902411 -0.162454
0.184470 -0.206799
-0.463297 1.074725
-0.834327 0.121751
1.731565 1.729153
0.559960 -0.454613
0.173354 0.128341
-0.972066 0.576882
3.667845 -0.889228
0.126284 -0.173060
0.636720 0.755044
-2.766038 -0.390985
-2.641993 -0.406293
-3.070019 -1.732450
-1.805143 -0.663635
-3.304621 -1.867043
-3.182857 -0.645009
-1.356836 1.153730
-2.854608 0.400375
-2.252193 -0.393391
0.300106 0.046738
2.085636 -1.191008
-2.429003 1.292039
2.008416 -0.291771
3.375365 -0.855588
0.897581 0.271924
-2.314322 1.117499
2.720890 0.623499
2.891803 -0.353319
0.078549 0.811784
-0.780896 -1.059174
-2.250101 0.362730
-1.056655 -0.403716
-0.125824 0.979929
-0.312312 -0.310639
1.954179 -2.880329
0.520766 0.239902
0.088360 1.282953
2.866692 -2.250294
0.630943 0.589564
0.696690 1.272786
0.176750 0.451888
-3.367756 0.264229
2.533090 -1.454785
2.920906 -0.674758
-0.713171 -1.779355
0.892427 0.251874
-0.248466 0.805432
-1.106547 -0.058694
0.718141 0.876301
-0.468509 1.508872
-4.575573 -1.546091
-2.029782 0.940189
1.996556 0.220855
-0.146489 1.242012
2.402154 -1.967459
0.559208 0.405026
-1.288874 1.346359
-3.102604 -1.506856
-0.453479 0.580268
-2.031061 -0.266908
-1.746457 0.420818
3.490558 -0.792444
-0.538162 0.059512
2.047104 0.980733
1.712181 0.513223
-0.917380 0.055006
0.001011 2.036158
-0.073555 1.492384
-2.032291 0.018184
-2.249237 -0.567079
-2.333095 0.457863
-2.203750 0.254528
1.867517 0.312983
2.560380 -1.082017
-1.409219 1.554546
3.216854 -0.947965
0.632499 0.368887
-2.011883 0.320368
-2.106211 0.243879
-2.869308 -0.424102
-0.101880 0.129070
0.282677 1.152233
-1.469943 -0.407777
-2.280244 1.200417
1.942638 1.049599
-2.359247 0.340406
-3.096331 -1.208015
1.317760 0.567492
3.535197 -1.392657
-1.931398 2.030653
-0.978029 -0.247609
1.676839 1.270215
-2.265743 1.825995
1.321901 1.641300
-0.341310 -2.245921
4.136304 -2.120775
1.941470 0.138992
-0.408431 1.123319
1.134435 -0.146277
0.019984 -0.134901
-0.684657 -1.045374
-1.863673 -0.536465
-3.350720 -2.221042
5.650770 -0.881110
-1.254728 1.752093
-0.388750 -0.158662
1.869475 0.935869
-0.880130 1.432422
-0.033908 -0.673625
-2.284973 0.481159
-1.019515 -0.113460
0.684312 -0.811382
1.466035 1.507999
-0.230198 -2.313649
1.513233 1.304399
-2.050524 0.938994
0.777392 -2.776132
0.468259 -1.753665
-1.275647 -0.735838
-2.877824 -1.038216
1.340008 -0.829477
-0.563624 -1.510666
-3.088090 0.384110
-2.300248 -1.031514
1.020715 0.194134
-0.180345 0.919429
0.581555 1.926171
-1.456375 1.314622
0.588139 0.931673
0.327199 2.175343
3.000424 -0.805376
0.220005 -3.401407
2.021233 -1.880558
2.218477 1.691429
-0.390972 0.200599
-0.210617 -0.988090
-1.431809 1.473545
-1.752358 -0.520451
1.711911 0.510328
2.525474 -1.035832
1.108418 -3.135641
2.344560 -0.762320
-0.372974 -0.368985
-1.017566 1.486747
-0.250362 0.356550
0.697754 2.337990
1.891238 0.447929
2.290293 1.205374
0.428361 0.861448
0.150516 -2.354213
-0.313261 0.495764
1.276765 0.733541
-1.198285 1.207624
3.486442 -1.071989
2.805940 -1.303175
1.759186 -0.503250
-1.051152 0.614737
-0.524582 0.664942
3.553309 -1.565046
1.114315 1.298234
0.110250 0.280355
1.139602 1.403500
1.325865 -0.473090
0.164704 -0.857004
-2.263054 -0.598250
1.777495 -0.226604
-2.717148 -1.595127
-0.375231 0.792754
-0.695224 1.308698
-0.900999 -1.917246
-1.007682 -0.889182
-3.165355 0.267475
1.134052 1.097704
2.183843 1.112727
3.722288 -1.043331
2.723394 -1.845878
0.476882 0.761512
0.879148 -0.618747
-2.329656 -0.110473
3.902336 -1.085504
-3.350960 -1.237802
-3.003423 0.475691
-0.109079 0.411934
0.061021 -0.187652
-1.099459 0.625370
-1.483125 1.679725
1.373085 1.001256
-0.207092 0.431958
-0.645711 2.328110
-1.987065 1.040145
-2.567881 -2.307937
-0.671611 0.664247
0.394045 1.652946
2.139153 1.361102
-0.320583 -0.280885
0.862207 1.845324
-0.332547 1.923444
-2.086263 -0.487881
1.863826 -1.565205
0.208178 0.701479
2.488657 -1.431302
0.074776 0.668831
-3.333331 -1.089893
3.516583 -1.019403
0.821362 0.267894
-0.609477 1.011452
-3.753027 0.233894
-1.437150 2.071074
-2.770129 -0.337924
-1.136620 -0.403403
0.402930 1.301487
-0.770701 0.787843
1.446330 1.071558
0.914966 -0.855771
0.854698 0.444542
-0.510409 1.807735
-1.062612 -0.758934
2.016053 0.340948
3.149282 -2.019899
0.925907 0.329702
-0.044629 -0.338850
0.120425 -0.272638
1.870302 0.300962
-2.179747 1.430515
1.657311 -0.646528
-2.964373 -0.071357
-4.891566 -2.711198
0.717628 0.456284
1.153296 1.138599
-3.404429 -1.937296
1.482611 -1.737179
2.590893 -0.727903
-0.026917 1.760450
0.645601 -0.198642
2.469446 0.730257
-2.452784 1.424364
-0.135042 0.709223
-2.038287 0.959764
1.641317 0.915407
0.939772 0.810536
-1.417656 1.019021
0.515943 1.101533
1.669717 0.988836
-0.093197 0.654286
1.709637 0.988969
1.953043 -0.179333
3.138622 -0.937255
1.683503 0.272283
2.513923 0.739880
0.181109 -1.055349
1.512671 1.100044
-0.154089 0.784096
1.777344 1.190972
0.845492 1.328119
3.052102 -0.549808
2.764146 -1.817778
-0.704242 2.511656
1.534082 1.209608
-3.048754 -1.230393
2.504130 -1.204411
4.279222 -1.204108
0.746469 1.906608
-0.745308 0.406921
-0.159077 -1.418679
1.798788 0.837785
0.146832 -0.695762
-0.859863 0.378803
2.361557 0.860438
0.452830 1.606600
-0.982674 1.028800
-2.973725 -0.829384
0.073202 1.611196
2.138328 -1.121376
1.375942 1.847025
0.001387 1.138680
-1.911340 1.450553
-1.267632 0.282472
-0.321598 0.698287
3.114216 0.582985
0.699432 -0.946267
-0.318979 1.235853
-0.553776 -1.123218
1.739417 1.074107
0.465369 -0.378868
-1.612525 -1.755323
0.137564 2.656590
1.088090 0.817935
1.652887 -0.149934
-1.702102 0.287367
0.813377 0.435127
-1.384481 0.058000
-0.004694 0.658088
-2.955146 -1.742190
-1.074466 1.128080
0.529734 0.339967
-0.052132 1.313094
1.155427 0.965168
0.606175 1.230217
0.041629 1.382138
-2.721787 -2.019333
-0.057869 0.969320
-2.222559 -0.036073
1.194824 0.442513
3.681288 -1.133628
1.609568 1.366139
-4.847686 1.573570
2.761706 -0.258820
-2.981705 -0.694694
1.139997 0.268633
0.283744 -0.670286
2.033732 0.243681
-1.510488 1.838155
0.657295 1.175296
-1.748133 0.036695
-1.403168 1.227012
0.434087 0.070898
-0.280395 1.164910
-3.090815 -0.264803
-0.178907 1.788102
2.122553 0.148364
-1.965574 -0.088754
-2.057425 -0.113114
-0.778483 0.338565
-1.848755 1.306301
-2.064550 0.865397
-2.194029 0.063990
-1.278328 0.261036
2.123908 -0.056595
1.616746 -0.581435
-3.119019 -1.095836
-2.975007 1.215600
-1.734609 1.647432
3.043160 0.056594
-0.781623 1.853015
-0.136283 0.428542
-0.088476 -0.170022
-0.728079 1.194843
1.135358 0.281260
-1.953371 -0.105749
-3.203898 -1.222161
-0.872484 1.250793
-1.005861 0.722089
0.833125 1.377516
-1.232298 1.386052
0.123141 0.191510
-0.275434 -0.532528
1.884578 1.154133
-2.981172 -2.547912
-1.267109 0.894334
-0.314347 -0.092900
2.861263 1.946069
-1.369220 1.318782
0.481228 -0.291637
0.377456 1.458223
1.547588 0.492971
-1.452802 -1.192360
3.458721 -1.952496
-2.167883 -0.663170
-1.621817 1.325863
1.779264 0.964586
1.959285 0.738276
-0.111090 -0.219754
-1.003751 -1.580605
0.202287 0.464504
-1.264431 1.592353
0.131144 -1.941076
-2.318662 0.445667
0.169224 -0.196351
1.651516 1.340836
2.067153 0.802773
-0.730103 -0.556320
1.571441 0.853894
-3.712275 -2.207981
0.851529 0.380179
-1.334375 0.235219
0.146537 0.909248
-0.026391 -0.598744
-2.543770 0.549908
2.201725 -1.280023
-2.869564 2.165804
-1.859386 0.809777
-2.005289 1.735177
0.531072 -0.250586
-1.847415 1.026343
-0.326218 0.730676
1.696379 0.823883
0.059637 -0.436780
2.177806 -0.955758
1.253121 -0.282518
-1.298332 0.710828
-1.068423 -0.567583
0.755839 1.587210
-0.979378 -0.573210
-1.301188 1.207437
2.721137 -0.620420
-2.940830 -1.344965
1.893739 0.686964
-2.034464 -1.973800
1.294545 -0.223169
-3.252198 -1.620120
1.576216 -1.137189
0.121069 0.267605
-3.611172 0.303695
-1.251053 -1.444485
1.069333 0.761762
1.747959 0.053455
-2.031364 -0.015097
-3.332476 -1.163749
0.920738 1.281830
2.850018 0.445023
1.391360 -1.232577
1.912365 0.080197
3.112167 -1.226338
0.089010 0.602616
-2.172745 0.369465
-0.992258 0.262827
1.813507 1.935722
-2.630501 -0.716656
-0.895279 -0.637401
-1.094021 0.434244
-2.015637 0.802901
-0.749101 0.807624
-4.062442 -0.797479
-3.053191 0.704094
2.193630 -0.207609
-1.059427 0.616384
-0.564775 -1.853684
-0.756261 1.291012
3.419293 -0.662277
-0.487176 -0.140710
-0.037347 2.031656
1.124240 0.957881
1.217660 0.458608
1.580056 -1.610846
3.055414 -0.580932
-2.406738 -1.164939
-4.562823 -1.006332
-0.510847 0.029782
-1.540067 0.543626
-1.131773 -0.033242
0.652539 0.236718
-0.293818 2.646689
-0.323601 -0.151991
-0.516521 0.989723
2.626803 1.573078
-2.675421 -2.750932
2.041867 0.215921
-3.972623 1.996316
-0.303094 2.275811
1.846869 2.072312
0.380807 0.473485
1.907297 0.033814
1.609379 1.334432
-0.184420 -0.017010
-0.778660 0.356752
-1.758227 -0.105529
-0.386840 1.115537
-0.166895 1.795297
-0.087221 1.389294
0.659064 0.361348
1.895089 0.129014
-1.492189 -0.085473
3.368291 -0.815433
0.246406 0.951663
-0.532336 -1.004597
-2.465673 -0.013572
2.391672 -1.410790
1.990991 0.796826
2.140558 0.830555
-0.225109 -0.564409
-5.361259 -0.804050
-0.918000 0.395767
2.187025 -1.877062
2.175285 1.218734
0.290878 0.884044
0.111715 -2.122454
3.371441 -0.853706
1.283770 1.071895
1.536589 -2.119966
-1.846465 -0.198384
2.351443 0.918769
0.506278 1.189291
2.098648 0.861443
-0.976470 -0.391830
-1.470089 1.254016
-0.325244 0.606368
1.719673 0.923915
-0.829294 0.100972
-2.721887 -0.327168
-0.413664 1.522753
-3.493492 -2.452186
-1.269905 0.684728
-1.110798 0.094068
0.513760 0.739334
-1.090143 -1.988451
2.258743 -0.138543
1.434273 1.307911
0.684716 0.168877
-2.629847 -0.374739
2.146238 -0.364529
2.908243 -1.271445
-1.205467 0.759133
0.026583 1.121818
-0.917884 0.212223
1.683534 1.366779
-0.362270 0.404752
-3.030292 -0.829236
0.866055 1.430760
2.797183 -0.274944
-2.032486 0.247123
2.192316 -1.614733
1.733310 0.606053
2.349571 -2.148257
-2.693503 0.520976
1.276312 0.814914
-1.562395 0.001028
-1.724347 0.038044
1.813429 0.810180
-1.875500 -0.103923
0.465665 0.394097
-0.075773 1.651352
2.502521 0.290878
0.727435 0.919402
2.752687 0.330507
-0.182994 2.483304
2.571847 -1.879619
-1.191744 -0.560099
3.651060 -1.339747
-2.795609 -0.487810
-1.742684 0.489357
-1.532387 -0.583145
2.110030 0.616118
3.147866 -0.687460
-0.063743 0.633063
-0.521667 1.013565
-0.999805 1.291630
-1.600878 0.614243
2.502788 -1.655359
1.054527 1.160167
-0.202881 -0.329413
-4.124988 -2.200974
-1.185424 -2.017420
-1.236610 1.804586
-2.905692 0.135535
-1.996503 -1.882746
-2.890248 -2.860244
0.299445 2.512869
-2.225650 -0.166809
-2.187391 -0.536825
3.607395 -0.678683
-0.426984 -0.123991
-1.912650 -0.748927
-1.993745 2.131666
-1.079025 1.578331
1.668415 1.723313
-0.270829 0.058117
1.330387 -0.092326
1.074938 1.827216
-0.315670 -0.299402
0.545979 0.426146
-2.187284 -0.018472
-0.194036 0.943060
1.847970 1.644098
-1.287206 0.508740
0.701859 0.731657
-2.622155 -1.371622
1.539282 0.094974
1.297563 -0.758311
-3.407863 -1.726498
-3.179003 -0.884688
0.750294 1.354662
-0.365291 3.148953
0.201511 1.813373
0.944554 -0.416126
-0.631845 -0.419574
-3.889097 -0.815019
-1.464654 1.259327
1.135263 0.376482
3.034780 2.008856
3.028328 -0.791201
2.103494 1.150648
0.521834 0.267863
0.755974 1.814847
3.922175 -0.933768
-3.448880 -1.127578
-2.554142 0.921659
-3.687165 0.054496
-3.141613 -0.945073
-2.152456 -0.287919
0.751719 -0.527493
-3.213565 -0.464320
-1.269930 1.893873
1.238062 -0.037586
0.063198 0.095786
1.875388 -0.606447
-1.636826 0.098881
0.214297 1.329662
1.593340 1.177371
-0.332359 -0.540683
0.532793 0.093587
2.836400 -0.932406
1.934086 0.854998
2.383267 -2.143497
-2.073807 -0.139300
0.307004 -0.279868
-3.434560 -2.217748
2.386880 0.496139
-1.593408 -1.921520
-0.049676 -0.374817
-0.888178 0.570273
1.057975 1.570154
1.831354 0.950947
-1.893372 0.520098
-2.052794 -1.780842
-0.221952 0.682610
1.908043 1.879952
-1.250685 -0.980684
0.073885 1.922969
-0.316659 0.200130
2.496906 -2.139880
-0.096168 0.380346
-1.224916 -0.995178
1.360838 -0.176365
-0.732474 0.016697
-0.078117 1.074539
2.618141 -1.824234
4.077719 0.404963
1.250528 -1.560074
-1.086676 -1.500052
-0.480191 0.746903
3.745756 -1.422291
-0.670451 0.160647
1.545729 0.625747
2.625338 -0.536403
2.985154 0.495742
0.356362 0.142539
1.166812 0.384833
-1.474941 1.638525
-1.593345 -0.447017
1.249711 1.214025
-3.110791 -2.292168
0.457836 1.174735
1.306327 0.342220
1.214390 1.229894
-0.329509 -0.254540
0.649684 -1.958804
-1.723545 -1.769342
-0.510777 1.236627
-0.334505 0.454722
-1.142227 -0.761185
1.129161 1.021705
1.611048 1.150838
-0.036226 -1.447531
-0.520264 -0.391508
2.366420 -1.423655
1.952313 0.669207
-2.464261 -0.899480
-0.373894 1.675598
-0.125464 0.370804
0.414147 -0.796691
-0.614841 1.093842
1.947621 -0.287630
-2.040336 -0.607049
-1.808406 -0.838015
-3.302564 -0.934523
-1.319446 -0.183851
3.289360 0.328479
-2.103046 -0.502635
3.366843 -0.684225
3.423661 -0.461106
-1.066465 0.816594
-2.514286 -0.805373
-1.238821 -0.334956
4.191873 -2.032116
-1.377981 0.192467
2.131209 -0.330874
0.442796 1.741121
-3.077143 -0.270640
1.133230 -0.549755
0.834754 -0.838390
1.911029 -0.221249
2.070530 0.683755
3.515352 -0.681598
-0.255297 -0.021003
-1.728333 -1.489692
2.243231 0.837808
-1.594431 1.432143
2.404475 0.787424
3.757104 -1.681462
-3.194504 -1.998655
1.101871 1.273251
0.758811 0.729206
-0.015298 -0.153525
-2.044364 0.740086
1.005314 0.754862
0.565510 0.655366
0.461387 1.088372
-2.279265 -1.079925
3.511175 -1.905749
-2.945678 0.312292
-1.472376 -1.100601
-0.894738 0.740063
-0.095431 -0.437930
-1.238986 0.801541
-0.703063 -2.221261
1.679313 0.347794
-1.497745 1.541320
-2.319165 -1.741027
-0.252695 1.712938
-1.388204 -0.539784
-0.923729 1.670772
3.121556 -2.084273
1.922396 0.456846
-2.648267 -0.494854
-3.134211 -1.709732
1.948163 -1.397983
-2.444199 0.442300
3.606305 -1.616714
0.391210 1.159305
-5.847756 -1.513473
1.346763 0.273186
0.279572 0.644248
-0.331714 0.509647
-3.005561 -0.965043
0.587346 0.630972
-1.206848 1.004646
1.702313 2.357445
-1.264918 1.237823
1.756165 0.195397
0.794841 1.126396
-1.163161 0.657583
1.616084 0.981688
1.968075 -1.418976
0.423927 -0.952614
1.164787 0.530241
-1.751274 -0.085693
-0.319581 1.239232
-0.969122 2.831886
-0.855162 -2.009801
-2.216071 -0.993019
-2.433585 0.705707
-2.042897 -2.733758
0.210664 1.865573
-2.594416 0.019127
0.882842 1.100088
-2.040053 0.633040
-3.081067 -0.110447
1.327315 -1.693654
1.669946 -0.353189
0.110425 1.170882
-0.987401 -1.078031
-2.639779 0.559926
0.022130 0.020424
0.582612 -1.169667
-1.743734 0.555052
2.081565 -0.160741
-2.895188 -2.334460
-1.340430 0.474215
0.070651 -0.742264
1.085160 0.758747
1.004194 0.445429
0.183595 -0.493788
-1.180175 0.153458
2.003599 0.478829
1.934438 1.373560
-0.789578 0.683547
-1.255037 1.481454
-0.244836 0.947025
-3.143516 0.585281
-1.191423 -0.459239
-1.725366 0.711256
-3.648949 -1.327855
3.079144 -2.616388
2.370483 -0.764954
0.141795 -0.745239
-3.174333 -1.081411
-0.662890 -0.352718
-0.872275 -0.333709
3.622594 -0.791985
-0.666991 0.202841
1.320616 0.758534
-1.309643 -0.702080
-2.199275 -0.029552
-1.693727 -1.213452
-1.630555 -2.054661
2.462362 1.015049
0.106310 -0.402576
-1.568331 0.105811
2.833933 0.140291
-0.942325 1.041842
-2.112082 1.059541
-4.312203 -0.250330
1.866450 1.163983
3.563482 -0.630601
2.343270 -1.064633
2.049450 -0.733354
0.068970 -0.507155
-1.081848 -0.550330
1.937043 -0.895757
-2.894758 -1.048795
-0.320285 0.093520
-0.799958 1.132745
-1.816728 0.306892
-1.907231 -0.100769
3.602684 -0.836213
1.166087 -2.518899
-3.034326 -2.174464
1.739809 -0.627571
-0.620002 -0.505069
2.598938 0.045892
1.487671 1.280588
0.129246 0.472087
-3.059566 -1.482865
-1.164931 -0.205584
0.578483 -0.146761
-3.615582 -1.185833
-3.047094 -1.494461
-1.329388 1.552018
-0.502384 -2.611534
1.540441 1.479501
-1.053598 0.801914
-0.882598 0.664754
1.652501 0.649619
2.340327 -0.137653
1.752005 0.525559
-0.978722 -0.189446
-0.051355 0.715438
-1.377874 -0.705701
-1.339633 -0.872803
-1.567728 0.543705
-1.142416 0.246331
1.555047 2.898378
-1.601307 -0.252456
-1.834047 0.882872
-1.626749 -0.098936
-1.959642 1.673469
-2.514695 1.041970
0.867582 1.111464
2.029166 0.684747
1.002346 1.923599
1.912498 -0.036362
2.199368 -0.965962
1.581231 0.243388
2.691646 0.139068
2.782034 0.766744
-1.485534 -1.652927
-2.699817 -0.965637
-0.803482 0.475615
-0.132475 0.315842
1.271199 1.282430
-3.101845 -0.773540
-2.522182 -0.395626
-0.766584 1.046717
-1.052613 0.181189
2.150307 -1.629910
0.397994 0.208554
1.038005 -1.486061
0.825775 0.634363
1.182028 -0.167624
-0.477353 2.103432
1.886348 1.757806
-0.174131 -0.020367
1.212060 -1.491725
1.871771 1.602488
-1.938957 -0.852641
0.828063 0.098778
-2.119014 -0.033555
-1.027261 0.507720
-2.775949 -1.131252
-2.471094 0.687954
1.665087 0.255692
1.456166 0.832630
0.777029 1.071081
1.338819 0.121535
-2.166828 -0.171544
-1.577997 -0.536816
-1.874229 -1.699132
0.311991 1.767498
-2.582208 -0.371348
-0.714261 0.923663
-0.760582 1.246827
0.476384 0.813385
-4.515042 -0.541735
-0.957325 0.126879
3.960746 0.400521
-1.788076 1.925698
-0.351346 1.616979
2.880199 0.242343
-0.349713 -0.681653
-2.783231 -0.677096
2.090418 1.076827
0.029671 -0.748881
-2.100512 -1.520366
2.088705 0.124225
1.883444 -1.660251
0.264046 0.418155
-3.396005 -1.202686
0.817427 -0.861681
-0.284766 -0.761930
-0.478179 1.597254
1.670177 1.702346
1.855538 -0.895104
-2.772155 1.159840
2.778866 -0.550560
-1.806849 1.039801
-2.221152 0.024885
-0.830987 0.892289
-0.752671 3.150149
-0.886810 0.238848
3.884567 -2.087967
0.056044 0.515494
3.424803 -0.598364
-0.632787 1.201202
0.291729 0.565086
-2.196733 -0.734450
1.502395 -2.257130
-0.337591 -0.256899
2.491325 -3.866744
1.563794 1.616066
1.656721 -1.068215
-0.820574 -0.286113
0.405482 0.695205
-0.468885 0.561460
-1.094112 1.635087
-2.174286 0.302411
0.114042 0.500879
2.189182 0.505878
-2.901952 -0.574718
0.718603 0.479387
0.927696 0.948405
3.420074 -1.208665
-1.544706 -0.059407
-2.269229 0.931108
-1.376817 -0.334638
2.354349 0.737781
-1.380132 1.259526
1.965551 -1.517821
0.787448 0.024585
-0.597580 0.088225
3.143320 -0.034631
1.264837 -0.456716
4.011300 -0.069535
-0.895426 0.717031
1.019482 -0.495607
-2.807257 0.446361
1.858557 1.370410
-0.794495 -1.076229
1.452757 1.179280
-3.732683 -1.704847
0.123926 -0.585453
1.113355 1.106870
-1.144638 -0.926406
-0.794099 0.196652
1.709729 0.385773
-2.298037 -0.527633
0.479777 0.880740
-1.296467 0.402231
-2.644171 -0.605634
-3.134644 1.257741
-3.002471 -0.494138
-0.748764 0.439199
-1.524349 -2.517950
-1.915568 0.492532
3.241495 -1.013815
1.553882 0.131424
-2.825106 1.077204
-1.260919 1.626982
2.120279 0.128109
0.379704 0.650100
-1.542341 1.022263
-1.806334 0.940703
-1.793665 -0.240514
0.328145 1.190562
1.527980 0.983582
-0.093118 0.744574
3.096128 -1.798356
-0.726882 1.621334
-0.070407 -0.344462
-6.541768 -0.431333
-2.309844 1.140632
0.492339 0.989970
-4.148375 0.422166
-0.907963 -0.015170
1.672279 -1.547769
-1.048303 0.337546
1.815551 -0.907061
0.119931 -0.228038
2.309258 1.131205
-0.347941 -0.743605
0.922611 0.768122
-0.367468 1.729727
-0.289077 0.955956
-0.288737 0.664037
-0.186309 0.209723
1.485178 0.265435
-0.534366 1.262342
2.824396 -1.304188
-2.104474 1.661502
1.604146 0.384452
2.229606 1.200475
1.403410 0.702770
0.221532 -1.473716
-1.317002 -0.782253
-1.647389 0.775643
-1.403702 0.045030
0.162235 -1.798849
0.521367 1.303892
-0.002082 0.941299
1.253456 0.560132
-1.785611 -0.163686
1.266510 0.367225
0.950149 1.343057
-1.040713 1.978132
1.126088 0.387119
2.040066 -1.347825
-1.711985 -0.595705
1.127805 1.009372
2.750633 -0.639850
0.087884 0.908268
2.326485 -0.091514
-1.785338 0.210428
-0.474923 1.453186
1.578267 1.318061
0.687159 0.392430
-2.131960 0.660145
2.385897 -2.011005
3.766892 -0.776982
-2.430542 0.680678
-1.567746 -0.164041
0.881799 -1.920330
-0.921150 1.491236
-0.434342 0.416421
2.216846 0.464148
2.869268 -0.655806
-2.890566 -0.832007
-1.952021 -0.280034
-1.211268 0.214157
2.007709 -0.818315
5.214131 -1.798211
2.718444 -1.770008
1.896951 0.287342
0.870978 0.740770
0.298727 -1.197187
-1.850539 0.347313
-1.889521 0.141543
-2.472902 1.290743
0.056469 -0.530149
-0.883906 -0.761743
1.200438 -0.001636
-1.910446 1.830545
1.020720 0.896792
0.948197 -0.066065
3.270195 -1.132041
-0.883428 -0.538457
4.258052 -1.139027
3.734161 -0.984761
-0.029703 0.723158
-2.811643 -1.031273
-3.883073 -0.654735
1.489731 0.716372
0.348046 0.959972
-1.793744 1.151681
-3.568696 -2.239535
-2.457888 -0.510133
-1.088733 1.432965
1.004635 1.038032
-2.836033 -0.581035
-3.138323 -0.819460
-2.043478 -0.000063
-0.581398 -0.333172
0.684427 0.623665
0.422326 1.928713
-2.926499 -0.537342
3.739612 1.374604
-2.093284 -1.151920
-2.810252 -1.948370
1.196445 1.264115
-0.943688 0.200908
-2.660366 0.189055
-2.225697 0.835402
0.968147 -0.271313
-1.940508 0.981609
-1.688928 0.461918
2.212247 0.971008
-1.488495 1.297397
2.130972 -0.836233
1.078878 1.122715
0.623605 -0.027044
1.469844 -0.732577
-2.665077 -0.076119
3.055414 -0.580932
-3.335483 -1.387552
0.227416 -1.789084
0.524830 -0.713659
2.021764 0.690202
3.101176 0.374830
-0.072410 1.354588
2.032505 1.189539
0.531239 0.946598
1.332453 0.763967
-0.637102 0.158584
-0.514360 -1.492013
-2.676270 -2.955694
-2.769434 -0.336476
-0.294818 2.072068
-2.107222 0.232797
3.162594 -2.062240
-3.500945 -0.704347
2.110155 -0.732752
-3.237883 -1.163957
-1.676445 1.793592
-0.389108 2.352814
-0.533553 -0.193727
-0.122100 0.740370
0.035506 0.482994
0.834031 1.046052
-0.911387 -1.302228
2.386992 0.476884
0.031899 1.814789
-1.216178 1.310189
-0.309839 0.324900
-0.971710 1.723651
-0.516169 -0.591641
2.143695 -0.037777
-2.740838 0.774029
1.011479 -0.816014
-2.099780 -1.634353
0.846315 0.759675
0.825355 -1.525818
1.189308 1.264949
-0.033803 1.840437
-0.201649 0.366613
-2.584422 0.503676
2.536596 -0.280154
0.194597 -0.192428
-1.214611 1.129124
-3.104915 -0.848666
0.007983 1.447419
0.060027 0.279828
0.079399 1.536932
-3.203870 -1.166960
1.051575 0.501836
1.014757 -1.305514
-0.304147 -0.280066
-1.050435 -0.882359
-1.181913 -1.174313
2.062159 0.607718
-1.481866 1.930141
-1.357732 0.280001
3.939769 -0.980053
1.405031 -0.992716
2.577790 -0.847080
-0.361091 0.463892
0.556789 -2.727565
-1.012413 0.584935
1.082604 -1.135834
3.669467 -1.080137
2.804260 -2.519116
-0.934824 -0.057747
-0.732638 0.193266
-1.138121 -2.781088
-2.277905 1.098340
-1.468867 0.164580
4.117642 -1.725892
-2.462615 -0.479631
3.459102 -0.809040
0.463240 1.219267
2.045644 -2.791660
0.842198 1.276418
-1.317564 1.937511
1.207536 0.463012
-0.675028 -0.290894
2.966903 -1.682831
-0.987093 0.272366
-1.380146 -0.521462
0.372839 0.242034
-0.971666 -0.018023
1.840932 -0.499198
-3.172112 -1.196430
1.181335 1.043186
3.509262 -1.471790
-0.082449 0.218972
0.758540 -0.412606
-4.163297 -1.062902
-0.344632 -0.430114
-2.260537 0.339041
2.580044 1.273798
-2.079662 0.561686
1.510605 -0.293204
0.917999 1.082637
3.603350 -1.571365
-3.091988 -0.056669
-2.458741 -0.701170
-0.082925 -0.326043
-0.567671 0.752699
-0.069451 -0.209096
-1.693951 -0.250480
3.437516 -0.657165
-1.088979 1.796320
-2.396187 -1.832799
0.389274 1.528660
2.149945 0.329900
-4.804678 0.250199
1.191080 -0.646960
-1.239780 0.442738
0.708404 1.592245
-0.066095 -0.562022
-2.770988 -0.907539
-1.929379 0.605956
-1.415241 -0.275895
-2.606194 -0.274890
-0.710518 0.151171
2.089736 -0.194480
1.520638 0.105094
-0.492483 1.404794
-0.647680 1.152903
2.913150 -1.327532
-0.349573 1.216226
-0.426685 1.078429
2.189342 -0.913098
-2.466380 0.348028
1.684137 -0.358437
1.913803 0.746138
2.341100 -1.083108
-1.921354 0.323911
-3.108009 -1.698158
2.938502 -1.965612
3.457242 -1.604572
2.634420 -2.862008
-3.080334 -1.266737
-1.367202 1.613616
-0.275354 0.959410
2.042966 0.347401
-1.846367 -0.007860
0.018690 1.006196
-0.894242 1.437819
-0.576006 -0.738880
0.224226 -0.819080
-2.118801 0.596051
-1.160676 -1.563880
0.065825 -0.318587
-2.284876 0.888847
-3.215736 -1.244001
0.786879 -0.810906
-1.119120 -0.076790
-0.829405 2.913861
-3.184181 -1.235609
-3.447688 -0.411960
-0.378100 0.718516
-0.072410 1.354588
-3.266605 -1.072309
-2.675783 0.697299
-0.494040 1.371757
-1.560362 -0.944661
1.548415 -1.585000
-1.105855 -1.231083
4.432558 0.628226
-0.748255 -0.424948
-2.080348 0.517335
-3.659231 1.053490
1.855072 -0.032731
0.245051 -0.374906
1.025956 -0.135855
3.788955 -1.060559
-1.356025 0.839998
-1.951158 0.478391
0.258035 0.411529
1.352384 0.363153
-1.067339 0.380172
1.449522 1.132780
-1.568362 1.792487
-3.486173 -1.940662
0.231909 0.742502
1.881235 1.442998
-0.029360 -0.379087
0.949110 -1.057895
-1.558272 0.413779
-1.357020 0.277570
-2.090431 -1.090651
1.314674 1.426690
-3.101623 -2.134698
-1.929039 1.217761
2.232122 -1.273157
1.166168 0.520361
-0.753297 0.169408
0.384232 1.337434
1.459297 -0.557962
1.006853 -0.329039
2.697766 -1.096329
-0.606542 1.437072
-1.883350 0.570967
1.745234 -0.848582
0.200391 0.818891
1.482799 2.137576
-1.941186 1.028796
-2.733206 -0.397763
-0.541232 0.718004
2.147821 1.252394
2.967533 -1.083644
-2.072699 -0.674110
-1.509133 -1.215011
0.533796 -0.829670
-2.278062 1.151792
4.216515 -1.335221
-2.444571 -0.576259
-2.665613 -0.866546
0.393145 1.510557
-3.543404 -1.287633
-1.178093 -0.375953
0.400197 1.209745
3.581764 -0.724167
-0.504026 0.821401
1.368445 1.429836
0.549055 1.777728
-1.740571 0.300207
-1.207903 -1.675275
-2.613154 -1.351383
0.185526 0.854295
0.713679 1.264232
-1.711811 0.775288
1.377115 -2.307111
-0.692637 -0.379079
-0.685425 0.293844
-1.661085 1.220990
-2.027367 -1.328082
0.871147 2.144594
1.373869 -0.631427
0.074846 -0.069395
0.007302 -0.363801
-3.121957 -1.415570
-3.557420 -0.844349
1.592276 -0.235349
-0.472838 -0.021760
-3.747204 -0.474218
1.892775 0.847688
-1.658447 -0.364696
1.333791 -0.627370
2.340284 -0.685314
-2.001518 0.136731
1.263410 0.868381
2.623237 -0.707094
-2.153658 -0.362828
-2.727229 1.017112
3.518536 -0.474298
0.276331 -0.490071
3.642234 -2.028751
-3.162278 0.209966
3.934078 -1.719397
-0.394177 2.295619
2.079133 0.924064
2.144231 1.255842
-1.669459 -0.897806
-0.919530 0.093659
-3.573093 -1.286053
1.049853 0.708286
-0.642656 0.513846
2.721026 0.012099
-2.469984 -0.381563
1.204793 0.681647
0.478669 -0.548349
1.847703 -2.068528
1.413765 -0.128922
-2.589502 -0.426978
-0.209671 -0.710784
0.184228 -0.395236
-0.894874 0.998765
-2.724074 0.960589
-0.939938 -0.729441
-3.433448 -1.957823
0.744767 1.077964
-0.392754 -1.812452
-2.519153 2.043349
-2.196822 -0.402274
1.841802 0.555970
-1.148258 0.670454
3.165570 -0.746820
-0.627517 1.292980
-2.136067 0.065833
2.405528 0.569863
0.433522 0.207695
-1.000487 -0.354034
-0.438641 0.409777
3.460466 -1.396350
-2.074325 -1.127533
-3.842607 -1.947126
1.920420 1.216457
3.211288 -2.510693
1.543459 0.842093
1.080212 0.152787
1.300191 1.240499
2.024126 0.983650
-0.695074 0.688623
0.515997 1.036046
2.262643 -1.217523
3.729625 -1.195861
2.639382 -0.260713
2.786872 -0.779289
2.300984 -1.219745
0.394896 -1.500512
1.692503 0.468134
-0.727522 -2.088730
-3.408591 -0.409592
-3.418585 -1.353599
-0.154891 -0.982161
3.068061 -0.946251
-0.717266 1.459659
-2.002067 0.858208
-1.172419 -0.551866
-2.892113 0.711305
-2.007152 1.190119
2.539923 0.173406
1.707864 1.026905
0.534360 1.818284
-2.138901 -1.377620
-4.344866 -0.746531
0.513498 0.809708
-1.659017 1.410149
-0.309728 0.301549
-3.766794 -1.133025
-1.050316 -0.902555
-2.328443 0.142767
0.286497 -1.095357
-2.866196 -1.419368
2.747073 -1.988653
-2.224668 0.030270
0.201048 0.701578
0.998942 -0.275442
0.248391 3.847048
-2.089943 1.502866
0.417699 1.010920
0.590592 0.714332
-2.400496 -0.895841
-0.975636 -0.037689
2.364902 -0.342665
-1.304744 -1.073722
-0.478822 0.554974
2.019389 1.500636
-1.288406 -2.036864
-0.872706 -0.261260
1.364718 0.485278
3.348791 -2.157361
0.270759 0.215450
0.856297 1.261232
-0.029511 -0.985725
2.117145 0.112836
1.381345 1.690803
-3.027191 0.866026
-2.028265 -1.286803
-0.803212 -1.233816
-0.700678 0.764931
2.677863 0.193374
-0.168047 0.818262
-1.836445 1.011493
-2.856953 -0.953127
1.148645 0.266381
3.484522 -0.958689
-2.381183 0.333654
-2.355470 0.095835
-2.058576 0.416167
0.549970 0.633317
3.374050 -1.683340
2.530532 -1.908468
1.271155 0.663742
-0.510041 1.722333
3.505068 -0.286495
-1.525470 -1.110824
-0.714636 0.275556
-0.769927 1.053955
0.850826 0.604606
0.437021 -0.853207
-1.921832 -0.266946
-2.676789 0.400556
-2.530323 0.373963
-0.509434 0.884853
-2.206603 0.218567
-0.213877 0.567964
-2.005162 -0.897650
1.472107 0.151681
1.562298 -1.594230
-1.738008 1.009955
0.854853 0.031195
3.899156 -1.882411
-0.810351 -1.049198
1.707353 -0.427265
1.265460 1.138801
-1.088316 -0.329242
1.869042 0.247614
-1.483388 0.548751
1.603966 -0.019269
-2.738488 -1.407635
-2.350682 -0.876773
-0.962236 1.835426
1.565683 0.411123
-0.916517 -1.071117
3.027186 -0.483091
0.888358 0.654626
0.063434 -1.358794
2.024421 -0.600381
0.892122 0.036077
0.717734 0.995154
-0.291611 -0.005977
0.890802 -0.891475
1.743282 1.292318
-3.341414 -1.151847
0.265617 0.684827
-2.135919 -0.557070
-2.204737 -1.386735
-0.646794 1.467608
-2.477788 -1.206146
-0.246934 -0.378405
2.249735 0.846179
0.625923 0.251221
0.670473 -0.345232
-2.643154 0.464136
0.773423 0.874077
-1.153829 -1.065858
2.898541 -0.730337
1.735132 -0.273266
1.008314 0.137693
-1.602415 0.203387
0.489499 0.508137
-0.809480 1.021211
-0.133160 -0.255359
3.024588 -1.209996
-1.985971 -0.733190
-2.740742 0.172000
-0.454128 1.636461
-1.105773 0.391062
-1.879052 -1.499349
-1.965302 0.506792
-1.379241 2.069436
1.500898 0.403856
1.478423 1.199631
1.495754 0.011149
-1.217542 1.341958
1.940770 -0.874016
1.721368 -2.066626
-1.320452 1.270104
3.228675 -0.348339
3.633849 -0.787426
-0.723796 0.738363
0.184753 1.516680
2.454246 1.315257
3.541426 -0.692685
3.150389 -1.249240
-0.800934 -0.957232
-2.901014 0.022350
0.964508 0.541067
2.352828 1.121348
-2.607523 -1.127700
-0.009566 0.941190
0.755419 0.311236
-2.378498 -1.529306
-0.869983 0.745878
-1.052469 0.397384
1.588493 1.085008
0.803141 1.207001
2.603028 -0.145385
1.231772 0.332095
1.435398 1.227683
-1.965614 -1.013744
0.283744 -0.670286
0.548042 0.484956
-3.415789 -0.368723
1.195491 1.250588
-1.336071 0.102777
1.233061 -1.699412
1.957938 0.205012
-1.089979 -1.153559
-0.677720 0.393543
-3.263370 0.164261
2.652591 -2.283157
3.742612 -1.068294
-1.130338 1.450902
0.680004 -1.499656
-0.568765 1.024945
-0.499445 0.483328
0.235435 0.443201
1.516775 1.483926
1.516273 0.681342
-2.439269 -0.209529
-4.807050 -1.622032
-2.609730 0.477108
0.423755 1.299209
1.544751 -1.556856
3.504338 -1.166547
1.958780 1.166916
1.305512 1.171930
-0.408832 -0.039885
-1.127031 1.119012
-1.065258 0.935113
0.448306 -1.249662
-2.522671 -1.816652
3.206471 -2.239109
-0.569494 1.712697
-0.001037 0.748801
-0.113822 1.166464
1.649667 1.256889
2.032931 -3.103900
3.334637 -0.451966
-0.498133 0.279736
3.620400 -0.674660
-2.136372 0.909920
0.725791 -0.331635
2.181829 0.769722
-1.821565 0.995305
-0.497248 0.532474
0.287136 -1.098360
2.774974 -0.947689
2.014631 -0.883029
-0.068910 0.737205
-0.003999 1.185811
2.737043 0.003136
0.941014 0.778108
-1.219240 0.299708
2.291047 2.181150
-0.405957 -0.143572
-0.120336 -0.167092
2.091467 0.459011
0.494153 1.218643
-2.069734 -1.464268
-3.549113 -1.923958
1.121242 -0.205575
1.544985 1.328200
1.204003 0.661293
3.222156 -1.455656
0.152052 -0.162883
-1.851846 1.500124
2.207598 0.090294
-3.731282 -3.542099
-2.424894 -0.180313
-0.903638 1.831597
1.744631 0.323050
0.123759 1.708057
-3.724861 -2.184928
-0.519816 1.380466
-0.532914 1.731371
-1.547386 1.029177
-2.163370 -0.722115
0.543153 2.384367
-0.228702 0.472852
-2.251606 0.285740
-2.011405 -0.495579
-0.737806 2.574932
-0.678228 0.519458
2.619214 -1.397621
-0.423285 -0.537384
1.060685 0.356137
0.383349 6.884867
-2.431332 -0.353433
-2.191054 -1.778468
0.662968 -1.931185
2.923648 -1.649957
-2.030947 -0.093477
0.119204 1.005403
-3.504118 -0.952793
-4.136629 0.349450
-3.505456 -0.119268
2.739522 -1.449239
0.228696 -1.774587
0.513528 1.586885
-1.930402 1.054235
-1.055076 1.105711
1.775708 -0.592715
-4.594012 0.819100
1.943476 0.091195
-0.398965 0.713701
-0.724793 0.047687
-0.782136 -1.677412
3.606732 -1.219970
-1.530980 0.849690
2.543102 -0.535712
1.377430 1.451414
1.098840 -0.515539
-0.553613 -0.748458
-2.901419 -0.939526
0.480908 0.764419
-0.208505 0.883524
1.140825 0.906474
1.173399 -1.155899
-3.442269 -1.288558
0.071690 0.147585
-0.655907 1.539767
1.448680 0.553412
2.038871 -1.198271
0.781768 0.263828
-1.252697 1.546506
2.119201 -0.200962
1.257405 -0.399388
-0.013300 0.184339
0.555291 -0.106782
1.634197 0.406104
-0.084525 -1.757089
-0.007242 -0.056151
-0.923730 1.643463
2.945917 -1.000523
-0.763328 0.462193
1.111047 1.282125
-0.616960 -0.324352
0.509601 -0.442252
-0.573731 1.690193
-0.303238 -0.883344
3.498395 -0.502702
1.938954 -1.049509
-2.358307 0.741593
2.357007 -0.300474
3.463261 -0.354707
-2.523377 0.152258
-0.550555 -0.611903
2.736992 -2.327021
-2.840062 -0.585862
-1.251270 0.258182
3.590006 -1.544616
-2.780190 -0.141861
1.111373 0.060452
-2.546867 -0.040962
2.688832 -0.094039
-2.749037 0.828276
2.866260 -1.593019
1.024568 -2.450368
0.011645 -0.878831
-0.806059 1.090729
1.371993 0.828970
-2.479911 0.258597
-0.812848 0.498103
-1.920820 0.261578
-2.873087 -0.657084
-2.995383 -1.099877
0.911171 0.090196
-2.081185 -0.468781
3.029113 -2.175563
-0.838756 -0.453377
3.017152 -0.131948
0.476914 1.308663
-1.270747 1.767866
-3.078604 -0.352569
-2.027135 -0.278440
-1.730279 -1.126002
0.801484 2.087957
-3.401574 -0.242697
2.231536 0.821393
-0.643262 0.716780
-2.035418 -0.511821
0.155450 0.812813
-0.897750 0.466380
-2.652095 0.585627
1.173128 0.113174
3.319938 -0.633206
-2.077436 1.241152
-2.417405 -0.673175
1.183388 1.298455
3.727923 -1.180773
2.035954 0.329984
0.746936 0.722132
1.812566 -1.287543
4.792015 0.462007
2.154963 0.701422
-1.568339 0.449009
3.352997 -2.130405
0.019056 -0.120070
1.392510 1.618955
0.553402 -0.607634
3.348287 -1.329795
1.524790 0.440924
-2.009701 -0.484947
0.388324 -0.722795
-2.463360 0.663395
-0.164188 0.543920
-0.241003 0.607632
-1.359250 -0.011041
-1.287125 0.043586
-1.725101 0.143627
3.497188 -1.354744
0.106297 0.110628
0.292073 0.818765
-0.797805 -1.519290
1.831906 0.694639
-2.127603 1.905186
0.007665 0.828122
-0.183001 1.961786
-1.192060 1.225523
2.321541 1.072632
0.023117 0.181039
-1.764001 1.237793
-1.691503 0.580763
-1.248288 -0.525329
-0.710276 0.426824
1.558046 -0.401663
-1.288416 -0.678187
-0.821010 0.875228
1.173862 1.201988
-0.123646 1.184163
0.524152 1.504747
-0.936274 -0.027287
2.805415 -1.481828
1.659892 0.711428
1.118097 0.663355
-0.557964 1.020864
-3.847844 -0.707319
2.722174 -0.704350
-0.017116 1.003004
1.963630 -0.273743
-2.155403 -1.149618
0.353741 0.506660
1.937947 0.152955
-0.500072 -0.048003
-0.644820 -0.618000
3.163649 -0.382245
1.567904 -0.243262
-2.245841 -1.413053
3.908618 0.151983
0.973401 -1.063713
-0.753693 1.732716
1.603449 0.873919
-0.103853 0.223288
-2.535524 0.524178
0.841093 1.250423
1.577502 -1.761737
0.137241 0.800567
-1.510488 1.838155
0.081472 0.387742
2.532783 -0.134994
-1.116763 0.975792
-0.461105 -2.993813
-2.868482 0.415426
-1.603584 0.634008
-0.429299 -0.012822
1.560263 1.599227
-2.884775 -0.238207
1.009090 -0.427236
-3.616470 -0.396222
1.363924 1.194311
0.717761 -0.594572
0.082163 -1.538855
1.507229 -0.161276
-1.318557 -0.454228
2.197401 -1.603222
3.788614 -0.724445
1.297656 0.643920
2.842833 -1.436290
-1.100622 2.268551
0.100938 0.715162
-0.015423 1.110908
-2.004698 0.399452
3.225378 -0.771736
-1.864148 0.089233
2.119517 -0.826373
3.988951 0.558224
1.179340 1.829617
1.973459 0.216330
-2.543797 -0.432744
1.556783 1.040300
-2.545245 0.512828
1.007179 -0.271754
-1.898058 0.150686
-0.466001 -1.683193
0.431346 0.786703
0.332277 -2.157895
1.023758 0.015596
3.352421 0.174871
-4.152623 0.181197
-0.692657 -2.160365
-1.630118 0.989577
5.420119 -2.875955
1.059990 -0.396111
1.024916 -0.766843
0.640797 -0.382665
-0.209168 -0.128456
-1.431600 0.691343
0.758611 1.005807
-0.741261 0.486961
0.137083 -0.076130
-4.060861 -0.467589
-0.318114 -1.963537
0.031463 0.868583
2.872412 -1.686627
3.449067 -1.389519
-5.553584 2.351689
0.571197 0.682063
-0.454266 1.601076
-0.032039 0.391091
-0.231782 0.310542
2.158376 1.256028
-1.366048 -1.613397
-1.668655 0.127642
2.661695 0.097283
-1.176188 -0.280198
2.558652 -0.647991
1.653247 -1.648095
-0.922241 -1.716464
1.149946 1.303492
-2.111848 0.090400
-1.438959 -0.659722
0.533941 -0.791124
-0.476961 0.500652
-0.318770 1.163262
2.399146 -0.480560
0.432496 0.292418
-0.998824 0.872425
0.070358 0.546258
-1.620208 -0.021407
-1.566775 1.148575
-0.158674 0.568327
-6.766850 0.549355
-0.107836 1.006257
1.337693 -0.067172
-0.205400 1.484211
-1.398066 -0.463346
1.676008 -1.707662
3.389147 -0.222031
-0.591993 1.579329
-1.421269 0.234408
0.965846 1.369268
-1.451725 -0.514592
0.371934 0.446061
-1.372138 0.921554
1.149907 1.027583
3.359192 -1.582912
-2.561717 0.264374
1.772270 -0.451276
-1.938382 0.751419
1.574204 0.151834
0.206436 0.466937
2.557009 -2.205593
-1.322953 -0.444569
-1.634184 -1.206933
1.572207 0.430063
1.175710 0.864423
0.450414 1.084557
-0.705065 -1.735635
-3.116960 -0.148646
1.412224 1.015890
4.147988 0.984455
-1.401245 1.476767
1.146304 0.628743
-3.164242 1.083890
-1.481730 0.482947
1.826611 0.323719
-1.140012 0.392064
1.839855 0.777570
-2.985302 -0.220549
-2.310680 -0.185575
3.407758 -0.779994
-0.383728 0.557612
-0.215745 -0.771919
-2.227681 -0.573557
1.803809 -1.487470
-2.315363 -1.891832
-1.671924 -1.046770
-0.763485 -0.010546
-1.167155 0.753099
1.730213 1.341913
1.915416 0.887277
-4.601522 -4.241841
3.117532 -0.184048
0.466882 -0.612678
1.851101 1.167676
1.580435 0.869337
2.450735 1.081374
-1.328189 -1.187265
-2.926580 -0.466801
1.449277 0.775501
1.360069 1.252577
0.539784 0.652449
0.658346 0.268179
-1.358009 1.611057
-0.639966 0.308697
0.289969 1.526875
-2.111593 0.508928
-2.434797 0.743766
0.133602 -0.447344
1.195371 -1.224204
2.512210 -1.031802
1.625197 -0.459015
-0.621232 -1.936450
-0.491977 0.011053
1.092026 0.283781
1.529667 1.683957
1.057724 -0.344782
0.763359 0.327960
0.669646 -0.495258
0.092061 0.618665
-2.299219 -0.129514
0.201016 -0.097037
0.267219 0.194088
-0.040368 -1.165195
-0.457038 -0.521796
1.779759 0.550693
-1.904565 0.217220
-2.596297 -1.540246
3.724666 -0.827998
-0.080944 1.011990
0.271087 -0.424579
-1.434901 -0.871296
-3.249859 -0.300607
-1.687835 0.426211
0.260607 0.199712
-3.457531 0.496659
-0.546019 1.255013
-0.098604 -1.621626
1.903542 1.106513
-0.415102 0.378088
1.066144 0.431755
2.218373 0.784603
0.683732 -1.357479
-0.412250 0.522153
-0.149651 0.259700
1.010800 -0.004160
-1.729108 0.125324
-0.137182 2.018957
1.918376 0.798731
-2.879528 -2.189515
1.231167 1.561711
-0.560429 -1.748019
-0.337267 0.670258
1.441606 0.976701
0.182147 1.449855
1.005540 1.122966
0.653855 -1.265311
0.042833 -0.033380
-2.277306 0.492079
3.163198 -0.936932
3.186121 -1.789801
0.414944 0.791357
-0.482417 0.913186
2.081828 0.002033
-0.531320 -0.326324
1.092036 0.693181
-0.813918 -0.005405
0.322264 0.248632
1.029589 0.259018
1.893173 -0.984999
0.973852 0.753218
-1.339234 0.597249
2.701392 0.541449
-3.132738 -0.304898
2.680118 0.709691
1.868986 1.243578
0.807985 0.374422
-1.172978 0.734255
2.540883 0.394373
2.408010 -3.034937
-2.426203 0.405031
-0.768840 -0.537981
-4.143379 1.273410
0.540798 0.365837
-0.878254 0.013754
-1.671452 -1.271547
2.420208 -0.654589
2.395300 -3.528369
-0.229059 1.100472
-0.672994 -2.152291
-0.334199 0.772348
-1.123820 2.241883
-0.890168 1.350621
4.024929 -0.281332
2.011759 -0.154835
-0.338740 0.355387
0.836285 1.117178
3.325994 0.817760
-3.130636 -0.052055
-2.488792 1.418906
0.249594 -0.630372
-1.596528 -0.040225
3.804866 -1.061580
-0.188460 1.699558
1.431850 0.780141
-0.849994 -1.594072
2.332050 -0.122790
-0.807047 0.271995
-0.445105 0.600367
-0.790904 0.783513
1.309744 0.155123
0.262504 0.164767
-1.687160 0.048654
-2.303566 -1.217967
-3.446281 -3.839616
-1.586212 0.987416
-3.011815 0.252487
-2.520003 0.878311
1.028042 1.615328
-5.123058 -0.808488
-2.371992 -0.001825
-0.076688 1.771143
1.905178 1.115441
1.001003 1.011630
-1.093586 1.608703
0.926622 1.506950
2.005480 0.085137
-2.517110 -2.110426
0.604014 -0.101198
1.489699 0.990727
-0.469545 0.236062
-3.135558 -0.911345
0.969526 1.132312
0.845356 1.426006
1.454953 0.464616
0.838861 2.008649
3.546500 -0.192802
-2.856542 -2.225223
3.420522 -1.692892
-0.739212 -0.276557
-0.138032 -0.321200
-2.380279 -0.794401
-0.864724 1.378168
-0.577601 0.874772
-0.890882 -0.393742
-1.179275 -0.005773
0.698576 1.395827
0.449440 1.256600
-2.076102 1.146851
0.935671 -1.404977
2.049123 0.808248
1.098978 0.315805
-3.675890 -0.841333
0.026952 0.852497
-1.007888 1.593944
1.115549 1.315110
0.500924 1.619310
1.891635 -0.633257
-2.973042 -0.458289
2.407343 -1.880808
2.008265 1.277619
2.541786 -2.434627
-1.199539 1.847040
-2.778624 -0.917639
-0.843336 1.522146
-1.138047 2.307053
3.007576 -1.212625
2.789506 -0.098301
-1.743222 1.359151
-0.009295 -0.025668
0.324401 1.405494
-5.358734 -1.674462
1.635799 -1.285249
0.071062 0.750549
0.663053 0.935580
3.412978 -1.041783
1.450683 -1.114207
-0.179316 0.101558
1.744537 0.613963
-0.934052 0.091247
1.922352 -1.519951
2.331933 0.289726
-1.938623 -1.476077
1.497787 -0.840539
-0.894044 0.501984
2.581949 -1.293637
1.409919 -0.162715
1.844840 0.457069
-3.089316 -1.455834
-0.705065 -1.735635
-2.751107 -2.217991
-1.014217 1.644422
0.135808 -0.347473
-1.727936 0.341884
0.114418 0.533660
0.344692 0.576610
-0.238948 0.398885
-1.634001 -0.982938
-1.151175 -2.554924
0.904197 2.542422
1.463121 -1.921511
1.823724 -0.153022
-2.529872 0.265126
-1.629720 2.072545
0.868661 -2.810525
3.275408 -1.652292
0.083391 -1.438866
-4.291267 -1.599610
0.804344 0.916590
-0.123383 0.082874
-0.485868 -0.070073
1.077616 1.520306
-2.855295 -1.081684
0.390356 0.001291
2.566709 0.158051
-1.163672 0.009594
2.528496 -1.779528
-2.936205 -0.067534
-0.790517 -0.567582
-1.077850 -0.224629
-0.966038 0.248067
0.044446 0.377518
-0.912923 0.679138
1.915624 0.160744
-0.899074 -0.182895
0.531802 -1.782566
-0.862750 1.578847
-0.705065 -1.735635
-2.780627 -0.266655
0.094795 -0.129836
-2.002368 1.206324
2.111385 -0.017543
-0.319295 2.241196
2.959757 -2.077545
-0.191739 0.074339
1.470420 -0.731202
2.378698 -1.171382
3.523064 -1.510585
-0.165565 0.785693
0.436920 0.652209
2.151333 1.421310
-0.294325 0.498948
-2.370123 0.681816
-1.948908 -0.435136
-0.481797 0.454150
1.211194 -0.236583
2.080360 -0.330073
-2.091517 1.400935
-3.135613 -0.541870
0.136354 0.376269
-0.774331 -0.205208
-0.198721 2.531516
0.485820 1.610212
-3.884887 -1.004283
2.353546 -2.272377
4.033214 -1.109737
-2.807988 -0.844224
-1.150436 1.119550
1.970345 0.359607
-0.956567 0.698380
0.850533 -0.000579
2.692746 -0.779762
-1.000971 0.031074
-0.205727 -0.392478
0.731582 0.381303
0.216740 0.229002
1.154199 0.301393
-2.220587 -0.018074
3.106979 -0.242936
1.876855 1.731264
1.750698 -1.215480
1.339172 -0.241856
1.052644 1.857763
0.862543 0.513391
0.355122 -0.106384
0.343212 -0.797621
-1.036476 1.708478
-1.469639 -0.162431
1.481830 -0.089989
0.273550 1.656824
-2.828380 -0.240221
-3.382541 -1.335307
1.352630 -2.304151
1.055665 -0.006207
-0.271207 2.215231
1.523873 0.933795
1.567250 1.328678
-2.332765 1.137780
-1.663399 1.194260
-2.941495 -1.434817
-2.520378 -0.786785
1.033335 -1.161194
-0.374267 1.276018
-2.206339 1.086752
0.091364 -0.543887
3.335305 -1.001966
1.379522 -0.145387
-1.035111 0.340037
2.211445 -1.961904
-2.589502 -0.426978
1.008702 0.947218
-1.384515 -0.425908
1.539107 1.222650
-0.852815 1.499598
-4.061971 2.954659
2.172161 0.822708
-2.362303 1.043310
-3.009518 -0.351532
2.540845 0.432200
-0.206692 0.720173
-0.392956 -0.545143
4.823196 -0.367636
