1.986635 0.014469
-0.554692 -0.335701
-0.716010 1.020479
2.172362 0.025908
1.709791 0.079600
-0.098667 -0.431919
-1.053075 -0.946445
2.091647 -0.123223
0.360508 2.275049
1.905325 -0.522193
-1.379133 -1.063072
-1.505875 0.502018
-0.727322 -0.057492
-0.795359 -0.358119
1.049397 -0.232423
-0.048224 0.057306
1.403170 0.748985
-0.562095 0.438652
1.063573 -0.945405
-1.151188 1.139004
-0.644657 0.435149
-1.378516 0.284284
-0.260071 0.090099
1.997369 -0.210676
-0.527448 1.127210
2.129937 0.436857
-0.859844 -0.670053
-0.857955 -1.363859
-0.960611 -0.193834
-0.560634 -0.683244
-0.149923 -0.805187
-0.140690 -0.098437
1.765467 -0.092901
-1.226729 -1.483159
-0.418798 -0.989497
-1.210409 -0.163589
0.941761 0.192936
1.013559 -0.087306
1.627713 -0.573501
-0.772143 0.235577
-1.668666 -0.384257
-0.564433 -0.968088
-0.890253 -0.449910
-0.741325 -0.235688
-0.619625 -0.729903
1.233342 -0.182252
-0.721350 -0.504840
-1.021028 -0.817209
-1.858370 -0.561789
-0.715025 0.401825
-1.191540 0.029640
-1.589269 -1.186117
-0.312238 0.477797
1.794312 -0.444952
-1.430919 -0.595516
0.377802 -0.460850
-0.669533 -0.228959
0.665995 1.622950
-1.706876 -1.736030
1.581302 -1.468831
-0.444477 -0.185630
-1.036754 0.069958
0.540574 1.408683
-1.171715 -0.979992
-0.404401 0.724267
-0.646660 0.817946
-0.555373 0.688821
-1.072700 0.742025
1.429301 -0.400057
-0.982116 0.173300
0.100033 -0.158979
-1.146054 0.515546
-1.217096 -0.290885
-1.057047 -0.672618
1.211717 -0.202486
1.576328 -0.239518
0.669246 -1.468005
2.314529 -0.201494
-0.732060 -0.774921
-0.162179 -0.607592
-1.795884 -1.333474
-1.394050 -0.036294
2.137177 -0.091444
-0.333509 1.629233
-0.351872 -0.198983
1.949618 -0.063227
-0.861539 0.907156
1.729793 -0.227104
-0.724919 0.015375
-0.541570 0.498494
1.941902 -0.064273
-1.528378 0.142770
-0.580348 -1.158917
-0.794978 1.049010
-1.275284 -1.145491
1.982142 -0.158454
-0.964759 -0.737212
1.929022 -0.555982
1.868646 0.140051
1.539790 -1.039757
-1.031139 0.363321
0.649907 -0.463171
-0.458777 0.553982
-0.921031 0.425742
-0.510521 -0.746263
-0.465351 1.369004
2.362509 -0.221492
-0.235601 -0.213137
-1.401644 -0.714048
0.834898 0.657074
-0.213141 -0.326695
-1.006509 -0.925376
-1.665119 -0.340066
-0.495391 -0.969807
2.202056 0.084606
1.875838 0.902674
-0.991104 -0.048114
-0.092557 -1.125698
2.558096 0.044808
-1.372874 0.807541
1.123905 -0.707776
-1.121787 0.337364
-1.104601 0.102603
-1.008974 0.241624
0.101958 0.291223
2.125640 -0.410967
-1.643883 0.352339
2.021791 -0.474777
-0.394377 0.949463
-1.613702 0.449592
-1.119716 -1.182336
1.199548 0.617056
-0.760334 -0.157855
1.995071 -0.549791
1.536046 1.178034
-0.229648 0.487469
1.079954 0.035185
-0.039302 -0.107125
0.604385 -0.503540
2.069832 0.375832
-1.055689 0.851134
-1.642379 0.014080
0.799659 -0.382111
1.030099 -1.202823
-1.180326 0.865421
-0.528054 -0.094168
-0.277370 -0.244754
1.017013 0.007991
-0.847534 -0.823894
0.621741 -0.458670
1.976767 -0.075474
1.430849 0.399778
-0.315368 2.397717
-0.360192 0.367234
-0.852602 -0.552731
0.202459 -0.054644
-0.618758 0.672509
-0.749279 0.185781
2.009721 -0.147222
1.134292 1.263792
-0.058292 -0.988773
1.061686 -0.302327
-0.181939 0.080258
-0.069406 0.380284
1.103428 -0.347837
2.223063 -0.254961
-0.317758 0.317374
0.059661 1.282296
-0.861698 0.982501
-0.448005 -1.582449
1.228967 -0.473495
1.700009 -0.919757
-1.426750 0.447605
0.044951 -0.217877
-0.359350 1.714683
-1.215809 -0.834287
-0.847199 -0.018793
2.221025 -0.146914
-0.870222 0.843707
-0.520752 0.369841
0.726584 -0.052444
-0.593793 -0.010731
-1.099383 -0.414808
-0.634891 0.005511
-0.085353 0.576104
0.571366 0.320467
-0.386974 0.940948
2.219623 -0.141849
-0.916751 -0.732185
-0.283856 1.628926
1.683103 -0.245404
-1.342369 -0.010306
-0.981440 0.854518
-1.767450 -0.767764
1.106846 2.178379
2.362752 -0.032526
-0.984079 -1.347600
-1.011083 0.703483
-0.859886 -0.051394
0.773139 -0.651661
-1.017251 -0.529489
-0.664579 0.698133
-1.751912 -0.522987
-1.512801 -0.368439
-1.101573 -0.225383
2.238648 -0.235567
-0.306654 -0.152840
1.746622 0.017038
0.794301 0.462810
-1.276487 -0.801734
-0.137169 -0.445076
2.537365 -0.839687
-1.176000 -0.478460
-1.628132 -0.973242
1.511306 -0.321981
2.067421 -0.732208
-0.481848 0.104948
-0.414810 -0.100798
-0.289862 -0.520645
-1.292406 0.326246
1.998473 0.600627
-0.335261 -0.459642
-0.863818 0.042955
-1.308268 -1.085896
1.489090 -0.218631
-0.585298 -0.085734
-1.100197 -0.708579
1.934434 1.077327
-0.328582 1.308615
-1.168702 -0.487406
1.072560 -0.582142
-1.109493 -0.853422
0.970227 -0.009729
-0.806079 -0.663780
-1.318892 -1.137267
-1.560476 0.247271
-0.404037 -0.641850
-0.603879 0.462567
0.322975 0.618577
2.540634 -1.141756
-0.067339 -1.865422
-1.154821 -1.222276
1.603726 -0.316166
-0.920920 -0.465724
-0.626295 -0.839057
-1.399452 -1.714844
-0.548307 -0.344082
-0.963771 1.157457
-0.974340 -0.277197
-0.183362 -1.182870
-1.059707 0.249385
2.143026 -0.010438
2.135304 -0.074686
1.453500 -0.706027
-1.229262 -0.336849
-1.829696 -0.743130
1.105654 -0.030797
1.637473 -0.600707
-1.439577 -0.944217
-0.395049 0.538563
-0.516243 0.407856
-0.293210 0.557952
-0.803554 -0.951323
0.159626 -0.085872
2.279669 0.157168
1.193339 -0.193196
2.159446 -0.025343
2.338334 -0.046683
1.646441 -0.479588
0.017836 -0.810502
0.048125 0.131979
1.503680 -0.242216
-1.350242 -0.031913
-0.807358 -1.347164
-0.333611 1.391622
2.213881 0.016257
-1.847568 -1.279810
-0.597089 -0.551314
-0.306017 1.497210
-1.027348 -1.335889
0.895273 -1.119803
-0.773260 0.226885
-0.075988 1.405053
-0.886911 1.002763
-1.063435 0.719562
2.362509 -0.221492
1.507450 -0.366993
-1.320819 -0.907456
-0.696047 -0.440349
2.156966 -1.103524
-1.792857 -0.946099
-0.449306 -0.634172
-0.735039 -0.494170
0.436901 -0.505379
-1.526151 -0.087178
-0.698908 0.251456
1.244616 -0.548879
0.571503 0.550574
-0.490539 1.285630
-0.326253 1.232257
1.790971 -0.488329
-0.751566 -0.815176
1.638346 -0.089957
1.118124 0.491283
-0.763957 0.328421
1.087855 -0.145409
0.413881 0.155142
2.021058 -0.084262
2.362509 -0.221492
-1.031646 0.775854
-1.166386 -0.946911
-0.266579 0.582186
-0.815058 0.197112
-0.698909 -0.262275
-1.091279 0.722953
-0.650860 -0.160691
-1.022963 1.612119
-1.531485 -1.165663
-0.750614 0.175266
-1.438513 0.462159
-0.623290 1.759955
-1.266066 0.135730
-1.419166 -1.084029
-0.789621 -0.471842
-1.132547 -0.378005
-1.215043 -0.647192
-1.574408 -1.239391
1.928293 0.417634
-1.157726 -0.671794
-1.094863 0.408188
-0.293023 -0.094777
-1.195207 0.650924
2.191706 -0.186821
-1.340226 -1.330685
-1.235083 0.833033
-1.260610 -0.119488
2.089355 0.516677
-0.859711 0.339114
1.210463 0.405527
-0.401520 0.771509
-0.758144 1.543206
0.840675 -0.667434
-0.531987 0.861080
2.363812 -1.287591
-0.065685 1.046443
-0.911909 -0.352770
-0.397553 0.917215
-1.347092 -1.239198
-0.726619 -0.324845
-1.262018 -0.234648
-0.396124 0.727111
-1.232333 -1.229387
1.276578 -0.565996
-0.179357 0.429524
-0.498988 -0.173415
1.557108 -0.413252
1.973590 -0.114861
0.389370 1.212951
0.673405 -0.577532
-0.773230 -0.573354
-1.539294 -0.800342
-0.290891 1.096131
-1.081039 -0.757947
-1.653740 -0.489961
-0.503689 1.093417
-0.910412 0.004587
-0.719757 0.350836
-1.117714 -1.292737
-0.870930 0.535969
-0.888803 -0.461720
1.116897 1.023343
1.858044 0.577075
-1.241471 -0.739229
-0.956258 0.402476
0.174579 1.899679
1.766321 -1.113693
-1.000581 -0.805887
-0.775898 0.209301
-1.021658 -0.144941
-1.345906 -1.302655
1.637261 -0.427449
-1.417346 -0.315608
0.440163 -0.394507
2.337039 -0.027026
-0.818242 -0.057053
-0.288433 0.300876
-0.204241 -1.631540
-1.181330 -0.151452
-0.849542 -0.097683
-0.210253 -0.058862
-1.297545 -0.231962
-0.501659 0.913444
-0.786260 0.587294
-0.441606 0.105111
-0.795545 -0.283863
-0.591745 -0.672730
-1.411547 -1.023207
-1.700207 0.328858
-0.809609 0.960724
2.199213 -0.254439
2.111827 -0.197425
0.105773 0.733646
-0.293828 1.824052
0.426950 0.729154
-0.883713 1.627802
-0.506665 0.499482
0.348403 1.577908
-1.832037 -1.076235
1.519589 -0.120492
3.539309 -0.426681
0.795437 -0.523619
2.325272 -0.828461
-0.715048 0.203745
1.482179 -0.525888
-1.101003 -1.281343
0.345429 -0.004491
1.439976 -0.186162
-1.101940 -1.339863
2.244742 0.099422
-0.609812 -0.654344
-1.113014 -0.370309
-0.092076 -0.226694
-0.736881 -0.171044
-1.313823 -0.543121
1.697592 0.100355
-0.168256 -0.020281
1.998096 -0.590523
-1.206600 -0.350829
-0.935552 -0.572590
1.268713 -1.256316
0.978661 -0.262250
-0.215856 1.550944
1.650497 -0.675330
-0.934811 0.075839
0.661349 -0.485496
2.362509 -0.221492
1.382297 0.108545
-0.309745 -0.575134
-0.653964 -0.797646
-0.901471 -0.370315
-0.537698 -0.575326
1.698366 0.434396
2.175240 -0.440648
2.176068 0.212785
-1.072278 -1.009846
-1.503737 0.389829
1.325320 -0.262663
0.106068 0.365821
2.208269 0.333164
0.384225 -0.859105
1.343466 0.164306
0.993689 -0.827085
-0.969978 -0.767492
-1.038246 -0.976457
1.884042 -0.511567
-0.693868 1.850049
-0.805810 -0.474835
-0.524363 0.479878
-1.196971 0.251236
-0.613906 1.386808
-0.543298 -0.640037
-0.237641 -0.196814
1.374011 -0.461782
1.615865 -0.368724
0.815120 0.399544
1.801668 -0.592838
-1.479029 -1.301048
-1.302820 1.388205
-0.577922 1.657876
1.791664 -0.503866
0.518711 0.083763
-0.748196 0.186575
2.042662 -1.035399
-0.468366 0.813011
-0.428564 -0.082809
2.117907 -0.347334
-1.136112 0.207445
-1.558470 -1.099952
-0.424903 0.375689
-0.555674 0.136983
-0.537679 1.855666
1.899490 -0.235997
1.588233 -0.466462
-0.808356 1.020220
-1.323006 -0.484828
1.360044 -0.496535
2.052975 -0.290925
-0.069261 0.520937
1.762020 -0.047760
-1.331623 0.122047
1.118810 -0.402483
-1.221082 -0.114585
-0.323649 0.612166
-1.002695 -0.133397
-1.258952 -0.661444
0.983121 1.767410
1.221688 -0.335356
-0.641877 0.473014
-0.122585 1.557058
2.481642 -0.325448
-1.253434 -0.304033
-0.307937 1.042562
0.622631 -0.762067
-0.692845 0.285866
-0.883157 -0.187443
-0.867794 -0.040683
-0.119718 1.634256
-1.287232 0.512036
-1.081504 1.040077
-0.887129 0.108436
1.962752 0.109914
1.256488 -0.605307
-0.777715 0.249510
0.224890 -0.708253
-1.034129 0.372316
-1.334254 -0.466560
-0.707188 0.112195
-0.604256 -1.001080
0.952167 1.301903
0.307978 1.731102
-0.086754 0.530598
-0.616827 0.272171
-0.786423 -0.504777
2.252426 0.105988
-1.431228 -1.121935
-0.177947 -0.054141
-0.498044 0.761719
-0.985198 0.263959
-0.991601 -1.238806
-1.423160 -1.135107
-1.000266 -0.846023
-0.672015 -1.195331
-0.957447 -0.946580
2.388223 -0.226992
-0.586981 -0.967427
-0.046609 1.952104
1.457165 -0.842645
-0.460615 0.594831
0.610841 -0.418679
1.862083 0.262138
-0.294498 3.022956
-0.439104 -1.158903
-0.452584 0.497665
-0.658827 0.466708
-0.576365 1.270542
0.015443 2.227825
-1.581845 -0.263350
-0.432504 -0.620183
-0.955544 0.139029
1.705896 -0.833222
-1.120193 -0.239404
-0.754637 -0.628026
-0.559011 0.495174
-0.741381 -1.006541
-1.096138 0.594341
-0.924711 0.458904
-1.292030 0.067711
0.411764 0.016766
-0.627283 0.564858
-0.898667 -0.735131
-2.312706 -1.105026
-0.381105 0.370749
-0.657075 -0.017561
2.128235 0.017372
1.309969 -0.658030
1.668631 0.396813
-1.167092 -0.422094
-1.957642 -0.235558
-0.102876 1.134527
2.102629 -0.436022
-0.857809 0.259752
-1.290871 -1.047051
1.816347 -0.446275
-1.060996 -0.538517
-1.215602 -0.790368
-0.105796 1.734945
-0.010751 -0.185441
-0.418944 -1.422857
0.278033 1.244703
-0.615467 -0.250922
-0.501132 0.233028
-0.832598 -0.496997
-0.638235 0.800671
2.072036 -0.189680
-1.684416 -1.044959
-0.984878 -0.696811
-0.883182 0.181654
-1.458310 0.140143
-0.865122 1.680167
-1.460906 -0.493986
1.638350 -1.655238
-1.254406 -0.064742
-0.817270 0.887917
0.929746 -0.862871
-1.900497 -0.657523
-1.007723 0.034927
-0.462450 0.983188
2.249969 -0.213637
2.242851 -0.160989
-0.710287 0.969678
-1.148287 0.400269
-0.521130 0.115491
-0.608264 -0.152180
0.712485 2.250052
2.082190 -0.332941
-1.192607 0.169526
0.641873 1.546385
2.339856 -0.122868
0.675548 2.370159
0.048780 -0.377461
2.104811 -0.472824
1.796176 -0.349360
1.254182 -0.940459
0.415039 1.810963
-0.849628 -1.063202
-1.545964 0.398341
0.174229 -0.791597
1.099092 -0.313867
0.306178 1.425398
1.605471 -0.468642
-1.260842 -0.492676
-0.929774 0.192343
-0.805173 -0.141909
-0.644346 -0.374691
-1.101358 -0.687300
-0.236471 -0.983323
2.004217 -0.159568
-0.916843 -0.050827
1.486930 -0.593726
-0.067928 0.767851
-1.017201 0.102123
-1.478611 -0.442716
2.998533 0.685228
-0.593325 0.078433
-1.214323 0.383132
-0.500738 0.775763
-0.872169 0.801961
-0.828858 -0.474754
1.738649 -0.583844
2.441066 -0.075513
-0.577613 -0.385541
0.255586 -0.757453
0.718439 -0.081707
-0.405959 -0.300066
-1.670948 -0.075391
1.868025 -1.010601
1.753019 -0.212447
1.346278 -0.451683
-0.290636 1.636787
2.293572 -0.209005
-0.044658 -0.230495
-0.298562 1.203554
-0.687291 -0.568254
2.466374 0.140015
-0.234576 0.038815
-1.313485 -1.223893
1.889681 -0.111811
-0.804295 -0.305138
1.738167 -1.139481
-0.317068 0.470568
1.755956 -1.266115
-1.037153 0.500946
0.183133 -0.301231
-1.319948 -0.382133
-0.859933 -0.223904
-1.254587 0.258508
0.395010 0.627677
0.351029 0.549305
-0.729664 1.175366
1.483081 1.545127
1.598916 0.133098
-0.544668 1.005049
-0.465233 1.899476
-1.104346 0.778469
-0.440364 0.585333
1.761573 -0.392665
-0.384121 1.557428
-0.892908 -0.790256
-1.546080 -0.540421
-1.535903 -0.246129
-0.459984 -0.186517
1.503474 -0.443653
-1.312771 -0.507588
-0.851540 0.723586
-0.094512 -0.597831
-0.244645 -0.316876
1.684085 -0.434867
-0.617206 1.704901
-1.145760 -0.949803
-1.177216 0.001701
1.571754 -0.139108
2.023774 -0.422270
-1.325169 -0.711252
-1.258527 -0.880609
-1.530836 -0.579596
-0.600463 0.555863
0.030498 0.733772
1.873398 -0.034604
-0.170500 0.525858
-1.667483 -0.534268
-0.530761 1.591531
-0.954973 -0.923689
0.032422 -0.088370
-1.074245 0.131660
-1.409360 -0.281158
-0.379720 0.766279
-0.942758 1.537900
-0.630898 -0.775805
0.684014 -0.486025
-0.638201 0.319186
0.035867 0.884817
1.426044 -1.008682
-0.853943 0.606102
-0.410234 0.136618
-0.966015 0.576760
-0.631333 0.694364
-0.009868 -0.298205
1.674311 -0.490751
-1.094282 0.356348
-0.607750 0.800005
2.239899 -0.135404
0.298808 -0.396497
1.659959 -0.353753
0.627570 -0.977087
-0.554564 -1.195539
-0.287045 -0.193842
-0.494202 0.052259
-0.110291 -0.194756
-0.937523 0.357152
1.103589 -0.772831
2.388223 -0.226992
0.593571 0.834890
2.388223 -0.226992
-0.008707 1.642721
1.463127 -0.420283
0.266435 0.340520
1.719578 -0.451100
2.340019 -0.187061
-1.659000 -0.016186
-0.909106 1.058526
1.477495 -0.443908
-0.319897 -0.004975
1.998994 0.228127
-1.454895 -1.103437
0.351148 0.543593
2.230218 -0.410656
0.525348 -0.101234
3.173819 0.203857
1.137840 -0.403143
-1.456097 0.296148
-0.373272 -0.421285
1.871467 -0.039893
0.090199 0.760916
3.223996 -0.305522
-1.210851 0.171566
-1.110616 0.705679
1.961788 0.149854
-0.665449 -0.452908
1.459769 0.144727
-0.865422 0.036660
-0.046879 0.552512
2.024441 -0.370384
2.050232 -0.215577
-1.177907 0.935751
-1.115227 -0.386945
-1.456960 0.672427
0.006478 -0.263382
-0.244530 1.478318
-1.690193 0.101262
-1.107083 0.435160
-0.962883 -0.594054
-1.962060 -0.602427
-0.928794 1.180450
-1.548177 -1.445155
1.704329 -0.311925
-0.741629 -0.510549
-0.658810 -0.295110
0.589614 -0.534517
1.924586 -0.216359
-1.291319 0.055987
-0.335396 -0.785199
1.977804 -0.235704
-2.226926 -1.547834
-1.364154 -0.955292
-0.662768 -0.627578
-1.447083 -0.038223
-0.589112 -0.382363
-0.689476 -0.048506
-0.596123 -0.654152
-0.192046 0.698664
0.612969 -0.529782
0.802977 -0.440488
-1.055959 -0.770384
-0.713716 -0.069781
-1.075292 -0.595731
-0.602283 1.635489
1.871732 -0.653483
-2.160916 -0.944632
1.414391 0.091347
-0.882662 1.459815
1.759667 -0.355649
-0.815965 1.025482
-0.701438 0.707170
1.876970 -0.215529
0.009734 0.182047
0.694879 1.034005
1.008076 0.940645
-0.593853 -0.190898
-0.346297 1.288886
-0.631922 -0.289687
0.092378 1.758571
2.176650 -0.348871
-1.055393 0.168187
1.783266 0.009496
-0.614945 0.460240
-0.888883 0.331808
-1.873522 -0.969168
2.288413 -0.304659
0.289699 -1.029446
-1.178276 -0.815556
-1.410632 -0.292366
0.905094 0.958488
-0.558290 -0.877547
-0.044228 -0.696686
-1.149484 -0.477600
-0.900286 1.131852
0.557880 -0.944955
1.890690 -0.085088
-0.292597 1.071942
-0.688034 0.040083
-0.489647 0.623461
-2.062698 -0.889328
0.865526 -1.374349
-0.933195 -0.131002
-0.974703 0.543234
2.068838 -0.355501
1.834610 -0.203619
-1.509336 -0.831186
-0.024408 0.321859
-0.431957 1.170187
1.475283 -0.848500
2.064320 -0.562575
-0.725390 -0.848438
2.009403 -0.450331
-0.325538 0.118801
-0.506592 -1.000699
-0.953013 0.622676
2.030929 -0.102321
0.482415 -1.159038
0.044632 -0.357544
1.982053 0.174987
2.310295 -0.018021
-1.508170 0.087729
-0.739618 -0.981458
2.010741 -0.332527
2.184144 0.151533
1.051805 -0.826755
1.557478 -0.559644
1.665616 0.229641
2.158662 -0.267346
-1.272258 0.094123
2.152820 -0.233545
0.189913 0.054010
0.967588 -0.586594
-0.235778 0.985389
1.780431 0.110275
-1.422830 0.917738
-1.365069 -0.356163
0.691311 0.133409
0.016493 1.796185
0.189565 0.127951
-0.448480 1.296831
-0.605868 -0.360912
2.362509 -0.221492
-0.831013 -0.174197
-0.601420 -0.409658
-1.034288 -0.253913
-0.904182 -0.655966
1.611810 -0.237724
-1.320439 -0.595091
1.813982 0.097952
-1.168417 0.144315
2.314306 -0.181561
0.968717 0.298330
1.506834 0.254778
0.647201 1.045502
-1.023744 1.277135
-0.331363 0.075971
-0.396798 -0.101773
2.123434 -0.475304
-0.184320 1.186329
-0.834616 0.003130
-0.879964 0.686251
-1.235256 -0.545118
-0.800129 -1.295473
-0.400175 -0.499249
-1.840021 0.018668
0.821772 -1.070683
-0.416490 0.341538
-0.442243 -0.644509
-0.707028 0.206634
2.286358 -0.024690
-0.533547 1.618340
-0.631806 -1.001618
-0.978355 -0.723737
-1.023557 0.644059
-0.722301 0.958863
-0.463946 -0.320762
-1.656645 -0.999619
-0.462454 -0.200474
-0.147899 0.939368
-0.341115 1.763565
1.831385 0.113066
-0.869490 0.045682
-0.406485 -0.360806
-0.399893 1.685080
0.188150 1.957779
-1.751640 -0.734740
1.927778 -0.061753
-0.194824 1.831277
0.920311 -0.994481
-0.293305 2.101475
-1.164156 0.463360
-1.260454 -0.381074
-0.986994 0.356374
0.506145 2.014050
1.386247 -0.625887
-0.717760 1.226875
-1.184871 -0.329322
-0.137186 1.050528
-1.376274 -1.837038
0.734293 -1.080747
-0.257456 -0.318988
-1.712862 -0.105094
2.362509 -0.221492
-0.301212 -0.383457
-0.090378 2.111625
1.432184 0.189754
0.786686 -0.443948
-1.027813 -0.190752
-1.091294 -0.827811
-0.844145 0.231812
-0.314146 0.487769
-1.619268 0.780430
1.203104 -0.040494
-0.435008 0.624309
0.044598 -1.403793
-0.558600 -0.773177
1.635965 -0.698386
-0.927857 0.355704
0.775666 -0.397667
1.631543 1.894868
2.065164 -0.084358
-1.035886 -0.434494
-0.256805 -0.862529
-1.344783 -0.577111
-1.163340 0.435732
1.330952 -0.465582
1.496607 -0.155769
1.985663 0.010391
2.128699 -0.212262
-0.902132 -0.198815
-0.271725 0.621837
-0.816434 0.733804
-0.999910 0.485237
2.045624 0.390604
-1.177537 0.480065
-0.518675 -0.508908
-1.194427 -0.573858
1.931350 -0.305283
2.311033 -0.296775
1.604368 -0.582711
-1.591282 -0.789001
-0.810177 -0.565817
-0.054920 -1.417738
-0.275520 0.256929
-1.020513 -1.488072
3.067851 -0.424375
2.175114 -0.288771
1.519717 -0.303606
-1.203918 0.111575
1.843030 -1.185848
-1.493400 0.670622
2.275159 -0.123791
-0.718431 0.471487
-1.210670 1.204415
-1.344125 -0.420777
-0.763729 -0.081269
-1.061735 0.253619
2.326623 -0.186319
-0.590951 -0.632614
0.496938 0.436587
-0.129157 -0.602931
-1.710696 -0.501207
-0.985313 -0.717594
-0.738260 0.134287
-1.368727 -0.489614
-0.243931 0.054127
-0.825592 0.333465
-1.055031 -0.943871
2.074551 0.498756
0.648688 -1.197416
-0.501444 -0.918392
1.468258 0.196617
-1.291306 -1.677990
-1.079718 -0.407766
0.997315 -0.059030
2.301898 0.160103
-0.679967 1.757964
1.234626 -0.575740
-0.216759 0.228413
-0.446921 -0.872169
0.651604 -0.174483
1.728975 -0.560683
-1.710019 -0.274028
2.052871 -0.464301
1.062107 -0.235767
-1.621776 -1.111408
-1.617478 -0.967547
-1.541790 -0.635610
1.231885 0.163861
-0.933383 0.810035
-1.267993 -0.608450
-1.073520 -0.396959
0.936441 -0.324414
0.360127 1.999541
1.547432 -0.197023
-1.374645 -0.207234
-0.760042 0.039736
-0.936615 0.573575
2.159004 -0.388406
0.235751 0.824791
1.681633 1.383358
-0.623989 0.755394
-0.817421 -0.272959
0.091883 -1.204484
1.056016 -0.799905
-1.509476 -0.913757
-1.601171 -1.368260
-0.239857 -1.347234
-0.918634 -1.076275
3.052090 0.533916
2.309715 -0.278908
-1.322340 0.645938
0.336715 -0.116110
-0.820933 0.430714
-0.412176 0.412675
-1.349055 -0.550074
-1.071105 -0.657244
-1.229919 1.381884
-0.784174 1.075610
1.608920 -0.403455
-0.095712 1.151265
-1.069631 0.490976
0.062202 -0.732895
0.417799 0.142713
-0.400034 -0.150027
-1.181134 0.353398
0.408261 -0.722557
-1.231248 -0.952684
-0.630275 -0.252167
1.278820 -0.642788
-0.545157 0.881614
0.490056 0.595821
-0.668650 -0.119659
1.315425 -0.019825
-0.224972 1.924779
1.022869 0.039581
-1.046198 -0.100282
1.527710 -0.372456
-1.660265 0.680179
0.070223 0.776952
2.088632 0.038165
-0.578490 -0.659185
0.004838 -0.786966
0.049421 -0.715796
1.940318 -0.212529
0.425164 0.531427
-0.770760 0.929868
2.255726 -0.286140
-0.746703 -0.287252
-0.790136 1.592140
-1.005580 -0.304450
1.380861 -0.217094
-1.330824 -0.507958
1.453683 -0.220740
1.015695 2.076993
-0.764353 0.537177
0.291739 -0.565753
0.944902 0.270677
0.528496 -0.191817
2.251976 -0.282031
-1.398734 0.235100
-0.792039 0.589932
1.716065 -0.443358
-0.643531 -0.271473
0.873793 -0.570791
-0.938920 -1.124402
-0.899836 -1.386745
-1.189501 1.076205
-0.197571 -0.394777
2.224653 -0.183866
1.661097 -0.250340
-1.327160 -0.687547
-0.732442 0.003261
-0.854741 -0.521401
-0.851069 -0.195956
-0.437142 -0.529624
-0.860802 0.762987
-1.322745 -0.810088
-1.364757 -1.951224
0.109700 0.730117
-0.940664 1.496191
-1.146743 0.483434
-1.459586 0.056928
2.002876 -0.007308
-0.903276 1.901728
0.754231 0.344399
1.603798 -0.324730
1.997471 -0.709675
2.132892 -0.033080
-0.741172 0.701089
-0.519150 -0.457308
2.254650 2.081939
-0.301130 0.746270
-0.819560 0.378115
0.660270 1.823622
2.203835 -0.279776
0.059092 -0.756848
0.449605 1.297985
-0.181049 0.436705
-0.269082 -0.547206
-0.569161 0.820269
1.313390 0.249960
0.088412 1.519916
-1.178212 -0.428973
0.965199 -0.129642
-0.870129 -0.013481
-0.107804 -1.242024
2.461893 -0.222450
-0.782555 1.090803
-0.535373 -0.481876
-1.491796 0.161130
1.927127 -0.239679
-1.004489 -0.733615
-0.684792 0.218629
1.922444 -0.135420
-0.410726 -0.615703
-0.857390 -0.556515
-0.123242 0.645518
-0.409807 0.813680
-0.224879 1.190351
0.039781 -0.723205
-1.236477 -0.192249
-0.490502 0.011551
-0.578522 -0.050147
-0.427020 0.174263
-0.533665 -0.225931
2.285928 -0.208745
-0.937436 0.904813
-1.017027 0.474802
-0.730985 1.263927
1.769863 -1.156326
1.193117 -0.468486
-1.084322 0.664163
-0.644950 -0.310471
-0.737039 -0.166324
-1.406850 -0.900870
-0.464942 -0.817994
0.700809 1.943186
-0.376190 0.828978
-1.258197 -0.103704
-0.128638 0.386527
-0.013098 -1.080723
-0.910812 0.858496
-1.549690 -1.881808
-0.693259 -0.362691
0.185369 1.605353
-0.453155 1.434553
2.120613 -0.242954
-0.657381 0.333329
1.681528 1.830589
-0.017890 0.282420
0.151614 0.657462
0.240021 1.298030
-1.400941 -1.133745
-1.066840 0.428021
-0.963966 0.107470
-0.770621 -0.161866
3.090418 -0.193458
1.556629 0.529752
0.538899 -2.452045
1.391234 -0.214690
-0.449856 0.125839
-0.872170 -0.265993
0.094692 -0.444249
-0.521240 -0.476628
-0.600456 -0.930252
1.247721 0.412766
1.506822 -0.949189
2.310261 -0.070446
-0.529197 -0.717790
1.526260 0.380786
-0.835969 -0.710648
-1.347007 -0.813089
0.158409 0.829998
2.362509 -0.221492
0.112264 0.352171
0.158136 0.693588
-0.880666 -0.531609
1.203670 -0.174596
-0.177207 0.163418
1.524053 -0.760506
0.945939 -0.600744
-1.903204 -0.852164
-0.654601 1.420837
0.466161 1.681963
1.671385 -0.354001
2.077388 -0.061670
1.491739 -0.891397
-1.291952 -0.186530
-0.756312 0.630513
-0.828743 2.040161
-0.189796 -0.273088
0.000784 2.519058
-0.744301 0.164993
-1.132433 1.736666
1.182061 -0.494905
-1.134264 -0.793962
-1.007746 0.178672
-1.092550 -0.891899
-0.729118 -0.059888
-0.915936 -0.242612
-0.289572 -1.067965
-0.960946 1.041129
-0.977707 0.280535
2.105329 -0.333612
-0.482298 0.863513
-1.621348 -0.723004
1.754280 -0.538249
-0.847255 -0.989559
-0.874512 0.073642
1.826013 -0.134684
-0.849653 -0.321233
0.077480 -0.350642
1.425039 -0.034730
0.844906 0.357218
1.387142 -1.013654
-1.363279 0.526415
0.667356 1.580738
-1.758783 -1.052819
-0.185522 -0.308195
1.834349 1.462283
-1.563861 -0.922555
1.788823 1.182095
1.639833 -0.363801
0.649384 -0.227189
-0.034573 0.594066
-1.883715 -1.256696
-0.882222 -0.115321
-1.412710 0.901733
1.470354 -0.087206
-0.612428 -0.158426
-0.710122 0.623455
-0.663716 0.740100
2.366025 0.387193
0.431519 -0.234932
1.621499 -0.109935
-0.969423 0.270803
-0.929872 0.781846
1.840410 0.299771
-0.843615 1.214090
-1.210286 -0.583103
0.202860 0.786826
-0.753961 0.204195
-0.629050 1.738958
-0.669257 0.246636
1.971562 -0.358507
-0.194188 0.124971
0.065849 2.050451
-0.546608 -0.001876
-0.530550 0.346145
-0.721769 -0.579055
0.442432 -0.676634
-1.147524 -0.610362
-1.402797 0.228887
2.255518 0.083167
-1.482632 -0.706136
-0.312488 -0.666157
-0.537428 1.616116
-0.572532 -0.862505
0.772769 -0.572340
0.164678 1.285863
1.103831 -0.592944
-1.885241 -0.628481
1.601162 -0.661911
-1.012919 0.920616
-0.734143 -0.539331
-1.302271 -0.183748
0.904926 1.197415
1.901213 0.179932
1.717556 0.164613
1.717304 -0.310161
0.661375 1.697098
1.950984 -0.328843
-1.644821 0.610330
-0.787423 -0.133580
-1.484171 0.024699
-0.090252 2.569150
1.791935 -0.518363
-0.806288 0.637143
-0.480332 1.402607
-0.462320 -0.479923
2.148342 -0.401947
-1.068642 2.064333
0.606008 -0.911220
-1.344626 0.418538
1.357287 -0.394122
-0.527599 0.138547
-0.599796 0.463609
-1.279519 0.391433
-0.290488 2.185592
-0.177395 0.550382
-0.016548 1.293490
-1.185514 0.708406
-0.405560 0.817986
2.015214 0.194004
-1.738236 0.010674
-0.158887 0.880421
-0.299046 -0.466391
1.257777 1.718090
-0.268667 1.587934
0.459354 1.916003
0.437802 -0.307721
0.331634 -1.513213
-0.635326 -0.073786
2.347944 -0.164033
-1.879770 -0.481296
1.566424 -0.572905
1.612644 -0.534163
0.912239 -0.475737
-1.113918 -0.630132
-0.549894 -0.476598
-0.980631 0.325723
-1.302199 -0.917173
0.957352 -0.643818
-1.074976 0.291520
-0.934801 -0.572402
-0.906314 0.389005
-0.894624 -0.627786
-0.162666 -0.137384
-0.073313 0.478143
-0.751847 -1.418893
-0.055668 0.254540
-0.275346 -0.503426
-0.291904 0.374658
-1.633141 -0.401210
-0.898152 -0.631596
1.330157 -0.121057
-0.673298 0.777717
0.504600 1.442701
-1.545757 -0.736147
2.047858 0.055143
0.015982 0.657942
-0.326748 0.344061
2.064740 -0.307021
1.198835 0.111906
2.388223 -0.226992
-1.065533 -0.813960
1.760707 -0.278212
2.171168 -0.328213
1.288398 0.806232
-0.498511 0.080585
-0.986195 -0.558906
-1.069163 0.487952
-0.573114 1.220000
-0.628784 -1.176638
0.986598 0.086529
-1.814104 -1.132053
0.545814 -1.402310
-0.660291 0.936199
-0.774758 0.200486
-0.890303 -0.327523
0.942580 -0.831657
2.179407 -0.576707
1.966706 -0.076722
-0.495443 1.556306
-1.671364 0.400474
-0.542227 1.549142
1.859965 0.217698
-0.418102 -0.102735
-0.934179 -0.992546
-0.822681 0.657006
-0.534559 0.114883
-0.356562 1.315112
-0.077462 2.588875
1.705011 -0.200362
1.491136 -0.545291
-1.713466 -1.078265
0.612183 -1.730778
-0.937399 -0.348554
-0.433913 0.360504
-0.609442 -0.804822
1.859113 0.451057
1.412941 0.146877
-0.869848 -0.164440
-0.668960 0.266200
-1.241965 0.400521
-1.324034 -0.363050
-0.428829 -0.740720
0.173301 0.377456
-0.308166 -0.443198
0.060396 0.573983
-1.174869 0.671919
0.092600 -0.109943
-0.688991 -0.987444
-0.240003 -0.214062
-2.008428 -1.328300
-0.362725 -0.155270
-1.298995 1.258465
-1.115004 -1.045369
-0.200693 0.354951
1.484792 -0.266509
1.533590 -0.467350
0.779768 1.106637
-0.690767 1.045348
-1.461063 0.150508
1.849584 -0.067977
0.888994 -0.555926
-1.074348 -0.097943
-0.634880 -0.814629
1.939095 -0.522502
2.245645 0.014423
-0.534738 0.026719
2.132143 -0.080334
-0.916174 0.403514
-2.052184 -1.025648
-0.776693 1.382926
0.806633 -0.269863
-0.802334 0.619541
1.692839 -0.491793
2.223896 -0.085976
-0.257969 -0.239024
1.034042 -0.438507
-0.065635 1.918624
1.718297 -0.394675
-0.462842 -0.605913
0.053693 0.332570
-0.997550 -0.342171
1.414287 -0.715956
-0.784102 0.484559
-0.260595 1.733821
1.609934 1.478857
2.239398 -0.963598
-0.251139 0.486793
1.558724 -0.475279
-1.290489 -0.443092
-1.401892 0.064767
-1.012172 -0.543102
-0.861214 0.358261
-0.094857 0.818199
1.925753 0.147614
-1.127846 0.415372
-0.823804 -1.014123
-0.981344 -0.883299
2.114788 0.675042
-0.081231 0.735853
2.119023 -0.444053
-0.829729 0.539772
-0.718835 1.225765
-0.459519 1.390929
0.861208 -0.726750
-0.385099 1.517544
1.585517 -0.715519
-0.176603 0.752940
-1.564887 -1.162156
-0.853761 -1.583723
-0.914598 1.136437
0.404519 1.906744
-1.067248 -0.328277
-0.574057 1.460997
-1.606380 -0.272592
1.418997 1.022981
-0.936179 0.718472
-0.440968 1.268454
-0.491512 0.597793
0.011424 0.942145
1.623474 -0.619943
-0.772021 1.167980
-0.973369 -1.015205
-0.584521 1.157286
-0.131566 -0.464897
-0.140424 -0.248501
-0.089176 -0.354952
-0.339948 -0.571217
-0.991281 -0.637975
2.204111 -0.304930
1.643133 -0.041182
1.199506 -0.519387
1.835375 0.686499
0.053931 1.952172
-1.193101 0.048593
1.625391 0.236405
-0.514135 0.572569
0.675682 0.179840
1.587663 -0.194137
0.923121 -0.541560
1.093236 -1.065190
1.165646 2.294204
-0.748451 -1.529942
-0.811533 0.067764
2.127519 -0.241733
1.706581 0.243015
1.878350 -0.749412
1.585485 -0.226985
-0.340080 -0.756234
1.225758 -0.119743
-0.814987 -1.372261
-1.337127 -1.452272
-0.772486 0.470877
-1.459918 1.018405
1.062371 0.552839
1.057138 0.986680
-0.268744 0.779352
1.704399 -0.565241
0.977073 -1.375306
-0.183696 1.677331
2.362509 -0.221492
-0.784277 0.514190
0.213589 1.905435
2.138246 -0.450014
-1.407839 -0.527786
-0.662357 1.762729
-0.124044 0.033804
-1.136859 0.342530
-0.640949 1.518151
-0.676387 -0.870671
-0.417535 1.676183
-0.216830 1.790688
-0.369493 1.371438
1.462848 -0.389938
1.216440 -0.337775
1.683347 -0.470599
0.004133 -0.907156
0.087615 -0.179486
1.301997 -0.094345
2.337039 -0.027026
-0.144940 -0.138147
-1.050722 0.097746
-1.427197 0.002382
1.050143 -1.143717
-1.516016 0.539966
-0.622339 0.252926
-1.171365 0.584076
1.378746 0.234711
2.191155 0.129586
2.171168 -0.328213
-0.990535 1.053952
-0.550529 1.931580
-0.828238 0.299962
-0.751393 0.916637
-1.547271 0.079754
1.829055 -0.131204
-0.343187 1.057823
1.683301 0.159220
-1.159570 0.046545
-0.660124 -0.342224
2.207659 -0.198045
-1.411239 -0.128168
-0.961684 0.180799
-0.627273 -1.489404
1.193081 -0.426045
-0.770875 0.640254
-0.594329 0.281523
0.554524 0.106800
1.666504 -0.940481
-1.346100 -0.909295
-0.473780 0.805930
-0.908421 -0.052111
-0.407719 0.100811
-0.876514 0.859528
2.388223 -0.226992
2.106985 -0.034241
-1.138488 -0.460323
-0.363045 1.103644
-0.751330 1.800382
2.388223 -0.226992
-1.066806 0.156167
-0.574543 0.694330
-1.741953 -0.830085
-1.294485 -0.252467
0.202016 -1.443816
-1.344229 0.271427
-0.364138 -0.117071
-1.025729 -0.543781
-0.951129 -0.818295
-0.582611 0.141533
-0.760372 -0.047069
2.116136 -0.357284
2.073568 -0.156956
-0.754129 1.261702
1.650335 0.193797
-0.809240 -0.757873
-0.913726 -0.712792
2.388223 -0.226992
0.143646 -0.662197
-0.698369 -0.155563
1.309493 0.165760
-0.723241 0.289332
-0.599274 0.442756
-0.669356 0.404038
-0.247573 1.418548
1.073059 -0.513874
-0.702654 0.351650
-1.302562 -0.163839
-1.056555 0.020276
-0.736022 1.449958
-1.447752 0.152121
-1.258689 0.806857
-0.993849 -0.802645
-0.783762 0.450522
-0.115790 -0.818333
-0.919527 1.552178
0.694859 -0.272803
2.183086 -0.280832
-0.967330 0.560305
-0.602275 0.107088
1.802724 -0.337219
-0.558505 1.243085
-0.260554 -1.054906
-1.728853 -0.357409
1.253204 -0.440262
-0.489352 0.734522
-0.047347 -0.098980
-1.078433 0.031314
-0.873590 -0.095310
-1.069717 -0.944379
1.956298 1.115713
1.838898 -0.448985
1.483818 -0.721932
-1.915386 -0.904531
-0.869159 -0.514889
-1.208918 0.091554
1.479247 -0.838583
-1.622864 -0.177903
-1.215100 0.756007
0.441886 1.195876
-1.089801 -1.113628
-1.391042 -0.884099
-0.512342 2.002085
-1.138982 -0.526562
-0.678461 0.247700
-1.419097 0.073683
1.655713 -0.510236
-0.586414 1.529936
-0.670601 0.001404
1.185214 -0.418310
-1.454648 0.165532
-0.451996 -0.612830
-1.464902 -0.314730
-1.199717 -0.390349
1.763300 1.513342
-0.196635 -0.548609
0.186473 1.738248
-0.138739 -0.142758
-0.991562 0.107192
-1.242261 -0.610772
-1.042404 -0.949651
1.838594 0.529593
-0.302289 -0.277508
-0.584164 0.698279
-1.004513 -0.927877
2.255726 -0.286140
0.488635 -0.655928
1.769229 0.209417
-1.930324 -1.249066
0.580769 1.301450
1.425666 -0.078935
1.914504 -0.276926
1.712201 -0.190708
0.169656 1.869052
-0.065571 1.124123
2.259300 -1.239293
-0.184439 -0.136313
2.021191 0.487767
-0.086736 0.008908
-0.885347 -0.472634
-0.634637 -0.688795
-1.025213 -0.361006
-0.862449 -0.097082
-0.117094 -0.179193
-0.837883 0.284825
1.579243 -0.506148
1.754304 -0.549529
-0.932051 0.215011
-1.179380 -0.485622
-0.987661 0.304484
1.793942 -0.634026
-0.496088 0.870457
2.160250 -0.274848
1.911962 -0.248518
-0.753395 0.219749
-0.156847 1.235062
-1.034832 0.085705
-0.364711 -0.114590
2.123921 -0.009438
-0.466547 -0.184999
1.444493 2.435631
-0.257699 2.061812
-0.907813 1.619919
-0.351059 0.556622
1.616461 -0.100869
1.899250 0.030770
2.272212 -0.379456
-1.073543 -0.405433
-0.767755 -0.209453
-1.103805 -1.121013
1.365547 -0.181229
-1.475089 -0.897632
-0.457075 -1.397443
-0.187359 1.661960
-1.068691 0.335059
-1.026316 -0.708309
0.151457 1.910662
2.297559 -0.132390
-0.946112 -0.394733
-0.929647 1.102604
1.049761 0.330060
0.238479 -0.540553
-1.646106 -1.420877
-1.617099 -1.333935
-0.297023 2.242906
-1.432629 -0.988348
2.001163 -0.532806
-0.629701 -0.823599
-1.177438 0.492968
-1.152662 -0.238086
2.248765 -0.129041
-1.021275 -1.135271
-1.109289 0.388891
-0.897745 0.331507
-0.792802 -0.878115
1.740885 -0.373406
-1.084888 0.649043
-1.173542 0.027163
1.700548 -0.552303
-0.552905 -0.027550
-0.540147 0.616317
-0.438928 -0.695990
1.659896 -0.163424
-0.972799 1.070204
-0.749344 -0.216902
-0.285657 1.957021
0.399343 1.658709
-0.583464 0.093583
-0.960227 1.249050
-0.557383 -1.184344
-1.500018 -1.245789
-1.208642 0.427548
-1.113233 0.385410
-0.204767 0.297982
-1.094838 -0.162435
-0.362617 0.292138
-0.760268 -0.231181
2.176570 -0.081907
1.020806 -0.578862
2.313783 -0.123650
-0.648848 -2.120658
1.163812 -0.811224
1.049139 -1.330388
1.667716 0.208090
1.294838 1.411021
-1.245296 -0.075196
-1.308927 -0.709142
0.421695 1.764579
0.280011 0.295035
-1.107728 0.143604
-1.405555 -0.317757
0.567150 2.050625
1.806426 -0.552134
0.226822 0.200955
-1.557551 1.278263
-0.043374 1.796053
0.058143 1.256976
-0.397087 -0.463452
-0.662290 0.623166
-0.749567 -0.515630
-1.472256 0.214640
-1.085474 1.259233
1.184928 -0.223267
-0.646903 -0.520345
2.277033 -0.334394
-1.018687 -1.682304
-0.031247 1.595300
-0.541525 -0.211822
-0.347255 0.778256
-1.132709 -1.340935
-0.734061 0.733114
-0.305266 0.847243
-0.771060 -0.908825
-1.121880 0.867785
0.581789 -0.252001
1.273876 0.273858
0.501820 -1.839133
-0.594132 0.110002
1.420488 0.154057
0.249182 1.952603
-1.034266 -0.438085
0.975229 0.005312
-1.100164 -1.483994
2.004230 0.326280
-1.989285 -0.163315
-0.592216 -0.452746
-0.565070 0.379977
-0.603682 0.595750
-1.287032 -0.454482
1.054962 -0.323052
1.381007 0.267050
0.041442 -0.100519
-0.812575 -0.141798
-0.499981 0.818127
-0.377842 -0.800633
-0.017305 -0.281105
-0.953264 -1.288143
1.430531 -0.727004
1.799549 -0.459851
0.962079 -0.573192
-1.071891 -0.722625
-0.310571 -0.234145
2.026388 -0.030632
1.760066 0.136846
1.269501 -0.607864
-0.798134 0.751606
2.108642 0.101238
-1.022417 -0.648692
0.792092 -0.975593
-1.008487 0.509669
-0.633238 0.301606
-0.247006 2.405361
-0.320894 -0.483244
-1.088830 -0.922946
-0.608514 0.951950
-1.036788 -1.018720
-1.268149 -0.585741
0.668413 -0.703643
-0.589450 -0.284403
1.065292 1.966993
1.206691 -0.768974
0.131539 0.520383
-0.704881 -0.465449
1.561153 0.224963
0.267157 1.109466
-0.453578 -0.584918
-1.178122 -0.909696
-0.524253 0.086422
-0.216249 0.377944
-0.894832 0.815114
2.255726 -0.286140
-0.052826 0.486464
0.001371 -0.983223
-1.256954 0.613143
-0.902287 -0.144127
-0.872528 0.235695
0.159563 0.419380
-1.029282 -0.104021
-0.675287 1.186945
-0.786106 0.395147
-0.801052 -0.668926
-1.743596 -1.118282
-2.026187 0.742821
-0.330291 -0.572767
-0.084448 -0.733025
1.316820 0.516671
-1.059220 0.905547
-0.625496 -0.689372
1.343477 -0.390606
1.337307 -0.207795
1.856009 2.097650
-1.266861 -0.705269
0.546525 0.620890
-0.674468 -0.333639
-0.036597 -0.934596
-1.170732 1.587569
0.050030 1.651577
-1.414899 -0.557876
-0.824811 -0.922633
-1.430871 -0.702462
-0.923347 -1.146863
2.167869 -0.186759
-0.869723 -0.320596
-1.162263 0.855418
0.225643 2.542224
-0.528173 -0.298527
-0.356690 1.400500
-1.351012 -0.464025
-0.745405 -0.326070
1.946211 -0.324085
-1.084095 -0.049952
-1.206094 -0.908008
0.132389 0.419918
-1.069685 -0.642619
0.226672 2.204514
-0.869082 0.605160
1.896689 -0.572191
0.812264 -0.857716
-0.095417 -0.898401
-0.955300 1.591092
-1.005926 0.233848
-0.505545 1.157918
-1.013323 -0.363923
2.009524 1.083825
1.477365 -0.922761
1.884823 -0.450475
-1.232787 -0.313173
-0.317545 -0.290139
-0.341005 1.633221
2.042567 -0.404195
1.583276 -0.031292
2.014966 0.718020
-0.921826 -0.132139
-1.143453 1.310143
-1.153514 0.621829
-1.672185 -0.400949
1.937200 -0.349103
-0.448864 0.308193
-0.665487 -0.199127
-1.115504 0.020680
0.332371 -0.441615
-1.105066 -0.772583
2.149875 -0.097682
-1.003596 0.841815
0.891795 -0.584162
1.622953 -0.795501
-0.709745 0.496796
1.366348 -0.451846
2.239141 -0.054107
1.922533 -0.490770
-1.939556 -0.889983
-1.127003 -0.223625
-1.469779 -1.329920
0.987470 1.494240
-1.036172 -0.763058
-1.166136 -0.365417
-0.137337 -0.859578
2.031978 -0.591904
2.016761 0.005559
-0.882447 -0.891373
-1.082986 0.243736
-1.392101 -0.273294
-0.439475 1.994352
-0.846563 -0.990702
-0.949308 -0.807215
-0.653018 1.143860
-1.024525 -0.061963
-1.100987 -0.817737
-0.769927 0.149106
2.178536 -0.355923
-1.564616 -0.272212
0.784820 -0.072276
-1.369716 -1.362240
1.656781 -0.732573
0.484306 0.072467
1.399041 -1.038417
2.003209 0.315179
0.017532 1.978812
-0.918967 -0.923517
-0.940365 -0.839806
2.198276 -0.139963
1.587196 0.890941
-0.648918 2.062997
2.211124 -0.006172
2.132270 0.498243
1.395515 -0.143243
-1.229036 -0.260814
-0.497337 1.603942
-1.333436 -0.265474
-0.213286 -0.597767
-1.165193 -0.030745
1.393370 -0.681249
-0.196801 -0.001545
-0.962298 0.541946
-1.120203 0.078423
-1.659570 -0.268228
-1.283679 0.051068
-1.023716 -0.239229
0.505106 0.494156
-1.487877 0.174374
-0.982681 -0.122555
0.754168 0.924224
-0.580204 0.610997
-0.244291 1.959861
-0.553061 1.488928
1.071863 -0.044568
-0.949213 -0.409890
-1.104670 -1.081664
2.305719 -0.530979
0.360622 0.298711
-0.821563 -0.201198
-0.764179 0.440332
1.141352 -0.606880
0.930226 -0.574182
1.907946 -0.294372
-1.418805 -0.959208
2.064317 -0.257791
-0.354757 -0.212632
1.626505 -0.738019
-0.659780 -0.315435
2.826475 -0.686417
2.080222 -0.306618
1.412524 0.255769
-0.655437 -0.586651
-0.916459 -0.628114
-1.810182 0.021494
1.149386 -0.687906
-1.142304 -0.717060
-0.634039 1.605991
-0.391380 -0.816220
-0.464473 0.397198
-0.937196 -0.471017
1.046986 1.606604
1.910707 -0.185076
-1.811998 -0.583580
-0.491330 -0.486510
-0.443770 0.823747
-0.975091 -0.412991
2.221741 0.005811
0.034447 -0.075364
-0.365247 1.108409
-0.801513 0.060253
-0.750349 1.077315
1.469916 0.952974
-0.763324 -0.007624
0.527301 1.983476
-0.715232 1.807888
-0.560691 2.188890
1.256148 0.563895
0.436436 -0.070326
1.177330 -0.845433
2.232146 -0.245082
-1.057500 0.109545
1.971120 -0.176431
1.051011 2.350366
-0.587448 1.254829
1.730190 -0.319625
-1.190216 -0.549231
-0.239245 1.940858
1.070556 -0.346040
-0.186184 1.140081
-0.016889 1.802313
1.510964 -0.224316
-0.590499 -0.573705
1.628967 -0.557175
-0.695312 0.942117
-0.593680 1.094053
-1.754935 -0.323353
-0.586157 -0.501986
-1.265314 -0.543464
1.935203 -0.288888
0.146458 0.315864
-0.808118 -0.894347
-0.824345 -1.399381
1.533341 -0.196953
1.742453 -0.419621
-0.031252 -0.182761
0.742166 -0.383153
-0.788804 -0.754319
-1.293193 0.228880
1.374073 -0.214929
-1.022688 -0.826668
2.071894 -0.420186
1.961614 -0.415374
2.096004 -0.467637
-0.030710 -0.345538
-0.090592 -0.810913
-0.507285 0.744789
0.251342 0.656156
-1.582532 -1.082246
-0.913394 0.860037
-0.913271 0.536529
-1.326145 0.534016
3.112297 -0.148112
-0.642692 0.360903
-0.607872 -0.410892
2.163146 -0.402192
2.053345 0.347629
1.730154 0.000629
-1.249350 -0.699386
-1.041274 0.292630
-0.137091 0.388801
-1.346775 -1.147840
2.161915 -1.139582
-0.622883 1.055481
-0.794661 0.477315
0.273423 -0.314946
1.060926 -0.575978
-1.562974 -0.676990
1.615116 0.224678
0.324637 1.109576
2.388223 -0.226992
-1.835066 -1.126530
-0.446527 -0.020079
1.659812 -0.731244
-0.618007 -0.714375
-1.166101 0.646865
2.834774 -0.202167
2.031712 0.899888
-0.631631 -0.725330
-1.434492 -0.835826
-0.551328 1.042921
-0.812416 0.073105
0.704024 3.021817
-1.494134 -0.181731
1.632460 -0.559920
-0.082394 0.202953
-0.360022 1.270848
0.101812 -0.047380
2.353303 -0.687973
1.679597 -0.128738
-0.265723 0.017684
-0.275246 -0.425686
0.524932 1.354601
-0.995117 -0.668723
0.200163 0.501723
0.427722 0.215653
-0.977530 0.052548
-1.066683 1.273027
-0.575577 -0.798534
-1.359004 -0.105891
2.524775 -0.477600
-0.999529 1.027695
1.526333 -0.690822
0.763821 -0.870401
-0.482209 0.596944
-0.574576 0.586320
-0.465403 -0.171477
-0.044077 0.232844
-0.793461 0.157435
-1.510030 -0.334552
-0.208583 1.808438
0.314139 0.275975
0.089758 1.764144
0.148816 0.075071
-1.453875 0.401307
1.546328 -0.179810
1.087302 -0.130384
0.317299 -1.550034
-1.317440 0.745142
1.364745 0.988124
2.108554 -0.334226
0.347652 1.899988
-1.226721 0.734183
-1.541798 0.274349
-1.221367 0.713503
-0.438018 0.303286
-1.179814 1.932663
-0.901886 -0.118113
-0.496441 0.089337
-0.839117 0.291129
1.120584 -0.887059
-0.299815 0.489369
-1.256918 -0.375430
1.717411 -0.041861
-1.476990 -0.279708
-0.836958 -0.145467
-0.748197 -0.826874
-0.077053 -0.325796
-0.151033 1.703236
-1.536115 0.430538
1.516862 1.790636
-1.408285 -0.243071
-0.751420 -0.038658
1.934065 -0.011818
-0.078139 -0.196608
0.568498 0.078642
1.240626 -0.687774
2.290063 0.137644
-0.826696 0.657541
1.044228 0.547718
-0.766398 -0.868133
0.048630 0.354112
2.330028 -0.332988
2.129135 -0.246391
-1.391104 -0.595318
-2.204361 -0.592945
0.223458 1.887017
1.843381 -0.227721
-1.147546 1.027376
0.386619 0.313905
2.309704 -0.065110
-0.503851 -0.144228
-0.969195 -1.550867
-0.798142 -0.413730
-0.446239 0.139537
-0.934469 -0.383577
1.689517 -0.266828
2.012857 0.057935
-0.291960 -0.234181
1.990376 -0.364130
-0.495197 2.689739
1.265254 -0.085435
2.116075 -0.363909
1.966433 -0.288015
-1.339365 -0.482858
-0.062253 1.379106
0.790661 1.595963
-0.934136 -0.460659
2.362509 -0.221492
-0.721742 1.197734
-1.383622 -0.115953
-1.261155 -1.130370
2.020939 -0.030560
1.536498 -0.492176
-0.471449 1.654348
-0.836859 0.132303
2.362509 -0.221492
0.180080 -0.599303
-0.445905 0.065665
-1.764414 -1.631260
-0.440827 1.243594
-1.633330 -0.190995
-0.146229 -0.209798
0.548730 1.076003
1.718057 -0.760553
-0.171556 -0.874426
-0.684336 0.562693
-0.201286 0.930166
-0.727903 1.013735
-1.155514 -0.715551
0.854056 -0.297439
-0.270583 -0.514508
-0.544970 -0.903282
2.132903 -0.271467
1.982488 0.575907
-0.610476 -0.341192
1.398610 0.057344
2.080599 -0.394590
-1.384983 -0.667893
0.304312 1.703933
0.534616 -0.186817
-0.438020 -0.384699
1.650800 -0.231246
0.090599 -0.411365
1.949781 0.006303
-0.778549 -0.135819
-1.092048 -0.321369
0.537006 0.655709
-1.079707 -0.355544
-1.514378 -0.165847
-1.080556 0.555265
-1.466230 0.597468
2.281824 -0.293057
-0.039244 -1.176662
-0.587516 0.421183
2.680881 0.685131
-1.428618 -0.422343
2.516133 -0.503580
2.153866 0.209050
-0.692727 1.603179
1.381970 -0.046781
1.855985 0.242007
-0.677467 -0.971380
1.902172 -0.821170
0.183427 -1.174419
-0.707166 0.277432
-0.149805 -0.739734
0.612862 0.114664
-0.811513 0.041995
0.068213 0.076822
-0.901958 -1.038989
-0.424837 0.099986
0.393088 -0.070482
-0.927859 1.503160
-1.012856 -1.487796
-0.827408 0.528824
-1.562429 -0.316436
-1.577905 -0.532826
1.767203 -0.542426
-1.972608 -1.021863
-0.435156 0.300685
1.464252 0.347060
-0.827365 0.844504
-0.180696 1.535182
-1.939422 -1.216375
2.048491 -0.769624
-0.392240 1.159613
-0.603923 -0.248551
-1.362755 -0.653213
1.302868 -1.242407
-1.419661 -0.604446
-0.929479 -1.052257
-0.718480 -1.984128
-0.798237 -0.813088
2.255726 -0.286140
2.424861 -0.701735
1.138543 -0.145954
-1.505998 0.506385
-1.388311 0.435711
-1.249217 -1.368639
-1.263716 -0.565864
0.640238 0.098237
1.151535 -0.178263
1.123268 -0.429564
0.814423 0.228423
-0.952957 0.392071
-0.961349 -0.491472
2.080376 -0.411149
-0.579912 0.665404
-1.143650 1.009522
-0.892801 -0.712813
-0.104083 0.886460
1.801108 -0.727461
-0.728248 0.194117
1.303562 -1.163593
-1.317847 -0.770773
1.553081 -0.372249
-0.983537 1.728533
-0.583853 0.329231
-1.097636 -0.706398
-0.134109 -0.791543
-0.542209 0.691157
-1.419163 -1.112995
2.388653 -0.042936
-0.509555 0.873553
-1.581646 -0.144257
-0.612545 0.816390
-0.882804 -1.259517
-0.158570 -0.446306
-0.637969 0.807303
-0.986693 -0.474312
-0.753094 -0.101291
-1.085458 1.428569
1.466628 -0.388861
0.218938 -0.103469
1.482083 -0.631157
-0.774763 0.954691
-0.727016 0.668213
-1.845655 -1.094329
-1.135422 -0.791160
0.429303 0.333002
-0.630570 -1.261767
-0.900760 1.120807
0.022660 -0.486700
-0.783288 -0.077286
-0.038520 -0.809606
1.172773 0.674119
-1.387647 -0.056812
0.970959 0.307426
-0.793918 -0.865018
-0.419744 0.945115
-0.256624 0.031548
1.380625 0.164659
2.180835 -0.547254
-0.801462 0.063668
-0.501775 -0.307830
-0.072597 0.820532
-1.024061 0.021283
-1.562978 -0.405775
0.772082 -0.842258
-0.885359 0.497576
1.447518 -0.309645
1.092838 -0.489783
-0.719327 1.367978
1.205561 -0.929365
-1.072341 -0.441135
-0.558850 0.861252
-0.939565 0.412851
-1.065624 -0.004273
0.385852 1.711114
0.272895 0.491144
-1.089290 0.703737
1.511252 -0.573557
1.626646 -0.682067
-0.839619 0.684097
-0.458746 0.601500
-0.285967 -0.744127
-0.406165 0.362435
1.301451 0.073430
2.081398 0.482138
-0.534942 1.357041
-0.859906 -0.295764
-1.116605 1.060406
1.548981 0.156414
-0.423804 -0.680701
2.314306 -0.181561
2.287051 0.033513
-0.714186 -0.836518
-0.645257 0.206926
-0.497391 0.046835
2.076946 1.193170
-0.557407 1.445461
2.282529 -0.440203
1.348920 -0.725289
-0.625878 0.272658
-0.932733 0.831746
2.313783 -0.123650
-0.725725 1.614307
-1.771134 -1.263599
-0.827404 -0.553188
-1.056393 -0.210298
-1.299052 -0.726271
-0.894373 0.338764
2.382484 0.256218
-1.082684 -0.563019
-1.156483 0.611126
-0.985998 0.242879
1.164933 -0.104692
0.337871 -0.169210
-0.515286 -0.145920
1.751855 -0.523525
-1.089803 -1.088624
-0.813907 0.513599
-1.498470 -0.610354
-0.908063 -0.465365
2.071495 0.190879
-1.335513 1.433562
-1.505046 0.419278
-0.888206 -0.221606
-1.503911 -1.042383
-0.795766 -0.442013
1.861112 -0.034209
2.091597 -1.474657
-0.893567 -1.138202
-1.828782 -1.385173
-1.052632 0.259912
-0.852425 1.052856
1.591012 -0.745942
0.276424 -1.139665
-0.846270 0.857802
-0.887007 1.111368
-1.110356 0.005432
-1.250853 -0.272793
-1.883143 -0.817488
-1.089361 -0.760650
-0.385270 1.452644
2.112973 -0.434210
1.257376 0.176694
-0.664846 -1.598568
1.826438 -0.358152
-0.793182 0.475598
-0.509593 0.816517
-0.130750 0.060009
-1.053996 1.489631
-1.189576 0.867019
1.977912 -0.058332
2.110328 -0.448566
-0.761326 -0.631130
-0.109996 -0.022622
1.635626 -0.308279
-1.087136 -0.357699
-0.343585 0.162022
0.077726 -0.392226
-0.817700 -0.119615
-1.025189 -0.988516
-0.405189 -0.735599
-1.020125 -0.732768
-0.931389 -0.503969
-1.439547 -0.538359
-0.685507 -0.654850
1.398597 0.057077
-0.994557 -0.342950
-0.692973 0.720260
-0.757022 1.009875
1.051482 -0.061361
1.881762 -0.369611
-0.389382 -0.324043
-1.469931 -0.602627
2.098254 0.178303
-0.346058 0.022438
-0.338342 -0.697745
1.995579 -0.077481
-0.531835 -0.963275
-1.363503 -0.360799
1.801302 -1.036605
-1.055376 -0.570282
0.193752 -1.532474
1.069768 0.946675
-1.044968 -0.611761
-1.386876 2.739016
0.254219 1.301328
-1.305754 -0.450012
-1.031700 0.284414
-0.300447 1.253879
-0.145531 -0.773185
0.126377 0.032361
-0.918293 0.059094
-1.154284 0.794905
2.139128 -0.272956
-0.987086 -0.392955
-0.717473 -0.333139
-0.819264 -0.556420
-1.196889 0.062006
-0.838076 -0.020613
-0.750163 0.039922
2.271816 0.058300
2.295501 0.081394
-0.762868 1.104490
-0.017537 0.752039
-0.470470 1.206138
0.555631 -0.751576
2.029586 0.854080
-1.093734 -0.943823
-0.944409 1.218558
-0.490208 1.564693
-0.746005 0.901651
-1.224425 -0.690106
-0.654425 0.416810
2.034642 0.619200
1.756610 0.114135
-0.844726 0.617205
-1.375561 -0.979400
0.483295 -0.421251
-0.469264 1.723998
-0.565318 -0.299632
-0.717178 0.856451
-0.480181 -0.068633
0.002939 -0.579265
2.060581 0.308951
-2.040418 -1.072078
-0.756035 0.335895
2.160368 0.055341
-1.614926 -0.611847
-0.670129 -0.119023
-1.065590 -0.093583
1.472505 -0.458926
-0.288103 -0.700962
-0.629697 -0.045549
0.999155 -0.141228
-0.764952 -0.403055
-1.787270 -1.189621
-0.585732 -0.932028
-0.956505 1.005571
1.899711 -0.133647
1.945135 -0.121087
-0.895411 -0.511500
1.877275 -0.263228
0.221052 -0.728239
-1.064867 -0.511287
-0.784961 -0.925486
-0.751177 0.746839
-1.568728 -0.239136
1.291632 0.243881
-0.016176 0.411687
1.398465 1.380996
-0.075464 -0.963103
-0.729356 -1.262921
1.086032 -0.687977
2.110638 -0.121466
-1.199171 1.240036
-0.740899 -0.197218
-0.462957 -0.137251
1.449805 -0.740182
-0.644084 -0.873931
-1.397459 -0.152217
-0.287569 -0.310370
-2.317637 -0.113365
-1.087200 1.316430
-1.433829 0.153862
-0.810058 0.377225
0.992548 0.257618
-0.510575 0.088450
-0.840251 -1.616021
-0.134485 0.110641
1.078143 1.397688
1.962520 -0.449225
2.037435 0.130825
-0.932446 -0.734153
0.025810 1.321929
-0.253128 0.926356
-0.698420 1.282031
-0.762600 1.798777
0.879772 -0.689545
1.985061 -0.070109
1.972434 -0.373447
-0.554538 -0.533257
1.948144 0.181724
-1.260378 -0.556767
-1.449673 -0.889402
-0.252615 -0.365913
-1.187664 -1.293545
1.877046 -0.706901
-0.360402 0.434195
-1.673340 -0.673550
-0.556147 1.229339
0.992081 0.013033
0.859709 -0.437362
-0.893058 1.383618
-0.466549 0.360579
0.047133 1.630159
1.366533 -0.259145
-0.862897 -0.265587
1.919864 -0.308752
1.640716 0.519795
1.997925 -0.709216
-1.672095 -0.265330
1.853754 -0.364345
1.401471 -0.314845
0.350561 2.301589
1.927344 -0.453614
1.553289 -0.679244
0.213651 0.086376
2.208271 -0.080676
1.567727 -1.116782
1.722987 -0.246377
0.942147 0.744247
-0.882796 -1.129797
-0.936332 -0.156945
1.570909 -0.419144
1.055243 0.620164
1.708229 0.009386
0.238353 -0.607103
-1.656142 -0.952648
0.807716 -0.937144
0.405503 1.196741
-1.351094 -0.822549
-0.634129 1.037080
-0.741719 0.435272
-0.584173 -0.079119
-0.885208 1.103480
-1.107314 -0.266600
-0.562893 -0.843101
-0.207061 0.336676
1.014215 -0.424811
-1.446386 -0.725371
-0.647362 0.330520
-0.913082 0.059458
1.759692 0.042957
2.520130 -0.119816
1.531175 -0.668523
2.291946 -0.210488
-0.610482 -0.918368
1.884264 0.880378
1.717259 -0.815912
-0.708269 -0.261036
-0.636664 1.065258
-0.474357 -0.417008
-0.826928 -0.734325
-1.082095 -0.934090
-0.692226 -1.435830
-0.044643 0.872770
1.660865 -0.134545
-0.758275 0.178231
-0.842069 -0.693152
1.930381 0.183216
0.628298 -0.186779
-1.449338 -1.066032
-1.074321 0.401962
-0.954714 1.105633
-1.765193 -1.535815
-0.865797 0.716375
-0.574525 0.498428
-1.017197 -0.227453
-0.863951 0.883616
-1.272752 -1.738216
-0.299493 0.002215
-1.152570 -0.370160
-1.923220 -1.833033
-0.982931 -0.416152
-0.582178 -0.355594
-1.227694 -0.678300
1.531898 -0.956379
-1.299695 -0.843524
-1.279003 0.422494
1.638680 -0.457617
-0.463507 -0.546559
-1.553024 -0.384386
2.336148 -0.017458
-1.105022 -0.940551
-1.448387 -0.730307
-0.460703 -0.694768
-0.734903 0.015136
-0.755644 0.978423
-0.733185 -0.598103
1.566755 -0.115169
-0.162547 2.096649
-0.961632 -0.456250
-0.677513 0.112953
1.771201 -0.240691
0.427491 -0.202579
-0.838044 -0.207281
-2.146011 -0.407110
-1.028103 0.319057
1.226163 -0.796113
-0.703807 -0.193121
-0.987058 0.059378
-0.142432 -1.230231
0.248060 -1.060201
-0.679483 -0.509643
-1.342840 -1.123134
-1.191463 -0.184329
-1.415648 -0.708777
2.036961 -0.053043
2.028317 -0.596658
2.555793 -0.467720
-0.675162 0.807607
-0.239197 0.784435
0.457980 -1.515008
-1.570728 0.823351
-1.434967 -0.467626
-1.875716 -0.511824
-1.471425 -0.510168
-1.117857 1.471005
2.056309 0.161262
-0.567736 -0.952878
1.376766 0.033785
-1.320544 0.451226
-0.712098 0.001223
1.386289 -0.369828
1.066501 0.369279
-0.473780 0.269490
-0.406979 -0.070475
-0.697572 0.235371
1.245771 0.090950
-1.113966 0.227515
0.871863 1.790782
2.251875 0.041449
-0.316991 -0.251618
0.400294 -1.211372
-0.327445 -0.720601
-0.249422 -0.279379
1.073682 0.246828
0.255452 -0.793600
-0.655411 -0.412060
-1.060531 -0.040272
-0.045464 -1.037277
-1.065921 1.084650
0.912967 -1.190585
-0.519246 -0.532917
-1.016794 0.980204
0.176263 1.872219
0.001952 0.565448
-1.200762 0.116485
-0.915385 -0.655248
2.172268 -0.107438
-0.402794 -0.910988
-0.466376 1.164661
2.064874 -0.454537
0.477873 0.202459
0.129782 1.207526
0.020224 2.321320
-0.890995 1.031560
2.057269 0.127405
-0.304560 -0.578838
2.291946 -0.210488
0.111607 -0.405305
-0.263176 1.427056
1.148059 -0.421792
-0.979270 0.687628
0.086052 -1.134894
0.184041 1.216401
2.232347 -0.297992
1.733938 -0.848600
1.336592 0.359075
0.215583 2.403650
-0.178973 -0.267806
-0.959527 1.286592
-1.001385 1.297068
-0.956597 0.503244
0.937089 0.386922
-1.153486 1.913308
1.855746 1.041502
-0.953042 -0.796443
0.398290 0.261359
-1.068268 0.151753
-0.685088 0.630512
2.096254 -0.119148
-0.617833 -0.059080
-1.253156 -0.065736
-1.581115 -1.237939
0.111932 0.339238
-1.167161 -0.716734
-1.218060 -1.637893
-0.399170 1.142446
-1.174617 0.730459
2.026370 -0.456510
-1.010760 -0.547802
-0.312581 -0.604822
-1.619160 0.004692
1.217292 -0.369965
-1.002242 -0.725308
-1.291692 0.483852
-0.295858 -0.667242
-0.221758 -0.648318
-0.533541 -0.167197
1.852557 -0.370970
-0.734997 2.194854
3.507125 -0.243102
-1.304111 0.617942
2.191530 -0.428541
1.205324 0.075742
1.824943 -1.407004
-0.437393 -0.260282
-0.647142 1.141015
2.238251 -0.155060
-1.086499 0.106368
-1.257268 -0.559851
1.375543 -0.200444
-0.070671 2.302135
-0.656070 1.823964
-0.924461 -0.439699
-1.322286 -0.065642
1.570764 -0.623237
-0.834735 -0.570954
-0.638978 0.157415
1.441416 -0.524569
-1.306096 -0.758527
-0.503151 1.619326
-0.585689 -1.514230
-1.511725 -0.057619
-0.855604 -0.556859
-0.928432 0.185058
-0.104045 0.582083
1.889315 -0.585986
-0.487171 0.271739
-1.324842 0.718934
1.932634 1.016722
1.957763 0.301550
-0.541019 1.379493
-1.250662 -1.041104
-0.690963 -1.154987
-0.662154 -0.384807
-1.183506 -1.066143
1.286642 0.182824
1.303090 -0.328450
1.283054 0.007374
2.362509 -0.221492
-1.169843 -1.240075
-1.227166 0.249873
-0.973136 0.037912
-1.129213 0.097560
-0.576438 0.008518
-1.034722 -1.002038
0.734335 0.401569
-0.645003 0.214007
-1.439082 -1.492239
1.928489 -0.177327
0.465391 1.275704
-1.391282 -0.164142
-0.371306 -0.353003
-1.487034 -0.406390
-0.787643 -0.170778
-0.667900 0.481483
-0.242205 0.445305
-1.073469 -1.067590
0.692460 0.111540
-1.202354 -0.904706
-0.615090 0.643670
-0.925248 0.725956
-1.154026 0.947855
-0.763234 -0.426041
-0.448124 1.288335
1.244314 -0.364162
0.224623 1.862560
2.157284 1.256503
-1.360337 -0.639403
-0.817239 0.195336
1.086011 -0.807231
-0.358523 -0.478426
-1.317169 0.020060
1.041224 -0.243438
-0.279966 -0.385865
-1.572508 -1.110744
-1.195649 0.997469
0.188419 -1.358503
-0.428528 -0.639394
-0.424168 -0.315149
1.791655 -0.566477
0.291313 0.846009
1.051314 0.844120
2.328823 0.033564
-1.004569 -0.166261
-0.393175 -0.824564
-0.626246 0.385898
-2.128282 0.347584
1.803549 -0.161662
-1.160851 -1.175257
1.986559 0.178967
-0.889972 0.628852
0.354484 -1.324615
2.273956 -0.076631
-1.396442 -0.466029
-1.152455 -0.347986
-0.846302 0.832315
-0.716174 0.799783
-1.155461 -0.742949
1.285048 1.441907
-1.020174 0.422104
-1.883256 -1.112526
-0.855813 0.354473
1.931974 0.157288
-0.048092 0.157508
-1.296441 -0.739259
-1.020764 -0.563726
-0.436930 0.228764
3.561990 -0.321966
-0.797970 1.154713
1.655650 -0.776416
-0.882970 0.836169
1.044743 2.122809
-1.358307 -0.895369
-0.775223 0.158058
0.009374 -0.477968
2.065476 -0.090165
0.323912 0.018886
-1.128068 -0.372851
0.766534 -0.059769
-0.195396 1.918578
1.105982 -0.995879
-0.605115 0.047697
0.166286 -0.403874
-1.245328 0.235115
1.425101 -0.123238
0.467230 0.705285
-0.394007 1.475082
-0.064405 -0.277365
-0.182522 -0.814980
-0.614655 -0.202271
-1.275282 -1.132751
-0.283112 -1.243219
-1.163667 -0.584255
2.166450 0.209021
-0.513601 0.030536
-0.204397 0.456954
-0.841303 0.168968
0.184837 0.880424
-1.816975 -0.739767
-0.393327 1.208040
-1.092044 1.173251
0.050706 1.452585
1.695039 -0.182749
-0.708215 -0.664643
-0.082125 1.590683
0.484351 -0.571188
-0.537306 0.263985
1.134059 -0.911462
-1.108049 -0.755640
-1.031472 0.144582
-1.744321 -1.135083
0.523483 -0.576952
-0.706398 -0.621817
-0.408980 0.523455
1.461100 -0.173073
1.964016 -0.321556
0.512212 -0.122703
-0.157532 -0.401827
-1.083806 -0.658804
2.016575 0.230829
0.207794 0.342460
-0.836401 0.634166
2.178992 -0.099198
-0.535091 -0.478035
1.940065 0.578664
2.291056 -0.200920
0.986275 0.374468
1.622969 -0.561636
-1.140616 -0.314306
-0.525100 0.224255
1.457487 -0.074437
-0.417404 -0.884198
2.014926 -0.319093
-0.734703 0.863738
-1.445094 -0.704120
-0.419234 0.785214
1.954229 -0.552945
-1.215726 -0.551957
-1.129191 -1.282954
2.274275 0.032850
2.130144 -0.494894
-0.235615 -0.527678
-0.820979 0.585372
-0.042793 -0.232110
-0.922602 -0.772066
1.448062 -0.086848
-0.854796 -0.433622
-0.609997 1.316873
1.228532 -1.729604
-0.919865 0.338728
-0.156164 -0.039497
-0.870682 -0.837659
-1.017168 0.127672
1.279691 -0.528658
-0.916477 0.333950
1.432682 -0.154228
-0.325128 -0.304885
-1.163259 -1.237473
-1.314417 -0.029219
-1.481602 -0.679355
-0.286484 2.222870
1.845732 -0.266090
1.610128 -0.621513
1.187840 -0.799293
-0.982623 0.860871
-0.217486 2.085645
2.245645 0.014423
-0.601599 0.557645
-1.327101 -0.425822
0.382038 1.793260
1.922942 0.024183
-0.943935 0.423861
-1.247587 -0.151876
0.097522 1.442249
1.955588 -0.096868
-1.085899 -1.018238
-0.194054 -0.986708
-1.423406 -0.520282
2.246591 0.149218
-0.646420 0.153448
-0.563122 0.207994
0.291836 1.676232
-0.380424 0.311558
0.638575 -0.199824
0.211185 -0.420896
-0.590049 1.012825
1.681557 0.266165
1.942615 0.292305
1.953250 -0.366062
-0.563178 0.910693
0.771830 -0.653110
-1.075411 -0.901083
-1.640440 -1.251518
-1.166715 -1.162387
-0.986917 0.722975
-0.993980 0.281900
-0.295893 0.070610
-1.230038 0.876341
1.101031 -0.241385
-1.544748 0.107127
-0.867121 1.592841
-1.063571 1.156614
-0.625348 -1.673869
-0.100857 0.216056
2.141778 -0.026298
-0.863660 -0.584882
-1.683121 -0.355381
-0.667938 -0.976618
1.566442 0.024731
-0.927774 -0.212108
-1.329199 -0.470699
-0.156363 0.040414
0.076631 -0.393098
-0.650547 -0.759684
0.825256 0.168312
-1.145111 -0.033875
-0.590112 0.503320
1.219178 -0.816687
-1.223996 0.008583
-1.237425 0.674986
1.595670 0.500513
-0.561856 0.122913
1.460747 -0.659075
-0.915894 0.004753
-0.338805 -0.626166
-0.920223 -0.596409
-1.119733 0.712048
0.622435 1.305129
2.000468 0.074435
-0.872310 1.088041
-1.097590 0.336468
-1.067870 0.025761
-0.930552 1.529202
-0.767076 0.304103
-1.558026 -0.557482
1.804509 -0.712630
-1.059607 0.995175
-1.704380 -1.132601
-1.372020 -0.284353
1.898416 0.122987
-0.274533 -1.149799
-0.451365 0.069580
0.473093 0.008964
-0.092356 0.167281
-1.660535 1.015894
-0.748295 -0.628617
-1.476848 -0.597805
-1.292673 -1.335866
2.324163 -0.147458
-0.088113 -0.920153
0.065864 1.350893
-0.580188 0.129780
-0.752057 0.010270
-1.564459 -0.556733
-0.395751 -0.436003
-1.514625 -0.821116
-1.103260 0.402263
0.209784 -0.364039
1.699090 -0.687871
1.627883 0.096006
0.025400 1.436739
-1.608348 -1.071571
-1.198505 -0.395869
-0.875738 -0.219814
-1.214121 -0.122522
1.960052 -0.470896
-1.310815 0.903804
-0.766159 1.200190
-1.532083 -0.774414
-0.977037 -0.674274
0.973471 -0.773146
-0.842773 0.163228
-0.789066 -0.149055
-0.911670 0.877589
1.143303 0.171833
-1.444863 0.035108
1.814418 0.706242
2.089426 -0.203165
-0.992394 -1.087896
1.814552 -0.357451
-0.128972 1.136029
-1.002987 -0.938862
-1.791394 -1.141947
-1.764343 -0.557155
-1.459945 -0.338834
2.108280 -0.269009
-0.928588 0.520822
-1.546416 0.308888
-0.033646 0.937476
-1.185026 -0.218125
2.211615 0.085811
-0.999087 -0.355556
1.843866 0.194383
-1.244414 0.310648
-1.044927 -0.192442
-1.051037 0.445094
-0.958016 -1.724008
-1.116120 -0.319034
1.298123 -0.029095
-0.470534 -0.011723
-0.556116 -0.720899
1.266842 2.041526
1.869023 -0.220473
-1.134748 0.781018
-1.431051 -0.846645
-0.875518 -0.527012
1.939614 -0.256313
-0.732050 1.320368
-1.078655 0.270313
-1.032030 0.343629
1.734321 0.081221
2.189656 0.056625
-0.832238 0.055274
0.377900 2.019130
-0.994561 -0.215442
1.213551 0.177401
-0.748398 0.943698
-1.666768 -0.539920
-0.807345 -0.306106
-1.266857 0.044772
-1.074103 -0.426715
2.159155 -0.142085
-0.718758 -0.793554
-0.893076 0.159760
-1.045506 -0.458955
-0.196044 2.347628
-0.832379 -0.562022
2.129870 0.016989
0.040326 -0.658783
-0.509508 -0.534888
0.580775 -1.256735
-1.280779 -1.092154
2.262347 0.358618
-1.392266 -0.117657
-0.792643 -1.167850
-0.785762 -0.361832
-0.591190 0.059173
1.828157 -0.281701
-0.430089 1.715124
-0.913646 -1.024804
2.369391 -0.238434
-0.909579 -0.111559
-0.632513 0.582846
-1.856825 -1.460160
-1.938170 -1.623022
-1.445512 -1.098124
-0.646610 0.538422
-0.831380 0.942101
-0.769731 0.320200
1.881666 -0.233526
-0.734473 0.747205
1.414217 -0.265208
-0.987383 -0.104717
2.128904 -0.059228
-0.608789 -0.891397
-0.729106 0.204517
3.124791 -0.145583
-0.330477 0.141083
0.628329 2.115357
1.526818 0.833028
1.322497 -0.624982
-0.253031 2.138056
-1.390756 -1.118356
-0.660605 0.546833
0.916024 0.355974
-1.451293 -0.051234
-1.413493 -0.180266
-0.759066 0.221774
-0.535202 -0.635235
-0.499866 0.255545
0.973997 -0.661317
1.726326 0.209956
-0.936390 1.251275
-0.205133 1.160997
1.561940 -0.302345
2.298109 -0.233876
1.491756 -0.620478
-1.185986 0.974535
-0.809819 0.710214
1.226983 -0.656683
-0.660460 1.095549
1.592706 -0.246495
-0.221675 -0.152600
0.650828 -0.685067
1.295527 0.058170
1.895713 0.234924
1.853087 -0.200196
-1.011422 0.622390
2.320313 0.657441
1.623836 -0.639759
-1.188251 -1.628818
-0.515589 0.753708
-1.329874 0.631117
-0.784198 -0.054431
1.959211 -0.145405
-0.413826 0.726947
2.315660 -0.064258
-0.351655 0.935455
-0.594196 -0.359815
-0.131387 0.356847
-1.840919 -1.312292
1.683465 -0.155627
1.942156 0.176242
-0.987792 0.658227
2.169735 0.336625
0.326143 0.108501
-0.631184 0.402343
1.910199 -0.269042
-1.258356 -0.233167
-1.122301 -0.182416
-0.581789 0.459704
1.770381 -0.640756
1.385700 -0.245658
-0.018532 0.039530
1.389509 -0.192190
-0.588014 0.189163
0.020748 1.540682
1.922106 0.313620
-1.275026 -1.285385
-0.860952 -1.354698
0.110161 0.574399
-1.260709 -1.074811
-1.309492 -0.316245
1.950714 -0.354359
-0.842469 -0.000174
0.134835 0.150481
-1.126852 0.050068
-1.183051 -0.098667
-0.723288 1.108051
2.530024 0.319088
-1.145251 0.739722
-0.456635 0.324060
2.017083 -0.518758
-1.152268 1.200345
0.583265 -0.216983
-0.508925 2.136782
1.232953 -0.117286
2.142260 0.071742
-0.859969 -0.325397
0.004544 0.269030
-1.442045 -0.837866
-0.138233 -0.032623
0.900394 -0.596101
-0.845827 0.873566
-1.220949 0.014977
-0.471150 1.262568
-0.603786 0.278700
0.984036 -1.462184
-0.458063 2.412415
-1.047041 1.022200
2.055775 0.632300
-0.815898 -0.026128
1.123600 -0.415357
-0.964551 0.586411
1.637476 -0.286553
-0.606933 0.989754
-0.746770 1.072578
1.867355 0.059317
-0.660283 -0.757222
-1.179628 -0.372100
-1.222782 -1.046951
-0.848392 -0.770230
1.733028 0.444753
-0.592133 0.468829
1.666724 -0.009047
3.086525 0.143713
-1.998533 -0.077969
2.210825 -0.267368
-0.856380 -1.055372
-0.469249 -1.363691
-0.482844 -1.015491
0.082927 2.414602
-0.561630 0.332962
-0.300826 0.082297
-1.411739 0.264022
0.539598 -1.247468
1.351712 -0.648588
1.944022 -0.313375
-0.806320 0.847316
-0.339935 -0.359909
1.450705 -0.993667
-0.560949 -0.143730
-0.649307 -0.615429
0.783115 -0.598430
2.103717 -0.265711
2.270526 -0.469119
-0.168275 2.242932
1.668670 -0.572562
0.917541 1.788767
0.289437 -0.723400
0.396617 0.106632
-0.652100 0.211102
-1.173995 -0.398779
-1.301924 -0.494486
-0.380003 1.134265
2.302511 -0.339639
-0.560758 -0.772347
-0.750121 1.674303
1.471760 -0.465976
2.388223 -0.226992
-0.983468 0.164704
-0.553383 -0.794496
-1.369801 -0.397780
-0.294598 -0.121637
-0.054647 -1.149394
0.395529 -0.453993
0.043557 1.552490
-0.873072 0.856926
-1.111662 0.033379
-0.163992 1.217018
1.233352 -0.231210
-0.832946 0.346481
-1.296272 -1.082074
-0.048204 1.490413
-1.015268 0.310993
-1.088203 0.302550
-0.790754 0.097647
-1.127909 -1.023329
0.804034 -0.045323
-1.006372 0.590519
-0.315153 -0.264845
1.957606 -0.176278
2.063612 -0.643008
-0.783012 -0.096024
0.185056 0.917030
0.826991 -0.110063
-1.430832 1.554167
2.175327 -0.038315
1.972381 -0.333731
-0.279830 -0.188661
2.229792 -0.378938
-1.033415 0.965179
1.744456 -1.005822
0.583093 -0.863708
0.004682 2.011694
-1.281731 0.542434
0.486602 -0.208051
-1.186211 0.891458
0.256169 0.910270
-0.536044 -0.089047
2.006521 -0.074919
-1.189382 0.342834
-0.635931 1.946458
2.217217 0.225084
-0.411172 -0.265739
-1.099140 0.132616
0.722427 0.556451
-1.467672 -0.173258
-0.741796 -0.664063
-1.240970 0.262109
2.287481 0.217569
1.358308 -0.547767
-1.570073 -0.180364
0.978172 0.199157
-0.746765 -1.193021
-1.401735 -1.537711
-0.228190 0.089777
0.120830 2.309128
-1.065190 -0.170321
0.105459 0.009888
-0.881081 0.411404
-0.106542 -0.848735
-0.466156 0.002921
-1.141961 -0.333987
-0.940209 -1.474969
-0.720484 1.077517
-1.690749 0.475613
-0.020634 0.336140
0.668230 -0.489639
-1.299213 1.179996
-1.119075 0.713512
2.074884 0.761967
-1.557693 -0.358732
-0.928359 0.454124
-1.230851 -0.244089
-0.089921 0.948277
-0.444153 -0.809622
-0.101901 0.224913
-0.815291 0.704466
-0.534530 -0.084887
-1.088659 0.052543
1.140737 0.792599
-0.509694 1.427667
1.998298 -0.332557
-0.926520 0.933129
1.904799 1.973967
-1.319277 0.900667
1.656210 -0.333543
-1.166538 0.523053
-1.337838 -0.668833
-1.588001 -0.934450
0.099541 -1.356419
1.628231 0.502492
-0.479624 -0.784677
2.683757 -0.728317
1.930089 -0.406647
-0.360919 -1.248617
-1.011910 -0.105806
-0.940336 0.230538
-0.807277 1.501296
-0.622625 1.183832
0.306840 -1.006236
-1.203178 -0.444506
2.273263 -0.066363
2.083491 -0.490289
1.207945 1.043805
-0.607134 0.899616
-1.523594 -1.009444
1.528030 -0.138429
-1.130937 0.681815
-0.370996 -1.273606
-0.822890 0.972599
-0.235486 -0.414404
-0.930264 -1.120612
-0.522955 -0.041707
-0.766171 -0.001120
-0.720019 0.723651
-1.344022 -0.618746
2.301908 -0.359252
0.553899 -1.139866
-1.546837 -0.493507
1.157915 0.365853
1.478044 -0.577225
-1.114541 0.217543
-1.501332 -0.392014
-0.224564 -0.849023
-0.277663 0.615649
-0.066383 2.176070
0.427910 -0.907854
1.908459 -0.367736
-0.649735 1.043140
-0.713389 -0.018845
-1.120331 -0.057537
1.186501 0.177645
0.107542 -0.032351
-0.913210 -0.273251
-1.311316 0.451400
-0.753123 -0.704297
-1.079836 0.878233
-0.663217 -1.008671
-0.690359 1.384778
3.090144 -0.513406
-0.965214 0.332134
-0.465153 -0.572436
2.083099 -0.152100
2.295501 0.081394
-0.516528 0.553688
2.101678 0.000715
2.025611 -0.212319
-0.578192 -0.466295
-1.079305 0.479282
-1.062833 -1.007522
-1.523430 -1.019186
2.479550 0.246429
0.119978 0.855312
-1.209194 0.040128
1.795331 0.243254
0.850780 0.322812
-0.439498 0.831234
-0.114060 1.875557
-0.957387 0.163592
-1.313553 0.749309
1.694843 0.126285
-1.300964 0.403161
-0.602066 0.538693
-1.053216 0.228245
0.082508 -0.257376
-1.249821 -0.526094
-0.961280 0.075937
-0.242761 0.465401
-1.155324 -0.993203
-1.156004 0.719693
0.629106 2.396458
-1.468511 0.688981
0.270952 -0.653338
1.638398 -0.449819
2.109969 0.337497
1.559983 -1.357778
1.130889 -0.272177
1.755281 0.051220
-1.484829 0.144864
-1.263767 0.265226
-1.076195 0.334657
2.327024 0.047396
-0.464759 0.509034
-0.463905 -1.281435
0.578144 0.056400
-1.068120 -0.454747
0.188495 0.402599
0.577051 -0.428231
-1.167536 0.145515
0.199145 1.833934
-1.227294 -0.884065
2.114743 -0.285778
1.281839 -0.529685
0.383356 2.059787
2.251344 -0.230642
2.031832 -0.158668
-1.054659 0.076149
-1.251704 0.396046
0.114424 -0.951428
-0.854303 -0.878538
-0.455296 0.085627
-0.757956 1.670404
0.051994 1.774774
-0.336509 1.477968
-0.003605 0.442168
-0.514960 -0.364259
0.957405 1.071607
1.137923 -0.491701
2.319547 -0.302603
1.354600 -0.268459
1.994355 -0.934901
-0.164697 1.557938
1.849960 -0.547431
0.464221 -0.084414
1.645191 0.274188
-1.232948 -1.077866
-0.039617 -0.403084
-0.397177 2.146018
-0.773085 0.433544
-1.496395 -0.530882
-1.449675 0.529752
-1.194431 -0.924123
-1.094742 -0.622150
0.965099 0.252158
0.780743 2.204113
0.627857 -1.226478
-1.072126 0.384504
0.735004 0.252139
0.581207 1.973138
-1.462056 -0.636093
-0.283597 -0.079037
-0.950739 -1.417605
-1.403039 -0.564007
-0.730623 -0.584421
1.216109 -0.732637
1.538460 0.204635
-1.256969 -0.306205
-0.626866 -0.488907
-1.102625 -1.211595
-0.766457 0.285072
1.009457 0.157120
-0.227010 -0.114786
0.281613 0.434001
-0.385550 1.174277
-0.739353 0.408957
-0.406557 -0.358310
0.955291 0.278693
-0.649363 0.357481
-1.690265 -0.924010
0.024622 -0.320597
-1.510540 -0.547557
2.126466 1.043758
-1.463654 -0.462496
2.174336 -0.157120
-1.267324 -0.574018
0.989177 0.199600
-1.345357 -0.360340
-0.111906 1.606740
-0.061453 0.293435
1.299528 -1.181562
0.292055 1.805674
-0.697931 0.290590
-0.230323 1.330996
-1.020124 -0.022678
-0.876340 -0.868910
-0.884530 0.923696
-0.516204 0.875872
-0.988411 0.416318
0.849366 -0.503964
-0.967113 -0.550578
0.453593 -2.018832
-0.465120 0.003584
2.943343 -0.586081
-0.858641 -0.357964
-0.143229 1.729631
1.605491 -0.684218
0.539010 -1.684059
-0.401440 -1.364059
0.054176 0.014757
-1.132652 0.362093
2.210412 0.318838
-1.096616 -0.096934
-1.160428 0.601154
-0.787293 -0.408175
-0.328115 -0.788263
-0.463772 -0.839814
-1.057515 1.100138
1.005025 -1.067413
-1.112767 -0.256572
2.086415 -0.360392
-0.955332 -0.858484
-1.127754 -0.307666
-0.151949 0.327868
-0.963227 0.002075
-1.788858 -0.725558
-1.123411 -0.088521
1.685146 -0.373928
-0.340022 1.079044
-0.639725 -0.025884
-1.118001 -0.866243
-1.069611 0.349912
1.106196 -0.202911
0.988816 -1.063669
-0.004300 -0.271505
-0.443098 0.809226
1.764355 -0.156020
0.452991 1.469175
0.532846 0.204388
2.165967 0.265254
-0.161299 2.345599
-1.078349 0.012352
-1.429321 -0.808456
2.114202 -0.188006
-1.458209 -0.890162
-0.263471 -0.417389
1.701667 -0.556303
2.299029 -0.323109
-0.614861 -0.556147
-0.720060 -0.002951
0.531048 1.676581
0.524129 0.366067
0.362037 0.397810
0.293705 2.420100
-0.222201 0.540061
-1.071494 -0.714386
2.362509 -0.221492
-0.550519 -0.209946
-1.731521 -0.361493
-0.086818 -0.089336
-0.436709 0.538702
-0.878592 0.871586
0.582801 0.082484
1.873716 0.241668
-0.460360 1.172123
-0.916572 0.052870
1.896832 -0.399640
0.206372 -1.052086
1.573202 -0.430972
2.844755 -0.744484
-1.039426 -1.070623
-1.526263 -0.108524
-0.909499 0.623537
-1.091273 -1.190724
1.064696 -0.861571
-0.968496 -0.884343
-1.461619 -0.845301
1.254300 2.136011
-0.398392 0.289420
2.108945 -0.023827
-0.969570 0.288549
-1.086189 1.014187
-0.337265 -1.070738
-1.122697 -0.401222
-0.668172 0.138441
-0.872441 -0.068132
-0.677294 0.855052
-0.595571 0.688631
-1.217934 0.171676
-0.775521 -1.051431
-0.418586 1.160515
0.302447 0.712230
0.869655 -0.596355
-0.319398 -0.202108
-1.337762 -0.862708
-0.662015 -0.902909
0.272459 -0.076043
-0.315271 -0.335841
-0.206695 0.247856
-1.594525 -0.248331
2.115142 0.255599
-0.885720 0.353321
-0.682762 0.958886
-0.971691 0.227059
-0.204444 0.338092
-1.475946 0.198533
1.818058 0.259977
-0.780337 -1.112926
-0.652012 1.144652
1.680002 -0.710933
-1.044378 -0.321430
2.066188 0.352722
-0.918368 0.342585
-1.026665 0.279670
-0.952644 -0.503727
0.061553 -0.378205
0.618793 0.980935
0.840410 0.349989
-0.665449 -0.432671
-1.081705 -1.201819
0.484606 -0.157750
1.290964 0.266473
-0.945519 0.358114
1.551641 -0.201942
-1.505772 0.919767
2.362509 -0.221492
-0.493467 0.274293
1.743029 0.195766
1.280440 -0.650425
-0.938881 -0.631907
-0.191769 2.199718
-0.515255 -0.007307
-0.189751 0.351305
-1.434517 -0.372273
-0.651382 -1.179496
0.833579 -0.483792
-1.332889 0.427108
-1.568465 -1.606657
1.848603 -0.342242
-0.986114 2.066578
-1.194987 1.198025
-0.500501 -0.692616
-0.959650 -0.079267
-1.172501 -0.015128
-0.447647 -1.207606
-1.256898 -1.183777
-0.954365 -0.282993
-0.778282 0.370050
1.301780 0.218620
-0.982669 -0.759605
-0.599172 0.373321
1.448267 -0.468010
0.308455 0.110307
1.456698 -0.332769
-0.975522 -1.457998
2.217449 0.132351
1.394866 -0.570539
-1.699464 -0.738249
0.249209 0.316559
-1.774099 -0.027638
-0.177267 -0.295929
-0.362655 -0.363927
-1.554096 -0.928635
0.804827 -0.275900
-0.936449 0.796026
-0.840249 1.306830
-1.213132 -0.153615
1.696072 -0.402413
-1.243544 -0.404021
1.956904 0.237774
1.836818 -0.063632
-0.792082 0.292166
-0.437747 0.187587
-1.113629 -0.225947
-1.322234 -1.154228
1.026770 -1.197406
2.093786 -0.221994
0.403565 -0.194539
0.629503 0.478678
-0.653248 2.016298
1.542916 -0.525367
-0.388841 0.122957
0.848291 -0.248218
-0.423050 1.279233
-0.096656 -0.568560
-1.250730 0.397711
-1.200031 0.123405
-0.945931 0.519628
-1.698588 -1.142639
-1.229639 -0.020812
-1.048521 0.410707
-0.782613 -0.052930
0.231974 1.198184
1.703137 -0.267471
2.218604 -0.519935
1.020667 -0.234723
-1.624000 -0.780595
1.665978 -0.138089
0.658763 -0.228172
-1.048634 -1.050832
2.261708 0.085883
-0.996300 0.387435
0.994832 -0.212108
-0.760728 -0.438148
-1.030729 -0.711938
-0.593409 1.262600
-0.497706 0.001138
-0.864265 0.273763
-0.971216 0.208532
-1.160492 0.239812
-1.548029 -2.634774
-0.394094 1.314492
-0.838834 -0.486655
1.699037 -0.264370
2.653689 1.674912
-0.889415 0.037787
1.908768 -0.583799
-1.285610 0.293772
1.644679 -0.536894
1.821509 0.429055
-0.920204 -1.555544
-1.452909 -0.913273
-1.286231 -1.388793
0.723848 1.535814
-0.254977 2.078077
0.158291 -0.766594
0.871793 -0.361835
-0.454656 1.357220
-0.481166 0.755740
-0.943289 0.538312
1.113340 -0.130966
-1.638930 -1.814837
1.708713 0.194350
0.247518 1.842918
0.706939 1.125453
-0.624555 -0.254017
-0.958365 -0.507382
-0.705615 -0.143612
-1.631405 -0.054744
1.396057 1.798717
1.416598 0.327551
-1.076287 0.554246
-0.392863 -0.325206
-1.143063 -0.610294
0.653662 -0.924996
1.497918 -0.063894
-0.750307 -0.181179
-0.880358 1.387798
-0.473867 -0.561450
-0.050667 1.223696
-0.869253 1.053284
-0.338788 -0.374069
-1.017735 -0.682962
-1.018308 -0.981258
2.052016 1.084934
-0.475023 0.395736
-0.865430 0.222853
0.504065 1.996929
-1.791327 -0.407443
-0.251313 -0.514940
-1.028771 -0.734622
1.008372 1.387472
-0.318904 -0.915221
1.803930 -0.552688
1.569171 0.115780
0.674529 -2.009282
-0.384806 1.263608
-0.076297 2.001887
-0.095540 -0.924779
0.288581 2.076462
-1.057611 -0.730090
-0.893073 -0.654377
-0.878503 -0.353934
-1.268797 0.519855
0.823785 0.097647
1.588058 -0.723495
1.393126 0.249021
-0.656307 0.237060
0.269501 -1.112443
-0.785784 0.396939
-1.007668 -1.172381
-1.180710 -0.210397
-0.849494 1.197154
-1.065563 0.802542
0.834062 0.959564
-0.970140 -0.623127
-0.382943 -0.416251
-1.673641 -1.202629
-1.490455 -0.104325
-1.186683 -0.170824
-0.521053 0.916486
2.007644 -0.055998
-0.627156 -0.288751
1.670382 -0.367256
2.045682 0.209016
-1.180252 0.228066
0.113919 0.005130
-0.906926 -0.432765
0.195661 1.431688
2.743880 0.493710
2.230458 -0.126091
2.465946 -0.675364
-0.982199 -1.016913
1.322629 -0.614385
0.436535 -0.195344
2.053547 -0.069427
0.104293 -1.216357
-1.079743 0.984260
2.200315 0.148828
-0.919282 0.162577
1.588414 -0.627637
0.769081 -0.544764
-0.591083 1.809977
-1.579400 -0.817371
-1.418475 0.006438
-0.205116 -0.565490
0.551525 -0.743682
1.547143 0.452555
-0.888410 0.394444
-0.499844 -0.840504
-1.025628 0.050324
0.544340 1.700648
-0.733587 0.149412
-1.564479 -0.893682
1.735879 -1.374783
-0.490473 1.114846
1.937058 0.337058
2.080529 -0.064108
1.633218 -0.764880
1.930523 -0.198304
-1.006051 -0.981997
-0.969354 0.162360
-1.500967 -0.827474
0.997515 -2.162671
0.982146 0.162412
-0.736984 0.015805
-0.728078 -0.284642
2.135980 -0.830015
-0.684514 -0.470275
-0.653710 -0.474952
-0.182232 1.898906
-1.547000 -0.675600
-1.056828 0.255049
-0.322194 -0.812975
-0.977692 -0.152274
-1.179886 0.035510
-0.856155 -0.542725
-0.924111 0.019133
-0.483298 -0.406003
2.016801 -0.540358
-0.730676 -0.465209
-1.539636 -1.336523
1.549432 -0.542286
0.099633 1.169254
-0.481385 0.616802
0.948485 0.318981
-0.870706 -0.762815
-1.349026 -0.356131
-1.198102 -0.720677
-0.443780 -0.293887
-0.305453 -0.135403
2.187564 -0.412101
-0.550259 0.331641
-0.206444 1.914519
-0.764499 1.597278
-0.233167 1.428997
-0.414002 -0.714215
1.039757 -0.267975
-1.111517 -0.444583
-1.119703 -0.125167
0.174226 -0.691505
1.795165 -0.044851
-1.515650 -0.647058
2.129997 -0.285472
0.868844 -0.515680
0.945912 -0.707202
-0.787972 0.685131
1.264208 -0.198056
-1.071822 -0.601118
-1.254663 -0.011575
0.282928 0.374424
1.828936 -0.391444
-0.570977 0.280041
-0.666833 1.556007
-0.917492 1.746208
0.050598 -1.778008
-0.769318 0.355726
-1.864441 -0.848229
0.165481 -0.449572
0.036932 -1.269954
0.415307 0.265087
-0.578395 2.381767
1.420813 1.169420
1.887735 1.141144
0.472543 -0.968448
-1.466213 -1.113016
-0.790314 1.167086
-1.338926 0.055724
1.691325 -0.285395
-0.343947 -0.680154
2.044921 -0.165118
-0.775913 -0.329537
0.833508 1.539441
-0.586881 -0.666153
1.443156 -0.257749
1.796603 0.352376
1.767104 -0.020528
-0.733275 0.450736
-0.839991 -0.431675
0.023835 0.487211
-0.811569 0.610250
-1.261318 -0.303916
-1.936249 -0.733559
-0.457333 1.629010
-1.451680 -0.937768
-1.176160 0.558962
-1.438424 -0.206661
2.255726 -0.286140
0.455766 -1.291469
-1.092905 0.215703
-0.853451 -0.250016
-1.040427 -0.320452
1.620356 -0.072152
1.267515 -0.491491
1.487388 0.012850
1.689689 -0.216785
-0.542413 0.893445
-0.964163 -0.067863
-0.659973 -0.384244
-0.704352 -0.789986
-0.551233 -1.044518
2.259257 -0.221084
2.006543 -0.550182
1.121617 -1.019632
-1.555259 0.491685
2.311641 -0.214246
0.954013 0.190001
-0.388193 -0.704001
1.203592 -0.974999
-0.474367 0.146726
1.905970 -0.503486
-1.038261 -0.373799
0.169292 -1.699549
-0.797622 -0.193753
-1.617804 -1.084167
-0.787953 0.558525
-1.025073 -1.136405
-1.155915 0.757951
-0.448703 -0.184937
2.176571 0.187887
1.705793 -0.585509
-0.124149 0.050410
2.117647 -0.365556
-0.506148 1.109142
-1.203843 -0.471064
1.461175 -0.506366
-0.115954 -0.793264
-1.099559 0.439939
0.937567 0.100655
-0.494681 -0.320123
-1.349373 -0.373234
-0.134560 1.220392
1.228407 -0.440094
1.021533 -0.030406
0.200742 0.395985
-0.787631 1.110180
-0.437400 0.552607
1.542811 0.830243
-0.873321 1.991216
0.685808 1.909528
-1.208541 -0.090107
1.739595 -0.156756
0.634472 1.523332
-1.704001 -0.162198
-0.948144 0.546681
-0.622036 -0.198987
1.348504 0.645267
-0.830028 0.897969
-0.911305 0.555000
-0.842489 -0.087674
1.046991 0.952455
-0.292506 -0.597352
0.710983 -0.674015
2.256157 -0.102084
1.335957 -0.621310
-0.498819 1.489897
1.186817 -0.878320
-0.517502 -0.910104
2.177117 -0.369492
0.993933 2.033611
1.892542 -0.193640
2.167979 -0.132774
0.827450 -0.672708
2.044209 -0.017097
0.104948 0.957762
1.836494 0.084197
0.055547 0.662574
1.779030 -0.732360
-0.616353 -0.557777
-0.983453 1.322093
-0.994213 0.858167
-0.688050 0.688849
-0.853001 0.220602
-0.119631 0.026290
-0.516332 -0.782292
-1.213591 -0.739938
2.158917 -0.303447
-0.979374 -1.023912
-0.848387 1.251285
-0.279828 -0.570441
-0.737298 0.709772
3.355778 0.166073
2.362509 -0.221492
2.088059 -0.211663
-0.658679 1.447255
2.064549 0.174859
1.648377 -0.160779
2.073762 -1.310980
2.388223 -0.226992
1.460249 -0.679755
1.876869 -1.166382
2.340944 -0.253813
-1.196077 0.296484
-0.089133 1.152839
-0.654527 0.333410
-0.469652 0.761946
-1.126029 -1.185855
-1.273961 -0.415550
-0.341467 0.358896
1.826954 -1.562500
-0.379835 0.246215
-1.118028 0.604748
-0.871506 0.312817
-0.121886 1.290719
-0.296906 -0.037935
-0.568633 1.382821
-0.352936 0.894773
-1.453764 0.393272
-1.792874 -0.781238
-1.271834 -0.021673
-1.169908 -0.116573
-1.139761 -1.162822
-1.452268 -1.172236
-1.671172 -0.176212
-0.324907 -0.752029
-0.287745 -0.926063
1.968047 -0.525553
1.662172 -0.003327
-0.744299 0.462521
2.388223 -0.226992
-0.278445 -0.642802
-0.747009 -0.559925
-0.375893 0.009225
-0.119096 -1.150809
-0.576408 0.089456
-0.312821 -0.197509
-0.127351 -0.087198
-1.578363 -1.329336
-0.808695 1.048541
1.627979 0.273365
-0.368219 -1.356456
-0.696610 -0.930814
1.251526 -0.850042
-0.441681 -0.774199
-1.403726 -1.385938
0.638280 1.473530
-0.466504 1.199593
-1.445735 -0.538150
-1.342681 1.379734
1.379566 -0.160514
-0.648767 -0.324584
0.172234 1.310356
-1.214505 -0.590414
2.143118 0.040799
-1.710122 -1.037555
-0.968781 0.401553
-0.976765 -0.387531
-1.619387 -0.132318
-0.124011 -0.499211
1.950346 -0.323857
0.256255 0.022310
1.422343 1.327704
0.928764 -0.331411
-0.815791 0.026836
-0.696095 -0.935951
-1.235705 -0.171181
-1.725177 -0.944121
-1.204858 0.668924
1.917001 -0.257522
-0.600695 -0.718757
2.293006 -0.043209
0.300290 -2.048488
-1.111870 -0.616489
2.144779 -0.188070
-0.636074 -0.886096
-0.211380 0.038664
-0.582682 0.112594
-0.053438 1.429644
-0.793142 1.181796
-1.340874 -0.433073
-1.041673 -0.777035
0.319917 0.087731
1.818604 0.571253
-0.702917 -0.391369
-0.927719 1.778124
-1.190212 -0.671286
1.691540 -0.427815
2.002477 -0.309617
-0.653718 0.097393
1.128284 0.695621
-0.953759 -1.152944
1.908519 -0.168967
-0.105921 0.606656
1.076684 -0.158857
-0.220685 -0.878950
-0.802521 0.922564
-0.637383 -0.752169
-0.895508 -0.758712
1.781556 -0.633347
-1.143535 0.526146
2.009519 0.185138
-0.815311 0.686687
-1.487291 -1.572966
-0.604135 -0.384128
-0.799777 -0.156770
1.843407 -0.190109
0.365430 -0.953616
-0.637509 -0.422014
-1.626034 -1.048974
-1.021016 0.453342
2.156202 -0.272567
0.450512 -0.646743
-0.287956 0.257886
-0.344827 -0.724613
-0.069960 1.362102
-1.353823 -0.571665
-0.909853 0.944617
2.158365 -0.323145
-0.976040 -0.536302
1.854171 -0.083735
-1.447199 -0.977538
0.550843 2.244557
1.945796 0.192682
-0.517304 0.478499
-0.709141 0.505560
2.039280 -0.316242
-1.364272 0.960137
-0.465035 0.194273
-0.245875 0.969650
-0.911876 -0.498945
-1.261923 -0.879138
1.765434 1.125755
-0.877015 -0.484458
-1.283208 -0.322453
0.283399 -0.617200
-1.218084 -0.682802
2.062195 -0.036823
-0.364310 1.511232
-1.046282 -0.289914
-0.731449 -0.633780
0.027413 -0.840575
2.207205 -0.318315
2.287150 0.153282
1.896574 0.873382
-0.336799 0.434265
1.085939 1.957591
0.693909 2.071569
-0.794717 0.411789
-1.148464 -0.926355
1.329378 -0.935743
-0.819161 0.100816
0.570680 -0.848478
-1.708596 0.342166
0.967187 -0.962856
0.024546 -1.142481
0.506885 -1.506541
-0.917683 -0.126086
-0.775485 0.503345
-0.315424 1.726318
1.990817 0.068230
2.021770 -0.255851
-0.912051 -0.934862
-0.979368 0.107742
1.743822 -0.180691
-1.387348 -0.317103
-1.166837 0.194781
-1.046536 -0.391732
-0.972620 1.320161
-0.638517 0.629203
-0.300775 1.534687
0.672120 0.047246
-0.822972 -0.780218
-0.839887 0.046543
-1.134850 -0.869107
-0.732912 -0.762615
-0.828066 -0.693827
-0.773477 0.230667
-1.677015 -0.547615
-1.179255 -0.510288
-0.338516 -0.439762
-0.758812 0.149867
-0.659223 0.441307
-0.318294 0.112972
-1.205964 -0.349812
1.659590 -0.090639
-0.665116 0.123349
-1.239629 0.182712
-0.591421 0.039866
-1.092510 1.171491
-0.553212 1.358881
-1.278718 0.885423
1.942528 0.246386
2.021892 0.078589
1.480921 -0.128563
-0.225454 0.264879
2.016030 -0.084024
-1.152262 -0.501688
-1.601720 -1.529846
2.143112 -0.401485
-0.856999 -0.458556
1.892557 -0.014199
-0.118639 -0.148138
1.773346 -0.556053
-0.667570 -1.139423
-0.594039 0.293017
-1.545278 -0.490750
1.642661 -0.622541
-1.228257 -0.892897
1.063053 0.021374
0.260874 2.341427
0.337108 1.445804
-1.096488 -0.074236
0.002163 1.856459
-0.577670 0.448435
-0.287016 -0.005688
-1.119368 0.080577
-0.737658 0.222068
-0.445727 0.513388
-0.121941 -0.802957
-0.580549 0.017514
0.421380 1.615744
0.318036 -0.614473
0.765899 -1.430358
-0.916801 0.836201
1.980546 0.701762
-0.006662 -1.028605
-0.201790 0.112308
-0.910464 -1.011229
-0.976893 0.514306
-0.911557 -1.376837
-1.209506 0.095568
-0.174318 0.087959
-1.438677 -1.491706
2.457099 0.040995
-0.802487 0.105216
0.260664 0.844511
-0.603989 0.207215
0.795092 -1.711242
1.811444 -0.348664
-1.284595 0.073199
-1.098250 -0.993520
-1.075604 -0.410646
-1.497165 -0.043184
2.289912 0.124423
0.880907 1.900714
-0.560667 1.965131
-1.140603 0.004439
-1.448241 -0.559188
0.286879 -1.669505
-0.810792 -1.635383
1.711905 -1.308674
-1.421236 -0.345828
1.172254 -1.486809
-0.069577 -0.766778
-1.622735 0.042783
1.603277 -0.537958
-0.101223 0.518585
2.265342 -0.068005
-0.697960 -1.141345
-1.066509 -0.554251
-0.305251 1.537593
-1.582477 0.513574
-0.640107 -0.933034
-1.031609 -0.621848
-1.462833 0.260501
-0.915214 0.195144
1.634147 1.385240
-1.258630 -0.559061
2.178091 -0.658373
-1.547428 -0.840324
2.041734 0.553418
0.191872 -0.218272
-1.633493 -0.955640
-0.573144 0.347336
-1.224074 -0.138648
-1.198622 -0.719278
-0.966715 -0.909767
-0.831446 -0.250568
0.520858 0.617184
-0.503616 -1.113686
2.005016 -0.137080
1.291579 0.015787
-1.409782 -1.146569
-0.234292 -0.319677
-0.521655 -0.231817
-0.682249 0.235203
1.385874 -0.790513
-0.671358 -0.566106
1.218241 1.785942
0.986207 -1.539093
0.366924 2.213973
-1.051569 0.026452
-0.320729 2.147860
1.073282 -0.743448
-1.842544 -0.290540
2.122981 -0.071102
-0.918158 -1.163212
-0.106184 -0.250853
-0.626922 0.959004
1.081210 0.048137
-1.446423 -0.569991
-0.737654 0.039846
-0.963935 0.767270
1.938801 0.116959
-1.114291 -0.006126
-1.251675 -0.616679
-0.153876 0.671427
1.657543 -0.304683
-0.661401 1.027841
0.305013 0.858212
2.035556 0.111906
-0.766381 1.678260
0.485739 -0.530196
2.312160 0.152440
-1.636423 -0.657691
1.208874 0.381607
-0.604691 0.802252
-1.889615 -0.647255
0.099981 -0.024412
-0.700683 0.317416
1.833410 -0.250983
-1.098052 0.681236
-1.236809 -1.461125
-0.944221 0.591923
-0.600716 0.571657
1.094674 -0.856971
0.635681 -0.434872
-0.932156 -0.004398
-1.116084 0.495559
-0.330474 0.000378
-0.158922 -0.013767
0.431457 -0.759290
2.522818 -0.147420
-0.869393 0.309334
-0.074620 0.707712
-1.439270 -1.067275
-0.668362 -0.075608
0.832395 1.116278
-0.933605 -0.140109
-2.264247 -0.719054
-1.074743 -0.256557
1.447461 -0.585640
-0.228856 0.649691
-1.242359 1.131601
-0.343548 -1.281831
1.027003 -0.807663
1.001848 2.556584
1.352642 -0.690945
-0.846826 0.792501
-0.795011 0.093162
-0.005960 -0.328654
0.767957 -1.123801
2.018280 -0.263406
-0.788633 0.925046
0.922431 0.825248
-1.397563 -1.135983
1.512784 -0.692524
-0.323764 1.386816
-0.707304 1.018766
-1.409465 0.753587
-1.331754 -0.868616
-1.311629 -0.479478
2.200634 0.168412
-1.637597 -0.116614
-1.295542 0.560508
-1.566477 0.093746
1.199693 -0.343596
1.499764 -0.503725
-0.308230 0.382080
0.163343 1.930626
1.645542 2.234446
-1.470509 -0.128981
-1.486228 -0.982274
-0.443943 0.064383
1.640552 -0.247085
2.323405 -0.005855
-1.162028 -0.262389
0.123075 1.864136
-1.110517 0.967002
-1.907722 0.131944
-0.872145 0.797767
-0.925217 -0.380353
0.612148 -0.420106
-1.336319 -0.471199
-1.061472 -0.677260
-0.687624 -0.371714
-0.590155 0.571870
-0.536108 -0.463357
-0.769457 -0.624888
1.656494 0.145601
1.483501 -0.141880
0.913241 -0.996045
-0.645853 1.265693
2.592286 -0.508299
1.187233 1.941118
-1.771037 -0.966757
0.987002 0.090826
-1.279120 -1.346602
2.084356 -0.025061
-0.585840 -0.483736
-0.600113 -0.957140
2.048085 -0.393675
-1.003420 0.498432
-0.890339 0.381576
-0.247683 1.176891
-0.376477 0.341684
-1.405358 0.701640
-0.618344 -0.630213
1.865166 0.286630
-1.049479 0.422240
-1.044667 0.133310
0.658045 0.535349
1.726261 -0.453583
2.100355 -0.329568
-0.122606 0.825164
1.576247 0.283474
-0.630977 2.250053
-0.890222 0.279319
1.229341 -0.885979
1.748258 0.078475
-1.978827 -0.910007
-0.936523 0.649555
1.494054 0.739556
-0.047315 2.113541
-0.701771 -1.155629
-1.149273 0.231345
-0.962648 0.782091
-0.993623 0.283981
-0.691014 -0.266910
-0.978476 -0.508144
-0.431305 -0.303035
-1.541956 -0.176902
-0.208301 -0.078562
-1.970494 0.095591
-1.389178 0.400285
0.989269 0.446451
-0.270535 2.666459
-0.342184 1.227551
0.763309 -1.184997
-0.862828 0.532160
1.757873 -0.024929
1.312272 0.262382
1.129624 -0.725814
-0.403187 1.201994
-0.486449 0.863673
-0.640854 0.160964
-0.262284 -0.377493
1.123747 -0.982540
-0.171081 -0.362449
-0.519690 -0.435201
-1.011800 -0.212387
-1.171703 -0.391062
-0.698437 1.168789
-0.531686 0.010837
1.878859 -0.261781
0.038584 0.026318
-0.979688 1.472602
1.410934 -0.645780
2.196577 0.020347
0.022962 0.225660
0.800934 0.087370
-0.862704 -0.113249
1.748351 0.108435
1.802622 0.097657
-1.587084 -1.097810
-0.531898 0.350265
-0.621798 -0.029000
-0.191800 -1.048260
-1.313709 -1.022848
1.505208 -0.695167
-0.521615 0.535763
-0.305110 -0.699024
-0.754378 -0.537104
1.311811 0.024768
-0.846157 -0.480035
-0.533468 -0.707441
2.062845 -0.190071
0.289382 0.013195
-1.045060 0.950980
1.294521 -0.320376
-0.902068 2.005886
2.362509 -0.221492
0.294949 1.997646
1.385741 -0.098359
-0.640557 0.675282
-0.988288 -0.118967
0.949146 -1.309466
2.151710 -0.462572
-0.239985 -0.392217
1.828941 -0.003875
-1.226728 -0.747176
-0.812842 -0.386660
-1.215245 -1.153252
0.303827 0.112387
0.467990 -0.760577
1.870578 -0.275684
1.539174 -0.168346
1.585477 0.200346
1.943598 0.082352
-0.345195 0.934905
-1.935097 -0.790164
-0.981263 -1.266974
-0.998911 -0.202034
-0.979262 0.398928
-0.724345 -0.676838
-0.451080 -0.629616
-0.888506 -0.211767
0.008390 -1.141195
-0.734252 -1.013764
-1.152489 -0.425821
-1.758760 -0.907705
-0.858761 -0.752756
-0.986621 0.145000
-0.451369 0.658228
-1.398507 -0.352139
-0.896615 -0.586373
-1.887554 0.234854
1.619065 0.075558
-0.796782 0.530339
1.532389 1.096766
1.893283 -0.048347
-1.165640 -0.266221
1.504851 -0.160269
-0.710621 -0.113908
0.747482 -0.135638
-0.967629 -0.644086
2.234717 -0.249231
-1.305438 -0.747933
-0.035039 1.141564
-0.606938 -0.692869
-0.058427 -0.355197
1.507024 -0.257827
1.298070 -0.915488
-0.839229 0.027177
2.073589 -0.534736
-0.846406 -0.432322
1.059199 -0.689309
-1.159398 -0.070924
1.401397 -0.722994
-1.241874 0.332931
2.199961 -0.253452
-0.691934 -0.455781
-1.540458 -0.700951
-1.397519 -0.238292
-1.026562 0.522629
-0.769109 0.071987
-0.183916 0.487310
-0.625969 0.118073
-1.614453 0.436880
1.628574 -0.441102
-0.630421 -0.162612
-1.079967 -1.277657
-0.367974 0.357829
-0.451174 0.463993
0.151415 0.597999
-1.644167 -0.070245
0.220617 -0.246174
-1.204303 -0.332138
0.697510 -0.377725
-0.487204 -0.445550
-0.373182 -0.614939
-0.818131 -0.013658
-0.107693 -0.544218
-0.829709 0.708232
2.180491 -0.315430
0.030870 -0.490922
0.862446 2.623773
-1.169313 -0.670462
0.898602 0.082132
-1.221458 1.231325
-0.835167 -0.875471
-0.752806 1.204284
-1.313860 0.216729
-1.434989 -1.048941
-0.947848 -1.120854
-0.896358 -0.459949
0.308167 -0.417513
2.267026 -0.208382
-0.985855 -0.786017
0.213006 2.209330
1.336883 -0.164296
-1.135466 -0.894976
-0.953825 -0.018131
1.923524 0.201983
-0.601657 0.574557
0.643445 -1.279329
1.868063 0.578951
-0.853865 0.489211
-0.912684 -0.495519
-0.014782 -0.627584
-0.397095 2.114570
0.391061 2.035848
-1.655001 0.141574
-0.470242 0.468987
0.939579 -0.174319
-0.838795 0.219912
-0.576874 0.515970
0.416999 1.496898
0.381904 1.089230
-0.805100 -0.236800
-1.102066 -0.202350
1.931964 0.212219
-0.316541 1.530190
0.197111 -2.261205
-0.870650 1.451623
-0.840767 -0.435543
-0.216112 0.123520
-0.767669 -0.401986
2.184957 -0.099450
0.316348 -0.495286
-1.445808 -0.742870
0.685630 0.760336
-1.299780 -0.384766
2.195843 -0.295295
2.189812 -0.097159
-0.928667 0.414523
0.105954 -1.344967
0.926850 1.689847
-1.026801 -1.080902
0.677506 -0.912801
0.799412 0.436724
-0.408206 -0.933774
1.549179 -0.459603
-0.018340 0.309533
1.110588 -0.280745
-0.290352 -0.486389
2.103445 -0.445219
-0.808930 0.469487
-0.690980 0.197771
2.320543 -0.039541
-0.443446 0.362130
1.480021 -0.227226
2.176912 -0.170488
-1.056453 0.235810
0.935696 -0.193937
1.696879 -0.594074
-0.437646 1.407985
1.660398 0.633958
2.247999 -0.181783
2.949420 0.789521
-1.510398 0.842403
-1.275492 -0.835122
-0.889658 0.771053
0.100890 -0.098010
1.089517 -1.233960
0.917092 0.889874
-0.524612 0.796715
-1.136904 -0.656519
-0.074285 -0.580645
1.859623 0.054885
1.877418 0.216853
-0.800111 0.167838
2.362509 -0.221492
-1.617823 -0.404979
-0.139915 -0.751992
1.754888 0.313111
-1.086725 0.188496
1.135018 0.452662
1.611830 0.127592
-1.269888 1.480828
-0.530053 1.157781
-0.658007 -0.284977
-1.116267 0.474223
-0.035259 -0.528817
-0.813717 1.237333
-0.814398 0.850673
-0.387720 0.215712
-1.137039 -0.705536
-1.064934 0.126414
1.534808 -0.400503
-0.961929 -0.770023
1.519200 -0.699887
-0.906405 -2.203798
1.190499 -0.316772
-0.870484 0.151573
0.875296 1.503162
-0.294586 0.446719
-0.908010 -0.413320
-0.884763 0.049377
-0.196711 -0.872582
0.767500 -0.803465
-0.752930 0.500242
1.336105 -0.735886
2.486766 0.220727
-0.787809 0.285856
-0.427780 -0.497898
1.945244 -0.074313
0.278175 1.503932
-0.767825 -0.471958
2.250068 -0.443604
-0.759180 -0.011634
-0.720292 -0.169141
-1.166688 -0.344690
-0.492881 0.305310
-0.827036 0.468742
-0.789738 -0.163387
2.023693 -0.058769
1.128598 -0.761499
0.762681 -0.922523
1.592469 -0.186666
2.388223 -0.226992
-0.997207 -0.325748
-0.983130 0.305895
-1.163973 -0.600469
-1.119357 0.566819
-0.197682 -0.582048
-0.746283 -2.219193
-0.901436 0.283368
-0.639363 0.144917
-0.151026 1.911752
0.209640 -0.232270
-1.073398 0.516953
2.171442 0.098860
-0.305873 0.012826
0.761165 1.596759
-0.604096 -0.429855
2.388223 -0.226992
-0.805241 1.387597
-0.775086 -0.531492
-0.356210 1.031871
-0.556203 1.593015
-1.533940 -0.570912
0.690804 1.383490
-0.587430 1.392798
-0.863491 -0.078367
-0.277382 0.267314
-0.533500 -0.490969
0.996154 -1.122721
-0.068873 -0.292344
0.200689 2.002464
0.909643 -0.334866
1.001876 -0.732695
2.149271 0.212182
-0.832274 0.527603
-0.461414 -0.614473
-0.180517 0.097428
1.248810 -0.432680
1.668994 -0.669482
-0.894029 0.239489
-0.517046 -0.974040
2.174083 -0.454107
-0.843038 0.533282
-0.875683 -0.954203
2.142636 1.002097
1.923601 0.055923
2.082137 -0.271995
0.274778 0.272691
-0.623084 0.361974
0.894205 0.319179
1.060796 -1.661495
-1.509798 -0.512264
0.302808 0.726056
-0.628012 -0.020110
1.797034 -0.029923
1.687257 -0.633925
-0.609004 -0.384106
-0.757000 0.394491
2.048577 1.859626
-0.934100 -0.437293
1.807915 -0.167728
1.034445 0.273185
-0.092996 -0.034538
1.175810 -1.393540
-0.610943 -0.151249
-0.753372 -0.931519
1.095890 -0.875074
-0.620918 2.354703
1.972517 -0.344480
-1.511594 -1.416470
-0.788147 1.200600
-1.598368 -0.239701
0.984986 0.936150
-0.564480 -0.363917
-0.859171 1.170636
1.966428 0.411496
-0.212736 -0.788886
1.594493 0.166146
-0.583440 -0.898891
1.654000 -0.657428
1.789003 0.148614
-1.641992 -0.260055
-1.184897 -1.023661
-1.050160 0.124852
-1.193130 0.852824
0.833915 1.931382
-0.620484 -0.634110
0.728076 1.398141
-1.044032 1.403861
-1.427223 -1.241568
-0.111500 0.257849
0.291905 1.516589
-1.139605 -0.725602
1.466679 0.311466
-0.581437 0.582387
-1.352669 0.004949
2.002384 -0.170719
-1.161877 0.400682
-1.489617 -0.373505
0.491748 1.884314
-0.692356 1.915349
-1.430245 1.015707
-0.705269 -0.288601
2.204263 -0.434002
-0.381147 1.285882
-1.197277 0.967741
1.435065 0.448818
-0.467663 1.997120
1.746654 -0.315467
-0.089950 0.188999
-0.826128 0.791757
-0.928564 -0.730792
-0.923094 0.558136
0.633761 -0.403386
2.085244 0.154096
-0.053971 -0.067586
-1.135962 0.667987
-1.162898 -0.165348
-0.793985 1.171740
-0.116320 -0.935585
-0.701971 -0.227527
1.690917 -0.230557
-0.518806 -0.358053
-1.126351 0.543995
1.376989 -0.503561
-0.384692 -0.931834
-1.523326 -0.764368
-1.205072 0.619127
1.356293 1.845775
1.716516 0.027524
-1.149506 0.348911
-0.856313 -0.796872
0.124675 1.641438
-1.470576 -0.701241
-1.116883 -0.551121
-1.068701 0.796859
-1.072104 -0.890881
0.595992 0.279430
-0.842634 1.740914
1.715582 -0.184828
-0.055208 -0.515994
-1.391584 -0.492864
2.191620 0.161122
-0.537429 1.114078
-0.706398 1.377167
-0.669179 0.277590
0.706563 -0.412759
-0.721263 -1.254128
-0.449955 -0.565574
-0.414648 -0.033988
-0.919316 -0.318209
-1.302884 -0.758973
-1.266901 0.323529
2.255726 -0.286140
-1.094738 -1.176588
-1.395651 0.204382
-0.795679 0.425215
-0.680587 0.035107
1.805378 -0.112248
-0.493193 2.313796
0.874066 -0.896206
-0.976717 -1.486335
1.061989 -1.740294
0.910826 -0.133449
1.831727 0.021455
2.262400 -0.396784
1.687573 -0.299515
-0.407332 1.814445
-0.602984 0.780265
1.983544 -0.213372
2.018192 0.195811
-0.490500 1.065511
2.207276 -0.321413
-0.233800 1.413053
-0.350275 0.315705
-0.831864 0.448026
2.235342 0.262211
-1.296641 -0.387991
2.331056 -0.827611
-0.979789 -0.219215
2.237585 -0.955286
-0.495819 -0.766643
-1.482399 -0.695525
1.364173 -0.097549
0.443324 -1.409863
-0.830790 0.018576
-0.952757 0.400490
-0.392969 0.691653
-0.864027 0.414092
1.798284 -0.266821
2.258286 0.162194
-0.658917 -0.527929
-0.789762 1.130019
-1.201993 0.182194
-1.130933 -0.194098
-1.240217 -0.344036
-0.357285 -1.205218
-1.306538 -0.196397
0.027583 -0.785919
1.803120 0.353633
-1.688305 -0.965885
1.336150 0.007632
-0.902430 0.960954
-0.876003 -0.865561
-0.964897 -0.557625
-0.604065 0.480738
-0.678874 0.139259
-0.257282 0.241074
-1.035658 -0.069265
-1.057946 -0.517081
1.103028 0.677513
-1.185081 0.380894
0.204098 -1.471676
-0.956321 -0.817388
-1.064238 0.245810
-1.268412 0.105801
0.876653 -0.896145
-0.740711 -0.628794
1.823926 -0.014637
-0.451163 -0.031343
-0.572640 1.659031
-0.886409 1.075919
0.139365 2.014854
-0.640272 0.465625
-0.652065 -0.041346
-1.404171 -0.136271
-1.106240 -0.351411
2.165713 1.194366
-0.758265 -0.970146
-0.398674 2.224136
-1.405432 -0.034286
-0.558571 -1.863067
-1.286208 -0.101630
-1.258943 0.971982
0.024155 -0.405724
1.589283 -0.637202
-0.108884 1.097127
1.357717 0.046214
2.335418 -0.070610
-1.069857 0.677780
-1.440994 -0.043945
-0.758942 0.195725
-1.562573 -0.295515
-0.726709 -0.421698
-0.709921 1.450914
0.027079 -0.552003
-0.865883 -0.301296
-0.722903 -0.236635
0.229205 1.746203
-1.545278 -0.597224
-1.491030 1.149531
-0.517260 -0.727014
2.071148 0.046243
-1.257478 0.490157
-0.804748 -0.103433
-0.019212 -0.232229
-0.941705 -0.003170
-0.318657 1.789025
-0.672756 0.765871
0.924097 -0.093781
-0.659601 -0.754325
1.783621 -0.182661
-0.860195 -0.266104
1.737701 -0.076123
-1.271613 -0.575315
-1.522101 -0.416037
-1.748545 -1.379742
1.158148 0.333781
0.158339 2.085009
0.938036 -0.789217
0.787915 -0.685928
2.049149 -0.186796
1.690868 -0.564643
-0.310011 -0.388989
-1.232002 0.879223
-1.021336 0.005869
-0.300442 0.277819
-0.712380 0.474467
1.847464 -0.569432
-1.061167 -0.611444
2.034475 -0.179980
-1.084538 -0.134615
-0.983266 0.375158
-0.329340 0.552372
-0.994470 0.318195
0.518800 -0.222209
-0.938392 0.563628
1.960826 -0.337044
-1.127638 -0.239712
-0.034846 1.274733
-1.575973 -0.823323
0.798029 -0.653902
0.020309 1.771828
-0.975000 -0.912000
-0.883479 0.217506
-0.674659 -0.523083
0.745179 -1.337269
-0.803947 0.381790
-0.844473 0.832529
0.208966 -0.363759
-0.200811 1.520945
-0.943127 -1.216770
-1.109067 -0.383829
-1.325234 -1.051170
-1.142704 -0.621858
-0.477015 -0.331028
1.035672 0.373060
-1.229436 -1.226510
-0.118043 -0.299640
-0.438912 0.006216
-0.595071 -0.072542
-1.011763 -0.691207
-1.004304 0.617377
0.938456 -0.163383
-0.723409 -0.374562
2.138315 -0.305240
-1.228160 0.475952
-0.567514 0.349026
1.695491 -1.398002
1.686936 -0.393001
-1.322822 -1.057155
-0.914728 0.253126
0.799527 0.106857
0.979767 0.329771
-0.356030 0.954561
-0.595543 1.171810
-1.098656 1.622599
-1.158027 -1.089550
0.235206 -0.512717
0.677286 0.001699
-1.145683 1.963649
0.178715 0.905649
1.890161 -0.578869
1.663102 -0.103135
-0.022397 0.701279
-0.800208 0.261650
1.816607 -0.333225
-1.179384 0.024177
-0.859888 -0.763511
-1.023364 -0.266446
-0.985666 0.048168
1.828121 -0.102760
1.456851 -0.761486
-0.567994 -0.876982
0.098346 1.525606
1.577429 -0.347955
0.046231 0.946383
-0.776546 -0.615671
2.165530 0.114802
-0.249588 -0.087058
-0.574255 -0.805451
1.351673 -0.772015
2.346309 -0.296288
0.209249 1.463092
-0.167901 1.548929
-0.622152 0.108021
-0.249151 1.155288
-0.938360 -0.163342
1.992007 -0.306227
-0.512960 1.220704
0.098966 -0.703697
-0.898670 1.509907
-0.741814 -1.834098
-0.556661 -0.716952
1.426922 -0.398530
-1.203483 -0.431326
-0.979429 -0.962389
1.845987 -0.216266
-1.003351 0.049367
-0.639798 -0.040892
-0.106503 -0.836195
0.058834 0.568878
1.966694 -0.040801
-0.915311 0.680487
0.242997 -1.680835
-0.873175 -0.819877
-0.342607 1.333517
-0.645730 -0.822332
2.179983 -0.184180
-0.462542 -0.270214
-0.624538 -0.131136
-0.643918 -0.906921
-1.529397 -0.820482
-0.393299 0.002477
-0.917987 -0.290501
-0.929335 -0.859654
0.223728 1.762075
0.535412 -2.195155
1.692329 -0.037969
-1.401986 -1.025679
-1.382490 -1.106752
-1.117399 -0.066462
2.191474 -0.491400
1.372987 0.338366
-0.739690 0.354231
-0.238773 0.166725
-0.936672 0.048036
1.266304 1.928689
-1.362218 -0.636857
-1.858705 -0.819801
-1.342437 -0.236286
-0.854532 -0.416441
-1.509253 -0.568763
0.722883 0.502071
-0.612733 0.897474
-1.877323 -0.392075
-0.375869 -0.450814
1.847704 -0.421300
-1.598853 -1.395969
-0.741867 0.085485
1.007059 0.643275
-0.306911 0.256073
-1.046826 0.303264
-0.630103 -0.750749
-0.707664 0.675016
1.694614 -0.530382
-1.387847 0.075565
-1.432287 -0.719107
2.335418 -0.070610
1.320137 -0.583655
-0.342709 0.278567
-0.396221 -0.393012
0.147263 -1.039679
-0.211407 0.687161
-1.164015 0.629195
-0.690018 0.820766
-0.337638 0.042303
-0.364006 1.108186
-0.856908 0.466380
-0.875006 0.835151
2.007950 -0.602421
-0.916161 0.013598
2.493676 -1.058538
-1.875568 -0.133222
1.892096 -0.546051
-0.924521 0.775939
-1.130371 0.731040
-1.080678 0.951285
-0.858615 -0.794993
-0.522975 0.017404
1.951597 0.810142
1.348678 0.300475
-1.346974 0.249641
-0.864033 0.498929
-1.160081 -0.434527
-1.534074 -0.786166
-0.493313 -0.356215
0.727667 -0.815543
-1.104067 2.062753
1.834315 -0.384185
-1.087906 -0.423574
-0.850949 -0.826351
-0.710660 0.025344
0.399800 1.961011
-0.220807 0.237073
-1.186480 0.040030
0.500107 -0.114193
-0.816884 1.008917
1.791321 -0.495887
-0.942345 0.750735
0.868096 -0.274183
-0.756797 -0.545584
0.252092 1.658307
0.996822 0.655426
2.313051 0.142872
-0.881470 0.546543
-0.636882 0.523143
-0.853353 -0.831009
1.271324 -0.027397
-1.916537 0.222328
-1.694531 -1.067423
1.704517 0.590114
2.614436 1.261367
0.027067 1.611870
-0.292875 -0.049546
2.175942 -0.115851
2.112261 -0.331223
-0.529231 0.985171
-0.302489 -0.878370
-0.009461 1.881841
-0.800546 -0.541521
-0.782455 -0.000079
2.203258 -0.083309
-1.611558 -1.005989
-0.831112 0.026722
1.225163 -0.618769
-1.018945 -0.147511
-0.586464 -0.168937
-0.695579 0.005270
-0.182066 1.431714
-0.920551 -1.159236
-0.913878 -0.036057
-0.181536 -0.051078
-0.821053 -0.783224
-0.982652 -0.269283
-1.047045 -0.620713
1.346851 -0.278784
0.719454 0.631044
-0.162585 0.655373
-1.184268 -1.264688
-0.695982 0.749942
-0.480258 1.344584
-1.018427 0.034775
-1.015259 0.654116
-0.018575 1.869153
2.538105 -0.927274
1.676056 -0.201567
-0.596010 0.252409
-1.042421 0.393985
-0.027859 -0.029743
-0.397296 -0.946478
2.212743 -0.285096
1.807549 0.037271
-0.898325 0.299490
0.638882 -1.385856
1.719497 -0.062925
-1.486759 -0.372314
-0.442099 -0.158159
-0.225824 1.405902
0.069160 -1.133220
-1.056967 -1.191246
2.334527 -0.171564
-0.592212 -1.292559
1.800824 -0.255536
-0.663150 0.947312
0.405442 0.253384
2.051426 0.026102
2.094800 -0.113631
-0.767967 -0.016388
1.160472 -0.993199
1.700618 -0.396737
0.330772 2.068912
-0.841872 0.157905
-0.692240 -0.896951
-1.013137 -0.814035
-1.712206 0.263980
1.934862 -0.367216
-0.999555 -0.699554
1.917751 -0.094010
-0.397452 -0.516641
-0.897314 -0.385562
1.167066 0.654758
-0.575215 0.410990
-0.453441 -0.834755
0.351199 0.634041
-0.579832 -0.917055
-1.102976 -0.407458
0.469915 -0.055781
1.345897 0.325776
-1.256148 -0.366358
-0.827821 -0.927690
2.362509 -0.221492
-1.310219 -0.475832
-0.888543 -0.625116
1.896995 0.105792
-0.929538 0.375961
1.997494 -0.256825
0.027741 -0.688252
0.983574 1.955154
-0.743086 1.183901
-1.044122 -0.628057
2.216173 -0.101251
2.233122 -0.052364
-0.559545 -1.241130
-0.880105 -0.024827
-0.654240 1.106962
1.479014 0.550150
0.504834 0.269974
1.267697 0.078370
0.235954 -0.932005
0.298514 2.308535
2.647249 0.412269
-1.203824 -0.966148
1.844784 -0.236676
-0.495931 0.171574
0.440701 -1.011769
-0.092701 -0.469309
-0.184080 -0.749973
-0.502385 0.271170
1.849544 0.047766
0.026927 1.206319
-0.996225 -0.552088
1.071775 2.071858
-1.416963 0.224069
-0.441674 -0.480796
0.161818 -0.572648
-0.566370 -0.526277
-1.333609 -0.794936
-0.572031 -0.496072
-0.001356 -1.831489
-0.506887 1.446200
1.878011 -0.095596
-1.021718 0.297705
1.382096 0.115575
-0.480114 0.932965
-0.669689 0.124335
-0.145487 1.705461
0.026317 0.152200
-0.991520 0.578560
0.126077 1.632961
-0.335123 1.524061
0.507555 -1.140259
-0.531289 1.324881
0.479183 -1.010728
-1.369612 -0.320587
-1.011785 -0.890161
-1.730173 -1.062565
-0.570588 -0.645203
-0.546842 1.449576
-1.380697 -1.164674
-1.516692 0.402468
-0.398787 -0.132770
0.275567 -0.419718
-0.362181 0.394973
2.157905 0.191244
-0.892981 -1.055065
-0.632389 -0.831334
2.093146 -0.156479
1.618079 -0.266184
-1.203805 -0.247369
-0.044803 1.753181
-1.267463 0.039497
0.239098 -0.463550
1.389987 -0.639049
-1.020648 -0.038142
-1.153461 0.645288
-1.076116 -1.084100
1.354862 -0.589819
0.643470 -0.447153
-0.242776 -0.220577
-0.092765 1.328745
-1.311578 -0.013803
1.578542 -0.115008
-1.349953 0.808202
-0.407292 -0.319485
-1.304315 -0.578941
-0.520060 0.147863
1.975776 -0.443706
2.130568 -0.408504
-0.785789 -1.291586
-1.200689 0.353995
-0.982554 0.746477
-1.052143 -0.391245
-0.407525 0.025398
-0.986950 -1.440958
2.012297 0.199551
1.405377 -0.050249
0.498922 -1.274901
-0.365081 -0.309951
-0.834793 -0.711596
0.357927 0.881577
-0.572449 -0.650475
2.160564 -0.466615
1.202738 -0.074583
-1.540388 -0.614975
1.855382 -0.097506
-0.383775 -1.243677
-0.669658 0.163247
-0.019553 1.974270
2.314126 -0.310160
-0.973108 -0.397773
-0.773709 1.572284
-0.792191 -0.579174
2.730794 0.705739
1.081166 -0.396986
-1.115913 -0.472823
-0.579772 0.100798
-0.630136 -0.885436
1.698538 0.792624
-1.101578 -0.046146
-0.037399 -0.464674
-0.209435 -0.869688
1.038204 0.014682
-0.911656 0.564061
0.571522 0.260065
-0.674668 -0.335420
0.417354 0.623049
0.069836 0.081472
0.235803 0.312993
0.672176 0.332658
-0.653455 0.517493
-1.462339 -1.094101
-1.141574 -0.522376
1.867507 -0.066014
-0.854335 1.561038
-1.120628 0.259841
-1.372918 -0.767535
-0.226333 0.668561
0.871983 -0.359127
-1.410667 -0.143582
-0.712564 -0.123971
1.660253 0.015772
-1.494151 0.146670
-0.159844 1.546608
-0.776811 0.417675
-0.461982 -0.884964
-0.468183 0.240099
1.614068 0.246121
0.174881 0.496859
-1.464047 0.924021
-0.327303 -0.009099
-1.764066 -0.966867
1.560955 -0.711256
-1.066964 -0.625822
1.951946 -0.339326
0.359593 0.768134
-0.896316 -0.041892
-0.762386 -0.589335
-1.064690 0.312259
-1.256591 -0.499881
-0.487295 -0.022889
1.153490 -0.347458
-0.821362 -0.007449
2.222967 0.056323
-1.152501 0.917666
-0.633845 -0.355245
0.385399 0.411926
0.924091 -0.775831
1.442606 -0.198398
2.281301 -0.235147
1.696909 0.046335
-0.943361 -0.250787
-0.970639 -0.442124
-0.859612 0.265490
2.278503 1.610204
-1.056372 -0.193020
-1.659185 -1.435328
1.299960 1.484189
1.379633 -1.170434
-0.175514 0.025996
2.260018 -0.312839
0.712892 1.018934
-1.064114 -0.173821
2.043518 -0.040055
-0.718751 1.451432
2.240293 -0.306743
1.988255 0.131367
-1.730454 -0.175494
-0.735772 0.389007
-0.419119 0.989272
-1.179700 -0.334595
2.165934 -0.009147
-0.697257 -1.321751
-0.894303 0.944659
0.873687 0.359184
0.333742 -0.879975
-1.106782 -0.103950
-0.945570 -1.499015
2.264919 -0.181298
1.358492 2.603454
-0.869910 -0.059459
-1.320742 2.073206
-1.245201 -0.162590
2.081576 -0.144934
-0.216787 2.128759
-1.212005 -0.218086
-0.825910 0.925058
2.130260 -0.381844
-0.980759 -0.471685
0.197552 0.238216
-0.714544 0.401369
-1.319736 -0.999233
2.362509 -0.221492
1.833686 -0.429279
1.945140 -0.147286
-0.995480 -0.340946
1.458558 -0.225380
2.053736 0.341475
-0.966740 -0.583365
3.123960 0.118697
-0.742227 -0.576063
-0.368279 -0.208145
0.950913 -0.331359
-0.730437 -0.064875
-0.560198 0.779899
-0.614225 0.279526
-1.373438 -0.973876
-0.928256 -0.824763
1.927683 0.265981
1.777656 -0.568214
-0.023044 2.824856
1.160070 -0.230563
-1.860218 -1.313992
0.397526 -0.576051
0.907012 1.598355
-0.805770 -0.721475
-0.723287 0.886564
0.700030 -0.331811
-0.300875 -0.311449
-0.915646 0.800360
0.101102 0.022609
1.421153 -0.622156
1.838840 -0.401818
1.929294 -0.099711
-1.036660 0.716283
1.646739 0.367272
-0.991494 0.482008
-0.799333 0.993966
-0.686033 0.622622
-1.105853 -0.634815
1.474906 1.059639
-0.376516 0.636934
1.239506 0.074578
-1.101009 -0.193637
-0.626589 -0.432907
1.827302 -0.576830
1.631250 -0.841442
-1.236573 0.467358
0.790640 -0.367694
-0.078627 1.682022
-0.437675 1.296902
-1.156048 -0.757393
-0.681449 -0.081211
1.750950 0.519737
-0.893608 -0.039001
-0.680752 0.207970
-0.590596 0.247831
0.122905 0.484219
1.085459 -0.139148
1.721097 -0.183509
-0.772775 0.249984
1.920193 -0.261640
0.227205 1.353168
-0.940761 0.142740
1.830755 0.524562
1.664242 -0.376637
-0.321370 0.714874
1.788575 0.035666
2.105611 -0.072199
-1.621767 0.117257
-0.408220 1.297096
1.556765 0.771658
1.019104 -0.017241
-0.204991 -0.701000
-0.504741 0.589684
-0.552136 -0.059376
0.431753 0.695600
-0.821665 -0.607854
-0.143421 -1.337750
-0.817141 -0.651185
1.713166 -0.365205
-0.681355 -0.270320
2.027884 -0.157839
-0.827901 1.224645
2.063166 -0.353446
-0.906953 1.030342
-0.638273 -0.584013
-1.511638 -1.944474
-0.445189 0.954388
1.585750 0.531545
-0.643715 -0.142789
-0.665849 0.163626
-1.191851 -0.248760
-0.280025 0.241462
-1.275413 -0.984014
-1.108633 -1.062532
-1.098950 -1.301584
-1.205361 -0.940827
-0.402201 0.567670
1.223935 -0.304978
0.444658 -0.570255
-1.354375 -1.055787
1.119924 -1.079445
-0.500991 -0.393053
-1.178484 0.452167
1.028302 -0.402184
1.744965 -0.187624
-0.559161 -0.201295
-0.988936 -0.504691
-0.204509 1.845163
-0.851687 0.440635
-1.128805 1.325745
-0.458368 0.858852
0.792572 -0.820491
-0.715624 -0.060272
0.037947 -0.297832
-0.543305 -1.122080
-0.977657 0.813037
1.301309 -0.013139
-0.684823 -1.229220
-0.574331 -0.168695
-0.627179 0.352283
-0.608161 -0.052243
1.606138 0.296667
-0.278750 1.449847
1.583153 1.753592
-0.269433 -0.510207
0.230321 -0.743337
-0.411529 1.135150
0.230807 -1.020269
1.590088 -0.365919
1.335547 0.920883
-0.876197 -0.963655
-0.942328 -0.133621
-0.095123 -0.796840
-1.012417 -0.828155
-1.119114 -0.748285
0.714962 -0.652967
-0.785314 0.150153
-0.096224 -1.151237
-1.145321 -0.190668
1.273823 -0.275673
-0.740824 -1.030518
-0.192072 0.849636
-0.779589 0.234372
1.771507 0.043635
3.597989 -0.329666
-1.359936 0.822242
-0.929908 -0.741493
2.223222 -0.089029
-1.190936 -0.674652
-0.172725 0.280238
-1.208531 -0.028140
-1.610195 -1.393523
-1.073042 0.528582
1.730167 -0.347636
2.099503 -0.321169
2.242950 -0.416117
-1.435222 -0.312907
0.391116 2.247050
-1.452708 -0.250776
3.205124 -0.327723
0.731900 -0.214001
-0.792204 0.755691
-0.223912 1.346433
-0.602761 1.341478
0.072637 1.734859
-0.719882 1.045340
2.073107 -0.567406
0.918129 -1.139993
-1.311216 -0.760867
-0.900538 0.136267
-1.267890 0.177383
-0.832968 -0.022636
-0.979647 -1.762890
1.656526 0.010637
-0.094523 0.526941
1.868841 -1.032749
2.145676 -0.280739
0.849139 2.029789
1.651966 -0.196007
2.162576 -0.182714
-1.180144 0.376244
-0.780138 -0.383031
0.196439 2.219238
0.923638 -0.396049
-1.049939 -0.743087
-0.867683 -0.720587
-1.595001 -1.179085
-0.919763 -0.223343
1.080376 2.041944
-0.953296 0.824707
-0.499056 0.152948
-0.968819 -0.025799
-0.264398 1.614069
-0.841124 0.739302
-0.712700 -0.835551
-0.526318 -0.466623
-0.735540 -0.573299
-0.597159 0.704897
-1.117980 -1.346644
-1.478935 0.156225
-0.942155 -1.802626
-1.424528 0.172086
-0.658523 1.417171
-1.552836 -0.029971
0.647241 0.104006
-0.385411 -0.104151
-0.550305 -0.224494
-0.618925 0.792321
-0.833337 -0.630638
1.350845 0.339894
0.506175 -0.132640
-1.304623 0.546979
1.389528 -0.923007
0.305869 1.920592
-1.314541 -0.781665
-0.847721 -0.815159
-1.355207 -0.404059
-0.388450 0.839394
1.986680 -0.857708
0.616436 0.841373
0.216019 -0.912527
-0.639225 0.791851
-1.123271 -1.448350
0.643589 -0.653565
-0.063114 1.348526
-1.610180 -0.817659
-1.172501 0.698133
1.634866 1.339316
-1.309894 -0.360459
-0.783072 -0.304668
2.488584 -0.889714
-0.167638 0.577823
-1.111546 0.098505
-1.388448 -0.870336
1.434756 -0.192201
0.148746 -2.909189
-1.121332 0.715602
2.091516 -0.247090
-1.676958 -0.593746
-0.108980 1.574301
-0.657117 0.920428
1.531217 0.745071
-0.329121 0.662901
-0.275790 -0.345910
1.501216 -0.328801
-0.467442 0.329721
0.934441 -1.417175
1.489993 -0.503741
-0.572130 -0.716032
2.650797 1.232427
2.296525 0.053924
-0.729367 -1.263725
1.535073 -0.315050
1.858003 -0.335833
-1.498481 -1.117964
-0.695084 -0.807523
0.564887 2.102276
-1.961718 -1.250555
-0.512001 -0.365662
-0.321852 -0.464880
0.570957 -0.186914
0.270819 -0.224618
0.784865 2.258451
2.821430 -0.372329
-1.081325 0.031408
2.146443 -0.356072
0.009337 0.761754
1.943606 0.606098
-0.709804 0.648917
-0.742121 -0.512994
0.482895 -0.295007
-0.815777 0.757624
2.255726 -0.286140
1.640942 -0.103512
1.394471 0.178575
-0.761756 0.235396
-0.538980 1.527350
-0.667415 0.078763
-0.657124 0.117952
-0.399592 1.125506
1.528877 -0.126040
-1.141300 -1.332345
-0.878663 0.825473
-0.422234 1.217248
-0.536809 1.288856
2.098513 -0.680310
-0.760754 0.189423
-0.858956 -0.894935
-0.948814 -0.391772
-1.269508 -0.498887
1.605893 -0.692471
-0.185253 -0.100975
-0.843442 -0.208125
-0.040738 -0.079515
1.964674 -0.017293
2.849631 1.269687
1.975463 -0.770790
-0.163702 0.263441
-1.332028 1.009498
-0.907277 -0.107624
-0.823506 -1.498885
-0.723607 -0.660642
-0.245190 -0.800930
-1.433001 -0.043197
-0.731388 0.749302
-0.286066 0.488347
-0.752182 -0.204423
-0.607475 0.845940
-1.581316 -1.391037
3.113201 0.869130
-1.337634 -0.999637
-1.194644 -0.632531
-0.939636 0.252527
-1.394830 -0.283820
1.914232 0.423732
1.255259 -0.394854
-0.340494 0.329155
-0.245381 -0.566013
-1.559585 -1.354354
-1.389065 -1.280866
0.562713 0.071447
2.288114 -0.402284
0.634912 2.272346
-0.771911 -0.050534
-0.835344 0.715888
-0.479877 1.246965
-0.878555 -1.003472
-0.577461 -0.178335
-0.311999 0.713500
1.972300 0.092056
-1.130923 -1.026595
0.113945 -0.706567
-1.267808 -0.039027
-0.781128 0.849984
0.058099 -0.169103
-1.023405 0.174962
2.069507 -0.300029
1.395534 -0.263118
0.510102 0.871449
0.451764 -0.033211
-0.035163 0.161589
-0.159600 -0.604860
-1.563394 0.196202
-0.773355 -0.513239
-1.011424 0.897331
-0.725671 0.167438
-0.807339 -0.621513
-0.352208 -0.601128
-0.154561 0.887158
2.150047 -0.984942
2.593401 -0.958769
-1.100650 -0.677513
-0.414358 -1.247880
-0.768479 0.400482
-0.345088 0.496560
1.858357 -0.074324
1.811813 -0.140657
0.072204 -0.829573
-0.794008 0.548015
-0.820338 0.132137
-0.310921 1.711499
2.213600 -0.031980
-0.667784 -1.976126
-1.423698 0.451955
-1.232577 -0.446469
1.124916 -0.264615
1.758962 -1.089451
1.981876 -0.206950
-0.271651 -0.591208
0.758375 0.707729
-0.244065 1.719564
-1.068367 -0.339452
-1.072022 -0.273056
-1.037556 0.825966
-1.173876 0.193595
-1.651029 0.627332
-0.417104 -0.123603
-1.257656 -1.536531
-0.392654 1.839139
2.279268 -0.239644
-0.608079 -0.519893
-0.676411 -0.416822
-0.137562 -1.359753
-0.791844 -0.561180
-0.900151 0.015211
2.177717 -0.383757
0.541990 -0.775623
1.805496 0.570115
-0.787342 -0.628360
0.808869 -0.785211
1.154626 -1.584083
-0.269079 -0.125776
1.453029 -0.745194
-1.202263 0.316980
-1.193005 -1.475998
-1.251244 -0.209319
-0.393158 -0.239394
2.340019 -0.187061
-1.514765 -0.286948
-1.148868 -0.402303
1.723081 -0.591473
-0.632160 -0.744675
2.099811 0.155652
1.334640 -0.608224
1.590545 -0.091824
-0.960003 0.572035
-0.010099 -0.109987
1.166049 0.044204
-1.205763 0.039969
0.252919 0.889770
1.785696 -0.527560
-1.159484 -0.142050
-0.873025 -0.219289
0.891183 0.574706
-1.556097 0.274601
1.811732 0.107340
2.301879 0.077300
-1.077632 0.076646
-0.455709 1.929604
-0.072520 0.330104
-0.914652 0.367356
-1.234027 -0.745697
-1.367312 0.616014
-0.072871 -0.712432
-0.587948 0.428792
-1.101177 -0.642200
-0.535221 1.028486
-1.430525 -0.480585
0.896653 -0.283289
-0.779769 -0.026650
-1.385885 0.120799
-0.344347 -1.126085
-1.267516 -0.522972
-0.216932 0.843612
0.048950 0.559064
-0.502633 -0.195259
-0.766671 -0.235221
-0.741532 0.119340
-0.924588 0.082960
-0.077800 1.348573
-0.023953 1.422238
-1.594824 0.452082
0.875633 -0.305944
0.209656 1.939740
-0.735737 -0.017571
-0.260032 0.773530
-0.463494 -0.871005
-0.974677 0.720960
0.810328 0.006081
-0.096213 -0.404298
1.681479 -0.168398
1.565861 -0.796443
1.003067 0.485779
1.430847 -0.136246
-0.482841 -0.100225
-1.234112 0.028517
-0.421498 -0.196377
-0.650665 0.625703
1.172812 -0.455756
-1.360179 -0.388429
1.913033 -0.509437
0.134327 0.330027
-0.597551 -0.258537
-0.967570 -0.931850
1.625326 -0.482023
-0.474001 0.295303
-0.672348 -0.021547
0.111873 1.310429
-0.093171 0.248439
-1.262186 0.971019
-0.936256 -0.244314
-0.997596 1.368547
0.248517 -0.452288
-1.150734 0.298657
-1.684909 -1.053179
-2.066851 -0.265797
-0.765751 1.217559
1.384293 0.490803
-1.040455 0.243218
-0.557984 -0.561912
0.728334 0.111611
-1.385897 -0.867738
1.499974 -0.505444
-0.365659 -0.773584
-0.795585 0.764748
-0.485238 -0.244878
1.777770 -0.537829
1.762695 -0.708007
-0.151808 1.339497
2.346309 -0.296288
-0.796004 1.345550
-0.133715 2.445246
-0.201795 0.796754
-1.309529 -0.594827
1.753803 0.415128
2.204457 0.239090
-0.154569 -0.141277
-1.395894 -1.782269
2.075320 -0.769449
0.204410 2.140949
-0.204397 0.500238
0.107495 -0.394765
-1.345629 -0.871832
-0.495756 0.091640
-0.723606 -0.562461
0.985953 -0.349908
0.082554 1.469768
-0.850171 1.423777
1.909597 -0.122276
1.800647 -0.685080
-1.560077 -0.797213
-1.023996 -0.875192
0.023710 -0.503128
-0.990608 -0.551806
-0.489547 0.368947
-0.690023 1.563487
-1.342218 -0.116991
2.116946 0.097837
2.160647 0.112881
-0.134151 0.997504
-0.542881 -0.489635
-1.048571 2.122073
0.631242 -0.125185
1.547251 -0.516751
-1.202403 0.084666
-0.693065 -1.490932
2.118363 -0.171832
-0.975979 0.623186
-0.470565 -0.638482
-0.453290 -1.158147
0.396894 -0.097194
-0.786596 0.667323
1.902934 0.329136
1.643987 -0.461489
-1.789150 -0.425910
-0.407906 -0.922417
1.306458 -0.558568
-0.150262 2.954085
-1.519646 -0.007338
-2.036027 -0.541519
2.098401 -0.059723
-0.896239 0.846433
0.109061 -0.834762
0.562528 -0.932638
-0.868901 -0.416867
-0.841284 -1.095151
-0.572174 0.271019
1.817493 -0.774850
-1.049221 0.847161
-0.305771 2.161672
-1.276102 0.894675
-0.390896 -1.343664
1.304940 -0.379639
-1.176573 0.512992
0.799284 -0.720089
-0.179296 -0.018566
1.001913 -0.225887
-0.811158 0.787547
1.883087 -0.990655
-1.431950 -0.479601
-1.018783 0.612470
0.970082 0.259895
0.269007 0.726450
-0.287994 1.383891
-0.235878 0.176507
-1.873372 -0.154388
-1.125670 -0.179873
0.311625 -0.714561
-0.543790 -0.347571
-0.204410 0.403563
-0.007776 1.840922
-0.655540 0.569964
1.040364 -0.570053
-1.571435 -1.163219
-1.846603 -0.760887
2.449214 -0.450500
-0.647343 0.215760
-0.919739 -0.834940
2.223063 -0.254961
-0.456362 0.244169
-0.843410 0.467681
-0.519887 1.131240
1.850062 0.060328
2.789859 -0.086997
1.912806 0.024915
1.405931 -0.248259
1.417445 -0.147725
2.191675 -0.232585
2.309769 0.252312
-0.231187 -0.059544
0.095756 -1.529747
0.597738 -0.580085
1.531180 0.751199
0.264529 -0.014326
1.864898 0.055676
-1.367067 -1.194883
-1.207888 1.120757
1.625227 -0.614325
0.059896 -0.513401
1.383768 0.217468
-0.154523 -0.717868
-1.657381 -0.376470
-1.268138 -0.710430
-0.950055 -0.523333
-0.686334 -1.069658
-0.690781 -0.316760
0.147595 -0.686825
-0.223895 -0.216154
1.043620 -0.062332
3.470573 0.016113
0.343336 -1.281982
2.137376 -0.173977
3.104308 -0.566557
-0.206953 0.357034
0.999837 0.219352
-0.959229 0.875014
-0.455229 0.639765
-0.603417 -0.690311
-0.957366 -0.781892
-0.451054 -0.718106
0.815199 -0.017750
1.554961 -0.557179
1.488578 0.007625
0.481108 -1.350134
-1.195075 0.947981
-0.117453 1.196729
-0.675220 0.317644
-0.476435 -0.936801
-1.170800 -0.397630
1.462119 -0.492609
-0.570860 0.780361
-0.752165 0.009236
0.954926 -0.626066
2.001536 -0.460090
-0.855554 0.622836
-1.952467 -0.871380
2.033713 -1.217751
-0.364263 -0.074289
-2.003250 -0.837369
-0.923328 -0.950964
-0.263511 2.702850
-0.505703 -0.453831
0.017561 -1.231449
-0.844454 -0.095562
-0.958203 -0.512430
-0.334500 1.398929
-1.143872 0.824271
-0.524375 1.123393
1.262519 0.098319
-0.545264 0.458419
-0.636307 0.483195
0.511933 0.096112
3.492526 -0.171593
2.474012 -0.211303
1.300297 -0.196348
0.876420 -0.643294
-1.183868 0.753438
1.924224 -0.004876
1.174846 -0.440860
-0.947632 0.346305
-0.461303 0.388503
1.347171 -0.267284
-1.134847 -0.377181
1.692830 0.534412
1.564222 -0.844633
-1.365570 -0.676621
-0.409737 -0.689062
-0.296292 0.806569
-0.889519 -0.358234
1.276687 -0.708502
-1.213515 -0.401920
-1.568297 0.902247
-0.481573 -1.241719
1.481188 -0.396883
0.206268 -0.016425
-0.934287 -0.373753
-0.657362 0.734455
1.576420 -0.491561
2.330028 -0.332988
-1.035065 -0.037081
-0.677744 0.180477
0.301375 1.053520
-1.767727 -1.429885
-1.070369 -0.611170
-1.204197 -0.394779
0.791823 0.064724
0.456843 -0.709182
-0.156613 2.026891
-0.800100 -0.173553
1.495673 -0.509490
-1.678530 -1.430038
1.364127 -0.812755
-0.582511 0.897655
-0.294615 -0.584228
-1.262890 -0.680542
-0.622160 -0.281627
-0.904917 0.394958
1.282679 0.093324
2.128422 -0.434904
2.304314 -0.327488
-0.383351 1.016142
-1.639798 -0.997543
1.312564 0.426289
-0.472377 -0.428783
-0.878422 0.998971
2.217020 0.368993
-0.092116 -0.177873
-0.612673 -0.760268
-0.353220 -0.097055
-0.127053 1.469809
-1.858428 -1.100576
-1.286688 0.393626
0.052392 -0.145941
2.300616 -0.411660
-0.844382 1.199011
1.839858 -0.038976
1.336510 -0.525921
0.027131 0.162753
1.782668 0.436892
-0.723787 -0.250235
-0.411616 1.238699
2.347470 0.084153
2.312071 -0.030190
1.451673 -0.292951
2.062913 -0.215528
0.563979 -0.458836
1.561231 -0.349004
-1.447388 -0.451974
0.684409 -0.453153
0.454960 1.149836
-1.104650 -0.393762
1.906298 0.063227
-0.478426 0.538144
1.664547 0.730151
-1.487571 0.259591
0.546464 0.460132
1.293304 0.383593
0.203450 -0.272739
-0.177206 0.178755
1.327310 0.497678
-0.953399 -0.892480
2.362509 -0.221492
-0.246448 -0.472104
-1.137147 0.575695
-1.141480 -1.113084
-0.227673 0.555871
0.926336 -0.142002
-1.209885 0.608688
1.266025 -0.662520
-0.973851 0.859540
-1.269752 -0.366532
2.055062 0.282928
1.197951 -0.209221
-0.831928 -0.542192
-1.304116 0.572744
-0.490849 0.579523
-1.063493 -0.596044
1.670034 -0.287668
-1.404999 -0.489548
-1.880699 -0.672675
-1.092985 0.912521
-1.032889 0.360791
-0.955090 1.791668
0.661944 2.306371
1.406633 -0.762593
-0.692976 -0.307858
-1.106352 0.591278
-0.088380 -0.332077
1.261364 -0.003249
-0.679468 0.944741
1.616605 -0.015361
1.097616 -1.397133
-1.386412 -0.722966
1.949951 0.734748
-1.103711 -0.809669
-0.711384 -0.644797
1.370279 -0.947626
-1.425692 -1.158632
1.583297 -0.648989
1.785694 -0.559753
1.252478 -0.735347
-1.316191 0.017962
-1.341554 0.510259
-0.698230 -1.642343
-1.072471 -0.519136
-0.148193 -0.048932
0.269711 0.255548
-0.232360 -0.807393
1.660306 0.150851
-0.270206 0.128053
2.008376 -0.355563
1.478708 -0.230456
1.349179 -0.948996
-1.462039 -1.226480
-1.013354 0.200987
2.088378 -0.039751
-0.308714 -0.962900
-1.118574 0.276462
-1.885848 -0.066607
-0.748650 -0.136728
-0.779610 -0.442593
-0.555841 -0.531246
-0.428741 -0.161706
-0.325805 0.694921
2.038740 0.105232
-1.124599 -0.204942
0.822549 -0.599043
0.990509 -0.133568
-0.674200 0.196014
-1.521478 -0.280752
-0.032651 2.162562
1.884285 0.395686
-0.496144 0.016384
0.332444 1.545629
0.931353 -0.721421
-0.670617 -1.801797
-0.849136 -0.525008
2.276180 1.278127
0.291410 0.171572
1.337904 -0.204071
-0.404874 0.049264
-0.709064 0.470100
-0.905115 0.741941
2.250829 -0.260698
-1.996668 -1.221810
-0.730912 1.231186
0.386445 1.507503
-0.754843 0.563577
-0.541219 -0.353693
-1.094348 0.893169
-0.948427 1.187138
2.388223 -0.226992
1.148656 -0.497835
2.156378 -0.234502
1.121330 0.162132
0.150312 -0.016706
-1.527464 -1.107108
1.580977 -0.686566
-0.198764 0.364590
-0.098598 -0.184397
-0.208744 -0.294462
-0.385766 -0.438066
0.197726 -0.933936
2.236731 1.066232
-1.243822 -1.137684
1.496021 1.208412
-1.122223 -0.656807
-0.258295 -0.892852
1.258496 -0.577889
2.004463 -0.352018
-0.843721 -0.517395
-0.977211 -0.023754
-1.105348 -0.193179
-1.362477 -1.544609
-0.022073 -0.620675
1.701356 0.866436
2.388223 -0.226992
0.508696 0.267701
-0.583443 1.794553
2.025377 0.075637
-1.736010 -0.967406
2.042547 0.268018
2.303432 -0.273523
-1.074081 -0.811251
-0.304000 -0.389941
-0.893537 0.922180
1.996653 0.190676
-0.681768 1.955982
1.170080 -0.479627
-0.366161 -0.670237
0.711701 -0.773878
-0.089607 0.245010
-0.739644 -0.949608
-1.223263 -0.216868
1.348235 0.592859
0.232617 -0.114503
-1.129484 -0.996526
2.236936 -0.379943
1.379359 0.623514
-0.458488 -1.037091
1.314861 -0.258107
-0.657397 0.686493
-0.602123 1.426803
-1.147372 -0.719758
-0.369562 -0.303643
-1.157545 -0.678327
1.931929 0.270460
-0.167292 -0.064672
-1.166492 -0.227552
2.011134 0.118532
-0.666340 -0.653467
2.094858 -0.299865
2.100693 -1.251015
0.460910 1.513995
1.729429 -0.630340
-0.728365 0.627948
-0.759616 0.459976
-0.100198 1.226332
-0.960839 -0.318976
-1.315629 -0.166434
-1.064287 -1.180741
-0.422746 0.098038
-0.780180 -0.088662
-1.337606 -0.791078
-1.469384 -0.120489
-0.816801 -1.147460
1.327446 -0.318641
-0.867730 0.583967
-1.256825 0.052691
-0.747658 0.751500
1.974224 -0.708961
-0.556766 -0.208713
2.003680 -0.202606
2.144264 -0.552149
2.388223 -0.226992
1.665387 -0.524478
1.788137 -1.019030
1.119367 -0.644246
-0.455253 2.088868
1.946091 -0.274521
-0.456552 -0.449680
-0.890741 0.261421
-0.979166 -0.759294
-1.109127 1.503808
-0.707098 -1.005647
2.362509 -0.221492
-1.158210 0.713390
-1.172188 0.621768
-1.417024 -0.699253
0.273412 -1.163207
-0.603257 1.286945
1.828820 -0.567793
-0.632070 0.008413
-1.030516 -0.660648
-0.683872 -1.413749
0.837165 -0.352766
-0.837839 1.597374
-0.158595 -0.741135
-0.684305 -0.008511
0.049780 0.010946
2.015029 -0.236188
-0.130261 -0.192931
-1.114211 -0.845424
-0.919941 -0.783418
-1.247666 0.048256
2.111896 -0.106680
-1.556730 -0.260638
-1.132593 -1.269550
-1.031330 0.367972
2.326987 -0.145486
-0.675127 1.460259
-0.829770 -0.242380
1.329319 -0.547952
-0.831055 0.351870
0.427953 -0.157190
-0.915581 0.239470
-0.461184 -0.050119
-0.377868 -0.460155
-1.078658 -0.606839
-1.177130 0.405421
1.832956 -0.799596
2.204182 0.124711
2.000773 -0.298149
-0.656656 0.286610
-0.582207 -0.882661
-0.761897 0.168663
-0.741670 -0.866047
-0.396358 -0.682889
1.846038 -0.435619
-0.586802 0.225731
-1.120596 -0.614139
-1.125101 0.373638
0.205303 -0.047143
1.965486 0.100042
-0.340171 1.062599
0.730322 1.763912
0.054791 -0.331184
-0.774006 -1.366486
-0.561464 1.519797
0.505405 -0.668555
2.018126 -0.106755
-0.671692 0.188587
-0.285042 1.177728
-1.278315 -0.469619
-1.487820 -1.741156
1.979517 -0.105952
-1.134141 0.344715
-0.762473 0.195376
1.938160 -0.493793
-1.100326 -0.411005
-0.601153 -0.498210
2.903135 0.602998
1.178739 -0.283996
1.153400 0.741296
0.298232 1.260278
-1.454314 -0.660347
2.255726 -0.286140
-1.034329 -1.124898
0.059414 0.214142
0.185625 0.348708
-1.373109 -0.603814
-0.507133 0.790884
-0.523158 0.697531
1.238063 -0.465028
-1.018847 -0.002045
-1.649103 -0.805087
-1.351473 0.053644
-1.947179 -1.406175
-1.079002 1.103649
0.768442 -0.142717
-0.692747 0.391929
-1.221838 -0.104321
2.927877 -0.183840
0.755360 -0.410478
1.569582 -0.125864
1.707776 -0.208198
1.255564 0.571213
-0.712854 -0.423831
1.937430 0.094792
-0.765284 0.516605
-1.720535 0.268701
1.568695 -0.346599
1.138236 -1.034539
-1.299951 -0.844921
1.434928 -0.188500
1.770995 -0.805395
-0.221795 -0.568146
-0.992789 0.558935
-1.183340 -0.114816
-0.670489 0.252216
-0.923000 -0.300649
-1.090601 -0.422066
-0.762684 0.638809
-1.279458 -1.100802
1.997670 -0.576318
1.805814 0.208939
-0.920948 -0.365049
0.736333 1.867300
2.345811 -0.199591
-0.926837 0.690464
-0.832328 -0.070660
1.174839 0.028258
-0.320899 1.094547
1.380345 -1.095290
-1.466019 -0.775557
-1.404563 -0.254344
-0.337323 1.016171
-0.724456 0.726201
-1.101035 -0.446784
-0.799356 0.546084
-0.151378 -0.723185
-1.419780 -1.132312
-0.931137 0.453826
-0.446422 0.223381
1.793103 0.289585
0.504091 0.639449
-1.403521 -0.592008
-0.889962 -0.073432
-1.439976 -0.466297
-0.904494 1.432556
-0.738376 -0.659073
-0.940627 -0.251756
-0.613982 -0.057182
1.671696 -0.745306
-1.181314 -0.753796
-0.182714 -0.155728
-0.614174 -0.513480
-1.325170 -0.547215
-1.007806 0.620851
0.354855 1.796297
-1.373385 -0.449065
-0.910980 -0.331734
-0.558480 0.722035
1.315187 -1.215902
3.605252 -1.222384
1.906340 -0.464113
1.685233 0.289878
-0.632875 0.013261
0.433361 1.799633
2.292576 -0.149689
-0.689050 0.051057
1.504441 -0.271658
-0.328554 1.853372
-0.473683 1.433365
-0.934530 1.046031
-1.119278 -0.226521
-1.477894 0.329087
2.096231 -0.386643
-0.691766 -0.378728
-0.286802 -0.517316
1.884930 0.369254
0.364392 1.173681
-0.325251 1.694458
0.643378 0.947612
0.677448 -0.591501
-0.704665 -0.037551
0.478780 2.133443
-0.724232 -0.262858
1.904452 -0.623206
-0.884502 -0.297506
1.824604 -0.594354
-0.071445 1.072899
0.140173 0.056115
0.461484 2.580549
-0.454120 -0.079829
1.583254 -0.008490
-0.690766 -0.592283
1.608038 -0.297658
0.831835 -0.898571
-0.655340 -0.551424
-1.048129 -0.389819
-0.467974 -1.217412
-0.400443 -0.763071
1.599413 -0.659130
-0.961206 0.419737
-0.883373 -1.092500
-0.818168 0.078861
-1.654853 -0.720270
-0.661945 -0.389048
-1.165354 0.808736
1.523257 0.665492
-1.226230 -1.243958
0.013191 0.829845
2.190095 0.043586
0.467613 -0.625762
1.056169 -0.464613
2.230218 -0.410656
-0.296138 1.381011
-1.230969 -0.836670
-0.655931 -0.669041
-0.559026 0.352182
-0.830067 -0.796855
2.158388 -0.230829
0.730480 -0.045729
-0.056133 -0.343457
-1.470456 -0.987631
-0.199424 -0.590246
-0.281032 -0.617084
-1.704893 -0.259235
-0.676670 -0.231447
-0.663890 0.538566
1.937773 0.276516
1.361286 0.254826
1.271744 -0.573843
-0.983346 0.619783
-1.201856 0.036643
0.633472 -1.076721
0.012462 0.678121
-1.173891 -1.153829
-1.096912 -0.499521
1.207312 0.211079
1.637764 0.385911
-0.716836 0.683607
-0.593354 0.459572
1.946015 -0.324134
-1.514891 -1.331803
0.256176 -0.756623
-1.146659 -0.101535
-1.265147 -0.220051
-0.868029 -0.941840
-0.378983 -0.110840
1.949771 0.238233
-0.633922 1.730069
2.312071 -0.030190
2.387280 -0.165426
-0.173055 -0.342510
2.261445 -0.078193
1.609320 -0.673787
-1.147349 -0.516528
-0.214724 1.638967
1.229798 -1.412794
-0.977796 -0.785416
0.925135 2.158038
3.470308 -0.004584
-0.442858 1.850022
1.968426 0.081750
1.728552 -0.142594
2.089840 -0.247166
-0.728021 0.909121
-0.611913 1.767295
-1.828862 -0.823947
1.940670 0.112426
2.593892 -0.446771
-0.534608 -1.077536
-1.052937 0.403206
1.505634 -0.924883
-0.656688 1.163916
-0.659056 0.171090
2.188761 0.085853
1.209006 0.307455
-0.847320 0.056295
-1.705441 -0.842158
-1.261378 0.523597
-1.369697 0.516839
-0.461040 -0.021981
-1.542093 0.089289
2.063276 -0.518581
-0.236283 -0.360589
-0.763514 0.334920
1.733980 -0.454181
-0.536236 0.200792
-0.346060 -0.669793
-0.913975 -0.339909
0.852015 -1.128815
-1.527406 0.014976
-1.253359 -0.820251
-0.786739 0.814404
-0.259818 0.126414
-1.104636 0.085882
-0.625279 0.143788
1.313995 -0.583605
-0.995774 -0.693643
-0.720802 0.861788
-0.357985 -0.410448
-0.372220 0.476183
0.742250 0.622364
-0.886450 1.542944
1.395480 -0.309211
-0.602247 -0.302922
1.243694 0.348543
1.970668 -0.380006
2.111855 -0.402410
1.311572 1.664108
-1.216749 -0.776963
2.244820 -1.017190
2.201606 0.094141
-0.682044 -1.201680
1.633203 -0.097311
0.954468 1.470013
-0.494027 -0.465348
-0.951707 0.026702
0.989895 -0.985810
1.829994 0.527410
0.289095 -0.472899
-0.492600 -0.990947
0.705289 -0.034515
-1.046776 0.160676
1.597273 0.134007
0.896688 1.725466
1.948854 0.375231
0.072099 2.072809
1.577512 -0.321461
-0.676726 1.495424
-0.929705 0.635638
1.773372 0.029775
-0.813180 0.910817
-1.403273 -0.390443
0.055386 -0.886842
1.598426 -0.417478
-1.806928 -0.463360
-0.739453 0.238711
-1.491682 -0.566158
1.833481 -0.141956
1.834883 0.122768
0.515962 -0.410366
0.779685 0.260703
-1.283631 -0.869709
-0.756151 0.819119
-1.342562 0.151304
-0.312049 0.465987
2.103656 -0.427852
-0.519689 -1.168528
-0.903390 -0.093220
-0.673266 1.474336
0.963817 -0.381768
0.364149 2.399438
-0.070670 0.204215
1.514800 -0.130798
-1.111288 0.100519
1.317577 -0.449665
1.504522 0.064724
-0.500144 -0.563933
-1.356535 -0.841662
0.086372 -0.737284
1.267955 -1.435089
-1.099957 0.410287
-1.559043 -1.086161
0.030763 1.653557
-0.976024 0.583186
-0.396322 2.248382
2.155000 -0.306135
-0.501659 1.157530
-0.373314 -0.623456
-0.571829 -1.164995
0.539144 1.366913
-0.582734 -0.912190
-0.459385 -0.093932
-1.068914 -0.702765
1.567232 -0.577205
-0.842626 1.040151
-1.118925 -0.580430
-0.786114 0.144834
-0.120310 1.040339
-1.081737 0.633387
1.494071 -0.410204
-1.472502 0.468062
2.293833 -0.297103
2.044196 0.618978
1.532962 -0.377081
1.351810 -0.360960
-0.230112 -0.109725
-1.530150 0.137778
0.818558 0.003682
-0.716336 -0.047142
0.727169 1.607960
-0.852320 0.392452
-1.712869 -0.418030
-0.108225 1.594651
0.106674 -0.396344
2.002509 0.237533
-0.825563 -0.348721
-0.658649 -0.590027
1.790790 -0.407345
-1.079742 0.328011
-0.880757 0.067743
0.349225 -0.041754
1.304669 -0.301059
-0.997496 -0.105426
2.630107 -0.843581
2.261321 -0.153778
-1.595849 -0.704635
1.358643 -0.186627
-0.382519 -1.569074
1.000723 -0.569530
0.203453 0.998243
-1.236280 0.029257
1.870222 -0.386948
-0.887739 1.157767
-0.819653 -0.348238
1.178654 -0.195198
-0.473296 1.195612
-1.044152 1.121572
-0.516388 1.789082
0.567067 -0.230813
-0.310389 0.216613
-1.239463 -0.394965
-0.963556 0.708454
0.632536 -0.437084
-0.731106 0.445727
0.986799 -0.366093
-1.088844 -0.740167
-1.171648 -0.387777
-1.480031 0.014394
-1.014188 -0.393485
-1.537342 -1.786692
1.505052 -0.124200
2.024285 -0.260298
-0.181701 0.404357
-1.363056 -0.250178
-1.274334 0.210840
-1.375122 -0.402475
1.387520 -0.469517
-0.230249 0.356897
1.425281 0.060453
-1.374257 0.199117
0.471186 -0.084866
-0.974737 -0.459960
-1.240855 0.012202
1.395812 -0.516714
0.594495 -0.362870
-0.510422 0.801606
0.094978 -0.709152
0.945493 -0.404806
-0.900209 -0.173054
-0.725608 2.017005
-0.379886 1.299336
-0.730538 1.391349
-0.876155 0.407328
-0.645233 0.628215
-1.087492 0.328015
0.997033 -1.859587
-1.529993 -0.548831
1.643136 0.401964
-0.598544 -1.010434
-1.015608 -0.096183
-0.774461 0.187352
-1.109541 -0.559038
-1.130578 0.785765
1.241555 -0.532094
1.667306 -0.132479
1.805576 -0.505194
-1.337753 -0.030093
-0.545157 1.623431
-1.320661 0.060024
-1.007646 -0.853493
1.120463 -0.272622
0.539928 0.703616
1.731553 -0.170875
-1.057708 0.628825
-0.294959 -0.389765
-0.711849 -0.200203
1.141816 0.249316
-0.796535 -0.653363
1.986692 0.093428
-0.371735 0.018197
-0.996109 -0.826427
-1.115260 0.485457
0.349118 1.046457
-1.353970 0.198775
-1.354730 -0.763956
1.389833 -0.399535
-0.463477 -0.432693
2.071626 -0.404050
-0.014720 0.312196
-0.464478 -0.121483
-0.894154 -0.426567
0.753040 0.338725
-0.467842 1.541945
-1.333854 -1.111258
-0.778356 -0.622771
2.324163 -0.147458
1.066116 -0.273037
1.316032 0.391700
-1.174697 -0.341784
-0.603186 1.636325
-1.338801 -0.825040
-0.347668 -0.218121
-1.254686 0.609258
2.076911 0.227405
-1.366065 -0.589990
0.576017 -0.214047
-1.201184 -0.639972
2.017424 -0.142711
-0.349312 -0.115353
2.148775 -0.299956
1.325835 -0.678925
-1.128345 -0.252676
1.936875 0.780682
0.357593 -0.524181
-1.492788 -1.457488
1.904968 0.083017
-0.932816 -1.066023
-0.962480 0.201427
-0.703120 -0.024113
1.956403 -0.408303
-1.090980 0.164120
-0.517792 -1.260029
-0.919632 -0.564716
0.736174 -0.062142
-0.988492 0.039143
1.039715 -0.605052
-0.021117 -0.391193
-1.052681 -1.146328
-0.915693 1.378165
0.215288 0.244324
-0.716624 -0.369274
-1.105516 -1.024003
-0.549874 0.174286
-0.869356 -0.173332
-0.416217 -0.167757
-1.177512 -0.193579
-0.329576 -1.667964
-1.233683 -0.097312
-0.683345 -0.116291
0.240567 -0.691617
0.755824 0.167253
-1.099797 0.102437
-1.554771 -0.322892
-0.597930 1.022878
1.815521 -0.830790
-1.109036 0.284445
1.160307 -0.200931
-1.049257 1.035950
-0.778375 1.061178
-1.165159 -0.944499
-1.166362 0.844054
-0.731094 -0.306511
0.103596 -0.202983
-1.077841 -0.561294
-1.001207 -0.945321
-1.499202 -0.409364
-1.160875 -0.968489
1.996216 -0.491444
-1.034915 0.053458
0.212487 1.312626
1.173450 -0.161676
0.035085 0.822500
-1.421918 -0.042952
-0.143097 0.042687
2.076836 0.059090
-1.142562 0.495574
-0.948042 0.384970
-0.798320 0.789976
-1.270652 -0.843598
0.230468 1.743242
-1.073995 0.069747
-0.790192 0.576715
0.568835 -0.826134
-0.144950 -0.457316
-0.516231 -0.104439
-0.929820 1.296180
1.367514 0.217695
-1.105947 -0.841200
-0.941344 0.224286
1.167221 0.591810
-0.141766 2.075559
1.934144 -0.100492
-1.175265 1.103971
1.483181 -0.009309
0.920513 -0.519189
-0.889954 0.290280
1.149279 -0.957561
1.282539 -0.129122
-2.401548 -1.606862
-0.829846 -1.066113
-0.613719 -0.763293
-1.500738 0.339396
-1.051039 0.029456
-1.149078 0.052583
-0.816522 -0.117529
0.668666 -0.492587
0.630431 -1.531071
-1.071694 -0.201085
0.438025 -0.244912
-0.067542 1.234683
-0.752951 -0.102645
-1.023809 -1.268320
-0.798674 0.140549
-1.837706 -0.651052
1.835416 -0.601908
-0.922120 -0.034553
-0.343789 -0.007245
-0.426310 1.263787
1.581128 -0.444190
-0.933707 0.286876
-0.591243 -0.458123
-1.075958 -0.978424
0.836616 -0.894676
0.116004 1.391738
-0.150174 -0.047894
0.129448 -0.249367
-0.261591 0.023314
-0.235052 2.595175
-0.682806 1.868647
1.968364 -0.037028
-0.434622 0.501467
1.862934 -0.335575
-1.244338 -0.599850
-0.338731 0.730965
-1.245871 -1.130413
1.435344 -0.372352
1.551657 0.002899
-1.220699 -0.871175
1.129831 1.630042
1.678365 -0.291274
-0.876013 1.293479
-0.921091 -0.269157
-0.823830 -0.134101
-0.749933 -0.520335
-0.934024 -0.200766
0.407954 2.280919
1.721355 -0.546612
-1.538136 -1.191988
-0.649936 -0.059171
-0.967737 -0.009352
-0.332984 -0.371126
2.025477 -0.358234
-0.070205 0.481662
-0.034126 -0.207054
-1.328461 0.066008
-0.127059 -0.763258
1.186232 0.680847
1.565428 0.542946
-0.725230 -0.029096
-0.250579 1.659873
-0.798447 0.003587
-0.934192 0.799535
2.048146 0.788541
0.448861 0.105327
2.549407 1.057651
1.230153 -0.442127
-0.408902 1.068491
-1.564641 -0.830463
1.219966 -0.423091
-1.061819 -0.734396
-0.053747 0.212492
-2.000321 -0.243485
-0.516188 -0.442564
-1.460455 -1.255361
2.242486 -0.163197
-0.523774 -0.999116
-1.061440 -1.141918
-1.245154 -0.726665
-1.338412 -0.370505
1.650234 -0.232701
-0.163290 0.120617
0.931601 0.164502
0.611109 -0.265649
1.841131 0.415573
0.210925 1.249855
-1.645588 0.443139
2.021430 -0.121819
1.673063 -0.634774
-0.728807 -0.774214
1.552718 -0.387257
2.271017 -0.082995
-1.076463 0.165354
2.311641 -0.214246
1.855360 0.687663
1.404603 -0.621003
1.745022 -0.612526
-1.571589 -0.520424
1.716316 -0.212830
-1.527226 -0.655483
1.865525 -0.404306
0.574678 0.580979
-0.556050 -0.176790
-1.021379 0.547979
-0.762067 -0.461278
-1.245807 -1.159086
2.227674 -0.087858
2.274315 -0.070348
-1.399424 -0.699685
-0.283845 -0.288573
-1.678111 -0.427154
-0.495339 -0.781251
-1.380081 0.246203
0.085529 1.035939
-0.584902 0.511973
-0.755743 1.119082
-0.484615 1.219933
-1.511129 -0.452141
-1.294835 -0.204188
-0.470167 1.653681
0.689710 -0.380660
-1.300440 -0.196878
2.936397 -0.697203
-1.016648 -0.391245
-0.995292 -1.143866
-0.328950 1.850914
-0.983516 -0.157708
-1.280259 0.035430
-0.980319 -0.658283
-0.952245 -0.560066
1.815458 -0.274070
2.170252 -0.264313
-0.916814 -0.205869
-0.596594 -0.008409
-0.506172 -0.383007
1.346759 -0.466271
-0.811816 0.570673
1.989913 -0.063324
0.073271 1.541294
-1.007627 -1.249371
-1.248763 -0.737294
-0.014844 0.264045
-0.335218 -0.487553
-0.081378 1.990859
1.352752 -0.675159
-1.615093 -0.554133
-1.005729 -0.120041
1.500240 0.008869
-0.865105 0.492781
-0.855590 -0.517826
-0.473853 -0.860834
2.033642 -0.102507
2.119291 -0.165378
2.057467 -0.156009
1.549727 -0.215069
2.255726 -0.286140
-0.455190 0.137603
0.125772 0.164612
-1.085778 -0.281032
-0.831216 0.028101
-1.209626 0.428911
-0.624801 0.374233
0.438228 -0.916232
-0.506153 -0.428326
-0.877033 0.837476
-1.316592 -0.413375
0.422005 1.823920
-0.438632 -0.490894
1.202904 1.757319
-0.712052 -0.307702
-0.897248 0.504203
-1.542196 0.697039
0.006687 -1.144384
-0.907494 0.223120
-0.746684 0.358094
-0.246833 1.489935
-1.031320 -1.231675
-0.980438 -0.674263
-0.659240 0.663638
1.814044 -0.426168
2.209606 0.641817
-1.192581 -0.620271
0.640817 -0.612350
-0.631749 0.991167
-0.134666 -0.801006
1.274646 1.137727
-1.082314 -0.543337
-0.710971 1.462782
-0.624182 0.225611
0.074319 -0.385339
0.122513 0.472877
-1.068873 0.926840
-1.278229 -0.732493
-0.578740 -0.246784
-0.922580 0.233965
1.659104 -0.187746
0.299911 -0.373686
-0.814809 -0.343481
0.463918 0.138104
-0.668672 0.104935
1.720687 0.839963
1.981576 -0.060031
-0.305534 -0.142736
-0.699648 -0.337940
-0.416263 0.018651
-1.311025 0.091166
-0.749298 0.469485
1.610111 -0.011172
2.118314 -0.087540
-0.274814 1.667582
-0.654392 0.302752
-0.118212 1.981592
-0.953354 -0.763026
1.115961 -0.206568
2.053059 0.564618
0.386798 -0.605213
-0.708048 -0.101887
-1.088556 0.884078
-1.644121 -0.739749
-0.442062 0.098502
-0.593707 1.808981
0.107257 1.815325
-0.313429 -0.768187
1.798828 -0.307817
-0.360919 -0.003747
2.270346 -0.310043
-0.924154 0.239599
1.682440 0.021350
-0.519013 0.278980
-1.844368 -0.805726
0.409940 -1.023537
-1.240816 -0.430657
-1.008661 0.990788
0.112679 1.327440
0.223515 -0.639513
1.916428 0.192631
-0.662467 0.060473
-1.356064 0.404968
1.918927 -0.736867
-0.617199 0.885516
-0.517103 1.106388
-1.413984 -0.691798
-0.831320 -1.145487
-0.179458 -0.766948
-0.557111 0.476970
-1.404850 -0.473581
-0.867390 -0.813761
-1.090461 -1.068082
2.059443 -0.464017
-0.609020 -0.198425
0.579524 -1.114397
1.396744 -0.341196
-1.310637 0.562881
0.028707 -0.295707
1.447214 -0.454282
1.788202 -0.082234
1.852544 -0.698065
-1.109839 -0.439588
2.236877 0.048928
-1.283862 1.172642
-1.051166 0.913053
1.703996 0.627148
0.943273 -1.154050
-0.847816 1.676429
0.127279 2.141114
2.114172 -0.324617
-1.710712 -0.887186
1.410350 -0.141126
0.366942 -1.045400
0.139557 2.586034
-1.212585 -0.742576
0.057066 -0.739138
-0.572826 -1.242402
1.204371 -0.081627
-0.165108 1.636696
-1.300123 -0.214796
2.225282 -0.046366
-0.119713 -0.630973
-0.538878 0.435696
1.352866 0.034910
-1.212471 -0.617891
-0.559908 -0.460180
2.388223 -0.226992
1.731909 -0.203490
-0.348925 -0.204426
-1.179301 -0.448484
-1.003793 -1.079649
-1.593865 -0.953053
2.012355 -0.526349
1.142984 -0.551496
-0.589769 -0.775723
2.291652 -0.082937
0.825825 -0.643322
0.331345 -0.393775
-0.284101 1.625045
1.644882 -0.587410
-1.611460 -0.106031
-1.408932 -0.352408
-0.302677 0.024079
-0.002954 0.592869
-1.175595 -0.994284
-1.339704 1.230479
-0.313139 -0.087806
0.825147 0.916798
-0.751462 1.002060
1.934810 -0.263977
-0.251149 1.518782
0.392617 0.244639
0.271906 0.514094
-0.745577 -0.399717
-1.096480 0.014291
-1.151622 -0.129883
-0.987346 0.694611
-1.398805 -0.162361
1.995184 -0.480404
1.635251 1.000362
-0.468646 -0.353436
-1.058069 -0.982771
1.947681 -0.020535
-0.938512 0.974655
1.514999 1.437620
1.697144 -0.994861
-0.968458 -0.988075
-1.115614 -0.290695
1.393041 -0.334379
-1.027026 -0.235330
-0.953597 0.795912
-0.557286 -0.384574
-0.550598 0.951556
2.146292 -0.250420
-1.258938 -1.518377
-0.529543 -0.436228
-0.727771 -0.606665
-0.223255 0.902143
-0.834026 -0.654511
-0.327518 0.038956
-0.339989 -0.024730
2.145904 -0.328947
-0.122712 -0.044195
2.337039 -0.027026
1.205939 0.076811
-0.396334 -1.366725
0.486866 0.064973
-0.994376 -1.403897
-1.884508 -1.077940
0.275303 2.116545
-0.362898 2.426830
1.893193 0.874646
-0.378164 -0.946916
-0.207805 -0.178496
-0.540979 -0.047706
-1.777789 -0.063251
1.841185 -0.295587
-0.401943 1.006315
-0.561766 0.070156
-1.067929 0.861428
-0.922326 0.821900
2.190591 -1.282696
0.627646 -0.807101
-0.205030 -0.268737
-1.263798 0.102343
0.295706 -1.772214
0.172522 1.679459
-0.511119 -0.041947
-0.786529 -0.476109
-0.731472 -0.682860
2.078845 -0.120229
-0.550428 0.120464
-1.503196 -1.018078
2.155873 -0.307602
-0.283471 -0.091499
0.090341 -1.425827
0.224998 2.046938
2.009546 -0.522500
-1.146686 -0.358677
-0.182483 -0.583781
-0.684549 -0.696252
1.065393 -0.719874
-1.117708 0.676663
1.840005 -0.022013
-0.137974 -0.331641
1.648024 1.183853
-0.622264 0.446406
-0.726680 -0.957220
2.107695 -0.349191
0.827720 -1.280780
2.297023 0.005210
-1.237712 1.021622
-0.733784 0.102189
-0.413625 -0.404501
-1.033523 -0.470725
2.273393 0.038705
0.308759 -0.072078
-1.476524 -0.537409
-0.309647 -0.406728
-0.298125 0.007713
2.313783 -0.123650
0.173182 -0.628600
1.411699 -0.230161
-1.291489 -1.038586
-0.787558 -0.044862
2.089433 -0.168305
-0.238636 -0.009228
-0.662987 0.361924
2.037416 -0.666636
-1.161647 0.733540
2.252518 -1.052721
-1.566651 0.430014
1.994053 -0.289034
0.270927 -1.197789
-0.927902 -0.286401
2.138345 -0.395557
-0.990391 -0.690485
-1.158587 -0.854273
-1.008296 1.916073
0.947939 -1.071328
-0.701680 0.908895
-0.746278 0.442248
-0.018543 0.277437
2.245629 -0.257172
0.040709 -0.341791
3.346709 -0.401818
1.639949 -0.022537
-0.321063 0.956835
1.780992 0.211009
0.794482 1.585469
2.147318 0.279588
-0.913044 -1.282730
-1.213741 -0.560052
2.132200 0.072982
-0.638123 0.395724
-1.843767 1.033086
-0.717287 -0.551249
0.268276 -1.351775
-0.948294 -0.094886
1.531254 1.372705
2.086516 -0.192232
0.169892 0.620168
-1.896747 -0.584118
1.551696 -0.672580
0.395299 0.308875
-0.004119 1.548926
1.078326 -0.135818
-1.047620 0.986547
-1.098374 0.542096
-0.159398 2.227514
0.382229 -1.963731
-1.212198 -0.700942
-0.231694 -0.963118
2.651697 -0.337024
-1.405201 -1.440784
-0.664733 0.264631
-0.125431 2.147285
0.630951 -0.319188
-0.572239 -0.441452
-1.174967 1.093520
0.415312 1.660097
1.309459 0.873495
-0.655034 0.064404
1.547292 -0.536679
-0.238382 -0.174306
0.229036 0.031030
-1.130861 -0.299133
-0.251198 -1.110631
-0.982789 -0.842144
2.388223 -0.226992
0.735839 -0.450821
0.001258 -0.740788
-1.340669 0.987457
1.512578 -0.362723
0.527005 2.231700
-0.409136 1.650058
-0.192657 2.021435
-1.165095 0.305487
-0.394744 -0.418240
2.184977 -0.551370
0.208048 0.162794
-0.456135 -0.346246
2.041429 -0.401686
-1.289470 1.149049
-1.052656 -0.486127
1.005832 -0.954087
-0.182389 -0.674809
0.661198 -0.799799
-0.714648 -0.507939
1.793070 0.709604
-0.325245 -0.737563
-0.728950 0.218021
-0.169066 1.580970
-0.769822 0.559890
-1.228934 0.551242
1.064676 -0.191430
-0.961367 0.419489
1.626057 0.008731
-0.736948 0.097622
-0.823453 0.685729
-0.772053 -0.848729
2.260978 0.032731
0.206360 1.420575
-1.227469 -1.130777
0.198302 -0.918223
-1.085062 0.226097
0.016542 -0.182653
-0.184456 2.509260
-0.624145 -0.103830
2.007910 -0.456330
-1.397030 -0.827444
0.132341 0.377984
-1.106909 0.027487
0.670631 -0.437515
-0.638626 -0.083744
-1.316745 -0.378669
0.196419 1.412533
-1.097677 0.453619
0.168924 1.567040
-0.981923 -0.630620
0.762748 1.684002
1.472506 -0.402980
-1.329456 0.512618
-1.045508 0.385258
-0.911100 -1.054776
-0.208067 1.962027
-0.080586 0.418900
-1.402306 -1.020853
-0.826694 -1.029281
-0.352503 -1.093031
1.543449 -0.599900
0.044031 1.524540
0.042398 1.655884
-0.123492 1.716528
-0.311875 1.087583
-0.538939 0.289294
-1.170208 -0.520385
-1.386824 -1.154913
-0.025751 -0.273854
-0.419998 0.018081
1.399541 -0.268559
2.232661 0.141259
-0.890371 0.438485
-0.699683 0.359896
0.814616 -0.312095
-0.930202 0.129064
1.691749 -0.809606
-0.529784 0.765346
-0.841124 -0.978962
1.361500 -0.303150
-0.908394 1.793716
1.046513 0.408436
-0.842449 1.628057
-1.117694 1.210399
-1.358019 0.457820
-0.678225 -0.290893
1.248416 -0.287750
-1.008638 -0.565946
0.298601 -0.723266
-0.279046 -0.880333
1.509432 0.525045
-0.591315 -0.436505
0.089295 -0.373977
2.339856 -0.122868
1.586341 -0.150799
-0.730270 0.497092
1.997481 -0.456192
-0.554922 0.720133
-1.208483 -0.866202
-0.259371 -0.562030
-1.473247 -1.087470
-0.400848 1.370955
3.561990 -0.321966
1.170831 -0.024351
-0.629663 -0.420633
-1.080242 1.194868
-0.729422 0.823877
1.193617 0.274027
1.859054 1.264950
-0.925282 -1.056511
-0.917949 0.525557
-0.070721 1.198812
-0.953783 -0.126578
0.518316 -1.101459
-0.720511 -0.469096
-0.783637 1.805407
-1.340491 -1.927428
-0.957509 1.693680
-0.234160 0.406023
-1.462838 -0.172240
0.703818 -1.118621
-1.050760 1.511132
-1.037075 0.289607
1.420494 -0.059043
-1.005129 -1.107638
1.392220 0.388832
0.068864 -0.377263
-0.694399 0.879360
-1.094873 -0.735941
1.384094 -0.790627
1.464965 -0.745911
2.255931 -0.416156
0.094144 0.526041
2.062331 -0.261838
-1.156479 0.654093
-0.287932 1.688596
2.060703 -0.130869
-0.783130 -0.608225
-0.507618 -0.214149
-1.428638 -1.256635
1.351470 -0.107434
1.808019 0.130271
2.193660 -0.225641
-0.603250 1.336949
-1.693197 -0.272013
-1.640225 -0.567796
-0.021229 0.654488
1.864269 -0.587772
-0.558819 0.131133
1.429898 -0.098763
1.489139 -0.150692
-1.329353 0.252659
-1.120327 -0.365259
-0.531548 -0.635499
-1.172032 0.327279
-1.109041 -0.342236
2.225567 0.045056
-0.954674 -0.018084
-1.088178 0.749778
1.301748 -0.824073
-0.167464 1.465966
-0.046205 0.287901
-0.963686 0.490386
-0.409513 0.780992
0.553166 -0.231279
-0.784295 -0.720740
-0.847915 -0.162628
1.745187 -0.365496
2.381304 -0.001891
-1.431178 -0.501482
2.108419 0.040308
-0.534011 1.432511
0.038198 1.062576
-0.788430 1.082159
-1.213008 -0.480710
1.748458 -0.691484
1.616664 -0.971758
-0.899863 0.517215
-1.243702 -1.366345
0.121023 1.671577
-0.435151 1.748838
0.364779 -0.159881
-0.839733 0.642866
0.031745 -0.731252
-1.152830 -0.848727
2.255588 -0.229647
0.104363 0.258777
1.350415 -0.405921
2.301274 -0.139986
-0.077127 -0.492065
-0.229419 0.246820
0.048954 2.074386
-0.778383 0.114329
2.137688 -0.369188
-0.837596 -0.546037
2.471998 -0.205028
1.732185 0.146869
-0.931433 -0.426655
1.695563 -0.402438
-0.370811 0.258578
-0.066341 0.414598
-0.332859 0.370109
0.409655 -0.835382
-0.807955 0.761791
-0.100533 1.709742
-1.230627 -0.396203
-1.342297 1.106833
-1.279517 -0.424996
0.910373 -0.489543
-0.863953 -0.085031
-1.249404 0.237416
-0.595009 0.558971
-1.337359 -0.350361
1.490546 -0.621894
-1.154330 -1.096992
-0.856333 -0.252917
-0.796053 0.423745
-1.340923 0.230984
1.677902 -0.293889
0.301378 1.555895
2.095040 -0.137381
1.871956 -0.386021
-1.021505 -0.828184
0.252311 -0.401415
-0.751528 0.256621
-0.528653 0.019231
-0.730780 -0.720034
-0.998558 1.004651
1.334634 -0.524203
2.029292 -0.196221
1.450889 -0.573693
-0.790422 0.423891
-1.200630 -1.155316
-0.473079 1.134737
-0.021693 -0.269042
-0.795511 -0.584712
-1.148541 -0.249623
-0.634774 1.446829
1.316495 -0.928403
-0.481560 1.368970
-0.606476 1.140718
0.406555 -0.135406
-0.916458 -0.755185
1.271517 -0.795266
0.561671 -0.107995
-1.225439 0.333032
0.921575 -0.752345
0.936433 0.800707
-0.480916 -1.045286
-1.205725 -1.048771
-1.238346 -0.591600
-1.155669 -0.575169
1.645443 0.040490
-0.993805 -0.102046
-1.415729 0.423729
1.054888 -0.084672
0.719025 2.734912
1.382087 -0.245974
-0.047650 2.042420
0.016012 -1.710111
-0.737516 -1.335574
-0.009903 1.708954
1.386129 -0.173741
1.993740 0.400762
-0.883465 0.095699
-0.353806 -0.684405
-1.121480 -0.062055
-0.961325 -0.627419
1.685408 0.274972
-0.455335 0.422367
-0.687963 0.913149
-1.253857 -1.221065
-0.555641 1.008009
-0.704271 -0.453674
-0.570506 0.079569
2.140861 0.591969
-1.432485 -0.704707
3.096822 0.383606
-0.376511 -0.947893
-1.211513 -0.805115
-0.440446 0.053557
-0.965244 -0.758960
-0.990746 -0.402459
1.822996 -0.317485
1.060993 0.136024
-0.966759 -0.722466
-1.204607 -0.297894
-0.496388 -0.527839
-0.613123 -0.171120
-0.411916 -0.279235
-1.514924 0.000905
-0.187407 0.052612
-0.841999 -0.217472
-0.455661 -1.333357
1.814160 -0.013827
-0.615489 0.371229
-0.331657 -1.430312
-1.554563 -0.990850
-0.606930 0.167642
-0.686507 -0.768625
-0.533447 1.245700
-0.277135 1.162969
0.390502 -0.405122
-0.339965 0.338924
-1.060218 -1.039305
-0.781488 -0.044143
1.605901 -0.253387
-0.880911 0.092528
2.362509 -0.221492
0.213637 -1.051117
0.984046 0.010896
-0.857680 -0.378231
1.037936 -0.581016
2.136111 -0.073091
2.274672 0.012022
-1.092711 1.031561
-0.928251 1.009675
-0.404450 -0.322871
-0.520752 0.145328
2.180823 -0.239814
1.514008 -0.577069
-0.050399 1.868305
2.881835 -0.899823
1.895863 0.296405
-0.178941 -0.691398
-1.160971 -1.073408
-1.832955 -0.610871
0.288589 -1.033386
-1.242262 -1.017239
0.953121 -0.312293
0.903849 0.922705
-0.415825 0.234853
1.639464 -0.355256
-0.518736 0.109728
1.706867 0.287677
0.059908 -0.568720
1.217539 1.565527
-0.529966 0.331072
-0.942516 -0.327751
1.931116 0.561147
-1.060675 0.017581
-0.678218 -0.759990
-0.991488 -0.006801
1.577339 -0.693229
-0.166060 1.647966
-1.469398 -0.855383
-1.056751 -0.068319
1.832156 -0.128351
2.223296 -0.255702
-0.451067 -0.239927
-1.331084 0.027911
-1.551309 -1.199616
1.925729 0.317376
1.064557 -0.304775
-1.186115 -0.288406
-0.989274 0.502631
-0.522980 -0.041457
-1.126758 0.262052
0.115042 -0.498987
-1.423730 -0.364949
2.071470 0.147208
1.434709 -0.078611
-0.466713 -0.123670
-0.501698 0.107383
-1.439606 -1.565810
-0.665423 -0.079187
2.093313 -0.521623
-0.984378 0.706835
1.709702 -0.216243
1.864667 -0.194085
0.664609 0.488074
1.782851 -0.361393
-0.097055 1.549088
1.890168 -0.398775
1.555440 0.106088
1.959401 -0.136184
-0.879913 0.270312
1.180935 -0.701141
1.755239 -0.485972
-1.271207 0.065804
-0.189119 0.140052
0.393347 -1.018400
1.916512 0.253732
-1.289825 -0.258975
-0.639583 0.426280
-0.633108 -0.597504
-0.314042 -1.037074
2.159392 -0.036470
1.847903 -0.405491
-0.703729 -0.848653
-1.681303 -1.562057
2.893734 -0.721697
-0.587107 1.998227
1.769492 -0.662388
-1.135517 -0.578380
0.568354 -0.854827
-0.524147 -0.190706
2.260320 -0.050610
-0.914186 0.056491
-0.100992 1.668293
2.058953 -0.001305
-0.363809 1.556026
-1.275841 -1.333059
1.722688 -0.765495
-1.057391 -0.765701
0.075939 1.827174
-0.291135 -0.005518
-1.231326 -0.056983
-0.779106 0.175712
-1.584493 -1.374735
0.626868 0.883425
-0.695717 -0.999421
0.331509 -0.527457
-0.056984 0.746449
-1.153566 -0.440109
1.512082 -0.298182
-0.226073 0.723004
-0.484265 -0.794591
1.603605 -0.283014
-0.800292 1.259242
-0.431588 -0.086149
1.754829 -0.479680
-0.738477 0.485946
-1.188420 -1.032350
-1.011384 -0.501365
1.280757 0.368117
0.770060 -0.244823
-0.091002 2.232573
0.053527 0.551684
0.713138 0.011197
-1.362604 -1.288049
-0.068944 -0.230833
-1.663654 -0.812556
-0.956043 -0.969563
-0.753496 0.797621
-0.826661 -0.547820
1.573749 0.385369
-0.059620 -1.193402
-0.687411 1.281944
-0.350862 -2.238954
1.129650 -0.505803
0.882663 -0.803759
-0.469759 -1.422398
-0.312444 0.810195
-0.771232 -0.312037
-0.482126 2.292539
1.826386 0.873120
1.872362 -0.559045
-0.702419 0.009140
2.097160 -0.136410
1.265506 -0.304495
-0.918172 1.189562
-0.055753 1.789666
1.194071 -0.803631
0.729189 -1.054764
-1.661387 -0.242524
-1.097026 -0.080931
-0.382752 0.236362
0.912219 -0.367073
-0.150357 -1.117060
-1.063275 -0.239533
-0.306675 0.846924
-0.312008 -0.867932
-0.822379 -0.048765
-1.443494 -0.914283
2.137632 -0.339825
-0.103857 -1.489495
-1.228406 -0.797411
-1.041414 0.039735
-1.065717 -0.327750
-0.463205 -1.251821
-0.748616 -1.038400
-0.717811 -0.493270
-1.121042 0.070479
1.803336 0.093154
-0.071322 0.190330
0.403245 -1.265144
2.106655 -0.327053
-1.133883 -0.082197
-1.004940 1.107641
-0.719781 -0.581550
-1.237522 0.693147
-0.585198 0.042496
1.737114 -0.429276
-1.246078 0.130396
2.005681 -0.630194
-0.226368 2.511226
-0.889715 0.161038
1.771800 0.057285
0.341281 -0.476886
-0.421518 1.304184
-1.296931 -0.955317
-0.125706 -0.205561
1.631550 0.142382
0.363634 -0.494214
-0.274385 -0.201329
-1.025042 0.192829
-0.585245 -0.844995
-0.258115 0.174664
-0.684970 -0.492579
-0.928466 -0.617501
-0.832068 0.682567
-1.571348 -0.958914
1.682495 1.489804
0.610061 -0.210213
-0.208569 -0.449395
1.551151 -1.086083
-1.011072 1.143440
1.142272 0.070085
1.423286 -0.055774
-0.577339 0.893748
1.659198 -0.138147
-0.967644 1.457961
-0.727704 0.269508
-0.721585 -0.012234
-0.504691 1.472213
-0.663061 -0.422825
-0.725518 -0.424767
-0.620170 1.434739
-1.214902 0.692692
1.491483 -0.968750
-0.324101 -0.188321
-1.143014 1.352486
-0.475791 0.159540
-0.751219 -0.400819
-1.350762 -0.851636
-1.262842 -0.983768
2.182006 0.355120
-0.949945 -0.683256
1.451306 -0.353659
-0.802620 0.471906
-0.814773 0.243215
-0.362363 0.235162
-1.794889 -0.847228
1.211174 1.483466
1.344828 -0.420379
-1.830723 -1.142311
-0.855391 -0.198278
0.416760 2.020441
-0.714487 0.066307
2.314073 -0.688094
0.054700 -0.591330
-1.377899 -0.136204
-0.996416 1.196237
-0.190120 -0.490623
-0.552431 -0.165328
-1.163652 0.247374
-0.973692 0.209068
-1.034614 -0.942999
-0.762703 0.510758
-1.573453 -0.265761
0.528827 -0.162708
-1.955568 -0.981485
2.039658 -0.262696
1.833709 -0.121342
2.035849 -0.011507
0.012666 0.403741
-0.918094 -0.130727
-0.154600 1.959268
2.128014 -0.086120
-0.888993 0.705661
-1.237683 -1.154737
2.120502 0.093334
0.136348 -0.098489
-0.073967 1.959093
-0.877645 -1.197897
2.075513 0.315740
-2.260155 -1.231742
-0.235612 -0.175062
-0.690134 0.570699
2.012442 -0.261812
1.602804 -0.616897
-0.347327 -0.328040
2.362752 -0.032526
-1.299130 0.178840
0.237096 -1.317111
-0.669000 -0.501707
-1.538250 0.329995
-1.067041 0.462514
0.071421 2.051632
-1.099884 -0.545960
0.217039 -0.073444
-0.454232 -0.222194
-0.804118 0.124192
-0.190686 0.271150
-0.544337 -0.264175
-0.502119 -0.093137
-0.585503 -0.660305
-1.030499 0.281999
-1.132483 -0.483715
-0.898608 0.779590
-0.248679 0.193870
-0.483387 -0.467650
2.159189 0.214461
-0.546600 0.003973
-0.572614 0.902144
0.099239 0.116336
2.115977 -0.075116
2.351768 -0.103009
-0.388445 1.588307
-1.269358 -0.755875
-1.227994 0.074296
-0.517110 -0.649747
0.822864 1.690268
-0.935329 -0.357429
1.973179 -0.579644
-0.575830 0.202272
-0.774345 -0.080364
1.385491 -0.883024
-1.687320 -1.233616
-1.365914 -0.543317
-0.280852 2.032728
2.287275 -0.250782
-1.412132 1.364517
1.940590 -0.049629
1.588880 -1.444888
2.079800 -0.291234
1.337777 -1.054671
-0.911902 -0.296447
0.407719 -1.010851
2.253259 -0.228373
1.457365 -0.718949
1.482907 0.371784
2.255726 -0.286140
-0.703813 0.160469
1.459706 -0.237622
-1.324642 0.656670
0.066574 1.570354
-0.666484 -1.275680
-0.489738 -0.400443
1.737281 0.016308
-0.408070 -0.145198
0.586725 -0.237291
-0.269525 -0.360745
1.526091 -0.479749
-0.302010 0.241361
-0.460985 0.145258
-1.277859 0.329719
-0.674035 0.549641
-0.885738 1.236676
-1.615063 -0.474375
-1.361267 -1.168084
1.548398 -0.628139
-0.725266 0.111353
1.828190 -0.525866
-1.167116 -0.058268
1.360630 -0.606285
2.857091 0.313656
-0.576994 0.620562
2.021200 -0.302722
1.338659 -0.557572
0.000281 2.056811
0.223013 0.991001
-1.218513 -0.832049
-0.388487 -0.203435
-0.698213 -0.496797
-1.533064 -0.298594
-0.841709 -0.413335
-0.117761 -0.765120
-1.102458 -0.871218
-1.588940 0.280507
0.107825 -0.989931
-1.464671 0.332065
-0.779937 0.277486
-0.986400 0.086175
-0.231358 0.720995
-0.136292 0.470808
1.936043 -0.552048
0.742823 -0.207205
1.691811 -0.691903
1.497512 -0.291876
-0.406340 -0.495476
-0.498523 2.563117
-0.109156 0.816687
-1.009586 0.571102
-0.996490 -0.032677
-0.733859 1.176256
-0.546388 1.691775
0.298765 2.282036
-0.858403 0.362291
-1.035383 0.042259
2.180393 -0.697097
-0.332656 -0.153792
-1.101830 0.166834
0.903413 1.749315
-0.334315 -0.130196
-0.488211 -0.044954
1.575955 -0.492826
-0.712409 -0.082941
-0.707865 -0.641225
-0.215955 -0.045473
-0.473476 -1.020031
1.784612 0.545394
-0.740511 0.735570
-2.238263 -1.330947
-0.345151 -1.544689
-0.979969 -0.218013
-1.758543 -0.306646
-0.704897 -0.135341
-0.626760 -1.003732
-1.230696 -0.092401
-0.889062 0.958401
2.094340 -0.243931
-0.085263 -0.264454
-0.814266 0.219665
1.183050 -0.344412
0.341678 -0.820036
1.415446 -0.230078
-1.191224 -0.610053
1.445598 -0.123800
-0.913394 -0.489602
1.278714 -0.962491
1.218839 0.055162
0.046750 -0.288632
0.966436 1.269258
-1.536984 -1.388828
0.765959 -0.163199
2.188378 -0.214530
1.864316 -0.880514
-1.413159 -1.204151
2.013613 -0.050615
1.678067 0.261728
-1.547078 -1.280544
-0.708369 -0.321175
-0.862226 1.027120
-0.569872 0.505947
-1.159749 -0.908851
2.061899 0.020091
-1.582391 -0.760036
0.482229 0.014839
-1.083366 0.958104
-0.973210 0.727041
0.561705 1.604417
-0.801968 0.197929
2.120761 -0.066905
-0.109868 0.902722
-0.546397 0.732891
1.439469 0.953361
0.828125 -1.474828
-1.262981 -0.382459
-0.020674 -0.285146
-1.020917 2.341713
1.162119 0.021047
1.302273 -0.803532
-1.352000 -0.724498
-0.489952 -0.297832
1.778796 -0.072448
-0.873099 -0.374845
0.603829 -0.385510
2.043038 -0.437624
2.096158 -0.114336
-0.771119 -0.192996
0.123165 1.505734
-0.802371 -1.017670
1.777556 -0.745904
-1.195047 -0.669818
2.065771 0.308961
-0.971898 0.723405
1.608465 0.036311
-1.079714 -0.554408
-1.181144 0.044585
2.157680 0.016738
-0.588416 -0.644031
-1.403070 1.929457
1.230518 -0.024946
1.778907 0.810372
-0.385369 0.511634
-0.555519 0.019660
0.180650 -1.818371
-0.981429 -1.158306
-0.101753 0.864492
1.293250 -0.704702
-0.998642 -0.547051
-0.368012 -0.055309
-0.805223 -0.806738
1.325528 0.250624
2.533945 -0.058498
1.276206 0.672382
-1.333678 -0.335014
-0.322787 2.507571
-0.464024 0.561713
-0.744383 1.449482
-1.701616 -1.250702
0.364239 1.964116
-1.120841 -0.670488
-0.550399 1.714112
-0.485637 0.560189
2.388223 -0.226992
-1.407541 -0.616283
0.229051 -0.499202
-0.136000 -0.687116
-0.960429 -0.591342
1.086760 0.179943
1.435814 -0.348034
0.278270 -0.197381
-0.999006 -0.323926
1.437264 -0.514190
-1.253150 -2.167030
-0.035352 1.780253
2.237544 -0.297413
1.673994 -0.157874
1.700130 -0.929667
-0.775317 -0.989971
1.954106 -0.415403
-1.045474 0.225457
1.599272 0.122879
-0.002570 0.091126
-0.085465 -0.908328
-0.319238 0.707779
1.918289 -0.493818
-1.190802 1.211536
1.576621 -0.512099
-0.692244 -0.149659
-0.979471 0.142493
1.486841 -0.119343
-0.168713 -0.749335
-0.044381 0.466493
-1.243787 0.597385
2.084906 0.058521
-0.648010 -0.650764
0.576808 0.326131
-0.805118 -0.262432
-0.914043 -0.305220
-0.915074 -0.647729
1.930965 0.245317
-0.756552 -0.194289
1.713211 -0.665561
-0.867318 -0.733971
-0.672952 0.371211
-0.666869 0.297232
-0.608236 1.080083
-0.448732 0.024247
-0.812874 1.153879
-0.589670 1.388787
-0.635902 0.072046
-0.842558 0.202526
0.788320 0.224134
-0.556190 0.400367
2.132298 0.392839
1.258415 -0.305008
2.138561 -0.145865
1.386285 1.057279
0.962379 -1.109286
-1.468249 0.202917
-1.102933 -0.950143
-0.386930 1.480086
-1.554942 -1.343069
-0.867292 0.791042
-0.090946 -0.006886
-0.760153 0.099134
0.850287 1.323036
-0.746283 -2.219193
-0.858092 0.474624
-0.394369 0.435838
-1.225759 -0.761617
-1.565284 -0.646703
-1.628966 -0.352171
-0.774345 -0.123668
-0.440426 0.841677
-0.015993 0.712009
1.396942 -0.280393
-1.037154 -0.387099
2.261068 -0.133765
1.542742 0.114363
-0.694667 0.535648
-0.792613 0.196380
0.552427 0.003448
-1.027566 -0.412922
0.862541 -0.281088
0.614420 -1.092732
-0.858472 -0.362233
2.205602 0.093804
-0.650241 1.117541
0.953761 2.008437
-1.082014 1.038595
0.012938 1.384023
-0.096692 -0.560458
-0.088316 0.880124
0.333992 1.419383
-1.138965 -0.058323
2.179430 -0.024371
-0.667498 -0.329594
-0.602990 -0.101966
-0.986691 -0.516043
-1.171126 -0.467864
0.912400 1.973968
-1.228414 -1.723917
-0.949588 0.529284
1.676025 -0.786499
2.018033 -0.268605
-1.541493 -1.166904
2.058022 -0.269959
-0.901327 0.276511
1.180356 1.055453
0.009559 0.945707
1.895756 -0.643207
-0.283758 1.506281
-0.354155 1.971264
-0.172821 0.095284
-0.663420 0.609720
-0.744975 -0.922481
-1.381435 0.979416
-0.119356 -0.049569
1.624885 0.294058
1.697102 0.087925
2.154696 -0.062716
-0.840960 0.817053
0.242429 0.775435
-0.126465 1.404564
0.766059 -0.466044
1.539095 1.570849
-0.718619 -1.173309
-0.961287 -0.042074
-1.254149 0.587571
-0.991038 0.007731
2.221742 0.179596
-1.314067 -0.584429
1.998477 0.180381
2.296292 -0.031269
-0.220749 0.722530
2.156584 0.274342
0.689500 -0.064970
-1.289403 -0.600039
-0.487636 1.764140
-0.228682 0.421628
0.651059 -0.584052
3.203115 -0.311145
-0.275208 1.034732
-0.169234 1.005332
-0.871018 -0.558315
1.516084 -0.546860
1.557639 -0.816094
1.883440 0.064393
-1.223913 -0.407337
-1.805587 -0.237176
-0.909277 0.423153
1.832976 -0.580564
1.044451 -0.317916
0.026206 -0.496354
2.362509 -0.221492
-1.245941 -1.134718
0.833143 1.773400
1.999824 -0.769806
-0.922773 -0.389544
-0.024983 -0.228011
1.613082 1.942902
1.323166 -0.223854
-0.939016 -0.359485
-0.723928 0.439164
1.983507 -0.412461
0.480577 -0.539765
1.888950 -0.082245
-0.871302 0.084223
-1.060879 -0.392106
-1.043065 -0.681675
-1.683468 -1.782724
1.823027 0.321171
-0.179530 0.066512
2.050248 -0.454200
-0.757043 -1.068262
-0.865588 -0.034020
-0.421640 -0.341401
-1.246284 0.525865
-1.767266 -0.742391
-0.665966 1.028310
1.235520 -0.390455
1.062436 -0.862661
1.737426 0.189104
1.988838 -0.697470
-0.362077 2.007974
-1.035797 -0.313556
-0.382530 -0.499190
0.140687 2.315296
1.928812 -0.197404
-1.234052 -0.798593
-1.083232 0.570446
0.997713 -0.512746
0.066940 1.501570
2.145598 -0.230150
2.314142 -0.117368
-1.304489 -0.277388
-1.069234 0.418174
-0.284995 -0.223225
-0.460211 0.373168
-0.993731 0.939044
-0.249129 -0.587005
-0.508457 -1.656711
-1.539656 -1.016412
1.357243 -0.406605
-1.259113 -0.742836
1.867936 -0.400828
-1.016714 0.319341
-1.252271 0.635519
0.374482 -0.940627
-0.479258 -0.561180
-0.769085 -0.467530
1.310004 -0.137853
0.838493 -0.605666
1.420546 -0.199791
1.503844 -0.080628
-0.259105 0.326722
-0.651735 1.520182
-0.383714 0.080619
-0.536116 1.757883
-1.035542 0.903727
1.248607 -1.090228
1.170910 0.475639
1.987802 -0.394298
2.992229 -0.472206
-0.058579 2.592336
-0.351171 1.403077
-0.937536 -0.550030
-0.531565 -1.292160
-1.220597 -0.593478
-0.782804 0.180165
2.316568 -0.271681
-0.775806 -0.527444
-0.195845 0.276595
2.279110 -0.040236
-0.811165 0.553261
-0.707681 0.195798
2.686484 -0.346936
0.024833 1.438201
-1.034428 0.428203
-1.326017 -0.393099
1.435816 0.005065
-0.283209 1.457198
-1.765246 -1.767018
-0.698244 0.640180
-0.684406 1.398438
1.642437 0.457422
0.436721 2.483091
-0.498033 -0.067396
-0.969841 -0.692240
-1.603167 -0.883044
1.397804 -0.511386
0.654536 -0.346083
-1.048214 -0.319188
-0.859358 1.109553
-1.429790 -1.035252
-0.907104 -1.501855
1.562332 0.100615
1.999526 -0.244683
-0.343309 -1.026146
0.765480 -0.148235
-0.140483 0.523647
0.534085 -0.599351
-0.597031 -0.030219
1.120995 -0.197143
-0.444249 -0.572337
-0.191706 1.778228
-1.192830 0.362785
-1.003201 -0.086295
-0.518031 0.062180
1.509147 -0.500013
0.788782 1.516592
2.087972 -0.543522
1.424767 -0.222139
-0.218464 0.470454
-0.732318 -0.789409
-1.133701 0.040502
2.015665 0.655012
-0.668483 0.166924
-0.401148 0.975450
-1.734147 -1.226522
2.388223 -0.226992
-1.191321 0.151086
1.471912 0.408575
-1.467286 -0.614720
0.486884 -0.477330
2.010196 -0.143055
0.066519 1.926438
1.411028 -0.003796
-0.673785 1.008423
-0.653205 -0.460040
1.625499 0.637353
0.499823 -0.090988
0.676773 -0.477792
-1.266035 -0.392970
-1.078735 0.439624
0.094591 -0.710779
-1.681633 0.618201
-0.243931 0.054127
-0.421312 1.710223
1.978992 0.237323
-1.204722 -0.458384
-1.532828 -0.369453
-1.226499 -0.345715
2.159448 0.199124
-0.404869 1.579853
-1.179049 0.292196
-1.179751 -0.222620
0.227892 0.627462
-1.165719 1.121346
1.694777 -0.234514
1.570797 0.179160
2.191189 -0.022934
-0.828393 0.227987
1.785931 -0.223944
-1.054075 -0.931950
-0.451536 -0.626848
-1.562124 -1.006997
-1.030432 1.046395
-0.957487 0.221130
-0.962134 1.783990
-0.607690 0.371492
0.477417 -0.247496
-1.082119 -0.136239
1.598738 -0.419994
-0.441830 -0.343664
1.369604 -0.051598
-0.766391 0.560026
1.438663 -0.683935
0.337572 -0.506383
1.441916 0.718100
-0.485974 -0.248824
2.203246 -0.192347
-1.104363 -0.943588
-0.272646 1.081681
-1.635483 -1.163839
-0.713975 0.329678
-0.821549 1.364530
-1.346115 -0.120801
2.045608 -0.559243
-0.988398 -0.090349
-0.593018 1.903244
-1.064126 -0.811767
0.147267 -0.682220
-0.560806 0.544746
1.600859 0.137487
-1.223435 -0.877937
-1.723452 -1.382931
-1.286230 -0.267902
1.433729 0.448288
-2.118158 -1.133976
0.245393 1.332659
1.612275 -0.159347
-0.498549 -0.881172
-1.116057 0.717487
1.661043 -0.180100
2.153576 -0.802395
2.124098 0.512699
1.257278 -0.114508
-1.120508 0.933378
-0.778095 0.289888
0.852598 -0.826012
1.388069 -0.497924
-1.830291 -1.106975
1.549652 0.496666
-0.880315 -0.905045
1.840955 -0.112276
2.055431 0.218765
1.648661 -0.036749
-0.208383 2.185808
-0.867806 0.065494
-0.998153 -0.986573
0.693821 -1.658875
-1.588070 -0.773455
-1.481476 -0.119743
0.578351 -0.748535
0.466436 2.063307
1.913377 0.095092
1.373025 -0.613621
1.601929 1.585461
-0.966336 1.642459
1.325723 -0.342017
-1.135321 -0.790372
1.468108 -0.623359
-0.955885 -0.167126
1.694151 -0.314274
0.443605 1.122250
-0.863889 -0.151822
-0.825049 -0.484046
-0.211931 1.423001
0.250799 1.190164
-0.080286 0.623173
-0.941347 -1.414849
2.362509 -0.221492
-0.654253 0.237819
1.901673 0.531472
-0.741003 -1.056277
-1.137094 -0.193002
-1.712164 -1.145525
-1.816063 -0.619779
-0.893078 -0.971672
0.246689 -0.284737
0.536845 0.592081
-1.096858 0.652745
2.114621 -0.433481
-0.623221 0.658574
1.864132 0.406575
-1.219051 -0.314028
0.944165 -0.567986
-1.364974 0.781224
-0.580083 -0.417706
0.070237 0.080392
1.930945 -0.663580
1.941966 0.109630
-0.718658 -0.663650
-0.119776 0.112632
-1.181712 1.011355
-0.617140 -0.634070
1.646148 -0.147978
-1.152789 0.939411
-0.832415 1.139986
-0.482552 0.641569
-1.275901 0.132119
-0.530608 0.212398
-1.554458 -0.639193
-0.334079 0.005056
1.930208 -1.314355
0.040429 -0.278010
-0.899731 -1.036628
0.693743 -1.219827
-0.409791 1.991170
-1.741096 -0.879031
1.084523 -0.263116
2.206884 -0.255521
0.584817 1.744854
-0.323725 -1.421156
0.875209 0.400286
-0.039344 0.872003
-1.772636 0.314091
2.161977 -0.032580
1.699090 -0.568444
-0.799295 0.727055
-1.205928 0.182822
-1.709308 -1.048274
1.391468 -0.159560
-1.329247 -0.583843
1.918613 0.497310
-0.545675 1.020658
1.227581 0.152549
1.553874 -0.161263
-0.751715 -1.036645
-0.395670 0.284742
1.211697 0.063690
-1.265063 0.102247
0.236890 -0.491836
-0.210374 1.131221
-1.272449 0.889434
-0.822070 -0.557761
-0.972467 -0.138805
-1.481901 -0.045021
-0.678852 0.972192
1.109511 -0.427466
-0.796305 -0.921534
2.260246 0.299254
-0.381838 0.707402
-0.987467 -1.134285
2.362509 -0.221492
-0.710834 0.584690
0.153720 -0.832203
1.220352 -0.195988
-0.602367 0.564340
1.916019 -0.022270
-0.147085 0.272821
0.808494 -0.112881
1.356830 -0.449901
-0.321642 -1.227723
-0.864716 0.532967
-2.181806 0.681454
-0.744157 -0.329191
-0.392758 -0.309106
-0.821752 -0.396387
-0.521109 2.217630
-1.090172 0.735063
1.493533 -0.621989
-0.719580 0.674290
-1.215300 0.589635
-0.846219 -0.753840
-1.083454 0.161351
-0.481032 0.907021
1.021120 0.547666
-0.201158 1.632261
1.645027 -0.516858
-1.118411 -1.019158
-0.204769 0.132286
0.151275 1.126393
-0.827753 0.472293
-1.158678 0.064770
2.226475 -0.338848
-0.263498 -0.243666
1.629885 -0.629766
-0.860202 1.099159
-0.262068 -0.599809
-0.063529 -0.114406
-0.522815 1.148911
1.459886 -0.761265
1.837281 -0.091457
-0.449568 1.896360
1.107090 -0.340295
0.186774 0.380190
-0.015172 -0.026749
-0.867262 -0.061976
-0.478584 1.445284
2.198354 0.109178
2.263274 -0.110122
-0.704746 -0.030623
2.225512 0.117628
-0.054403 0.292709
-0.779309 1.397689
-0.293797 -0.490075
-1.381515 -0.184702
1.813246 0.048398
-1.312563 -0.729607
-1.253940 0.754436
-0.500806 -0.551367
-0.564839 0.903227
0.486312 -0.300330
-0.888495 -0.059871
-0.540476 0.701106
-0.275923 0.604144
2.149747 0.126037
-0.647080 -0.423672
-0.659895 2.485339
1.515513 -0.646849
0.803244 -0.242233
-1.189446 -0.879057
-1.527775 -0.799160
1.458171 1.001552
2.388223 -0.226992
-0.231647 -0.568765
2.174222 -0.383127
-0.692951 0.347210
-1.585071 -0.947674
-0.168108 2.055893
-1.598245 -1.118150
1.449221 -1.066073
2.237478 0.064915
-0.973477 -0.056224
-0.633976 -0.209795
-1.386110 -0.646950
1.854907 -0.452512
-1.550188 -0.525962
-0.336653 -0.123282
1.098740 -0.709421
0.215723 2.089078
0.030301 -0.055439
-1.403984 0.764152
0.628733 0.021588
-0.558598 -0.555107
-0.350670 -0.442215
0.019808 1.735220
-0.652398 -1.011993
-1.418368 -0.119320
-1.265192 -0.550359
-1.754109 -0.659221
-0.107609 0.608905
-0.950960 1.384722
2.125298 -0.444324
0.216417 -0.302598
-0.700378 -0.112546
-1.006821 -0.558634
-0.200158 0.025834
0.096830 2.017703
2.207477 0.160655
0.717940 -0.220318
0.423616 0.601363
2.120949 -0.379390
-0.868724 -0.535226
-0.105383 1.198487
0.461536 0.227329
3.126151 1.247378
-0.577395 1.503229
0.690129 -1.011287
-0.910486 2.239767
-1.037052 -1.343819
-0.238953 -0.167252
2.091809 -0.290699
0.182107 0.806937
-1.306923 -1.119174
-0.136890 1.544156
-0.460048 1.425342
-0.084775 1.002330
-0.736399 0.525828
-1.145286 1.024085
1.804022 0.526384
-0.573439 1.250416
1.303249 0.316908
-0.836266 -0.270333
-0.976765 0.517149
0.760795 -0.720244
-0.718044 -0.286435
-1.061328 0.296801
-0.885734 1.095302
0.595714 0.104991
1.564695 -0.451760
-0.964348 0.388783
1.600007 -0.861418
-0.837479 -0.475816
-1.032747 -0.232741
0.074113 0.370129
1.930591 0.065745
-1.000353 0.273165
1.872126 0.315913
-1.219939 -0.620306
0.007613 1.518397
-0.134546 2.312663
-0.750190 -0.242512
-0.105142 0.502306
0.668670 -0.723582
-0.760471 -0.561013
0.288402 1.907862
2.055775 -0.476166
0.737051 -1.168448
-1.535797 -0.918634
2.087142 -0.433245
-0.456743 0.397763
1.091464 0.022225
-0.287999 0.414419
-1.741551 -0.703360
1.833271 -0.777403
1.722327 -0.029711
-0.240858 -0.753272
1.343664 -1.119317
-1.316223 -1.006391
-0.711069 0.690181
2.255726 -0.286140
-0.993509 0.271951
0.924908 0.121732
-0.763585 0.312223
-1.209982 0.280696
0.218181 -0.735090
2.052976 -0.586953
-0.986439 -0.618408
-0.613091 -0.501401
-1.191387 -0.803067
1.549236 -0.622379
-1.218913 -0.557684
-0.934938 -0.810251
-1.157467 -0.692052
1.634189 -0.521656
-1.085449 0.063131
-0.086528 0.078636
-0.630178 1.826471
1.981860 0.624987
-1.417794 -0.989156
-1.226005 0.608863
-0.141791 -0.040503
-1.722004 -1.227029
2.285761 -0.743782
-0.686558 -1.028944
1.498189 0.312607
-0.567306 -0.539368
1.406325 0.777730
-0.315260 1.344286
0.052674 2.335334
-0.739793 0.388125
2.204696 -0.308853
-1.219578 -0.174463
2.109543 -0.346916
0.273116 -0.839018
1.799599 -1.140749
2.009713 -0.413095
2.151540 -0.129006
1.471743 -0.391785
-0.898854 -0.236990
-1.335401 -0.526024
-1.016032 -0.759425
-0.475481 0.718284
1.859668 -0.478783
-0.547027 0.919627
-0.463010 2.976963
0.389209 1.830054
1.875133 -0.520202
-0.006439 -0.687670
-0.304527 1.457396
1.138996 0.038842
-0.652690 2.075657
-0.804038 0.411376
-0.629414 0.514527
-0.174381 -0.177260
1.470511 -0.329794
-0.569356 1.406985
0.882403 -0.564082
-0.146288 1.797082
1.432460 0.180269
0.963010 1.950700
-0.613486 0.790629
-0.785921 1.510930
-1.130831 -0.412886
-0.642851 -0.559029
2.381567 0.783495
-0.558850 0.207669
0.094573 -0.519358
-0.075045 1.740707
-0.798625 -0.607193
-1.466608 -0.551716
-1.625641 -1.511057
3.464312 -0.311313
1.268511 -0.598082
0.135551 -1.501666
0.552433 -0.668155
1.315007 -0.150453
-0.330929 -1.055462
-0.722316 -0.057330
-1.620996 -0.273552
-1.249664 -0.398001
0.465871 -0.352349
1.844932 -0.098560
-0.779067 -0.098186
0.778736 0.523990
1.673700 0.218003
-1.339700 -1.234518
0.543217 1.471440
-0.259243 0.704355
-0.616799 1.226664
1.601158 -0.805118
-0.156676 -0.343401
-1.321281 -0.082403
-1.094688 0.391501
-0.183653 -1.301103
-0.969568 -0.580688
-0.306558 -0.478162
-1.271805 -0.942140
-1.575402 -0.750480
1.896309 -0.216405
-1.066510 -1.199971
0.360818 0.190412
-1.062477 -0.550246
-1.152747 0.550146
-1.498621 -0.130600
1.560882 -0.511565
2.273934 -0.059068
1.574801 -0.075982
1.977949 -0.091706
-0.912923 1.103931
-1.503796 0.529208
0.170627 0.977256
0.851584 1.224965
1.436434 0.434175
-0.374943 0.026101
1.941303 -0.555181
2.175521 -1.222069
-1.405595 -0.732899
-0.677162 2.375140
-0.687483 0.904506
0.429155 -1.081239
0.172449 0.806461
-1.142789 1.283201
0.754088 -0.712047
2.077387 -0.165805
1.217944 -0.821292
-0.093727 -0.547683
1.569329 -0.479390
-0.415893 1.326886
0.513492 1.506354
0.051446 -0.521170
0.926486 -0.146842
0.696946 -0.671211
1.503421 -0.701529
-0.309329 0.916226
0.994050 0.012097
-0.023923 -0.726427
1.286583 -0.742350
0.585925 0.083169
-0.018425 -0.511971
-0.716072 -0.314647
-1.137917 0.849824
-1.045452 1.494283
-0.525646 0.225006
-1.384199 -0.278845
-1.179756 0.035268
-0.631303 1.155825
-0.412763 -0.769054
-1.146248 0.213105
0.895587 -0.729451
2.255726 -0.286140
1.898541 0.482764
0.658091 -0.323937
-0.898048 -0.137080
-0.514436 -0.238019
-0.840753 -1.521333
0.885026 1.704359
0.741904 0.324513
-0.751314 0.942758
1.999782 -0.093015
-0.638516 -0.203987
-0.444137 0.729887
-0.754299 -0.100301
0.436532 -0.806222
-0.707787 0.810611
-0.735858 -0.752196
-0.257748 -0.845382
-1.550947 -0.032157
-1.006281 0.266272
-0.695197 -0.760924
0.385733 -0.456880
-0.886206 -0.627124
-1.190556 0.245319
-1.049908 -0.492487
-1.178080 -1.027417
-1.080725 0.141973
1.642696 0.889046
2.194980 -0.203508
-0.586796 -0.701283
-1.249303 0.537964
1.407303 -0.512809
1.168670 -0.666606
2.217456 0.008307
-0.873161 -0.009576
-0.970375 -0.942669
-0.796374 -0.504569
1.255760 -0.199217
1.788802 -0.676813
-0.302314 -0.221703
-0.289380 -0.155338
-0.264059 1.559658
-1.133551 -0.891516
-0.320422 -0.081180
2.234553 -1.125875
-1.709560 -1.026476
-0.315896 0.052229
-0.531563 -0.682323
-0.772510 -0.119936
-1.152811 -0.528445
1.893158 -0.150727
-0.954575 0.571469
0.820919 -0.910734
-1.080860 -0.523296
-0.981136 0.707169
1.835598 0.146599
-1.080335 0.772056
0.192446 -0.576556
-0.064851 -0.131666
0.010581 1.343378
1.375226 -0.506055
0.101993 0.055783
-0.745845 -0.935407
-0.928848 1.420140
-0.844159 -0.621276
-0.965026 -0.275515
-1.490386 0.419581
-0.902419 0.181867
-0.296828 1.880433
1.757195 -0.344151
0.243791 -0.534209
-0.720652 -0.027277
-0.641675 0.362645
2.051211 0.222568
-0.277425 2.032545
2.115617 0.281640
-0.512179 0.535380
-1.407122 -0.682342
1.341434 0.494497
-0.645164 -0.576872
0.172583 -1.305840
-0.462914 1.420857
-1.347023 -0.892567
0.209721 1.145046
-0.294807 0.799461
-0.807907 -0.773818
0.902369 -0.275109
-0.479927 0.634202
-0.984259 -0.559397
1.203993 0.023999
0.730050 1.582976
-0.582257 0.428022
-0.758718 0.739608
-0.642821 -0.936099
1.134735 0.800820
2.001532 -0.595039
-0.145477 1.367655
-0.220830 -0.283563
-1.637740 -0.700736
1.431401 0.272631
1.493181 -0.338139
1.096151 -0.728737
-1.460572 0.955202
-0.795971 0.112333
-0.487188 2.125258
-1.342187 -0.228114
-0.372503 -0.836991
1.342565 0.965555
0.232058 -0.166952
-0.381703 -0.361763
-1.140321 -0.218302
1.513403 0.483335
1.921367 0.022115
-0.676084 1.937896
-0.394076 -0.309255
1.556546 0.245399
0.708327 0.177612
1.285683 0.153650
-0.865400 -0.149296
-0.227831 -0.290659
-1.267359 0.432481
1.347623 -0.190564
-0.959952 -0.047424
0.721443 -1.538797
0.313638 -0.083418
0.664960 -0.287783
0.486923 0.059548
-0.261709 -0.429571
2.213759 -0.104190
-0.656979 -0.564814
-0.903821 0.627339
-0.948424 -0.217407
-0.651429 0.410061
-0.381030 -0.425952
2.099133 0.331542
0.054436 1.160685
-1.705699 -1.104964
-1.629297 -1.259773
1.552289 -0.359518
1.955526 1.023034
-0.728290 -0.470709
3.597989 -0.329666
2.002809 0.264705
1.395075 0.028647
-1.284116 0.613639
1.950871 -0.321849
-1.070552 1.411748
-1.242444 0.819307
0.180645 -0.067147
-0.495574 -0.259904
-0.568707 0.633866
-1.677961 -1.098137
1.033040 -0.325661
-0.311841 -0.002513
0.140086 1.715855
-1.261635 0.098683
-1.190701 -0.987629
-0.837967 -1.508582
-0.004507 0.881849
-0.312248 -0.297341
-0.716847 -0.290747
1.582988 0.166548
-1.110274 -0.138635
1.025697 -0.888722
-1.430034 0.558045
0.035188 -0.920812
1.566657 -0.168966
2.143286 -0.354345
0.415665 -0.411358
-1.457807 1.413972
-0.336988 -0.447150
-0.470956 -0.103939
-0.524673 -0.506048
-0.406974 1.083943
1.661315 0.200091
-0.723995 0.515260
-0.002380 0.081677
1.602573 -0.233654
2.297212 0.019994
-0.990297 0.442472
-0.821970 0.774809
-0.529813 0.675209
1.793726 0.055549
-1.114666 -1.244176
1.591442 -1.742484
0.921112 -0.241437
-1.288606 -0.020023
2.478490 0.751126
-0.209896 -0.172101
1.403090 -0.253903
2.887081 -0.875057
-0.581224 1.398184
2.187364 0.031430
-0.954404 0.529470
-0.177076 0.066091
-1.081112 -0.950339
-1.231556 -0.442668
-0.085128 -0.595479
-0.187257 -0.585370
0.012121 -0.814239
-1.099251 -0.184026
0.153764 2.168214
-0.342040 -0.655975
0.129776 1.556649
-0.785159 -0.609523
0.115902 -0.004477
-0.901876 0.642173
-1.156335 0.503524
-0.287041 1.012608
-0.419582 1.276774
0.025142 -1.825512
-0.816101 0.014596
-0.776278 -0.046241
2.131812 -0.472680
-0.070128 -0.914423
-1.126172 0.868103
1.416367 -0.053924
-0.757123 -0.880506
1.847391 0.465037
-1.167947 -1.003338
-1.454464 -0.990167
-0.255703 -1.352568
-0.925060 -0.064329
-1.070354 -0.355480
0.492035 -0.154283
-0.239212 0.089457
-0.254604 -0.040827
-0.273504 0.265488
1.698924 -0.345180
0.041949 0.990226
-0.830197 -0.107690
-1.668131 -0.496680
-0.875262 -0.431274
-0.725553 1.746540
-1.046633 0.456372
0.011934 -1.157918
1.454466 -0.430713
-1.372720 -0.816542
1.140292 -0.328172
1.628279 -0.620249
-0.569647 1.157532
0.582216 -0.382663
1.508819 -0.684982
0.629057 -0.605789
-0.729772 0.548541
-1.302296 -0.765803
-0.979643 -0.511443
-1.706963 -0.129339
-0.203899 0.619379
-0.342776 0.472417
-0.636507 1.023696
-1.491641 -1.041862
1.121605 0.229382
0.232309 1.095067
-1.143649 -0.653871
1.120260 -0.706882
-0.319754 2.060807
-0.904292 0.169544
1.547051 1.926605
1.233518 0.752870
-0.550432 2.342466
2.267980 0.305805
0.278727 2.573667
-0.662931 0.234370
1.948402 -0.218554
-1.097466 -1.152075
-0.853740 -0.237919
1.832791 -0.006074
-1.362070 0.627020
-0.653333 0.338576
-0.990196 1.724440
-1.529514 -0.431823
1.429903 0.024093
-0.488184 -0.243434
1.715866 -0.699857
-1.010207 -0.364111
-2.026340 -1.173244
-0.717656 1.669015
-0.790287 0.745858
-1.318091 -0.155411
-1.408292 0.253646
2.255726 -0.286140
1.987995 -0.258477
-0.396696 -0.538470
-0.035587 0.449530
-0.915622 1.467993
-1.222087 -0.556394
-0.674360 1.311503
-0.766004 0.417133
-0.265354 -0.230220
-1.222579 1.199122
0.628788 -0.759249
1.305952 -0.457480
-1.725365 0.403270
-0.937172 0.196607
1.834276 -0.334655
-1.433830 -0.067129
-0.879981 0.676676
-1.111815 0.659773
-0.467510 -0.490812
-2.077013 -0.014228
-0.848464 1.219168
1.769465 0.028410
2.304659 -0.114998
-0.828256 0.392748
-0.959667 0.258255
-0.597437 0.129667
0.492842 1.761409
2.130202 1.595017
-0.954838 -0.751707
0.854712 -0.764925
-0.887057 1.735677
0.944330 0.313782
-1.563557 0.738178
1.096810 -0.545736
0.326857 1.719790
-1.135782 0.523726
-0.647145 0.119014
-0.795967 -0.214383
0.879001 -1.496434
-1.042745 1.034759
-0.535784 0.193467
-1.202285 0.773881
2.388223 -0.226992
-0.651618 -1.514870
-0.192740 0.009518
2.067248 -0.031764
-1.583419 0.695944
-0.877493 -1.030419
0.340423 -0.430934
1.543250 -0.274443
-1.199977 -0.547032
1.957391 -0.513359
1.065140 -1.328108
-0.528214 2.164469
1.251634 1.180416
0.638048 -1.106125
-0.691062 -0.325865
2.457459 -0.236572
-0.695462 0.810810
0.745765 1.033903
-0.650773 0.327537
-0.943329 0.012471
0.053866 0.573181
1.573881 -0.343440
-0.015621 0.704456
0.660471 0.099221
0.109237 2.583193
-1.198933 0.529413
1.949305 -0.263827
-0.242318 -0.247834
-0.853389 1.795195
-0.835908 0.424565
1.585340 0.178377
0.848720 1.986527
1.317447 -0.233534
2.313654 -0.310263
-0.404632 0.055234
1.182144 -0.512581
-0.420428 0.954446
0.634660 0.381108
1.387160 0.194333
1.750888 0.389661
1.759452 -0.613747
-0.823701 0.921087
2.180367 0.088634
-1.051695 -0.873927
0.836986 -0.367643
-1.020399 0.198893
-0.548005 0.907470
-1.168083 -0.298505
-1.103653 -0.073144
0.599293 2.316673
0.659972 2.062671
-0.972752 0.394271
-1.455645 -0.124125
0.938029 -0.907823
2.388223 -0.226992
-0.746672 0.327000
-0.743495 0.480360
-0.394613 1.832793
0.390499 -0.266956
-1.340898 -0.770937
-1.561878 0.816323
-0.584806 0.350496
-0.659029 -0.831404
0.678464 -0.702941
-1.292091 -1.152654
-0.735832 -0.655518
0.551387 -0.506335
-0.861661 1.330715
-1.536208 -1.523993
1.370717 0.736852
-0.363161 0.072357
1.863743 -0.612405
-0.448503 1.064830
1.809328 -0.420862
-0.161083 2.375582
-0.607700 1.973201
-0.315137 -0.675555
-0.296929 1.896091
-0.183463 0.593939
-0.445922 -0.591284
-0.657759 0.642551
-1.163481 -0.505047
-1.371562 -0.291422
-1.129602 -0.386890
2.029696 0.159376
0.753673 1.772925
0.997763 -0.058531
1.712332 0.673299
-0.950993 0.031017
-0.842919 0.475613
-0.323433 1.226386
0.101640 0.574890
-1.522525 -0.285436
-1.502924 -0.560245
-0.210070 -0.288268
-0.332034 0.427423
-1.184226 -0.772826
-0.628774 0.032547
-1.089402 0.344884
-0.683944 0.072344
2.257661 -0.334136
-1.198709 0.132433
0.367932 1.246072
1.719999 0.434589
1.664678 0.447386
-1.334481 -0.987463
-0.083534 0.149091
-0.373961 -0.189007
-1.680346 -0.173256
-1.121851 0.594188
-0.555828 -0.621278
-0.421574 -0.835517
-1.188141 -0.863761
-1.275007 -0.515178
-0.401875 -0.079716
0.436436 1.635074
-0.881293 -0.170285
-1.067568 -1.004972
0.876545 0.254413
-0.504637 0.123319
-1.578456 -0.387824
-0.251985 -1.213993
-1.440063 -1.020619
2.212715 -0.029675
2.363990 0.110235
-1.210111 -0.339061
-0.555898 -0.379959
-0.819589 0.009087
-1.136030 -0.136219
-0.263989 0.091321
-0.865247 -0.943962
-0.850568 -0.568399
2.056814 -0.240372
2.060208 -0.604183
-0.371801 -0.823961
-1.163790 0.192556
-0.795194 0.860526
-0.930613 0.412234
-0.874353 0.730501
-0.513251 1.426503
1.087737 0.100492
1.989882 -0.289999
0.021703 1.336622
-1.065607 -0.585652
-0.986714 -0.943187
0.511651 0.866605
-0.574539 1.433364
0.087759 -1.384539
1.985563 -0.352528
-0.791550 1.272617
2.133836 -0.332063
1.879822 1.502408
-0.548127 -1.033642
-0.888706 -0.416180
0.568519 0.184900
-0.356304 0.045909
2.328542 -0.204046
-1.498116 -0.598299
-1.519250 -0.633238
-0.027972 1.553394
-0.526836 1.246899
2.156868 -0.301017
1.818670 0.174902
-0.869040 0.718497
1.559125 0.303502
-1.080956 0.667579
-0.179530 0.066512
-0.699259 1.294582
2.076075 -0.535878
1.493050 -0.456665
-0.394493 0.274952
1.525201 0.694672
-1.130371 0.140328
-0.417596 2.176912
1.758001 0.355217
-0.975253 -0.512824
1.256972 -0.546456
-0.642357 -0.564970
-0.811071 -0.349661
1.475320 -0.357732
-0.370691 1.270391
-0.078104 1.293752
-0.017651 -1.190150
-0.264583 0.118578
1.162640 1.013816
1.379615 -0.193639
-0.887752 -1.018596
-0.442241 -0.167935
-1.432084 0.349039
-1.535008 0.465959
0.914771 0.231737
-0.731368 1.018578
1.614953 -0.400722
-0.352426 0.793596
0.615861 0.701746
-1.429847 -0.930101
-0.656880 -0.282553
1.697614 -0.282525
2.160363 0.063652
-0.769567 1.022055
-0.310137 0.888232
-0.298482 1.851984
1.408940 -0.133078
0.386478 0.072585
-0.364985 -0.331613
-0.619979 -0.331656
-1.286476 -1.015695
-0.396102 -0.002428
-0.195706 -0.371979
0.953426 -0.173321
-1.411291 -0.299979
-0.918566 -0.272989
-0.585545 1.131511
-0.740071 -0.318586
2.362509 -0.221492
-1.244916 0.280600
0.065775 -0.249754
-1.482937 -0.215962
-1.757525 -0.730641
-1.099178 -0.677144
1.658036 -0.439346
-1.193857 -0.627729
-0.668495 -0.530696
-0.959874 2.063321
-1.759057 -1.031748
1.461412 -0.755520
0.111546 -0.531170
-0.956961 -0.761515
-0.078321 -0.261931
-1.285650 -0.392592
-1.926161 -1.497677
-1.015358 1.441120
1.748921 -0.378177
-0.411007 0.668505
-1.230488 0.119380
-0.497544 1.313806
0.044641 -0.442166
-0.234030 0.232486
2.007736 -0.487107
-1.554752 -0.348241
-0.365366 0.073581
1.457977 -0.201789
0.888274 -0.426014
0.723391 -0.106252
-0.813158 -1.129748
-1.190908 -0.992138
0.171249 1.668199
1.785958 1.955296
-0.584295 0.204891
-0.314081 2.184596
-0.539190 -0.341851
-1.156833 -0.931160
0.691951 0.928994
-0.619339 -1.269092
1.792537 0.175567
-0.204023 -0.650409
1.698418 -0.167129
1.410912 -0.163602
1.138351 2.492787
1.364093 0.181443
1.434907 -0.045622
1.669079 -0.813783
-0.222618 0.197621
-0.837833 0.625974
-0.160284 -0.206501
-0.985993 1.060514
-0.609846 -1.281755
1.160299 -0.575685
-0.902860 0.099644
0.095735 0.396063
-0.963551 0.335524
-0.722078 2.142032
-1.313979 0.369472
-0.942194 1.251911
-0.094373 1.890754
-1.526455 -0.328322
-1.192919 0.534646
2.210797 -0.079562
-1.016988 1.016509
-0.454947 0.349249
-1.239806 0.334534
1.887779 1.728880
-0.532039 0.715464
1.871923 -0.230010
2.081120 0.000014
-1.074163 -0.756722
-1.302693 0.668455
1.100409 -0.223879
-1.246847 1.278381
-0.220479 3.773403
1.495448 -0.432142
-1.071323 0.256048
0.252013 0.861970
-0.955540 -0.193726
-0.742904 1.659425
-1.002985 0.477336
-0.710155 0.510144
-0.337587 -0.275248
-1.090776 -0.275680
0.665581 -0.487722
0.310606 -0.220781
1.666351 0.200701
1.550203 -0.502610
1.883853 0.098976
1.960697 0.038657
-1.424497 -0.027658
-0.862223 -0.672142
0.329899 0.803373
-0.444205 0.559276
2.049444 0.264274
-0.301216 -0.452738
-1.382098 -0.442105
1.154892 0.101792
-0.366105 2.393955
2.178967 0.107825
-0.510649 1.334228
-0.900445 -0.649302
-0.377651 -0.765118
-0.937045 -0.421740
-0.867994 0.755890
-0.891120 -0.953067
-0.371242 0.166234
-0.769718 -0.006727
-1.030125 -0.497414
-0.187326 0.054149
-0.844782 -0.389293
-0.084903 0.698353
0.896621 -0.301069
2.130418 -0.175553
-1.395792 -0.356829
-0.144874 1.902373
1.861899 -0.526485
-1.175475 -0.815512
-0.767755 -0.354994
-1.122027 -0.256759
-1.301988 0.675515
-1.191758 -0.957638
-0.524559 -1.261096
-1.290511 -0.156519
-0.129119 -1.207835
-0.600353 -0.865009
-0.730878 -0.204458
-0.895264 -0.261619
-0.382533 -0.799483
-0.444144 0.383066
-1.337454 -0.893109
-1.452043 -0.717526
-0.473650 2.040247
-1.088338 -0.165688
0.981187 -0.309004
-0.595058 -0.748400
-1.309588 0.509121
-0.228165 -0.816958
1.877335 1.858316
1.157705 -0.422117
1.913425 0.034539
2.239771 0.006692
2.002226 -0.285904
-1.127730 -0.603891
0.117560 0.544819
-1.104108 0.392526
-1.460977 -0.527815
2.231903 -0.042947
-0.481810 -0.015973
-1.200893 -0.071503
-1.350449 -0.739506
-0.559614 -0.770287
0.135153 -0.380610
-0.235836 -1.139801
2.139716 -0.043733
-1.960241 0.067823
-1.032057 0.783130
-0.355115 1.067307
1.623844 0.285971
-1.071660 -0.535500
-0.354522 -0.796433
2.346256 -0.045042
1.912597 0.179828
0.100551 1.969560
-1.290349 -1.266153
-1.662204 -0.445789
-1.164142 0.129997
2.023737 -0.136667
1.623008 0.234275
-1.247407 1.089220
-0.966278 -0.124781
-0.793623 -0.440000
2.089854 -0.131517
-0.874979 1.265583
-0.783431 -0.199694
-1.063508 -0.385959
1.540853 -0.555766
0.850148 -0.711919
2.274275 0.032850
-0.483528 -0.251864
0.473290 -0.523418
1.317870 -0.754726
-0.424504 -0.744685
0.616651 -0.395822
-0.500782 1.077431
-0.793952 0.457928
1.721126 -0.631966
-0.272093 -0.398190
-0.265424 1.487399
-1.010781 0.997493
2.309704 -0.065110
1.965162 0.239796
1.472407 0.153171
-1.301864 -1.066862
-0.085985 -0.915885
-1.203000 0.287166
-0.963612 -0.509476
-1.239266 -0.865777
-1.476071 0.502309
-0.177915 -0.300046
-0.856921 0.992922
0.433140 -0.232958
-2.013219 -0.160976
1.663144 -0.627437
-0.577301 0.497081
-0.768891 -0.963809
0.049007 0.865606
-0.066375 0.760773
1.473075 0.382130
-0.559473 -0.182773
-0.711357 0.483283
-0.753878 -0.264765
-0.741754 0.110034
-0.250154 2.007015
-1.189536 -0.304334
-0.004937 -0.221006
-1.446089 0.382883
-1.118595 0.112728
-1.219048 0.149321
-0.331604 1.333634
1.115997 -0.901956
-1.054762 -2.100184
1.362043 0.999117
-0.055175 -1.254060
-0.803388 0.639291
2.157790 -0.254022
-1.233234 0.094236
0.809843 -1.094098
1.767820 -0.534861
-1.619698 -0.643841
-0.032723 1.641193
2.101482 -0.037914
-0.201543 0.332816
-1.086409 -0.889547
-0.674481 0.198952
-1.195825 -0.939491
-0.701082 0.285573
0.217278 -0.925785
-1.358978 0.689444
-1.298155 -1.321501
0.758524 -0.842711
2.101490 -0.090654
-0.262781 1.789720
1.841808 -0.674845
-0.334823 1.367469
1.406926 -0.731462
2.081086 -0.377824
-1.126205 -0.599909
0.302166 -0.196198
-0.942426 0.987985
-0.645637 -0.298998
2.270061 -0.756142
-1.251318 -1.195102
-0.994358 -0.746302
-0.671527 1.183238
-0.541616 -1.473651
-0.591719 1.471080
0.967134 1.379189
2.122452 0.259840
-0.801754 0.000113
0.178949 1.228250
1.030265 0.795916
-0.734960 -0.600492
-0.539527 0.452020
0.084303 -0.197655
2.123347 0.175664
-0.791654 1.399198
1.438554 -0.317169
2.362509 -0.221492
3.443282 -0.387110
-0.825973 -0.570292
0.105756 -0.069778
1.599360 0.139164
-0.773171 0.815522
-0.359350 0.601214
-0.823797 0.772428
2.301524 -0.397732
-1.396805 -2.165034
-1.041404 0.179387
2.011843 0.569953
3.004445 -0.376146
-1.143040 0.082578
-0.131115 0.005421
-0.404873 0.394148
0.539676 -0.781314
-0.889433 -0.040234
-0.451544 1.082621
1.215641 1.717049
-0.954103 -0.037975
1.908785 0.230559
-1.319507 1.057155
2.305340 -0.276671
0.151679 -0.790160
1.982192 -0.419176
2.019843 -0.318553
-1.807037 -0.872277
1.509055 -0.025495
1.474285 0.127432
-0.237726 -0.039485
-0.519639 0.550036
-0.913773 0.167186
-1.476739 -0.918837
-0.929379 -0.182910
-0.984337 0.125807
1.567581 -0.136830
-1.075969 -0.304954
2.162141 -0.170931
-0.603653 1.217095
1.908005 -0.580208
1.505731 -0.543917
-1.061878 -0.227912
-0.171522 1.748720
-1.110807 -0.357982
0.236112 0.921108
-0.793252 -0.259686
1.355294 0.221695
1.267559 -0.722455
1.762850 0.417830
-1.107856 -0.635531
-1.202320 0.757859
-0.996348 -1.050041
-0.151141 0.860498
0.977452 -0.422117
-0.893099 -0.296847
-0.874352 -1.339127
-0.694192 0.422101
-1.092403 0.121258
-0.807057 0.666071
-0.206616 -0.242514
0.951621 -0.275003
-1.740832 -1.084286
-1.122992 0.418643
-0.647236 0.830858
-1.020857 0.317542
1.276991 -0.624711
0.511152 -0.924431
0.868155 -0.051292
-0.512473 1.412652
-0.797036 0.364735
-0.322103 1.819179
1.339656 -0.873132
1.636362 -0.170988
2.230458 -0.126091
0.459627 -0.467162
-0.230026 0.275150
-0.108849 1.981410
-1.082061 1.794445
-1.585274 -0.495327
1.686633 -0.045985
-0.480502 0.837664
1.713292 -0.292839
0.798973 2.336608
1.837182 0.655924
-1.477189 -1.267139
-0.254263 -1.016598
-0.913471 -0.233281
-0.043940 1.355604
0.054266 2.371913
2.144386 -0.378781
-1.315335 -0.748525
-1.059398 -0.497064
1.230080 -0.212856
-0.355699 1.146463
1.655205 0.077952
1.514245 -0.736229
1.434800 0.256003
-1.324374 0.068335
-0.841812 0.115109
-0.645241 0.937212
1.354031 -0.509806
-1.067927 -0.473481
-0.187832 -0.037399
1.825938 0.077351
-0.872566 0.023999
-0.269475 0.404335
0.863243 -0.818653
-0.734903 0.015136
-1.074606 0.374155
1.666937 0.301769
-0.763449 2.241094
-1.746823 -0.439471
-0.614896 -0.620967
1.728371 -0.639447
1.889745 -0.039798
-1.222460 -1.020827
1.425930 -0.417416
1.765884 0.629773
-0.962688 0.196995
1.124670 -0.419600
-0.857939 0.244712
-1.057840 0.222913
-0.298050 -0.169956
2.136380 0.375550
0.919766 0.106919
-0.418989 0.507410
-0.993181 -0.154325
-0.094169 -0.946376
0.687496 0.583227
-0.922520 0.537053
-0.311461 -1.068580
-1.319941 -0.619385
-0.353906 0.824107
-0.534787 0.171911
1.511193 -0.048379
-1.288050 0.273648
-0.638265 -0.236440
1.964875 0.243822
-1.086732 1.802695
2.184348 0.053143
1.546311 -0.740102
-0.992343 -0.122200
-0.875477 -0.433358
-0.453058 0.613586
1.722527 0.220692
-0.904211 0.131887
-1.294768 -0.920784
-1.022990 -0.511721
-0.892114 -0.032264
0.425445 1.771100
0.295424 0.822108
0.140828 0.910901
-0.188473 -0.541862
2.388223 -0.226992
-1.392118 -0.924338
-0.545105 -0.164184
-1.287845 -0.563938
1.558752 -0.516389
1.828563 0.009693
1.480087 -0.751043
-0.825780 1.063094
0.973679 -0.205714
0.082489 1.896443
0.857066 0.703944
-1.028149 -0.625344
1.158626 -0.967703
1.548514 0.280702
1.513412 -0.240711
-0.793711 -1.283278
-0.469386 -0.898350
-0.411137 -0.191675
1.574888 -0.764482
-0.642859 -0.602449
0.614883 -0.095223
-1.034477 0.445990
-1.231948 -1.202070
-0.774275 1.184736
1.126440 1.450624
1.996466 -0.542283
-1.014965 1.113528
-1.183808 -0.530528
-0.515737 1.979762
-0.817490 1.457179
-0.287249 0.264702
-0.783089 0.439566
1.806072 -0.299124
1.719377 -0.218949
-0.261426 1.953256
-0.463461 -0.564299
-0.716961 -1.288292
-0.053719 -0.378977
0.572617 0.313518
-1.465378 -1.349513
1.506383 -0.265151
-1.112423 1.631412
-0.766690 -0.487776
-0.669523 -0.556193
-0.973444 0.740162
-0.732888 0.237569
2.400771 0.117320
-1.608626 -0.973147
-0.682754 -0.796579
-0.057150 1.335792
-0.777091 0.837147
-0.685017 0.409746
2.143306 -0.595011
2.255726 -0.286140
1.973609 -0.845644
-1.275108 -0.585221
2.053672 0.190506
-0.638873 0.904701
-1.190588 -0.261550
1.509144 -0.493191
0.171004 -0.396021
2.261866 0.043616
-0.362312 0.258495
2.098365 -0.167729
-0.412576 -0.820321
-0.437460 1.163333
0.522998 -1.096060
2.346686 0.139014
-0.294912 -0.709674
-1.139512 0.494578
-0.504680 1.234973
-0.874189 -0.947383
1.633419 0.382517
-1.098503 -0.741584
-0.602076 -0.657061
-1.347984 -0.968249
0.115174 -0.558712
-1.049489 0.002318
0.096380 -0.061054
-0.810692 1.002348
-0.247594 -0.519896
-1.539286 -0.760156
0.834716 -0.996537
0.066196 0.748391
0.012722 0.001299
-1.028010 -1.189307
-1.049931 0.277945
-0.241492 0.138678
-0.393615 -0.655332
0.004968 0.264402
-0.833812 -0.759135
1.858929 0.209077
-0.912806 -0.633355
-0.625754 -0.248122
-0.383074 -0.243768
-0.124748 -0.028906
0.471363 -1.265752
0.606719 -0.073235
1.424812 -0.185745
1.688634 -0.265083
-0.027873 1.613860
-0.354452 -0.848256
0.453303 0.026918
-0.356288 1.399897
0.188657 -1.015910
-1.088000 -0.111254
1.922081 -0.265877
-1.538945 -0.798651
-0.923916 -0.638448
-1.023108 1.697864
-1.311095 -0.232637
0.103352 1.759668
-0.448577 1.227273
-0.510542 -0.100556
-0.114254 2.152457
-0.200842 -0.002197
1.184500 -0.569323
-0.616498 1.782101
-0.652846 1.129057
1.622411 -1.492670
-0.257687 1.340343
-1.071420 -0.580618
-1.160505 1.609401
0.890652 -0.461383
-1.107208 0.593762
-0.569897 1.865344
-0.932919 1.118772
1.459157 0.300018
-1.075721 0.071292
0.685279 -1.223724
1.956765 -0.325630
2.127978 -0.644022
-1.494685 0.523207
-1.122302 1.396679
-0.895404 0.803251
-1.396329 0.135178
1.652989 -0.140314
-0.135606 0.424265
3.006635 -0.586522
-1.605243 -0.467724
1.548277 -0.517637
-0.164230 1.837281
-1.210751 -0.258195
-0.716252 -1.141990
2.173904 -0.096692
0.566606 -0.769953
-0.394156 -0.406619
1.690900 -0.263832
0.845439 -0.699426
1.411187 -0.077772
-0.438068 0.495930
-0.724744 -0.060449
-1.089961 -0.451520
-1.115969 -0.385293
1.498154 -0.157153
1.035509 -0.186350
-0.686516 -0.502664
-0.585728 0.701079
-0.204552 0.671668
-0.739136 -0.744695
1.426111 0.682839
-1.121370 -0.783726
-0.562146 0.005927
0.758857 1.568696
-0.249717 0.304062
-0.611661 -1.366434
-0.618561 -0.469465
-0.458970 0.037258
0.560343 -0.116774
-0.477235 0.877110
-1.038700 0.265798
0.452367 -1.618057
-0.264787 -0.236563
1.102947 -0.773478
-0.125476 0.875140
2.215505 -0.260185
-0.275707 0.850441
-1.128057 0.650709
-0.973085 -0.619796
-0.854656 -0.905333
1.945512 0.135199
-1.108257 -0.068430
-1.047592 -0.228472
0.740657 -0.600752
1.947133 -0.669052
1.248293 0.345475
0.329089 0.430853
-0.249779 -0.922577
-1.176869 0.305615
-1.167877 -0.578113
1.313267 -0.379399
-0.710786 0.614828
0.289863 1.959330
-0.540783 -1.159318
2.879752 -0.671883
-1.099539 -0.483307
-1.329117 -1.030897
-0.663054 1.587105
0.304840 -0.790767
-0.957022 0.997398
1.429254 0.631865
2.044288 -0.233131
0.431258 -0.166317
2.059079 0.327063
-0.681646 0.823518
2.177450 0.064707
2.169046 -0.304550
1.901600 -0.407269
1.830520 -0.328092
-0.323945 0.134345
2.362509 -0.221492
-0.806787 -0.132985
-0.626536 -0.635778
1.693126 -0.159786
-1.078185 0.444592
-0.725353 0.074547
-0.932973 0.818259
-0.941826 -0.322043
-0.030220 -0.925918
1.409546 -0.951398
-0.440163 0.301872
-0.191217 1.017710
2.949315 0.294947
-1.205342 0.174407
-0.352708 0.729787
-0.400850 -0.423286
-0.827933 -0.868492
-0.886172 -0.388478
-0.797872 0.722802
1.462113 1.909945
-0.972296 -0.095868
1.821549 -0.256576
0.750078 0.870706
-1.026373 -1.422617
-0.628730 0.400057
0.752346 -0.587357
-1.140797 -1.136269
-1.033870 1.110382
-0.953450 -0.025560
1.628323 -0.052773
-0.242399 -0.525490
-1.313014 -1.689664
-1.401669 -1.091358
-1.571119 0.129944
-1.185904 0.490424
-0.833280 0.570986
-0.746955 -0.428021
-1.119415 -0.581451
1.383187 0.208814
0.467263 0.093286
0.699718 1.489637
-0.829842 -0.987589
-1.367262 -0.661347
-0.456835 1.327541
1.614544 0.229687
0.572254 -0.552509
1.855644 0.550628
1.632268 -0.061032
1.852468 -0.012919
1.793379 -0.189191
0.067608 2.401912
-1.477770 -0.776012
-1.070905 -0.557956
-0.974541 -0.280791
-0.887238 1.329879
1.418456 -0.345644
-0.454251 1.072245
-0.324967 0.236324
-0.936728 -0.212991
0.901880 -2.191355
-0.099570 0.533876
-1.035676 0.016457
-1.030063 -0.546224
0.524053 2.287796
-1.195527 1.074846
-1.477157 0.521736
-0.436346 -0.988084
-1.534576 -0.015754
-1.452260 -1.004907
2.003497 0.173619
-0.934924 -0.011939
0.199712 -0.805309
1.034244 -0.984085
-0.639463 -0.338830
0.055318 -1.558033
1.083038 1.523480
-0.626425 -0.801904
-1.077552 -0.493327
2.061690 0.162256
1.311900 0.046222
-0.723528 -0.395831
1.893399 1.531248
1.487812 0.035641
-1.309761 0.212296
1.284093 -0.853779
-1.202429 -0.036951
1.711943 -0.085692
-0.810157 0.505281
-1.314296 -0.674942
0.161160 0.451232
-0.434129 0.112134
0.308787 0.593413
-1.304969 -0.706298
2.623950 -0.989178
2.085698 0.334111
-0.552067 -0.053157
-0.806081 1.331308
-0.132692 -0.915871
2.829022 1.744575
-0.680722 -0.554833
-0.437071 1.502729
2.013196 -0.003698
-0.518026 -0.718853
2.031461 0.285581
-0.185521 0.977412
-1.145953 -0.138314
1.385279 0.049815
0.891395 -1.678691
0.741156 1.567333
-0.519207 -0.218233
0.900549 0.191770
-0.411648 0.080621
-0.574622 0.770684
2.706606 -0.801801
-0.794313 -0.105643
0.197088 -0.097098
-0.192049 0.722221
-1.093595 -0.003364
1.198432 -0.354498
-0.717664 1.361942
-0.681310 -0.227581
-0.661137 0.569594
-0.593588 -0.285321
2.298609 -0.772849
2.060445 -0.382482
-0.624079 -0.645860
0.064474 -0.005264
0.247510 1.645040
0.837603 -1.193765
2.340944 -0.253813
0.024307 -0.874193
-1.104661 0.107518
0.684508 -0.418447
-0.887623 -0.406282
1.303173 -0.102208
-1.157171 0.371097
1.884563 -0.596819
-1.362250 -0.806709
-0.605051 -0.478246
1.885543 1.083209
-0.870932 0.033010
0.417928 -0.064577
0.238095 0.137313
1.991284 -0.061307
1.373315 0.546316
0.114187 1.786740
-1.006677 -0.990889
1.666689 0.026648
-0.501592 0.278043
0.286777 -0.156692
2.126968 -0.381133
-1.280674 -1.013201
1.675304 -0.325493
2.270107 -0.352103
-0.957941 0.796599
-0.406817 0.046516
-0.980702 0.347095
-0.915725 0.216576
-0.663172 -0.660842
-1.280452 -0.004991
-1.517705 -1.032913
0.627420 0.189164
-1.549702 -1.330405
2.146780 0.172663
2.201681 0.010345
-0.497547 0.487343
-0.831633 1.136365
-1.466708 -0.686580
-0.336027 -0.157761
-0.045304 1.399281
0.142866 -0.707542
2.634049 1.706494
1.575434 0.172369
-1.047400 0.983111
2.300297 -0.213653
-0.549133 -0.552356
-0.179530 0.066512
-0.756700 -0.447576
0.134876 1.099992
-0.544816 0.988985
2.336836 0.277031
-1.202851 0.171066
-0.240843 -0.374606
-0.346328 0.775228
1.543094 0.328373
-0.126125 0.549977
-0.012009 1.322068
1.119059 2.199792
1.343324 -1.967377
-0.893277 -1.364230
-0.750522 0.048201
-1.594730 -0.544322
1.378112 1.486328
-1.266609 -1.148758
-0.169412 -1.429764
0.982532 -0.290939
-0.328097 -0.241380
-0.843007 0.346542
0.323167 -0.865214
-0.748581 -1.138726
-0.422658 0.979269
-1.546094 -0.826532
2.272425 -0.308041
-1.014054 -1.263949
0.523551 -0.745942
-1.213955 0.025955
-0.290163 -0.512967
-1.432524 -0.630442
-1.614271 -1.137064
-0.615544 0.415224
-1.079297 0.088028
0.473009 -0.863201
0.510742 -1.963030
0.601165 -0.086911
1.430640 -0.258813
0.299060 1.907202
1.793534 -0.300811
0.986775 -0.050607
-1.007326 1.173886
0.975385 1.056390
-0.614920 0.252455
-0.798184 0.064063
-0.830936 -0.150892
1.742023 0.862911
-1.761005 -0.804995
-0.792069 0.018256
-0.912949 0.169265
-1.203608 1.900190
-1.251536 0.820678
2.051952 -0.200252
0.280850 0.216280
-1.218863 -0.859932
0.243596 1.389869
-1.102877 -1.325728
1.057134 -0.557085
2.115909 0.194865
-0.636976 0.279067
-0.542792 -0.181711
-0.266640 1.360225
1.656853 -0.338798
-0.546950 -0.568222
-1.131043 0.602239
-0.674013 -0.572921
1.378015 1.483190
-0.809021 -1.088892
-1.299149 0.159329
0.068448 0.090282
-0.207937 1.948078
0.367165 -0.651119
-1.618345 -1.311877
0.074379 -0.054006
2.148775 -0.473099
-1.258619 -0.231793
1.355031 -0.332216
-0.253134 1.528765
1.902575 -0.664437
-1.386334 0.656601
-0.410955 -0.104338
0.996302 1.782224
-1.095143 0.134153
1.248548 -0.361640
-1.263183 0.925427
0.049680 -1.089037
2.424576 1.264142
-1.307539 0.653958
-1.394426 -1.255582
0.581515 2.027839
-0.130901 0.836774
2.301910 -0.519085
1.472406 -0.392400
0.439789 -0.529444
-0.317260 0.234948
0.321691 -0.690924
-0.833579 1.147734
-0.275338 0.925546
1.372052 0.449105
-0.798633 -0.475557
-1.057752 0.225915
-0.864308 -0.110173
-1.216634 -0.952993
1.267591 -0.926994
0.493782 0.620091
-0.456322 0.934290
-0.721666 0.699817
0.351393 1.482515
-1.397640 0.039380
0.008417 0.553602
-0.428936 0.143345
-1.114751 -0.248673
-1.579985 -0.325795
1.668453 -0.313672
2.090172 -0.278432
0.573127 2.022584
-0.229224 1.259283
-0.889692 -0.557527
-0.552427 0.580091
-1.061963 1.215574
-0.250827 0.843821
0.567037 1.581763
-0.315544 -0.822489
-1.077191 -0.097652
-1.173771 0.338971
1.238994 -0.344314
-0.892373 -0.240525
-0.250430 0.638361
3.227285 -0.677304
1.199975 -0.761042
0.246117 -0.754600
-1.160690 0.137511
-0.817226 -0.623760
0.300986 1.344023
-0.904940 1.570334
2.265059 0.271487
-0.747560 1.308295
2.010930 -0.465119
-0.795806 0.970312
-0.059538 -0.567988
-0.440794 2.002045
-0.678961 0.973650
-1.329945 -0.485667
-0.701130 -0.677049
-0.507004 1.593958
2.181630 -0.369308
0.400276 -0.026550
-0.487260 -0.126474
-0.609202 0.554590
-0.569721 -0.116419
1.639675 -0.837407
-1.149427 -0.455501
0.597023 -0.395691
-0.953124 0.060674
1.949634 -0.472458
0.767052 -0.477182
-0.503769 -0.247000
1.227430 -0.562382
0.419891 0.386647
-0.709548 -0.202338
-0.788486 0.287544
1.295790 0.165763
-0.677656 -0.232543
0.782455 -1.394100
-0.714493 -0.683396
-0.553183 -1.234809
-1.501332 -0.701817
-0.398926 1.466633
1.532591 -0.519102
-0.410751 -0.626701
-0.916877 -0.537814
0.977755 0.132080
1.992243 -0.108425
-0.878246 0.658097
-0.275040 -0.048032
-0.495851 0.494577
-0.091718 2.864629
-1.152083 -1.083664
-0.471754 0.090784
-1.264732 0.602760
1.980631 0.363023
0.626352 -0.610435
-0.681140 0.809635
1.866472 -0.204250
1.526382 -0.491517
-0.797912 0.935594
-0.686610 -0.032074
1.199176 -0.489646
1.425543 -0.338913
-0.081940 1.892963
-0.469009 0.993685
-0.228345 0.644179
-0.586689 -0.669583
-1.361949 -1.337120
1.393576 -0.595949
-0.905690 -0.527360
-0.989635 1.030054
-1.455672 -0.424725
0.600032 -0.051379
1.732801 -0.633089
-0.817696 0.619979
-0.551818 1.302743
-1.242697 -1.305929
-0.597905 -0.235157
2.131241 -0.151289
-1.526160 0.172586
-1.542757 -0.951178
-0.915224 -0.928438
-1.170829 0.555233
-0.478271 1.169265
-0.459922 0.428607
-0.866968 -1.360833
-1.338106 -0.639519
1.471504 -0.027213
1.947529 -0.011630
-1.297736 -1.200721
-0.132774 1.922146
-0.418581 0.272939
-0.602349 0.144884
-1.138440 0.277738
-0.572356 0.585776
-1.172222 -0.524326
1.832282 -0.618483
-1.299564 -1.163700
-1.157706 1.069616
-1.619547 -1.005864
-1.002509 -0.683043
-0.865893 0.178377
-0.991580 0.233064
-0.415877 0.372087
-0.719188 0.702883
1.797948 0.153896
-0.975807 0.875140
-0.916254 1.067629
-0.826525 -0.704187
2.277718 -0.268023
-1.090243 -1.031367
1.524271 -0.135604
1.667397 -0.227488
-0.711407 0.630781
1.303106 0.691784
-1.518944 -0.552611
-0.694582 -0.043577
2.362509 -0.221492
-0.894158 0.511518
-0.101572 2.209974
-1.134071 -1.397529
1.370994 1.151830
-0.716258 0.071795
2.023916 -0.136163
2.346309 -0.296288
-0.928705 0.063412
1.941711 0.345459
2.048235 -0.477935
-0.233814 -0.091862
-0.067722 -0.745136
2.124976 -0.407875
1.644838 -0.198699
-0.716489 0.261574
-0.291640 -0.974692
-0.199221 -0.292886
-0.699892 0.660042
-1.806820 -0.970163
1.243505 -0.061040
-0.709519 1.721908
-0.398525 0.021893
-1.166331 0.518585
-1.178228 -0.519120
-0.857888 1.046073
-1.496453 -0.502111
-0.578661 -0.584219
-0.960690 -0.571744
-0.315185 -0.731256
-0.992045 -0.183845
-0.153610 -0.627714
-0.412094 1.010904
-1.413799 -0.284190
-1.266573 -0.047033
-1.136640 -0.050621
2.142374 -0.259581
0.047076 -0.937055
-1.005023 0.131379
-0.077590 0.332123
-0.247402 1.819303
-1.355847 -0.059206
-1.883866 -0.818157
0.302410 1.202118
-0.751222 1.079413
2.376340 -0.398160
0.706712 1.222181
1.910471 1.806981
-0.989906 0.126582
2.069080 -0.064119
-0.616214 -0.143521
0.180367 -1.310569
1.330936 -0.655436
-1.027475 -0.927343
-0.424865 0.795703
2.149659 -0.245554
1.683736 -0.034956
-0.022795 1.220827
0.757538 0.855380
-1.072908 -0.543566
-0.890437 -0.417495
1.618364 -0.902499
-1.442478 -0.342636
-1.360677 -0.140141
0.594678 -0.952666
2.362752 -0.032526
0.052124 0.440309
-1.490343 -0.843640
-1.089635 -0.985843
-1.471380 -0.350765
1.021295 1.922404
-1.107476 0.025108
-0.039037 0.307849
-0.225997 1.924972
-0.743334 0.645680
-0.556717 0.316552
0.002350 -0.717488
-0.058300 0.995902
-0.962334 0.459733
-0.481452 1.559964
-0.060245 -0.557337
-1.016376 -1.384183
-0.656509 0.354521
-0.740639 1.276132
-0.666808 1.079517
-0.492626 -1.052586
-0.445386 -0.568755
-0.756859 0.500925
-0.756462 -0.446073
1.905454 -0.615106
1.064765 -0.466767
-0.878371 0.955846
-0.376138 0.393123
0.921901 1.564433
-0.970943 0.509308
-0.140571 -0.700495
2.009367 -0.036978
-1.157845 -0.514587
0.008554 1.789162
-1.151759 0.824628
-1.037729 -0.819998
-0.862798 -0.315985
-0.673261 -0.673885
-0.506436 -0.289708
-0.529725 1.686365
-0.531200 -0.645560
-0.836476 -0.407262
0.505608 0.380684
1.173350 -0.971278
0.172651 0.211513
-0.983560 -0.641798
1.550103 -0.747775
-0.885338 -0.446521
-1.404853 0.035180
-0.177116 0.731876
2.305340 -0.276671
0.596450 -0.717113
-0.713913 0.278269
-0.257614 0.562773
-1.789189 -0.597848
0.010061 1.509593
-1.747626 -1.020730
1.088990 -1.569041
0.595912 -0.915924
1.708288 1.049689
-0.722614 1.481974
-1.154641 -0.297444
1.912898 -0.937494
1.837901 1.411496
1.642887 0.390706
2.147816 -0.197669
-1.012348 0.989074
-1.453797 -0.071908
-0.377194 -0.335473
1.124803 0.101838
-1.069052 -1.070388
-1.361079 1.035228
-1.104929 -0.924245
-0.900319 -1.394606
-1.786814 -1.481745
2.109497 -0.208301
2.211332 0.402005
-0.016923 -1.660224
-0.764580 0.675957
2.022986 0.262465
1.989310 -0.292074
-0.478048 0.771458
-0.449833 -0.477498
0.238362 0.291469
-1.059988 0.074701
1.919596 0.147981
-0.983807 -0.061227
-0.608166 0.402371
1.939933 0.078731
-1.187973 0.488808
-0.063642 0.019830
-1.557759 -0.442570
-1.778062 -1.365620
-0.853900 -0.900263
-0.825735 -0.317136
-0.637213 -0.182381
-1.059166 1.583704
-0.356547 0.386240
-0.296961 0.911488
-0.798261 -0.585683
-0.122040 1.545345
-1.200970 -0.877290
-0.320119 -0.313982
0.741987 2.101951
-0.350824 0.372759
0.216051 0.438444
-0.548027 0.317265
0.273409 1.428040
-1.383535 -0.839899
1.664785 -0.617650
1.724006 -0.356895
1.355420 0.054165
-0.845871 -0.694678
-0.585815 0.689965
-1.302227 -0.574347
-0.261338 -0.762429
2.144410 0.141268
1.983661 -0.032703
-0.598226 0.630475
-0.840734 -0.651165
2.198908 -0.396712
-0.640049 0.459601
-1.075247 -0.148720
-0.935731 -0.521698
-0.804914 -0.715053
-0.821076 -0.201232
-1.909780 -1.366510
-0.537287 0.155648
-1.582786 -0.568473
-0.831818 0.475519
-1.643936 0.526227
-1.664764 0.735550
-1.270430 -0.789927
-1.160330 0.070052
1.944041 -0.693540
-0.289478 -1.380263
1.946634 0.062869
-1.021993 -0.789508
-0.609619 0.639103
-0.731333 0.866978
1.761710 -0.471666
-0.795371 -0.494498
-0.207117 0.354897
-1.210642 0.558147
2.336575 -0.177058
-0.946094 0.608847
-0.533664 -1.065984
-0.956134 -0.647800
-0.958316 1.320820
0.068537 1.282971
-0.271495 1.655503
-1.392106 0.221871
-0.759933 0.061083
0.074508 -0.071299
-1.051182 0.116849
-0.160097 -0.837505
1.532732 -0.680095
-0.234248 1.683731
2.178732 -0.059879
-0.639785 0.300255
-0.599173 -0.577377
-1.274389 0.300449
-0.741761 0.010871
-0.745428 -1.016999
1.979003 -0.392063
-0.501977 -0.207531
-0.915891 0.148809
0.863560 -0.261610
0.647932 -0.928921
-0.505301 -0.731814
-0.417372 -0.737431
-1.134082 -1.129738
-0.680776 0.072090
1.685695 0.040091
1.020518 -0.221126
-1.222994 -0.249788
2.128932 -0.321092
-1.307191 -0.909781
1.620039 -0.566676
0.739970 1.155851
-0.933969 0.199147
-1.248156 0.173431
-0.616644 1.213138
-0.579116 -0.710157
1.217912 -0.308697
1.037451 0.422036
-0.916042 -0.174636
-0.996183 -0.123872
0.715232 2.357946
-1.200889 0.646210
2.003894 -0.837868
0.808513 1.852325
-0.300677 2.445594
0.008451 0.042226
-0.741138 -0.449676
-0.856956 -0.654053
0.496685 -0.156211
-0.674075 0.126132
1.687638 -0.610547
2.207234 0.149970
-0.356715 -1.383720
-0.276905 -0.349492
2.055940 -0.474304
1.597620 -0.963625
-0.428326 0.426502
-0.681262 0.221760
-0.817346 -0.450172
1.751839 -0.016827
-0.168381 -0.217577
-0.504952 -0.421168
-0.646546 -0.903440
-1.532519 -1.229046
1.958980 -0.248781
-0.644554 -1.461633
1.791425 -0.193177
-0.170334 1.544917
1.408068 -0.091914
2.071129 -0.216698
1.790952 -0.241870
-0.898179 -0.289027
-1.047067 -0.124773
-1.194238 1.062809
3.505327 0.270955
-0.355686 0.369729
2.236090 -0.208242
2.292946 1.441372
-1.460065 -0.089134
-0.758770 -0.109473
1.962028 -0.255670
0.619831 0.544417
-0.516078 0.543249
-0.518665 1.428968
-0.442821 0.955270
-0.656990 -0.319799
1.842386 0.152708
-0.653871 -0.629505
1.860034 -0.115276
2.418453 1.771746
-1.037224 0.198680
-0.533133 0.308390
-0.159678 0.400828
-0.426256 1.207598
-0.691557 -0.045119
-1.193384 -0.233372
1.572104 -0.393748
-0.866409 1.218636
2.157059 -0.063585
-0.674150 1.386699
-1.199527 -0.581315
0.169903 -1.369113
-0.033069 1.918878
-0.378565 -1.197276
-1.633546 -0.389840
-1.574472 -1.112792
1.613451 0.349384
-0.943918 0.649025
-0.337978 -0.265345
-0.119722 0.286887
0.622906 -0.774148
1.337753 -0.935251
1.382169 -0.636140
1.845102 0.206388
-0.971828 -0.466373
0.980803 1.112729
2.210566 -0.103013
1.027578 1.747874
-0.303225 -0.945083
-0.446004 0.727866
-1.042546 -1.330397
-0.389712 -0.229255
-1.676609 -1.221664
0.525119 0.073119
2.108076 -0.408767
1.086430 -0.726252
0.096228 2.155406
-0.621135 -0.125806
1.252529 0.534854
0.576753 1.475202
-0.598952 -0.295801
-0.223042 2.145884
-0.480725 -0.343871
0.953765 -0.862908
0.031141 -0.277071
-0.925922 0.796379
-0.703466 0.142140
-0.665313 0.084342
-0.145728 -1.272825
-1.385222 -0.920505
-0.970635 -0.586686
-0.826743 -0.732905
-0.565921 -0.179371
-0.609657 1.881623
-0.308934 -0.667767
-1.086351 -0.051187
1.757759 -0.039244
-0.388610 0.324864
-0.665210 0.496471
-0.951207 0.503845
-0.886865 1.162630
1.015960 -0.751145
-0.425348 0.345104
-1.271736 -0.248150
2.268792 -0.251483
-0.969430 0.108749
-1.113614 -0.858939
0.828676 2.126128
-0.491159 -0.243248
1.584787 0.034807
-0.999940 -0.576302
-0.907082 -0.122296
2.015134 -0.276477
-1.152015 0.313549
-0.737580 0.375895
-0.384982 1.305804
-1.390495 -0.057094
-0.242070 0.772914
-0.129719 -0.905427
1.249160 -0.645985
1.347332 0.168857
-0.110361 0.416978
-1.158777 -0.539925
-1.539465 -1.009359
0.739528 0.824299
2.211981 1.193003
-0.252179 -0.554908
1.177533 -1.447419
-0.329069 -0.536949
-0.768645 -0.274438
-0.652977 -0.763063
1.054261 0.677929
-1.693866 -0.326717
-0.989773 0.058136
1.408219 -0.117815
-0.889957 0.121640
-0.113572 0.005327
2.642510 0.119562
0.845308 0.007702
-1.069808 -1.294429
-0.107141 1.280474
1.677006 0.020891
-0.819377 -0.798997
1.846150 -0.622002
-0.335522 0.079585
2.269456 -0.176057
2.189936 0.139003
1.915025 -0.036357
1.156973 -0.859793
1.061523 -0.985387
2.146254 -0.105667
1.900020 0.315061
-1.000743 0.504845
0.457391 -0.177405
-0.732611 0.164663
-1.446302 -0.509068
-0.685086 0.578520
-0.713020 -0.562534
0.037779 0.086213
-0.878815 0.406175
-1.149800 0.253721
-1.154843 -0.220661
1.246946 -0.089279
-1.192605 -1.033963
-0.800953 0.665503
-0.704984 1.592192
-1.121394 0.323015
-0.272253 0.394838
-1.561316 -0.755025
-0.609723 1.657178
1.157532 -0.640166
-1.524763 -0.254632
0.839518 -0.417141
-1.830097 -1.045049
0.395251 -0.806535
-1.240347 0.057545
0.581218 -0.218375
2.041340 0.026699
-0.958727 0.006837
-0.163698 -0.537168
1.779793 -0.610215
1.609320 0.722846
1.609225 1.301679
-0.345534 1.310408
-0.288336 -0.553375
2.250490 -0.153089
-0.557211 -0.796287
1.837146 -0.281502
-1.012957 0.440104
-0.240088 1.418532
-0.913916 -0.188976
-1.108417 0.920940
-0.420641 0.915164
-1.062277 -0.266691
-0.491001 -0.967965
1.963867 -0.491261
-1.158964 -0.361461
-0.654580 0.517182
-0.329698 -0.672308
-0.382085 -0.934011
-0.534908 1.387138
-0.455229 0.639765
-0.446486 0.915159
-1.676916 -0.523584
2.962466 -0.534548
-0.803594 0.659574
-0.815032 -0.449814
2.096201 -0.507546
1.506867 -0.974924
0.101092 -0.010139
-0.461920 -0.091261
1.626392 0.713286
-1.016290 -0.418302
-1.736496 -0.471877
-1.445756 0.177223
-1.157325 1.775263
-0.127432 0.423822
-0.659024 -0.254268
-0.165220 0.055261
0.050821 -0.045505
-1.245782 0.239794
-0.387034 0.144283
0.857641 -0.266908
-1.130580 -0.493580
-1.083702 1.058289
-0.901439 0.746173
-0.024026 1.550641
-0.580272 -0.967126
0.430541 -0.298979
-0.125110 -0.205114
-0.363531 0.379322
-1.167951 0.367696
-0.268708 1.891123
-1.706434 -0.546812
-1.848480 -1.585298
-0.223653 1.638386
-1.019602 1.458196
0.081805 0.076565
-0.053745 0.162882
1.719646 0.310257
-0.661757 2.018930
1.721860 -0.321137
2.345962 1.348710
-0.608367 0.897888
-1.235561 -0.377992
1.579096 -0.443096
-1.598497 -0.195040
-0.819486 0.437498
2.221470 0.189232
1.299595 -0.316613
2.249010 -0.261203
1.012389 1.479428
0.088141 -1.351112
-0.663537 1.157116
-0.101227 1.293600
-1.197951 -0.058659
-0.942123 0.048260
-1.977541 -0.528307
1.493727 0.034858
-0.583669 0.808000
0.506787 -1.081282
-0.837748 -1.020428
-0.517952 -0.716748
1.216255 -0.135745
-0.927257 1.036135
-1.668601 -0.069452
-1.001801 -0.706608
0.138785 -0.782455
-0.765424 -0.211063
-0.711156 0.735766
1.564304 -0.563908
-0.312430 -0.666346
1.850052 0.123942
1.804759 -0.459892
-0.870059 -0.541361
-0.866320 0.544516
-0.604830 -0.200519
-1.290467 -0.753695
1.563458 -0.303604
1.369359 0.111541
-0.767845 0.114324
1.680926 0.030100
-0.919518 -0.078511
1.661233 -0.315499
1.694998 -0.607602
-0.890501 1.347155
-0.641357 -0.540015
-0.985570 -0.861836
-0.655116 -0.319607
-0.921255 0.768944
-1.891039 -0.044776
-0.721507 0.892845
1.956126 -0.001185
-0.629920 0.682638
-1.403894 -1.056262
-1.337123 -0.035611
2.265846 0.164529
-0.572253 -0.609328
-1.820293 -0.888465
-0.991761 0.388124
2.017398 0.513834
0.978854 0.116060
-1.449276 -0.976459
0.477515 0.090339
0.478308 -1.336048
-0.944583 0.796550
-0.477697 0.521387
1.547125 1.400840
-0.802350 1.046692
-1.054688 -0.660777
-0.548800 -0.188510
-1.191565 -1.041247
1.842522 0.455829
-1.350163 0.096473
2.146529 -0.524957
-0.838161 -0.895722
-1.089813 -1.206161
0.351676 -0.365689
-1.293906 -1.521382
-0.512862 0.257320
-0.955045 -0.030917
2.174318 -0.333660
2.152187 -0.455701
-0.913858 -0.301503
-0.646230 -0.244319
-0.682845 1.019941
1.501102 -0.687923
-1.328835 0.581657
-1.122342 -0.919360
0.080607 0.378500
1.953523 -0.437561
-0.838687 0.223481
2.230458 -0.126091
-1.298261 -0.402878
-1.270051 -0.615706
1.844690 -0.662942
-0.645898 -1.092915
0.764884 -1.132941
-0.784260 -0.561146
-0.932593 1.003639
-0.761037 -0.672726
0.146726 0.236098
-1.144993 0.640579
2.071046 -0.183261
1.650709 0.155946
-0.126453 -0.569344
-1.069305 -0.653104
-0.392480 -0.097811
-0.830072 -1.136567
-1.712130 -1.238879
2.130496 0.042361
-1.677961 -1.098137
-0.926334 -0.259801
-0.864588 0.532881
-0.659315 -0.218855
-0.925721 -0.794986
-0.515539 0.345716
2.043959 -0.870961
0.027802 0.534881
-1.441367 -0.444967
-1.559469 0.186617
-0.564298 0.175404
-1.386957 -0.159180
1.371939 -0.056155
-1.101517 -0.602914
-1.164638 0.266012
1.893737 0.024070
0.312533 -0.609166
-0.630102 -0.420594
-0.187977 -0.004368
-0.108446 1.422946
-0.605680 0.355545
1.634733 -0.329500
-0.787811 -0.596784
-0.233320 -0.522633
-0.442716 -0.203559
-0.936814 -0.279051
1.527303 -0.233837
2.068668 0.469592
-0.453804 -0.619255
-0.551708 -0.224066
-0.799317 -0.307308
1.290129 -0.600885
-1.762144 -0.579526
-1.643165 -0.426733
-0.382785 -0.275985
-0.605979 0.745508
-0.266056 -0.398730
-1.136334 -0.493861
-1.007058 -0.367677
-1.081580 0.109938
1.843507 -0.438449
-0.362056 -0.268058
-0.674877 0.745169
0.773156 -1.006530
-1.546025 -1.938259
-1.320683 -0.927298
1.650327 -0.937060
-0.827784 1.109034
1.756463 -0.554072
-1.100208 -1.086643
-0.347646 1.069521
0.662775 -0.669583
-1.098582 1.056100
0.492410 0.062709
0.402045 2.394372
1.026606 -0.186526
-0.603954 1.178331
1.586098 -0.458896
-0.829087 1.137694
-0.885885 0.810543
1.266455 1.396188
-0.483501 -0.366973
-0.095780 -1.276859
-1.179845 0.212092
-1.081378 -0.125470
2.175929 -0.216614
-0.890157 -1.158364
-1.012849 0.126049
2.238680 0.266932
2.152653 -0.574081
-0.695884 0.516369
1.395090 0.860070
-1.096610 0.207707
-0.918641 0.766264
-1.335986 0.137535
-0.573253 1.563411
1.548416 -0.216668
-0.393889 0.775845
-0.980213 -1.119509
-1.156316 0.296490
-0.725691 -0.415173
0.825929 -0.439075
-0.600355 0.038839
-0.199249 0.589585
1.128161 -0.423041
-0.183964 2.350163
-0.868294 0.738319
-1.089451 -1.344610
1.914674 -0.979175
-0.664241 0.081643
1.247594 0.346995
1.953508 -0.471143
-0.261630 -0.691687
-0.966587 0.212289
0.053593 -1.129361
0.487358 -0.850943
0.851931 -0.214088
0.275321 -0.783769
-0.941894 -0.985138
-0.967922 -0.710239
-0.239212 0.089457
-1.146612 0.017601
-0.954606 -0.013806
1.710342 0.194036
-0.951334 -0.647600
-0.656633 0.953385
-0.728144 1.193616
1.849979 -0.445558
0.620567 -0.537336
-0.282544 -0.335592
1.662035 -0.692548
1.527441 -0.439327
-1.107571 0.382474
-0.643388 0.930580
-0.479474 -0.251907
-1.086699 -0.848198
0.518043 -0.865543
-1.155041 -1.322070
1.673355 -0.008635
-0.625512 0.960986
-0.442237 0.450008
0.721606 0.872098
-1.331309 -1.345861
1.026683 -0.086634
-0.206440 -0.222343
1.848150 -0.088245
0.259468 0.287627
0.263978 2.002019
-0.556840 0.070052
0.979306 -0.093134
-0.834440 1.330455
-0.303490 -0.003451
-0.647839 -0.562926
1.885615 -0.015694
-0.816942 0.672960
-0.237933 -0.998361
-1.545196 -0.528516
-1.647575 -1.321315
-0.079528 -0.097062
-1.169073 -0.270696
-1.437663 -0.599023
1.919138 0.570714
-0.251553 -0.930563
-1.251216 -0.572067
0.495341 -0.789176
-1.517674 -0.494603
-0.942859 0.858049
-1.587411 0.717639
-0.875398 -1.028658
2.265627 -0.345373
-0.067568 2.087287
-1.048530 -0.130444
-1.252767 0.235415
0.102166 -0.510762
-0.212642 -0.061124
-0.381693 0.018316
-0.924236 0.460808
1.664394 0.078828
1.930976 -0.704888
1.781938 0.046477
-0.907084 -0.247359
-1.513121 -1.495841
-0.096800 0.081723
1.604814 -0.095934
-0.778421 1.012493
1.450257 0.774073
-0.818945 -0.601026
-0.851174 -0.007539
-0.987001 0.422612
2.143667 -0.403034
-0.668132 -0.368496
-0.710309 1.454485
-0.148709 0.251528
-0.092147 -0.467145
-0.903598 -0.487127
-0.366555 -0.824650
-0.981065 -0.230546
2.276702 -0.242358
1.771732 0.497523
-1.015903 -0.339375
1.826163 -0.557085
-1.315531 0.203596
-0.257091 -1.114920
2.222081 -0.726424
-1.244973 -0.997613
-1.188218 0.192060
0.101364 1.545282
-0.310615 -1.221781
0.456405 0.414361
0.133440 -0.266540
-0.858002 0.440001
-1.055682 1.389445
-0.658180 -0.029142
1.694692 0.051645
0.007736 0.362813
-0.853133 -0.880434
-0.745249 0.581729
-0.752440 -0.092231
-0.170327 1.752082
-0.008917 -0.043446
-1.195385 -0.315044
-0.133439 1.759793
-0.526180 -0.465686
1.534353 -0.438373
2.215448 -0.223181
1.173247 -0.039614
-0.344468 -0.726157
1.620733 -0.473423
1.173301 -0.343172
-0.758046 0.439107
-1.005980 -0.701827
1.035564 -1.172926
-0.794665 0.464405
1.187494 2.273250
-1.007569 -0.070304
2.673974 1.379077
-1.131007 0.297332
-2.138148 -1.512764
-1.264553 0.274873
0.621662 0.004562
0.055147 1.471263
-1.879434 -0.576045
-1.030106 0.609413
1.805618 0.823400
0.255912 -0.305128
-0.585083 0.375991
-1.126214 -0.653813
2.026032 0.410969
1.947763 -0.205407
0.611824 -0.011076
-0.526675 -0.311701
-0.134292 1.941259
-0.697156 -0.066849
0.727397 1.671398
1.970841 -0.418605
-0.797665 -0.634329
1.470254 -0.595349
-0.955090 -1.042126
-0.066768 1.417806
-1.059641 0.309609
-1.265298 -0.620478
-1.112254 0.893982
2.399302 -0.154240
-1.185892 0.341214
-0.287361 0.295856
-0.827225 -0.007858
-0.524398 2.095999
-0.919344 -0.251079
1.733273 0.139273
-1.222449 -0.101678
1.430505 1.707935
0.526794 0.114453
-0.915265 -1.385118
0.012843 -0.989979
0.998739 -0.785487
1.861491 0.272543
1.789153 0.488581
1.416117 0.091247
-1.069812 0.695782
1.915003 0.157595
-1.008483 -0.397326
2.054028 0.136635
-0.146041 1.847695
-2.194591 -1.847946
1.310688 -0.398049
1.424479 0.150986
0.868684 -0.314984
-0.119307 0.286026
2.181092 -0.256640
0.966048 -0.965995
2.093815 0.136962
1.295116 -0.164883
-0.953008 -0.913734
-1.479694 -0.385394
-0.856088 0.177440
-0.474369 1.449378
-0.884247 0.001127
0.575879 -0.892951
-1.443432 -0.922098
-0.698420 1.140857
-0.224306 -0.614902
-0.608138 1.519578
-1.361026 -0.739631
-0.639709 -0.653915
-0.730489 0.213047
1.486356 -0.056039
0.764006 1.450274
-0.494731 -0.260052
2.192793 0.245454
-1.075082 -0.910147
1.900346 -0.591902
2.594332 -0.571618
2.393005 0.458337
-0.302078 -1.097726
0.514711 -0.238878
-0.319565 -0.952698
1.546209 0.306261
1.947978 0.589283
0.045501 1.417616
2.124863 0.269515
-0.106783 -0.387260
-0.923988 -0.331937
-1.219047 -0.050334
-0.795165 -1.436545
0.249984 2.053000
1.173421 -1.214491
1.208895 -0.779280
0.506662 -0.439219
2.088433 -0.024424
-0.812307 -0.213229
1.615469 -0.351216
-1.115334 0.159051
0.388872 2.226894
-1.140087 0.531496
-0.705240 -0.293578
-0.838984 0.720247
-1.372499 -0.159339
-0.786629 1.422515
1.413066 -1.767312
-1.048231 -0.928031
0.829400 1.652977
-0.340901 0.875008
-1.279740 -0.524320
1.842711 -0.463234
-0.687488 -0.154198
1.332638 -0.529568
-0.652223 -0.626049
-1.157021 -0.769951
-1.145652 0.467761
1.288301 -1.036618
-0.759702 -0.152683
-0.545989 0.754161
1.047283 -0.178230
-0.706355 -0.725879
-1.382094 -0.394070
1.532024 -0.280133
0.675712 -0.164048
2.235874 0.817316
-0.520524 -0.324583
0.064864 -1.102961
-0.999109 0.094618
-1.290013 -0.486559
-1.051013 -0.821548
-0.271750 -0.378742
-0.309009 1.856310
1.225090 1.027775
-0.193480 0.152377
-0.879333 0.156630
1.941841 -0.504841
-0.525042 1.018004
-1.067743 0.210502
0.164082 1.248955
2.049403 -0.376600
-1.907208 -0.906958
-1.317418 -0.896860
-1.120386 0.088454
-1.374412 -1.402321
-1.026587 -1.155894
-0.517600 1.572240
1.370066 -1.144830
-0.758261 -0.364350
-0.264999 -0.128383
-0.878548 0.143407
-1.023058 0.104295
-0.924757 -1.214346
-0.982756 0.783964
-0.711857 0.659234
1.871655 -0.116645
-0.511183 1.317902
3.165160 0.048275
-1.035868 -0.352608
-1.330001 -0.942593
-1.025321 -0.583474
1.560021 1.932570
-0.574375 -0.490269
-0.935647 0.314259
-1.160679 -1.089632
-0.667180 0.286274
-0.680237 1.351091
-1.329918 -0.439146
-0.607743 -0.219335
-0.604762 -0.492472
1.896005 -0.317833
1.734594 -0.678177
0.584471 1.533514
2.248983 -0.291599
-1.312193 -1.029546
-1.179234 0.722210
1.820982 0.073769
-1.293017 -0.237500
-0.594314 -0.162304
-0.163203 0.722246
-1.113957 -1.036899
-1.073303 -0.224450
0.243582 -0.364144
2.080236 0.355155
-1.232388 0.988633
-1.029600 0.990147
-0.486726 0.410827
-0.788394 1.278515
-1.395918 -0.215947
0.045811 1.960550
-1.126328 -1.216799
-0.917525 -0.926433
-1.346732 0.832940
-1.274340 -0.611494
-0.119945 1.747981
0.452378 -1.154453
-0.871981 0.017723
2.244372 -0.109759
1.441799 -0.890712
0.418202 0.006447
-0.303572 -1.891134
0.772704 0.467752
1.040316 0.307909
2.194975 0.864652
-1.097979 -0.385395
-0.743222 0.756607
2.255600 -1.123239
1.792343 -0.283387
-0.870824 0.350209
-0.644588 -1.020552
-1.707644 -1.526104
-1.038064 -0.124778
-1.554186 -1.228046
-0.359647 -0.336496
2.215557 0.053744
0.904458 -0.217797
2.301274 -0.139986
1.983581 0.292641
0.977004 0.577529
1.972014 -0.374333
-0.805338 -0.517756
1.351976 0.273488
-1.430060 -1.240195
-0.466662 -0.466581
-0.110106 1.680206
1.053886 0.472285
2.141256 -1.233086
-0.718714 -0.413886
-1.066716 0.005108
2.253554 -0.234144
0.443545 -0.003271
-0.877715 0.744439
-0.539991 -0.448022
-1.000321 -0.251909
1.355781 -0.228077
-0.205145 2.139876
2.163396 0.075020
-0.415366 0.150126
-1.458618 -0.386035
1.823447 -0.093712
2.362509 -0.221492
-0.765806 -0.892564
-0.602381 0.366034
1.724789 0.417641
-0.903733 0.414694
-0.222393 1.759266
-0.803093 0.735923
-0.750498 0.205965
-0.053615 -0.018330
-1.414885 -1.674522
1.649642 0.181988
-0.754187 -0.725612
1.590233 -0.443056
-0.259510 -0.290716
1.279835 -0.416246
1.820712 -0.464933
2.121949 0.116968
-2.057453 -0.830611
-1.026333 -0.528520
1.985935 -0.152969
-1.141966 0.268932
0.230371 -0.700224
-0.582163 0.523283
-0.581956 -0.125499
1.626542 -0.890764
-0.988583 -0.105756
-1.265752 -0.890676
1.528247 -0.221953
-0.791840 -0.129771
2.435580 -0.467113
-0.994923 0.324948
2.212081 0.108416
-0.593729 0.614680
0.167770 0.999645
1.356483 -0.886032
-1.315821 -0.906473
-0.415998 -0.922235
-0.655048 1.178535
-0.412219 0.807194
0.054046 -0.564234
-1.478416 -1.029174
-0.239002 0.295505
-1.117893 -0.517537
-1.139006 0.067660
-0.611261 0.687599
-0.232399 -0.863167
-0.893314 -0.021851
-1.061276 -1.420718
-0.793466 0.857018
0.724867 -0.129005
1.528988 -0.403783
-0.414737 0.238285
-0.604862 -0.500305
-0.016090 -0.791975
-0.078074 2.083183
-0.172611 -0.207063
2.360720 -0.682254
2.169695 -0.118118
0.803900 2.287625
2.266241 -0.062854
0.678144 -0.009288
-0.615141 0.219949
1.769863 -0.716553
2.093313 -0.521623
0.042206 1.195316
-1.166080 -0.382896
-0.885281 -1.428320
2.388223 -0.226992
1.494832 -0.197236
1.850554 0.020378
-0.388230 0.293791
-1.688120 -2.059412
1.060892 -0.595396
0.546366 1.426940
1.813584 -0.311257
-0.671192 1.776006
-1.168156 -0.022311
-0.766326 -0.051181
-0.530038 0.125521
-1.046724 0.310194
1.844888 -0.448437
0.058640 -0.941250
-0.991337 0.774321
-1.353011 -0.053910
1.462230 0.282040
-0.909305 -0.066912
1.282788 -0.635084
-0.298939 -0.007139
1.949415 -0.590744
-1.202948 -0.517784
-1.383129 -0.696969
-1.192404 0.785493
-1.216296 0.109164
-0.484804 0.532814
2.069862 -0.472088
-1.097081 -1.252733
0.760642 -0.893247
-0.332570 -1.422502
-1.211972 -0.828162
-0.826216 -0.902748
-0.043315 -0.294226
2.362509 -0.221492
0.918236 -0.041714
0.153228 0.019674
-0.721235 -0.911942
-1.170320 0.531650
0.887498 0.338193
-1.197428 -0.528529
0.178004 -0.246254
0.047900 -0.860071
2.182968 0.088854
-0.384667 -0.447054
0.401968 0.306218
-1.204982 -0.125446
-0.539693 -0.520312
-0.549623 -0.074153
-1.203836 -0.325863
2.542522 -1.395104
2.860205 -0.601638
-1.348097 -0.765518
0.943043 -0.855189
1.216500 -1.076790
-0.843354 -0.077073
-1.141752 -0.413994
-0.436461 0.082595
-1.482466 0.757703
1.520768 -0.221728
0.286725 1.999866
0.343808 -1.036514
-0.418828 -0.203212
-0.310841 1.355137
1.654579 -1.024152
-1.091844 1.138939
-1.065977 -0.457778
1.418007 -0.154219
0.393253 -0.850924
0.310424 1.276336
0.056884 1.984152
-1.562208 -0.497787
-1.294463 -0.619304
-1.507568 -1.058570
-0.896992 0.664556
-1.387881 -0.348390
-0.672097 1.041655
-1.018837 1.001798
1.832647 -0.798291
-0.336760 0.160208
-0.987575 0.444873
0.252011 2.123637
-0.154097 0.160095
1.346556 -0.339048
0.302687 -1.209263
1.423312 0.350244
-0.607072 -0.629966
-0.421447 0.127614
1.204830 -0.999613
2.243563 -0.299156
-0.538885 0.810521
-1.143106 -0.705474
-1.220034 1.451030
-1.943671 -0.322492
-0.763748 -0.590503
-1.005743 -1.023686
-1.080846 0.621002
0.650039 -0.366158
-0.924399 -0.852355
1.937346 -0.424753
-0.921685 0.305281
-0.946283 0.017417
-1.342968 -0.583296
0.091633 0.722335
-1.243990 0.438705
0.751129 -0.270127
-0.839342 -1.529788
-0.986812 1.363874
-0.245269 -0.178514
-0.816628 1.025102
-0.528796 -0.698389
-1.343283 -0.057507
2.340944 -0.253813
-0.788928 0.740809
-1.399054 0.748137
-0.956142 -0.551916
-0.884772 0.889459
0.322235 2.156206
-0.931700 2.095238
2.083863 -0.208907
2.017822 0.077438
0.161775 1.995081
0.029787 1.655219
-1.125800 -0.126613
-0.672641 -0.081151
-0.671838 -1.383368
-0.015595 0.008659
-1.044267 0.103805
1.508695 -0.667047
-0.553397 1.768515
-1.017799 0.542041
2.152840 -0.256433
-0.836890 -0.547330
2.207205 -0.318315
1.872687 -0.521468
-1.331828 0.612164
-0.232473 -0.758459
-0.572289 0.800554
-1.335037 -1.248293
2.394225 -0.747792
-0.066676 0.206422
1.568295 0.132275
-1.714422 0.868219
-0.538478 -0.267702
-0.685163 0.536470
0.501411 -0.346800
-1.970949 -1.010376
0.734992 2.016368
1.885964 0.137975
-0.935077 0.241752
-0.735829 -1.390162
-1.202857 -1.318728
1.333003 0.467285
-1.115250 -0.663397
2.362509 -0.221492
-0.988643 0.437140
1.905365 -0.521992
3.043286 -0.440596
1.836866 0.152106
-1.228127 0.147347
0.106244 -0.641411
1.206518 -0.537148
2.342699 0.167334
0.032704 -1.641494
-0.750107 -0.086439
-1.388581 -0.516137
-0.530138 0.715676
-0.799440 0.145352
1.916902 -0.709653
-1.359724 -0.536844
1.867989 0.077458
1.366182 0.042670
0.003390 1.534429
-1.640383 -0.665644
-1.035446 0.980569
-0.886475 -0.796416
0.200327 0.950633
0.204398 0.241369
-0.909113 -1.026166
0.287600 1.064216
-0.073255 0.432300
-0.560546 1.348207
-1.097093 -0.777827
0.937658 -1.482607
-0.576358 0.822407
-1.067271 0.798411
-0.246200 -0.349270
-0.323953 -0.355889
0.159273 -0.987988
0.709594 0.364823
-0.825217 -0.492064
-1.121520 0.161357
-0.718800 -0.344915
1.552155 -0.163883
-0.099123 -1.012653
1.733505 -0.331834
0.351327 -0.080691
-0.982245 0.654129
-1.349329 -1.188560
1.289074 0.235485
-0.501059 -0.830029
1.551920 0.077937
-0.765778 -0.670604
-1.279870 -0.176571
-0.592311 0.610026
-1.020155 1.123907
-0.678503 1.025342
0.337703 0.117952
2.226481 -0.277802
-0.258038 0.014595
-0.246650 -0.681820
-0.750178 0.849663
-0.328676 -0.541823
-1.600421 0.818198
1.971917 -0.266910
-1.194437 -1.126713
1.320249 0.050567
-0.228470 -0.032842
2.091200 -0.075428
1.157435 -1.112299
-1.100890 1.476177
0.835513 0.221420
0.381943 -0.098223
-0.361868 -0.598938
-0.801553 0.036177
-0.784721 1.390781
1.605773 0.470659
-1.837725 -1.536800
1.640157 1.176485
-0.424653 -0.473918
-0.946535 0.620711
-1.530298 -0.750747
2.113314 -0.143900
-0.781748 0.113464
1.168269 -0.780608
-0.371360 -0.889267
-0.707790 -0.879309
1.628270 0.131635
-1.747449 -0.165232
1.995184 -0.480404
-0.307371 0.015072
1.263201 -0.212393
-0.369291 1.820978
-0.200931 1.204060
1.024786 -0.813128
0.251905 -0.777705
-0.547657 -0.503963
-1.108539 0.446129
-0.861435 -0.071700
-0.723272 -0.240986
-1.122682 -1.572411
0.024994 1.543853
-1.212782 -0.993543
-0.057476 1.593405
-0.930889 -0.466745
0.388825 -0.777098
-0.680225 0.489480
-1.326409 -1.522720
0.405769 -1.187774
-0.736872 -0.463990
-0.519959 0.039905
2.362509 -0.221492
-1.045358 0.702163
2.912889 -0.261137
-0.511129 1.611029
2.257050 0.276018
-0.925877 -0.352007
2.362509 -0.221492
1.336887 0.532520
1.888365 0.599595
0.368013 0.556226
-1.002315 0.394684
3.017342 -0.115028
-0.852802 -0.830275
-0.706704 -0.792607
-0.879074 0.091711
0.364462 0.757121
-0.589178 0.643718
-1.255743 0.137477
-1.139308 -0.066226
0.239669 -1.151387
1.631062 -0.348219
0.193848 0.016027
1.330236 0.305551
-0.888763 -0.852158
0.507369 -1.068704
-1.056433 0.192773
-0.794793 -0.366374
0.550068 1.069238
2.105574 0.677133
-1.229037 -0.488949
-0.524186 0.392538
-0.317586 -0.830987
1.962101 -0.206233
0.895723 -0.962695
1.811538 -0.667281
1.708970 -0.359743
-0.685859 1.951140
-1.384096 -0.352942
0.565120 -0.526254
-0.284838 -0.243650
-0.777655 -0.243426
1.688904 -0.848936
1.810988 -0.053656
-0.673238 -0.446338
-0.985182 0.344918
-0.754635 0.616258
-1.545763 -0.442404
-0.251789 -1.201252
-0.468851 1.553351
-0.631978 -0.192793
-1.358002 -0.844286
-0.019605 -1.038359
0.037238 1.751895
-0.284847 1.642186
0.360337 -1.686104
-0.067213 -1.109387
-0.850394 0.856359
-0.603213 0.122781
1.508255 0.168531
-1.639466 -0.753526
-0.662791 0.153325
1.004755 -0.214546
-0.490466 1.784275
-0.898376 -1.283882
1.323173 -0.632419
-0.765828 1.861252
0.002129 -0.041381
-0.945449 0.284252
-0.335230 -0.059401
-1.161785 -0.734549
-0.298742 -0.625163
1.353765 0.098510
-1.252256 -0.554439
-0.160708 0.191409
-1.000671 -0.412432
1.193662 -0.381556
1.204997 0.142327
2.027363 -0.506666
-1.270865 -0.114561
-0.994718 -0.557453
1.755419 -0.454439
-1.391818 0.231282
-1.165515 0.876363
1.538647 -0.486125
2.307273 -0.255869
-0.036379 -2.218303
0.797378 0.447361
-0.490909 -1.494243
0.493803 -1.114419
1.594657 1.648335
-0.101055 -0.191186
-0.249813 -0.072322
-0.793969 -0.557010
0.606551 -0.377586
1.783709 0.002816
-0.680419 0.670325
-0.625081 0.064992
-1.100454 0.481079
-1.163594 -0.254486
-0.617147 -1.968366
-0.678995 0.459847
-0.683907 0.256047
-0.794646 -0.381858
-0.064116 0.393761
-0.426259 1.463443
-0.947891 0.465479
0.858348 0.423885
-0.776685 0.573699
-0.159102 -1.680967
-1.022559 0.069424
-1.375919 -0.575539
0.758484 -0.382847
-0.864367 1.267922
0.385289 2.051527
1.944908 -0.189437
-1.159911 -0.663650
-0.580194 0.945204
0.322006 0.099357
-0.108683 0.506185
1.916852 0.130656
-0.892666 -0.035419
-0.766359 -0.752266
-0.718914 0.567134
-2.031095 -0.466028
2.298539 -0.049821
-0.890244 0.621122
-0.077058 1.012012
1.494444 -0.924521
-0.464713 0.479361
-0.907500 1.142255
-0.652969 -0.410642
1.366126 -0.353474
-0.936742 0.171590
-0.374291 0.937818
-0.016532 2.200812
0.065873 0.406556
-0.628407 1.497083
-1.580004 -0.547326
-0.244602 1.405695
1.427483 0.087373
-0.137933 1.806687
-0.977253 1.019340
-0.228677 -0.399081
1.952529 0.165419
-1.387992 0.030515
-1.246080 -0.641962
-1.015619 -0.124077
1.444397 -0.392701
0.468533 2.137890
-0.412471 -0.132306
-0.227908 -0.490441
-0.254554 -0.935191
-0.120046 -0.509643
-0.672476 2.136968
1.423625 -0.055256
1.128670 1.713014
-1.240329 -1.264967
-1.247687 -0.473171
-1.064643 -0.502322
1.600227 0.373682
1.180523 0.138985
-0.609571 1.124006
-0.360478 2.154137
-1.240813 -1.093637
-0.443070 -0.986754
-1.843126 -0.649699
-0.853987 -0.021441
-0.083719 1.888582
-0.871997 -0.717651
-1.323544 -0.869166
1.114862 -0.652345
-0.751139 -0.453718
-1.835298 -0.182150
-1.602806 0.265319
-0.692040 1.783403
-1.155113 -0.652731
-0.685740 -0.281299
-1.272079 0.037866
0.852958 0.787903
-0.962985 0.166488
-0.412596 -0.529695
2.148263 -0.211734
2.011193 0.248565
-0.918562 -0.107812
1.031273 -0.344520
-0.462256 1.749483
1.198382 -0.434247
-0.225200 1.521518
-1.116876 0.299857
-0.545261 -0.735815
1.284471 -1.199538
2.191238 -0.362098
2.070210 -0.024876
-1.500010 -0.059317
-1.519343 -0.226042
-1.015639 -0.597216
-0.612546 -0.167902
-0.809240 -0.757873
-0.905664 -0.357927
1.019918 -0.872913
-0.776230 -1.196906
-0.748931 -0.874932
-0.697072 0.634131
-0.666478 1.347138
-0.816495 -0.152400
1.686615 1.397982
-0.911713 -0.757747
-0.438416 0.025948
-0.827943 0.639229
-0.305717 0.195483
-0.588510 0.964747
-0.251218 -0.548464
-1.118489 0.639979
1.632956 -0.464160
-0.622934 1.099145
2.160031 -0.029077
-0.441784 2.224263
-0.658941 1.181209
-0.060745 -0.656865
-1.668468 0.046831
0.236404 1.116875
-1.041980 0.363784
2.242660 -0.457423
-1.295199 -0.476807
-0.164494 0.968248
-0.304633 -0.167085
-0.682379 0.424019
-0.397169 -0.333681
-0.097139 0.404127
2.388223 -0.226992
-0.950955 -0.249060
-1.633202 -0.333406
-0.513990 0.931011
-0.698565 0.371633
-1.036345 0.238571
-0.517066 -0.700941
0.069130 1.704086
2.082012 0.205834
-1.336226 -0.613367
-1.167484 0.765787
-0.914625 0.004851
-0.970898 0.340220
-1.001342 -0.547822
-1.083206 0.405738
-0.299718 0.383449
-0.713790 1.276731
1.755462 -0.407976
-1.188959 -0.600585
-0.769476 0.578513
-1.139119 -0.776826
2.133755 0.403021
-0.765514 -0.026673
2.181630 -0.369308
-0.902521 -0.285190
-0.277077 -0.975307
-0.880509 -1.095489
-0.759350 -0.292931
-1.325176 -0.943625
-0.931070 -0.013265
-0.706940 0.339509
1.899550 -0.332799
1.450521 -0.686204
-1.264632 0.773228
-1.440969 0.005728
0.745485 0.157313
-0.939459 0.339460
-0.331999 0.346410
-0.553328 -0.325580
-0.757877 0.473792
-0.809316 -0.238622
-0.260425 1.883386
1.467718 0.022231
-1.317065 -0.367381
-0.703286 1.256582
-1.301922 -0.336522
-1.338084 0.637726
-0.965887 -0.740729
-1.774339 0.948085
-1.096814 -0.421245
-0.122162 -0.564240
1.248775 -0.787279
1.865343 0.168265
-0.971402 -1.370027
1.762465 -0.249814
-0.475472 -0.292071
1.307616 2.105815
0.011867 1.541111
0.709124 -0.075104
2.388223 -0.226992
-0.988153 -0.852312
-0.635340 1.164425
-0.522783 1.534649
-0.953112 0.404951
-0.558344 -0.873954
-0.500910 0.161131
-1.219141 -0.096225
-0.155640 -0.318699
-0.211664 0.936940
0.368729 -1.982884
-0.439975 -0.255207
1.244411 -0.103555
-1.233184 -0.843985
-1.214913 0.740973
-1.466496 -0.701807
-1.126842 0.731272
-1.147443 0.000638
-1.236343 0.150748
-0.904112 0.045771
-1.282298 -0.191378
-0.362089 0.098728
-0.627232 -0.973053
1.503194 1.583503
0.294354 1.736005
-1.035383 -0.597498
1.644821 -0.632577
-0.390123 -0.142077
-0.977616 -1.034745
-1.046928 -0.621024
-1.019711 -1.390104
-0.975068 0.804230
-0.541999 0.054484
-1.416478 -0.351769
2.013809 0.075941
-0.537595 -0.070410
-1.252335 -0.439276
-0.223480 0.566684
0.057929 -0.184462
-1.088367 -0.364265
-0.826472 0.215305
-1.592977 -1.471287
-0.912805 -0.669967
0.485929 0.493514
-0.673046 -0.256912
-0.222686 1.070511
2.120341 -0.461920
0.868929 -0.881410
-0.761994 -0.057135
-0.040354 0.432998
-0.944839 -0.812883
0.882196 -0.795736
0.456530 0.873517
-1.280123 -0.989796
-0.359615 0.464021
1.938701 -0.633051
-0.642481 0.230125
-1.085763 -0.627160
-1.066012 -0.425041
0.587320 -1.028844
-1.434649 0.862717
0.508432 -1.082264
1.044872 -1.549019
1.633699 -1.569258
-0.213839 -0.596886
-1.067551 0.000687
-1.651505 -0.107556
-0.059742 0.560191
1.778212 0.083482
-0.618192 -0.407999
-1.577312 -0.803193
-0.083703 -1.371929
1.668209 -0.212702
-0.578868 0.020072
0.518546 -0.758886
-1.036967 -1.044904
-1.758332 -0.113257
3.020565 -0.296349
-0.372823 1.129582
-0.686930 0.173850
-1.014279 -0.830189
-0.005913 -2.123959
0.041173 -0.258783
1.321594 0.053740
-1.174885 -0.351518
-0.142146 -0.429735
0.372183 -0.268378
1.980950 -0.017692
-0.964649 -0.500411
-0.380864 0.193783
1.556869 0.270755
-1.501525 -0.480884
1.850582 0.539235
-0.442206 -0.963109
-1.629258 -1.483243
-1.285210 -0.268487
-0.392189 1.307451
2.012313 -0.354634
2.056001 -0.817358
2.506816 -0.949442
-0.968506 0.342641
-1.181084 -0.233723
-1.334212 -1.307559
-1.272449 -0.503107
-1.782334 0.764557
-1.463291 0.953217
-0.625122 0.215570
-1.569509 -0.245019
0.968711 1.916788
-1.534597 0.226856
-1.043160 0.852225
-0.637143 0.184530
-1.498450 -1.474687
1.033247 0.350743
-0.560007 0.827990
-0.785491 0.164165
-0.666016 -0.020506
1.521045 -0.835000
-1.133348 -0.039150
2.132344 -0.538761
-0.379273 1.106097
0.171128 -1.646442
2.015293 0.136350
2.018082 0.392648
-0.413269 1.006430
-1.383199 -0.957997
1.212649 -0.646292
1.504121 2.198257
-0.200519 0.887034
1.916664 -0.530000
0.188378 2.621009
-0.617707 0.537215
1.907344 -0.401230
2.053205 -0.623749
2.876736 0.852064
-1.627935 -0.884307
-0.154375 -0.702122
1.367997 0.035668
-0.578994 0.128758
1.866626 0.137463
0.142224 -0.543586
-0.785223 0.095444
1.064376 -0.083875
-0.979113 1.799055
-1.469571 -0.516279
-1.092562 0.005103
-0.670136 -0.333955
1.538651 -0.031384
-0.978343 -0.048655
-1.308047 -0.227959
-0.988459 -0.539862
-1.186327 -0.302444
-1.342201 -0.412706
2.276373 0.053274
-0.477017 -1.197220
-1.532324 -0.032047
-0.312295 -1.095318
-0.550969 -0.140027
-0.397609 0.766567
-0.469875 1.051860
-0.146080 1.493241
-0.167347 0.787540
-0.151712 1.575661
0.369327 -0.234724
-0.820474 0.473604
-0.182698 -0.408128
0.549422 -1.427751
-1.057629 -0.713786
0.614740 -0.614283
-1.499097 -0.410116
-0.664410 0.739179
-0.804077 -1.154843
1.823747 0.045926
0.666445 1.389680
-1.614043 -0.440570
-1.118203 -0.165073
-0.509822 0.358624
1.514986 -0.562734
1.570033 0.040908
0.668519 1.049770
-0.870106 0.789272
-0.579387 0.704464
-0.842518 1.075637
1.415322 -0.774631
-0.582283 0.879264
1.021311 -0.370905
-0.557389 0.298528
-1.310564 -0.968303
-0.712599 0.907352
-0.155505 1.931898
-2.104847 -1.830110
0.873921 0.030243
-1.342836 -0.990714
-0.022681 0.364903
-1.160276 -1.778043
1.532950 2.350617
-1.337831 0.381770
0.765896 0.082813
-0.577254 -0.121396
1.258960 0.511515
-1.437332 -0.429328
-0.749810 -0.498300
2.148753 -0.074747
-1.198570 1.553023
1.320324 0.267423
2.222211 0.426018
-1.514831 -0.277461
1.037050 -0.721259
-1.491310 0.696312
2.178741 -0.485939
-0.642447 0.515065
2.246499 -0.373955
1.857273 -0.366208
1.844251 0.025613
-1.003730 -0.291699
-1.363135 -0.357815
0.882175 0.673536
1.156006 -0.513042
1.329044 -0.334003
0.955128 0.100364
2.099852 0.052454
1.766808 -0.555409
-1.067214 0.088507
-0.015619 -0.188388
-1.391803 -0.257363
0.548510 1.658496
-0.790901 0.421670
1.994093 0.186748
-2.063138 -0.954314
-1.378907 -1.026838
-0.854147 -0.442162
-1.137381 0.420571
0.636066 -0.155184
0.937381 -0.782743
2.009409 -0.140418
0.036624 1.698152
-1.151245 -1.027321
-0.654390 0.556788
-1.272217 0.110903
-0.941717 0.754810
-1.403505 -0.396198
0.085079 -0.175850
1.676265 1.631574
0.521649 0.383992
-0.523992 -1.282517
2.171529 -0.106111
2.258924 -0.334154
0.123558 0.481361
-2.067360 -1.362536
-0.557749 -0.430261
-1.013791 -1.227140
-0.865620 0.212108
-0.595031 1.517451
-1.177302 -0.091683
-1.075197 0.411556
2.202615 -0.580378
1.519596 -0.045585
-0.008026 1.867099
-1.427945 0.757689
-1.186628 -0.459593
-0.525329 0.365839
-0.813528 0.094714
-0.392908 1.674534
-0.466787 -0.475184
2.236537 0.427091
2.023683 -1.300294
-0.189479 -0.654555
-1.083082 -0.767094
-0.188575 0.296423
1.894006 -0.202760
2.026632 -0.739870
-0.581962 0.300090
0.464360 1.856844
0.996522 -0.772485
-1.302219 -1.132054
-1.355303 0.484073
-0.667374 0.457337
2.454252 -1.069879
-0.582765 1.746083
-1.242704 0.111754
-0.872470 1.461839
0.099520 2.323982
1.599428 -0.747614
1.669847 -0.256412
-1.544550 -0.255276
0.012797 -0.900147
-0.309763 0.966589
1.634111 0.084128
1.555631 -0.353198
1.743495 -0.568950
-0.332506 0.877533
-1.014928 -0.262708
-0.917387 -0.334985
0.647357 0.008635
-0.494846 0.927898
-1.506935 -0.506445
-1.120125 -0.037055
-1.015279 0.754994
1.685032 1.720565
0.493589 0.133221
2.233649 0.275743
1.759341 -0.598313
-0.422814 1.659259
-1.330720 0.079988
0.229758 2.021567
0.118631 0.194496
-0.823279 -0.270362
-0.405020 1.496752
-1.151978 -0.323553
0.287941 1.212293
0.433929 -1.639856
-0.554981 0.408622
1.410679 -0.536585
2.211640 -0.303440
-1.471528 -0.882876
0.003528 -0.006323
-1.389214 -0.337121
1.582490 -0.441925
-1.382713 -0.919905
-1.329744 0.271335
0.762613 0.508083
-0.887473 0.166035
-1.254062 -0.858463
-0.943752 -0.999123
-0.198013 -0.440183
-0.666376 0.379304
-0.699590 -0.039417
-0.748234 0.544121
-1.525710 -0.655712
-0.497263 0.858767
-0.178960 0.122337
-1.332180 -0.154029
0.320046 1.310019
-1.478738 -0.185737
0.840816 0.995034
-0.851043 -0.624794
-0.700902 -0.189968
1.802020 -0.505007
-0.878263 0.709040
-0.677596 -1.157781
2.650670 0.507540
-1.086509 -0.201796
2.302828 -0.198546
-0.496039 1.798710
-1.293258 -1.094460
2.128589 -0.410742
2.228577 0.050731
-0.386578 -0.480635
0.011457 2.090112
1.865154 -0.705903
-0.530857 -0.962822
-1.017595 0.959304
-0.945738 -0.365261
-1.170709 0.662587
-0.437115 -0.325279
-0.397708 -0.354120
-0.056185 0.146534
2.127883 -0.389155
-0.801729 -1.255133
0.665901 1.512057
0.928799 -0.697083
2.115566 -0.227035
-0.148093 1.849428
-0.836976 1.460822
-1.131107 0.608212
2.164994 -0.470942
-1.220655 -1.014934
0.528934 -0.766708
-1.185267 -0.214713
-0.563668 0.867664
-1.253888 -0.040678
-1.549430 0.509179
-0.688551 -0.436278
-1.217258 -0.544115
2.200366 -0.150289
0.852024 -0.377372
-0.297903 1.112050
-1.971740 -0.260867
-0.293384 -0.660669
2.656418 1.684477
2.188979 -0.441679
0.056351 -0.705071
-0.218763 -0.365506
-0.657229 0.950375
-0.344520 -0.191164
-0.517918 -0.684111
-0.021001 0.281860
-0.293280 -0.775937
-0.965196 0.239319
-0.676630 0.328988
-0.181588 -1.247554
-0.435577 -0.337046
2.006004 -0.079872
-1.069008 -0.564101
-1.147276 -0.538258
-1.012835 2.110197
0.012674 -0.152083
0.548744 -0.308512
-1.404857 -0.992976
-0.154022 0.006000
0.088146 -1.148132
-0.734349 0.400162
1.938397 0.102109
-1.025121 -0.320831
-0.928491 -0.683122
1.733643 -0.040252
1.652826 -0.250351
-1.313205 -0.737054
-1.866396 -1.035989
-1.115008 -0.958864
-1.036103 1.266687
-0.341489 -0.753165
1.491650 -1.388495
-1.194268 0.644100
-0.081757 -0.748902
-1.003963 -0.275420
1.850410 -0.459552
-1.100272 -0.806832
-0.491055 0.045402
1.464074 -0.203461
1.632883 -0.323866
-1.244338 0.769302
-1.227645 0.673234
0.167444 1.232395
-1.221041 0.558612
0.261242 -2.638115
-1.057462 0.116338
1.511965 -0.251909
2.029053 -0.479641
-0.458597 -0.079153
0.021513 0.781219
-0.920678 -0.840502
-1.060037 -0.542409
1.615834 -1.096622
-0.560424 0.285501
0.444991 -0.067350
-0.047559 -0.534192
1.137962 -0.966736
-0.588885 -0.135792
-1.893866 -1.083511
-1.173977 -0.225553
-0.739962 -0.469367
-0.362282 1.316987
-0.674691 0.530369
-0.018164 -0.526616
1.732113 -1.529366
1.973449 0.080871
-0.934560 0.274912
-1.072415 -0.032772
-0.855509 0.259892
1.264715 -0.269764
0.048398 1.735987
1.094363 2.848641
-0.796489 -0.295359
-0.092534 1.334715
1.466970 -1.376772
1.048210 -0.334485
0.477828 -0.751635
0.670105 -0.025387
-0.710124 1.208089
1.858795 -0.634080
-0.527017 0.457700
-1.464277 -0.839503
-0.410443 1.734531
-0.308591 1.401473
1.228816 0.232823
1.893218 -0.482122
-1.340851 0.208520
-0.173445 -0.712825
-0.330414 0.942109
-1.163089 -0.713601
1.733821 -0.931735
-0.732968 -0.522588
2.142116 0.372331
0.151377 -0.803568
-0.906612 0.270792
0.132225 -0.803986
-0.934761 0.125900
-0.638508 1.082610
-1.433232 -0.591062
1.997279 -0.729877
2.245084 0.215464
-0.465664 0.502165
2.261351 -0.408599
-0.849487 -1.050087
-1.062140 0.773695
2.003789 -0.301521
-1.711114 -0.251467
-0.373488 0.032355
0.612960 2.188121
-0.879033 -0.281721
0.977786 -1.140041
-0.371001 0.923367
0.779675 -1.186348
1.293866 -0.527287
1.670842 -0.710912
-0.934306 0.258579
0.296696 1.349957
2.312256 -0.158844
-0.466081 0.479796
-1.410456 0.615734
-0.202392 0.730240
-1.503275 -0.074838
-1.039398 -0.628435
0.411183 0.377451
-0.376912 0.227896
-0.381596 0.219672
2.122868 -0.399149
0.398348 -0.004716
-1.215216 -0.170144
1.578994 -0.740296
-0.649914 1.139165
0.046174 -0.272682
1.548927 -0.543171
-0.073638 0.160199
1.763782 -0.518984
-0.397084 0.526505
1.603112 -0.650064
-0.831002 0.321099
-1.697881 -0.530606
-0.096615 -0.337401
-0.833637 -0.449130
-0.653034 0.104853
-1.721174 -0.549389
-0.420212 0.319309
1.770491 -0.376817
2.616050 -1.036822
0.306951 -0.774132
1.227400 -0.011707
-1.526796 -1.623126
2.646128 -0.710063
-0.568380 1.731463
2.091221 -0.588959
-0.839814 -0.248399
-0.452495 0.274882
-1.058767 -0.106384
1.066174 1.549898
-0.992083 0.767220
-0.762108 1.057194
1.177550 0.234311
-0.849929 -0.080714
-0.028072 1.452541
-0.237651 -0.803907
-0.684265 -0.888852
-0.392297 -0.350505
-0.983053 -0.781249
-1.104934 -0.818449
0.076803 -1.526205
1.510957 -0.910890
2.046939 -0.153549
0.350885 -0.540046
-0.182968 0.991631
-0.005184 -0.403136
-1.089579 -0.411053
-0.908184 -1.279946
-0.520198 -0.328885
2.063664 -0.131612
1.450899 -0.021903
-0.864026 0.117966
1.508627 -1.486873
-1.516689 -1.229871
-1.442650 -0.981461
-0.642406 0.023084
0.961091 -0.598263
-0.581195 0.503988
-0.848747 1.159566
-0.854380 0.128596
-1.694145 -0.636915
-1.028647 -0.521893
-0.607318 2.476991
0.887565 -0.891045
0.877413 0.454492
-0.374255 -0.820867
1.715917 1.460746
-0.790073 0.334921
-1.103003 -0.687308
0.192039 1.388043
-0.804578 0.785998
-1.326641 -1.079500
-0.025277 0.756792
-0.427938 1.064292
0.613160 -0.571034
0.836910 1.962693
2.277284 -0.121312
-0.895423 -0.103752
-0.653992 0.318277
-0.916858 1.001843
-0.786286 0.005450
0.179573 -0.086841
-0.601947 0.143211
0.022087 1.876059
-0.210308 1.518727
-0.993741 -1.221479
2.735983 0.088579
1.455829 -0.305107
-0.852320 0.490773
-0.979543 -0.274158
1.959032 0.110000
-1.311776 0.044216
-1.479208 -0.411511
-0.226527 0.595989
-0.377352 0.992586
1.409935 -0.627623
-0.857453 -0.288187
-0.602405 1.445565
-0.910609 -0.221156
0.674754 -0.276563
-0.639570 -0.747255
1.262442 -0.430452
0.295661 0.760746
1.786191 -0.041675
1.875240 0.448322
2.005088 -0.266403
-0.858556 0.735509
0.076767 0.186368
-0.484844 0.471481
-0.748792 1.707172
1.055499 -0.295978
-1.746381 -0.384684
1.831717 0.226545
2.107849 -0.275713
0.643078 -1.118087
-1.521576 0.252783
-1.711863 0.047410
1.689903 0.352946
-1.315183 -0.586541
-0.876504 -0.153881
-0.853861 1.193768
-1.250482 -0.745215
0.754414 -0.682833
0.476549 2.434097
-1.361414 -0.311239
-0.203985 -0.554347
-0.770617 0.878071
-1.519599 0.932961
-0.913316 -0.678466
-0.355928 -1.002453
0.734076 -0.147922
0.485135 1.346653
-1.174349 -0.254402
-0.599327 1.838737
0.017750 -0.747359
-1.156509 -0.562034
0.162743 1.321574
-1.383651 -0.943652
-0.265010 0.058635
0.377641 -0.210381
-0.765108 0.580825
0.058182 -0.088443
-0.501554 1.727900
-1.242774 -0.410560
-1.262857 -0.422184
-1.389297 1.245913
-1.339178 -0.603291
-0.868747 -0.845367
-0.806202 0.112332
1.656116 -0.657083
-0.567209 -0.845913
-0.647883 0.880705
-0.375532 0.162460
-1.437620 -1.087869
-0.637521 -0.860351
0.646039 -0.309368
-0.781443 0.543960
0.839517 -0.377975
-0.892155 -0.106284
1.596742 -0.691106
-1.696827 0.386291
-0.900401 0.934926
-0.601348 -0.380265
0.269970 0.398507
-0.806215 0.604719
-0.674064 0.054998
0.024116 1.751498
2.346309 -0.296288
-0.353540 -0.585338
-0.821706 0.743955
0.495419 2.369033
1.704456 -0.543590
-1.081131 -0.269931
-1.333103 -0.355495
-0.663008 1.075389
1.993678 0.726676
1.938845 -0.234764
1.977345 -0.294668
-0.757394 0.054995
-0.559702 0.919856
-0.901810 0.429339
-0.758482 -0.453251
-0.525405 0.321671
-0.564842 0.826749
-1.581682 0.016722
-0.381904 0.110033
2.486600 0.085987
2.138979 -0.184495
-1.310982 -0.533157
-1.172016 -0.796398
-1.302203 -0.053402
1.644376 0.298349
1.334860 -0.065828
-1.449703 -0.607412
2.722385 -0.735765
-0.877679 -0.661848
-0.588016 0.076204
1.153740 -0.418744
-0.686432 -0.160745
-1.439480 -0.250006
1.007572 -0.748402
-0.606201 -0.241105
0.331755 -0.401168
1.382876 -0.099451
-0.055327 0.659464
-2.015711 -0.257340
-0.838890 -1.089059
1.408778 -0.380970
-1.797472 -0.579514
-0.392505 -0.489949
0.954920 -0.616057
-1.866819 -1.432750
-0.174992 0.204495
-1.117324 -1.430281
-0.475128 -0.274463
-0.657364 -0.155611
1.370912 -0.159233
-0.653135 -0.122850
-1.317266 0.666051
1.490761 -0.311224
-0.077275 0.368782
-1.172488 0.324000
0.282433 -0.254844
1.511193 -0.242829
-0.911162 -1.113955
-0.147707 2.296752
-1.298173 -0.238192
-0.058722 1.265377
-0.754543 1.108556
0.841041 -0.364404
-0.989412 -0.936810
-0.717816 -0.734903
1.155118 0.070876
-0.632672 1.901736
1.691902 -0.109147
1.719942 -0.615737
-0.525380 1.983852
1.880057 -0.150758
-0.736583 0.364210
1.407652 -0.339146
-0.927493 0.596227
-1.252666 -1.000074
1.936992 -0.381729
0.633945 -0.108025
1.988571 -0.423292
0.357723 -0.650843
-0.895897 0.072540
1.701289 -0.177598
2.383244 -0.135451
1.251136 -0.186588
-0.662738 -0.133471
-0.480881 0.218985
-0.256626 2.467549
-0.959520 0.256932
1.652374 -0.242679
-0.979235 -0.910990
-0.622301 1.325875
-0.831590 0.315890
-0.730014 0.740566
-0.662257 -0.237835
-0.857883 -0.450431
-1.503776 -1.213103
2.281301 -0.235147
-1.033787 0.561464
-0.807005 0.186782
0.386785 0.050046
-0.415888 0.264145
-0.771779 -0.105219
-0.876444 1.045069
1.381363 -0.467617
-0.732664 1.502533
0.504462 -0.403733
-0.797530 0.802716
0.852923 -0.099965
-0.853337 -1.007881
-0.904246 0.372358
-1.025586 1.082748
-1.219668 -0.457811
0.507187 -0.893736
-0.845554 -0.985429
0.219165 0.122754
0.320952 0.547811
-0.683477 1.123092
-0.765208 -0.468904
0.795976 -0.208459
-1.191452 -0.139092
1.520864 -0.562670
1.590599 -0.074179
-0.835928 0.358951
-1.372201 -0.565626
-0.774811 0.969383
-1.422356 -1.449215
-1.209410 -0.900488
2.139319 -0.243945
2.061402 -0.322436
-1.326873 -0.744174
2.101436 0.198970
1.831074 1.075465
2.346256 -0.045042
2.348774 -0.473423
2.369515 0.886431
-0.494068 1.549850
1.072651 -0.400495
1.487788 -0.781774
-0.987445 -0.510830
-1.147276 0.194643
-0.071737 -0.106555
-0.046267 -0.729012
0.078410 -0.076092
0.280365 0.338130
-1.638032 -0.715147
2.083714 -0.508401
-0.897689 -1.553222
-1.382036 0.419403
-1.069013 -0.085461
1.782708 -0.986178
-0.492265 1.321243
-0.824109 0.077565
-0.841948 1.047608
-0.696881 -1.273864
-1.297782 -0.035604
2.388223 -0.226992
-0.813648 0.592659
-1.576435 -1.038166
-1.032783 -0.130297
1.734297 0.632163
0.720167 -0.371790
-0.416743 2.080507
-1.001011 -0.113915
-0.803869 0.855599
1.009218 0.163433
-0.958217 -1.158501
1.575982 -0.072515
-0.238578 -0.056286
1.742184 -0.246332
-0.712838 0.575980
-0.949285 -0.852643
2.255596 0.217883
-1.457170 0.781225
-0.827339 1.237785
-0.914762 0.905396
-1.265761 -0.774285
-0.992966 -0.589881
-0.510688 -0.806709
-1.506968 -0.275389
1.383820 -0.675073
2.128076 0.186118
-0.912115 -1.280442
-0.525670 -1.192202
-0.707896 1.074685
1.988427 -0.390539
2.028568 0.372347
-0.240669 -0.067565
-1.066266 -0.262439
-0.923555 0.264626
-1.066979 -0.799504
-1.400686 -0.612020
-1.441189 -0.643380
2.063462 1.361113
-0.100291 2.004160
2.173772 -0.017451
1.584700 -0.081644
-0.540036 -1.194136
-0.857237 0.245750
0.069351 -0.456439
-1.158886 -0.427298
1.342217 -0.419270
-0.958286 -0.900321
0.657103 0.867909
0.953232 2.466187
1.758998 -0.643707
1.444523 -0.099429
2.259797 0.043091
0.204766 -0.316812
1.451703 -0.216908
-1.314979 -0.946120
1.530945 0.027520
-1.657913 0.579425
-0.860318 0.476979
1.237631 0.100270
-0.240766 0.148017
0.146557 1.198452
1.992665 0.459749
-1.263561 -0.185264
-0.601731 -0.573702
1.514537 0.467919
1.261790 0.462320
-0.630202 -0.333735
-0.455698 2.268073
-1.320376 -0.428312
-0.806774 0.128661
-0.822197 1.023621
1.990997 0.337903
1.308272 1.845589
1.355083 0.690377
-0.147994 0.027782
0.827612 1.280925
1.534593 0.154956
-0.663034 -0.742738
-1.188283 -0.488967
-0.521532 -0.270161
-0.129413 0.945579
2.197531 -0.392137
-0.983086 -0.326121
-0.177490 -0.268156
-0.644807 0.295447
-0.062489 1.621953
1.985640 0.331897
1.949065 0.834141
-1.493899 -0.323610
1.880595 -0.414095
0.154583 -0.163673
1.347938 0.310708
2.118102 -0.245563
1.811514 -0.085766
-0.074387 0.512402
-0.875164 0.041536
-0.238387 1.663400
0.662957 -0.263317
-1.361923 -0.743224
-0.477200 1.520822
-0.807030 0.667272
1.708817 -0.357697
-0.935926 -0.773851
0.454167 0.523559
-0.042783 -0.218137
-1.473080 -1.176049
-0.474655 -0.156130
-0.631802 0.564876
0.106361 -0.579578
-0.972430 -0.727924
-0.551571 1.928260
1.481553 1.656715
-0.877359 0.201129
-0.298890 -0.023273
2.245676 -0.651463
0.210866 0.666937
-0.290351 0.277062
-0.778666 0.026219
1.723051 -0.349175
-1.023259 0.341504
1.476517 -0.531497
1.450595 0.154827
1.794008 -0.784406
-0.956963 0.034986
-1.095154 -0.666638
-1.577902 -0.638959
-0.673950 0.446842
-0.912352 -0.060009
-0.839131 -0.727719
-0.558516 -0.809513
1.700089 -0.644231
-0.299353 -0.772438
-0.693952 -0.354779
0.822589 -1.077519
-0.769227 1.015198
-0.507853 0.303150
1.402635 -0.406950
0.694536 -0.347479
-0.877606 1.226969
-1.271861 -1.071365
2.285529 0.109698
-0.420443 1.030758
-0.914524 0.642772
-0.650195 1.780578
1.495680 -0.984452
0.023665 -0.564343
-0.421433 0.921443
0.974706 0.569973
0.164352 1.030415
-0.973247 0.612799
1.612428 -0.824712
-0.080599 -0.479394
-0.234887 -0.729255
-0.074938 -0.239235
-1.049736 0.127472
-0.030543 0.586972
-0.834447 -0.376694
-0.501025 -0.133575
2.199413 -0.177038
-0.985911 0.222714
-1.514397 -0.740104
-0.648261 0.933998
-0.638755 0.674770
-0.938316 0.910701
-1.272166 -0.079244
-0.482401 -0.909753
-1.209583 0.109892
1.063122 -0.532054
1.387887 -0.688590
-0.398223 -0.495928
-0.765577 -0.488884
-0.447554 0.751995
-0.948974 -1.022279
-0.494701 -0.068829
1.934046 -0.524779
1.450517 -0.463096
-0.814984 -0.594667
-0.884969 -0.388430
1.529758 0.586299
1.216266 -0.334260
-1.550220 -0.494037
1.498215 -0.584066
0.399751 0.894032
-0.192478 0.018916
-1.017202 0.216854
1.738126 0.238854
-0.709063 0.453930
2.048199 -0.504595
-0.830475 -0.964298
-0.562956 0.555642
2.168785 -0.289160
-1.242931 0.628503
2.000028 -0.066437
-1.179351 -0.905932
-0.457420 0.261151
2.261518 -0.342819
-1.018044 0.131275
-0.604591 0.049892
-0.691540 0.171502
1.938595 0.076649
-1.114890 0.555872
1.596333 -0.565203
2.237762 -0.072521
-0.963710 -0.994528
1.645776 0.184567
1.663404 -0.771387
1.322940 1.112379
-0.879604 0.692852
-0.395341 -0.391816
-0.787674 0.853067
2.315230 -0.248313
-0.397609 0.055759
-0.699680 -0.637126
-0.718213 -1.859575
-0.738589 0.655424
-1.420890 -1.637236
1.732514 -0.642809
2.050264 -0.593494
1.418498 -2.044977
1.105493 0.004557
0.316868 -1.252614
2.053076 -0.512166
-1.219029 -0.525731
-1.250135 -0.238767
-0.901841 -0.073369
-0.938164 0.393659
0.133976 0.320720
-0.793861 -0.200977
1.943988 0.123158
-0.669372 -1.071529
-1.246657 0.292702
-1.165431 0.721963
-1.314993 -0.574802
-0.076221 0.588069
-1.018239 -0.067339
-0.941067 -0.530614
-1.195862 -0.336803
-0.848782 0.376915
-0.231160 -0.316518
-0.517521 -1.133517
-0.319798 0.968078
0.750492 -0.446585
-0.385948 1.667492
-1.453655 0.486040
1.451135 -0.020441
1.707163 -0.785313
-0.940190 -0.402159
-0.520640 0.290534
-1.133621 -0.363229
-0.542603 -0.946237
2.011908 0.337217
-0.878439 0.126759
-2.005820 -1.621047
-1.013923 0.457401
-1.132461 -0.530722
0.915953 0.015784
-0.582577 -1.421614
-1.127285 -0.814454
-1.195354 -0.098654
0.273572 0.581068
1.560192 -0.704785
-0.682788 -0.504742
1.888630 0.256986
0.673638 0.378720
0.463623 2.417584
-0.986764 -1.273236
-1.194177 0.216825
-0.771646 0.753739
1.129043 -0.629540
2.149224 -0.366658
-0.863292 0.112991
-0.555997 -0.114669
-1.331131 -0.665390
-1.261624 -0.923483
-0.679460 0.289588
-0.752847 -0.956691
-1.102098 -0.772829
-0.873179 -0.575750
-0.966650 -0.623177
1.659304 0.098344
1.271429 -0.119863
0.688026 0.161741
-0.495836 -0.066105
-0.477855 -0.059623
-0.729100 -0.493763
0.572150 1.638448
-0.324124 -0.446826
-0.713601 -1.082186
-0.437416 1.598238
-0.712828 -0.830599
1.731893 -0.067809
-0.795570 0.616215
-1.439095 -0.561081
0.861107 1.330218
-0.692500 1.541042
-1.369689 -0.276653
1.260546 0.155167
-1.537389 -0.280318
0.200591 1.421907
-0.776760 -0.272197
1.148612 -0.242088
-0.411888 -0.613681
1.803513 1.191736
2.249628 -0.502734
0.125793 0.049129
1.800776 0.372314
-1.650980 0.124790
-1.013579 -0.824671
1.425608 -0.025839
-0.474722 -0.534925
-1.612934 -0.035551
-0.431353 0.577583
0.028964 -0.426312
-0.357244 1.248037
-0.885269 0.209836
1.329621 0.799827
-0.726995 0.107551
1.789886 0.242119
-0.968338 -0.282781
-0.993185 -0.409568
0.194907 0.356542
-0.376982 1.672437
0.179087 1.982574
-1.889015 -1.101191
-0.690267 0.842317
-0.630047 1.680070
-0.887926 -0.037783
-1.180379 -0.470629
-0.821958 0.647292
-1.123721 -0.311308
-0.441713 -0.590332
-0.664412 -0.357456
-0.132493 1.911560
1.309935 0.148857
-1.253470 -1.095883
-0.707043 0.491051
1.355708 -0.190023
-0.610530 0.124714
0.810979 -0.811936
-1.104944 -0.010695
0.028145 -0.448695
-0.813840 -0.597101
-1.221013 -0.825241
-1.073819 -0.811463
-0.648473 -0.466226
-1.182891 -0.981277
-0.628141 0.506768
-1.625255 -0.830003
1.150263 -0.557266
0.090988 -0.315475
-1.097625 -1.308289
-0.524464 -0.365709
-0.301302 -0.063425
-1.488370 -0.495616
0.542323 -1.102530
-1.666025 -1.004183
-0.797062 0.455825
1.924711 -0.185704
-0.102026 -0.722199
-0.768510 0.647455
0.997090 -0.552042
-1.579209 0.164576
-1.248003 -0.266916
0.292429 2.038738
-0.448734 1.617861
-0.654650 -0.395957
-0.475753 -0.207900
-1.268496 0.740129
2.180865 -0.082122
-0.933570 -0.892993
-0.341915 0.167807
1.327331 -0.075795
-0.281905 -0.203151
-0.891528 -1.044655
0.214467 1.732968
-0.445503 -0.030036
-0.050121 -0.620094
0.617963 0.867548
-1.012665 -0.534445
-0.899827 -1.492654
-1.548708 -0.746179
1.715961 0.339336
1.761997 -0.670062
-0.441053 0.834998
0.142657 -0.039343
0.500241 -0.105471
0.479263 -0.675666
-1.352423 -1.103310
2.387944 0.600392
1.046707 -0.670802
-0.286534 1.260606
-0.949338 -0.474934
1.964651 -0.023565
-1.230538 0.971829
-0.329150 1.486197
1.483939 0.007186
-0.950585 -1.375956
0.378644 -0.506859
-0.085433 1.559646
-0.575339 0.045420
0.397472 -1.271723
-1.678314 0.612748
-0.444573 -0.659341
-1.103878 0.361664
-1.220423 -0.403765
1.256909 -0.820265
-1.174410 -0.171369
-0.942113 1.154993
0.917841 1.398943
-0.578360 -1.368765
0.169659 0.172606
-0.216898 -0.533527
2.067622 -0.392640
2.249141 -0.270216
-0.987232 1.539059
-0.268500 -0.467418
-0.701199 0.420204
-1.354543 0.722207
-0.541897 0.868977
-1.000660 0.438036
-0.694061 -0.087708
-1.452550 -0.443208
0.901736 1.545759
-0.785477 -0.850105
-0.558851 -0.513339
-0.770449 -0.687808
2.310861 -0.171558
-1.176551 1.480354
-0.775378 -0.124478
-0.757993 1.079848
1.245171 0.332938
-0.505000 0.617815
0.529123 -0.611150
-1.120185 -0.735378
-0.683672 0.996923
2.147790 -0.100434
-0.568880 0.617972
0.006340 2.148388
-1.413891 -0.804701
-0.877086 -1.155598
-0.457372 0.300178
-0.292729 -1.025566
1.259425 -0.858172
-0.596414 1.549964
0.269376 -0.262258
-0.997798 -0.354873
-0.034154 -0.933993
2.903447 -0.824277
-0.987644 -0.116381
-0.593476 1.387577
0.103309 -0.085495
-1.004757 -0.506303
-0.170918 -0.442190
-1.118124 -1.082220
-2.060131 -1.294729
-0.951880 -0.659575
0.873330 -0.212056
-0.886963 -0.729257
-0.318479 0.315374
-1.279277 0.506459
-0.687057 -0.614947
-0.828066 -0.482354
2.032752 -0.038816
-0.992235 -0.083890
-0.069446 -0.654317
-0.857880 -0.494698
-0.878517 1.066721
-0.857652 -0.216299
-1.091495 1.072506
1.083574 -0.209622
-0.400523 1.326166
-1.171052 -0.306416
2.102454 -0.333311
-0.909632 0.321695
-1.176612 0.943542
0.541871 0.155121
-0.930058 0.294934
0.535610 -0.327597
-1.574988 -0.662333
-0.045248 -0.052407
-0.035688 -0.298265
-0.838354 0.094312
1.883774 -0.404071
1.532096 -0.877643
-1.075545 0.682515
-0.532869 0.221807
-0.538958 0.237134
-1.291838 0.836024
-0.381529 0.700493
-0.675561 0.488651
1.778866 -0.263180
0.293944 -0.112775
-0.520496 -0.915276
-1.081071 -1.498245
2.271041 -0.247729
-0.231815 0.154646
2.125655 -0.214426
0.275951 0.837797
-0.993300 0.971744
1.961132 -0.230209
-1.634962 -1.450829
-0.716255 1.218604
-0.710860 0.228439
-1.905803 -1.426534
-1.117530 -0.003324
0.360913 -0.157615
1.034147 0.606067
-1.523406 -0.573146
1.545961 -1.404544
0.158911 0.017089
-1.102419 -0.030235
-0.994913 -0.503771
-0.584194 -0.818003
1.363591 0.948444
2.203712 0.043854
2.170444 -0.029095
-0.653437 0.274136
-0.240768 1.384121
-1.578576 -1.003870
-0.383849 0.165470
-0.587916 0.585230
-0.053589 -0.598904
-1.094941 -0.044637
-1.209686 -0.218189
-0.927911 -0.738058
-1.197039 -0.240011
-1.124526 -0.891184
-0.821459 -0.266257
-0.103972 -1.059767
-1.038890 -1.165849
-1.247499 0.714867
-0.728234 -0.178330
0.310784 -0.562913
1.467685 -1.082783
-0.533681 1.819401
1.737100 0.342213
1.609415 -0.350380
-0.465283 1.051966
0.110412 0.325047
1.943558 -0.115882
-0.835563 -0.814334
-0.993709 -0.347639
-0.351771 -1.144104
0.926558 0.089681
-0.833168 0.167946
-1.058523 -0.655519
-0.011490 1.330900
1.736526 -0.113021
1.022721 -0.516812
1.549503 1.109797
-0.814481 0.344321
-0.803982 -0.450073
-1.112563 -0.640413
-1.077050 -0.050889
-0.205801 2.345985
0.353522 -1.092951
1.099172 -0.002323
-1.465250 -0.167628
1.428327 -0.609166
-0.248471 0.466709
1.581168 -0.210332
2.116481 -0.382680
-0.535810 -0.663400
-1.286162 0.768124
2.052687 -0.048007
1.885053 0.082774
1.114966 -0.292486
-0.575776 1.029140
-0.009181 2.793590
-1.097693 1.035008
-1.239052 -0.869112
1.138914 -0.651651
0.906786 -0.110579
1.707631 -0.514381
-1.645964 -0.778984
2.054325 -0.137403
-1.145821 -0.108350
-0.279907 0.112046
-0.664545 0.979154
0.587377 -1.066627
-1.502308 -1.262691
-0.825955 -1.131519
-0.759518 -1.018604
2.338334 -0.046683
1.976460 -0.394117
1.306151 -0.360062
-0.828355 -0.937946
0.030305 0.892407
-0.793951 0.068033
2.151816 0.040793
1.953359 -0.266872
-1.340639 -0.281069
-1.147071 -1.391615
1.799413 -0.317512
1.059455 1.059229
-0.090840 -0.081897
1.512301 0.229378
-0.545552 -0.268709
0.454649 -0.647740
-1.323362 0.976915
2.071725 -0.395963
-1.042393 -0.380129
-1.088801 -0.476219
2.255726 -0.286140
2.242714 -0.286815
-0.783016 -0.066434
-1.028405 -0.045258
-0.070077 0.173332
-0.584587 1.486744
-0.266940 -1.442684
-0.682212 0.589027
1.677727 -0.504435
-1.006249 -0.037099
1.728902 -0.609305
-0.612020 -0.072245
-0.435319 0.438944
-0.036189 1.073529
1.002196 -0.850969
0.779616 2.360840
2.065835 -0.083882
-1.527310 -0.860107
-0.648229 1.542200
-0.781962 0.802851
1.930154 -0.029994
-1.395320 -0.756933
2.533626 -0.273828
-1.888031 -0.404566
1.164462 0.029166
0.507761 -1.205613
1.207654 -0.674094
-0.107003 -0.316880
-1.126665 -0.050587
-1.792310 0.358665
0.056206 -0.959572
0.001575 1.042430
0.011142 -0.719604
2.217449 0.132351
-1.163623 -1.322035
-0.178127 0.270497
1.522239 -0.561778
2.327477 -0.144359
-1.245015 -0.198582
-0.616529 1.081292
-0.313064 1.583681
-0.498940 1.017379
-0.342823 0.572736
-0.416403 -1.106487
1.876030 0.288481
-1.177736 0.425210
-1.100121 0.902987
-0.066925 -0.707905
-0.272735 0.477117
-0.576173 0.231877
1.074184 -0.194536
-0.515520 0.604566
1.321005 -0.458609
2.060723 -0.197538
1.810072 -0.041228
-0.825971 -0.144030
1.618672 -0.659127
-0.302359 -0.755624
-0.470682 -1.158828
1.455234 0.586430
-1.657201 -1.341534
2.336594 0.088066
0.212017 1.675218
1.754913 -0.396859
-0.079251 0.913865
-1.081428 0.552679
-0.973969 -1.016196
1.852257 -0.401644
2.362509 -0.221492
-1.049981 -0.219806
-1.736251 -0.435206
0.405154 -1.098013
1.994538 0.386075
-0.993488 -0.903584
2.425103 1.311478
-0.633864 -0.182155
1.616821 0.998868
1.322134 -0.909122
-0.846763 0.660443
-0.126191 -0.586749
0.371859 2.356434
-0.652583 -0.394244
0.393615 1.415510
-0.885130 -0.415912
-1.119585 -0.937711
-0.467789 1.095929
-0.864756 -0.553171
0.199701 0.649736
1.262699 0.084408
-0.206110 -0.285372
-1.517640 -0.568990
-0.738690 1.410064
2.312892 -0.114082
-0.985484 0.248457
-0.732506 0.948184
-0.783638 -0.722387
0.008539 -0.090719
1.247039 0.033637
-0.938454 -0.621430
-0.336699 1.020404
-1.146670 0.244695
-0.226746 1.511671
-0.939787 0.503526
-0.995526 -1.388297
-1.059271 0.836294
1.269158 -1.389292
1.245564 -0.513076
-0.244115 0.311336
-0.801399 -0.952489
2.125110 0.711131
1.537262 1.153087
0.251489 -1.409453
1.117885 -0.158490
0.521306 0.020582
2.153509 -0.262887
0.390688 -0.546338
-0.816896 -0.378710
0.203602 2.004190
1.647153 -0.259410
-0.424014 0.202164
1.771734 -0.548181
-0.654145 0.141258
-0.437208 -0.239861
2.098380 -0.479551
1.700353 0.158989
-0.765728 0.321352
1.390440 -0.534941
-0.632205 0.574332
1.701008 -0.803160
1.464171 0.036788
1.865736 0.507974
2.554320 -0.484612
1.025084 1.943801
0.204402 -0.883982
0.491707 -0.693655
-1.035091 0.239330
2.138445 0.129483
-0.529336 0.892540
1.903618 -0.873778
-0.988465 0.002521
-0.493915 0.392772
-0.600179 1.601223
-0.880740 -0.422022
1.933830 -0.480301
-1.107542 0.110385
-1.335801 0.437654
-1.139081 -1.538153
-0.568308 1.127880
2.198680 -0.373514
-1.170497 -1.408752
0.142317 0.932963
1.459128 -0.942760
2.343631 -0.619773
2.137519 -0.560064
0.654167 -0.439460
-0.453760 -0.132806
0.382662 -0.804016
-0.878763 -1.046942
2.312892 -0.114082
1.675076 0.155886
-0.502685 -0.467895
1.959678 0.455024
1.812091 -0.430945
1.961570 -0.133841
-0.979449 0.667474
-0.513895 1.100511
-0.701785 1.138891
-1.379337 0.543165
2.028772 -0.175346
-0.176724 -0.355792
-0.487083 -0.825428
2.273393 0.038705
0.987100 0.329336
-0.489955 -0.913554
0.616599 -0.503974
-0.916420 -0.453150
-1.140831 0.292533
1.225823 -0.189330
0.012102 1.639642
-1.144704 0.714894
-0.470928 1.878823
-0.405299 0.402691
-1.570664 -0.447101
1.239494 -0.325308
1.355969 -0.524747
1.239648 0.630670
-0.651968 -0.527612
-1.141862 -0.708753
-0.641656 -0.051885
-1.033563 -0.914763
-0.292826 1.016044
-0.708861 -0.660151
-1.742171 -0.169545
0.249464 0.571506
-1.022014 -0.260528
1.334029 -0.489047
1.149637 -0.538481
-1.231770 0.243196
2.388223 -0.226992
-0.168553 1.211016
-0.629923 -0.308019
-0.559737 0.088845
-0.617633 -0.501211
1.266119 -0.811335
-0.089102 0.081653
-0.594031 -0.466615
1.388896 -0.571053
2.060125 -0.105436
-0.932725 0.375852
1.603719 -0.655732
1.890441 -0.047090
-0.999050 1.471068
-0.830028 0.705388
-0.166840 3.010052
-1.037256 0.321464
2.115656 -0.254431
-1.101017 -0.942700
-1.061899 0.611581
-0.780946 0.418917
-0.560528 0.257505
1.917726 -0.290380
-0.970941 0.854374
-1.759027 0.838522
1.526241 -0.870169
-0.902467 -0.487576
-1.422166 0.146262
-1.768109 -0.988204
0.780479 0.510317
-0.782388 -1.004005
-1.240381 -0.434137
0.314730 -1.235038
-0.203128 -0.333383
-0.330735 1.417642
-0.452829 1.214603
-0.488573 -0.549681
1.650277 -0.750605
-1.008062 -1.118423
1.259645 -1.807809
-0.206691 -0.739608
-0.910493 0.723605
1.754791 -0.249367
-0.765938 -0.152448
-1.325624 -0.709997
-1.031167 0.896297
-1.313647 0.364785
-0.401282 0.611118
-0.610823 -0.053118
0.045594 -1.069670
-1.254503 -0.081791
1.948917 -0.610359
1.018557 0.064583
-1.300573 1.324452
-0.391049 1.884951
0.025931 2.289473
1.260640 -0.992339
-1.133326 -0.480940
0.219538 2.250225
1.803342 -0.624545
-0.886521 -0.350971
0.693684 0.532451
2.168119 0.135475
-1.228318 -0.637998
-0.809245 0.618613
-0.615235 0.376371
0.162680 0.520988
0.232671 -1.297144
-1.630922 0.041806
-1.099434 -0.339479
-1.106433 -0.535108
-1.014972 -0.129034
-0.658160 -0.363198
-0.103167 -0.465833
-0.634807 -0.533687
0.059357 0.996006
1.289675 -1.570717
-0.317434 0.121331
1.863584 0.973533
-1.075229 0.126434
1.681589 -0.594333
0.499387 -0.981777
-0.196474 -0.781446
2.362509 -0.221492
0.775627 -0.615399
1.777172 -0.363588
-0.669682 1.140947
-1.020780 -0.304449
-0.951573 0.304425
-0.218137 0.231230
-1.088835 -0.103306
-0.474042 -0.319600
1.369413 -0.096909
-1.180960 0.035822
1.316490 -0.050042
-0.580141 1.530739
-0.763285 -0.985618
-0.767369 -0.545675
-0.959792 -0.598362
0.643960 -0.461213
-0.545907 1.141768
0.004476 -0.384607
2.029066 0.070474
1.911928 0.102525
-0.969725 -1.281916
-1.397410 -0.703457
-1.618861 0.898691
-1.473827 -1.003713
-0.189567 1.487097
0.749357 0.104813
-0.784216 0.345002
-0.597112 -1.330012
0.647345 1.652561
-0.083392 -0.132418
0.530029 -0.940085
-0.320855 0.811476
0.771964 0.165011
1.384259 -0.328810
-1.124888 -0.188100
-0.070380 1.153395
1.329609 -0.162081
-0.099786 0.088065
0.990957 -0.524958
2.032826 0.133973
0.433079 1.879492
-1.495193 -0.160059
-1.453101 -1.632484
-0.234935 0.557695
-0.917125 0.517399
-0.655543 1.318978
-1.014204 0.714363
-0.965355 0.827955
0.560557 -0.306914
-0.393982 0.915239
-0.834332 0.887508
-0.568450 -0.596890
-0.491922 1.782719
-1.467960 -0.707889
-1.309986 -0.667468
-0.822305 -0.281677
-0.861541 1.815283
-1.404604 -1.287487
-0.887227 0.429702
1.684976 0.047950
-0.759233 1.265968
-1.290786 -0.120187
-1.112049 -0.980338
-1.268235 -0.624557
-0.927429 -0.655094
-1.188804 -0.675279
-0.020935 -0.528252
2.152003 0.517567
1.801804 -0.942666
1.829001 -0.236107
-1.007965 0.740664
-1.236638 -1.257510
-1.177113 -0.426136
1.549776 -0.272037
0.907328 -0.277154
-1.379099 -0.961676
-0.640034 0.329258
-0.258439 0.135950
-0.636066 0.651161
1.594340 -0.038703
0.612764 -1.099136
-0.765177 -0.307308
-1.387043 -1.239554
0.577650 -0.003934
1.295683 -0.553178
-0.565050 3.542206
-1.780899 -1.178498
1.139536 -0.348689
0.997123 -0.025798
0.252967 -0.657916
-1.495810 -0.067300
-0.845417 0.768613
-0.857856 1.415988
0.010133 -0.067067
2.289626 0.419049
0.194078 1.288188
-0.383100 0.380256
-0.058060 2.123425
-1.142381 -0.027402
-1.479338 -0.379262
-0.878657 -1.103960
1.730436 0.039533
-0.972681 -1.430518
-1.105197 -0.128367
-0.558100 -0.159743
1.530077 -0.675976
-1.309045 -0.252293
-1.522711 -1.675746
-2.132927 -1.763258
0.215780 -0.174614
-1.942267 -0.887876
1.824759 -0.364137
-0.185590 1.237028
-0.792576 -1.115992
-1.037936 0.886312
-0.710206 0.188248
0.799773 -0.101103
-0.462440 -0.197641
1.982435 -0.109834
-0.053598 -0.035139
-0.822269 -0.148501
-0.496888 2.057676
-1.082899 0.582282
-0.976087 -0.197772
-1.547297 -0.902380
-0.763994 -0.589532
-0.942970 -0.039708
-0.086047 2.060993
-1.435610 0.002269
2.388223 -0.226992
-0.673806 -0.260525
-1.148758 -0.765335
-1.137282 0.763730
0.099620 -0.192690
2.059948 -0.063849
-0.754492 0.849708
-0.076592 1.804348
-1.217589 1.252994
-1.335173 -0.814188
-1.069991 -0.862865
-0.401504 0.624651
0.435286 0.125717
-0.576052 -0.509860
2.197531 -0.392137
0.836881 -0.805240
-0.388836 1.343018
2.127684 -0.064082
-0.270079 -0.038546
-1.192719 0.170130
1.584466 -1.115098
-1.074245 -0.504369
-0.137482 0.471390
2.050405 -0.025329
1.795739 0.673137
0.651060 -1.402459
-0.825054 -0.110716
2.425780 -1.024899
0.010439 0.032897
0.969430 1.659333
-0.877178 -0.850911
-0.784367 -0.485789
-0.642565 -0.034190
-0.167171 0.998390
-0.993465 0.100260
-1.332106 -0.264287
1.293872 -0.456388
0.403897 2.064375
-1.136996 -0.203654
1.780040 0.138003
1.629616 0.760214
0.173576 -0.278426
-0.436999 1.933976
-1.511063 -0.541069
-1.432042 -0.730325
-1.867765 -1.183111
-0.779456 0.226882
-0.047876 -0.709662
1.638113 0.107385
1.660826 0.570872
-0.922138 -0.161658
2.199132 -0.404835
-0.650755 0.548620
1.205881 -0.274027
0.817335 -1.153555
0.996975 1.114457
-1.394982 -1.074601
-0.168659 -0.082472
-1.267169 -0.652845
0.921002 -0.325759
-0.998616 -0.110974
-0.509162 -0.934321
-0.905798 -0.812865
1.718449 0.103728
-1.052950 -0.567273
1.728451 -0.144149
-0.921106 -0.940579
1.025829 -0.373416
-1.058533 1.574199
-0.571103 0.559519
0.117201 0.917869
-0.348702 1.961421
0.570129 -0.833687
-0.496368 -0.992625
-0.564883 0.162907
-0.694147 0.596780
1.330899 -0.596561
-0.946151 1.936501
-0.454253 -1.032748
-0.226399 1.629693
-1.618305 -0.824785
-0.165253 1.147073
-0.726784 0.719082
2.118944 0.280627
1.293376 -0.248809
-0.565367 0.362140
2.362509 -0.221492
-1.242504 -1.017700
1.399996 -0.830130
0.426714 0.084925
-1.452771 0.454421
-1.219508 -0.594652
-0.126403 -0.080233
-0.319788 0.059136
-0.919572 0.216348
-0.376653 1.646665
1.419598 0.010210
0.598730 0.580038
-1.168690 -0.579073
-0.841308 0.753992
-0.897001 -0.125415
-0.836000 0.429528
-0.250185 -0.293122
1.016139 0.336014
1.496240 -0.422163
2.262307 -0.198934
2.212007 0.259381
1.697634 -0.141341
-1.275384 -0.268827
0.749029 0.986017
-0.773518 -0.548667
-0.460027 -0.285899
1.894713 -0.994087
-0.733561 -1.116433
1.325244 -0.772650
2.099986 -0.073462
-0.352402 0.730901
-0.873925 0.192381
0.072807 -1.022468
-0.629211 0.472013
-0.092942 -0.135130
-1.135217 1.325794
-1.060353 -0.825994
-0.930238 0.984643
-1.130670 -1.074388
0.140078 -0.244851
-1.389250 -0.558279
0.270736 0.537738
2.146420 -0.483417
1.672515 -0.652243
0.520865 2.535384
-1.810271 -1.374456
2.868244 -0.516605
-0.333958 0.406652
-0.558723 -0.174350
-0.534042 0.738859
-0.409290 0.138805
1.590062 -0.827311
1.791995 -0.046667
-0.956045 0.821973
-0.594492 0.217757
-0.962208 0.757682
-0.691669 -0.318834
-0.757712 -0.866445
-1.141355 -0.612832
-1.083041 0.392769
2.129587 -0.724931
-0.212593 -0.400536
1.800010 -0.060784
-1.754641 0.059931
1.549299 -0.673434
0.532778 2.636315
-0.938807 1.460040
-0.900940 0.688823
-0.349571 1.673084
-0.427205 0.108059
-1.146115 -1.688062
-1.066480 -0.311898
2.056309 0.137681
1.877600 -0.134480
-1.502500 -0.687748
-0.234781 -0.392788
0.417506 2.025847
-0.379004 -0.984526
-0.904779 0.586901
2.362509 -0.221492
-0.704293 0.641566
-1.028142 -1.480042
2.413539 1.044434
-0.763718 -0.531301
-1.824941 0.370772
1.855586 -0.357599
-0.760383 0.455108
0.386352 -0.878702
0.258737 0.854203
-0.657462 1.568353
-0.924900 0.646917
-1.089306 0.303009
-1.673100 -1.379026
-0.944066 0.353617
-0.513239 0.696190
-0.178789 -0.894359
1.036030 -0.091074
-0.493373 0.488079
-1.020936 -0.365817
-0.389897 1.450086
0.176671 1.980918
-1.033063 0.301082
-0.200358 -0.618309
0.186355 0.989884
-0.646577 -0.154424
-0.203656 0.381442
-0.502872 0.729781
1.732719 0.007160
0.425382 1.055498
-1.317726 -0.141532
-0.919987 -0.284461
-0.181802 -0.530839
-0.629472 -0.156521
-0.551781 -0.976992
0.404344 -0.839643
-0.586224 -0.995988
2.269877 -0.018090
-0.866189 0.276809
2.707768 0.203520
-0.797201 0.029532
-0.782278 0.419336
-1.687799 -0.548366
-1.446785 -1.357477
1.557772 0.033182
0.698841 -1.158968
2.212980 -0.165414
-0.906926 0.802022
1.029187 -0.168634
1.376623 -1.154337
1.885053 -0.372003
-0.430702 0.670981
-1.038120 -0.784454
0.302141 1.975576
-0.520829 0.886780
2.340944 -0.253813
-0.333087 -0.511134
0.014118 0.671941
-0.654844 -0.925674
0.047518 -0.405187
2.263229 -1.189529
2.055521 -0.182103
-1.443270 -0.183958
1.795541 -0.524032
0.106846 -0.283158
0.238374 1.604975
-0.863738 0.038666
1.874479 0.218397
-1.724603 -1.014977
1.111650 -0.869169
-0.105100 1.717186
-0.796101 1.603236
1.949247 -0.655661
-0.327791 0.514807
2.255576 -0.130932
-0.125495 -0.094538
-0.890007 -1.127850
0.046314 1.436925
2.081891 -0.454184
-1.004584 -0.715612
-1.725849 -1.206959
0.223231 1.468570
-0.769105 0.690496
-0.741019 -0.817213
0.566878 0.061898
-0.485642 1.446764
2.191667 -0.206606
2.302511 -0.339639
-2.002235 -1.168792
2.199658 -0.261463
1.238176 -0.803958
-0.351540 -0.832036
-0.624555 -0.162005
-0.500028 -1.459059
2.288061 -0.151038
-1.251960 -0.521182
-0.542177 -0.330039
1.899772 -0.058603
-0.856305 -0.797736
-1.046764 0.212759
1.952129 -0.171792
1.268686 -0.123607
-1.343049 -1.231811
-0.541233 -0.210197
-1.454424 -0.024471
-0.107960 0.820047
0.554069 0.105728
-0.833408 0.955100
-1.175026 0.017915
-1.891876 -1.085805
-0.146543 -1.344923
-1.720448 -0.093741
1.410072 -0.192733
-0.472315 0.509162
1.868300 -0.012254
-0.427220 -0.786603
1.371089 0.071503
-0.616506 1.545331
-0.303228 0.125990
-0.899040 -0.373039
-1.444067 -1.417506
2.065565 0.203730
0.560178 0.139090
-0.810172 -0.229338
-1.035442 -0.228990
-0.656621 -0.527868
-0.846238 0.514596
1.899703 -0.122776
-0.765963 0.862888
2.262135 -0.073716
-0.909422 0.047152
-0.884217 -0.207691
2.309715 -0.278908
-0.279415 1.414681
1.867278 -0.183930
-1.162961 -0.169249
-0.847247 -1.393269
2.074484 -1.231707
-0.979882 -0.572876
-1.043264 -0.500016
0.117158 -0.109278
2.160514 -0.382221
-0.698950 -0.709144
1.182357 -0.193301
0.780001 0.956586
-1.057912 -0.602986
-0.751496 -0.612721
-0.436788 1.550569
-0.605024 -0.261444
2.785930 -0.110158
-0.679256 -0.118566
-0.418687 0.151452
1.119416 -0.498462
1.387715 -0.587563
-0.536480 2.227518
-0.831338 0.542295
1.999135 -0.316792
1.627935 1.264663
-0.418780 0.346150
2.196588 -0.193451
-0.949580 -0.188502
-0.446414 2.118019
-0.638434 0.218896
0.896284 -1.507394
-0.451486 -0.648972
-1.495024 -0.306198
-1.574120 0.717008
0.052668 1.878600
1.733401 -0.110566
-0.874732 -0.711145
-0.928717 -0.332301
1.239414 -0.739334
-1.204862 -0.384022
-0.723586 -0.265460
-0.578882 0.173121
2.257943 -0.049877
-1.016733 1.349597
-0.532888 0.532359
0.421701 1.502732
-0.520398 1.562467
-0.565792 -1.098155
-1.990569 -1.476457
-1.433577 -0.679442
-0.997927 -0.682626
-0.121072 2.035106
0.494652 -0.629371
-0.195208 -1.413841
0.991830 -0.407959
0.406768 -1.173478
-0.509873 -0.379123
-0.270453 0.003998
-0.803943 0.294325
-0.565212 0.259704
1.351279 -0.085206
1.364447 -0.467869
-0.907218 -1.594460
-0.112749 -0.218960
-1.059649 0.609477
-0.975038 1.686388
-1.097579 -0.294496
-0.870494 -1.240420
-0.728564 0.553377
-0.314684 -1.144159
0.291352 0.265972
1.982557 -0.518033
-0.764653 1.353491
-1.024157 -0.283513
-1.342363 -0.567929
-0.863354 -0.091043
-0.380860 1.512926
0.088663 0.037000
1.565141 -0.018425
-0.825143 0.382577
-1.380823 -0.372139
0.159761 -0.483776
1.940875 -0.322075
0.895171 0.423020
-1.477999 -0.617203
-0.599242 0.291420
-0.674082 -1.258104
-0.442681 0.041217
-1.260569 -0.679250
-0.395752 0.058535
-1.301939 -0.707237
-1.719454 -0.130165
0.289099 2.113190
-0.848267 -0.074464
-1.087617 0.592125
0.737002 -0.736733
-0.909185 0.035726
-1.149999 -1.407362
0.334072 -0.630657
-0.701995 1.491922
-0.789306 0.217257
-0.739229 -0.199982
-0.611656 -0.487153
-0.627005 0.252818
-1.730836 -0.190168
0.584709 -0.999286
-0.697692 -0.266374
2.340944 -0.253813
2.099858 0.133913
2.027358 -0.086390
-1.093087 -1.286531
-0.708782 -0.200614
-1.215509 -0.864911
1.190389 -0.102041
-0.033528 0.121192
-1.129341 -0.868160
-1.455367 -0.875119
-0.659250 0.983333
-1.359842 1.181712
1.582529 -0.540153
-1.285184 0.519515
-1.006582 0.466842
-0.797420 -0.399688
-0.130703 -0.882732
-0.469401 0.934780
0.265955 1.213748
2.112973 -0.434210
-1.008086 -0.099686
0.464216 1.438618
2.362509 -0.221492
0.163026 1.978884
-0.415373 1.387026
-0.150609 -1.454899
2.061945 -0.203319
0.836116 0.330664
0.412050 -1.698736
-0.531312 -0.904410
-0.273851 1.409995
-0.586113 0.766318
-0.967417 -0.665870
1.260893 0.421034
-0.146747 -0.536596
-0.292160 -0.770429
-0.072024 -0.743955
-0.831083 -0.181427
1.629121 0.205463
-1.571800 -0.681960
1.556827 0.022037
-0.206348 -0.583402
-0.245511 1.289290
2.255726 -0.286140
0.702873 -0.086754
-0.763640 -0.390108
1.525830 1.752950
-0.973873 0.722219
0.934151 0.235288
2.580487 0.993289
0.479038 1.954273
-0.518167 0.495593
0.616746 -0.324353
1.891675 0.051859
-1.358706 -0.367743
2.251106 0.034553
1.263667 -0.098725
0.824464 0.022327
-0.209441 1.608548
1.800199 -0.040862
2.116654 -0.368081
1.762467 -1.255244
-0.195157 -0.179446
-0.467457 -1.005225
0.464733 -0.856802
-1.146988 -0.623358
1.906067 -0.488990
0.743563 -1.616150
-0.704526 1.044281
-0.614955 -0.157901
-0.735076 -1.091941
0.227060 0.774269
-0.714396 -0.757275
-0.004224 0.498236
-1.009032 -0.128381
1.839530 -0.236722
-1.069699 -0.563628
-1.219349 -1.213590
0.444089 -1.191451
-0.871071 -0.857839
-1.146551 0.277970
0.604663 -0.158892
-1.122928 0.843710
-0.168122 0.082304
-0.841083 1.812853
0.084240 -0.084006
0.312118 0.591102
-0.093607 0.219113
2.305888 -0.889867
-0.160938 1.931322
-0.914049 -1.116667
-0.222646 1.614693
-1.463043 0.064742
1.350028 -0.479062
-0.685543 0.895123
1.222408 0.028895
2.002448 0.229376
0.770603 -0.413332
2.330028 -0.332988
0.060074 -0.560049
-0.393862 0.055100
-0.663152 0.174477
-0.907193 -0.527557
-1.119733 0.712048
-1.004720 -0.031820
2.290532 -0.419026
-0.866465 -1.362641
-1.309777 0.780070
-0.201203 -0.019767
-1.411572 -1.080318
-0.925728 1.450780
0.713199 -0.154733
2.125785 -0.246005
1.899959 -0.635522
1.287513 0.124658
-1.002435 0.085061
-0.974477 -0.111134
0.417019 -1.174956
-0.583052 0.184511
1.617577 -0.067291
-0.015767 -0.880280
-1.066808 -0.391751
0.345123 2.159537
0.517223 -0.493183
-0.417586 1.159054
-0.884410 0.853381
1.903420 -0.377364
-1.742787 -0.245810
-0.953841 1.198437
-0.727878 -0.055085
-0.791785 0.298917
-0.941493 -1.282326
1.144495 1.135584
-1.724384 -0.409312
0.443920 2.509503
-1.145840 -0.025260
-0.669685 -0.188187
-0.971261 0.907234
0.045467 0.589449
1.908363 -0.286179
-1.322393 -1.069504
1.150099 0.204928
0.985402 -0.153336
1.849390 -0.440972
-1.194176 -0.325151
-1.044544 0.037059
-0.704959 0.571411
-1.000158 -0.097319
-1.027216 0.030777
-1.043198 -0.357732
1.854052 -0.005138
-0.288329 0.685400
-1.288864 0.295965
-1.099436 -1.007890
-0.474896 1.038737
-1.104419 0.948264
-1.259932 -0.775397
1.638680 -0.542112
-0.468751 -0.404940
-0.779543 -0.782174
-0.803113 -1.078301
-0.093329 2.783362
-0.740907 0.024825
-0.639248 0.412579
1.372990 0.099514
0.619891 -1.886746
-1.496326 0.032365
-1.547726 -1.507055
2.268597 -0.167211
-0.741760 0.117757
1.738342 -0.620741
1.654114 -0.073656
0.567169 1.715950
-1.009619 -1.055561
-1.391900 0.255352
-0.327041 1.824316
-0.990351 0.580980
-0.672476 -0.821773
-1.007251 0.002491
1.576891 -0.127747
-0.007540 -0.511942
-0.245726 -0.610958
1.278904 0.611114
-0.429747 -0.246149
0.195980 -0.543489
-0.591680 -0.050362
-0.788546 0.225124
-1.016939 -0.692831
-0.773001 1.074273
1.975435 -0.173862
1.688460 -0.517076
-0.805610 -0.495053
1.594314 0.195275
1.081401 -0.985118
-0.025308 -0.412477
-0.237840 -0.892382
-1.024140 0.003283
-0.341336 1.443505
1.151797 -0.623821
1.057561 -0.156715
-0.854910 -0.195587
-0.220177 -0.191578
-0.646099 0.172137
-1.335088 -0.084037
1.072241 0.197888
1.562030 0.307624
-1.043954 -0.320007
-0.349022 -0.222712
0.849814 1.139286
-0.329016 -0.006020
-0.884686 -0.010097
0.084863 -0.618757
-1.438749 0.906172
0.109038 -1.491040
-0.552898 -0.528953
-1.079059 -0.140575
-0.854057 0.064395
-0.760319 -0.341383
2.028110 -0.171258
1.227203 0.277648
2.003871 -0.466676
-0.544411 -0.139056
1.856097 -0.444763
-1.104296 -1.099513
2.161463 -0.214288
-0.530183 0.752717
-0.973583 -0.182400
-0.805421 -0.382930
-1.058768 0.682456
-0.996126 1.666901
1.020356 -0.535866
0.371190 0.958605
0.174284 -1.778344
-0.955793 -0.154951
-1.157291 0.686213
-2.015829 -1.145111
-1.300926 -0.051461
0.549300 -0.840541
1.922695 -0.534063
-0.992136 -0.596371
0.722387 1.610286
1.544758 -0.345178
-0.478682 -0.826026
-0.727082 1.202957
-0.687689 0.183752
-1.752012 0.137692
0.281460 0.169442
-1.123021 0.452968
-0.841228 -1.539107
-1.107628 -0.645590
1.805793 -0.193324
-0.661581 -0.130761
0.137979 1.843882
-0.364588 -0.566337
-1.545710 -0.412822
1.704468 -0.548413
-0.031910 1.699816
1.260425 -0.161038
-0.492000 1.481663
0.047284 1.223842
1.900388 -0.532712
-1.075712 -1.267967
1.332311 0.049460
-1.102454 0.609431
-0.708659 0.816747
0.303017 -0.647525
-0.971320 -1.297004
0.416638 -0.018184
-0.973228 -0.062948
0.772948 0.157513
-0.289430 -0.111868
-0.777514 2.009019
-0.664768 1.738574
1.838639 -0.304987
2.855418 -0.516347
1.360662 0.105106
-0.985348 -0.848443
2.203420 -0.304980
-1.220471 0.098701
1.984065 -0.083008
0.364203 -0.035521
-0.803583 0.176648
-0.989608 -0.813605
0.135865 0.349267
0.437990 -0.374795
-0.353985 -0.092536
1.488460 -0.627586
1.683730 -0.002340
1.192818 1.300539
0.505635 1.929613
1.452780 -0.702825
-0.225687 -0.544305
-1.247502 -0.178830
-0.414117 0.219704
-1.151274 0.990117
-0.747732 -0.845260
1.247400 -0.671770
2.198245 -0.075164
-1.327195 -1.215888
0.344566 0.740523
-0.510890 0.674487
-1.397951 -0.403950
2.255726 -0.286140
-1.455235 -1.411649
-1.320929 0.477204
-0.130203 0.662143
-0.658339 0.535510
0.527666 1.336987
-0.451664 0.139936
-0.539605 0.248993
-0.972149 0.212611
-0.493429 0.438078
1.513774 -0.076774
-0.633935 -0.429227
-0.660969 -0.721866
-0.201109 1.341051
-0.580665 -0.864116
1.973741 0.015365
2.505022 1.305320
1.557931 -0.325168
0.956580 -0.656149
-1.016905 0.836961
2.138183 -0.258366
-1.586090 -0.460064
-1.463797 -1.247215
-0.798060 -0.859499
-1.071858 0.332165
0.328161 -0.771878
-1.100239 -0.445677
0.274179 -0.111525
-0.900075 0.685239
0.297415 1.831739
-0.843226 0.632751
1.377790 -0.427285
-1.221729 -0.067306
1.972714 0.321533
-0.162571 -1.727398
-1.254150 0.484945
-0.380815 -1.307723
-0.486487 2.053209
-0.996966 0.324367
-0.692738 1.416924
2.301763 -0.138859
-0.013825 0.262203
0.548486 -0.409234
1.853288 0.144433
1.800598 -0.138456
-0.032924 0.830547
-1.363042 -1.348746
-1.180625 -0.398947
-0.903380 0.016454
1.099724 0.497583
-0.561787 1.425510
-0.718558 1.568657
2.326297 0.091457
0.202208 -0.884183
1.199289 -1.736237
2.219756 -0.369561
1.578609 -0.596730
1.526653 1.033936
-0.341611 0.219150
-1.028035 0.181181
0.964691 -1.104885
-1.009613 0.762417
-1.091358 -1.390102
-1.002831 1.454534
-0.389813 1.479483
-0.675907 -0.452857
0.769660 -0.204935
-0.218557 0.849920
-0.815101 0.664418
-0.345707 1.119655
-1.144910 0.124935
2.388223 -0.226992
-0.604063 0.591615
1.779210 0.976859
0.564332 -0.030156
-0.570530 -0.172846
-0.929778 -0.196120
1.318726 -0.885098
-1.133739 -0.643267
-1.195014 1.473681
-0.845696 0.433244
-0.686581 -0.116777
-1.147648 -0.681382
-1.484683 -1.139536
0.415607 -1.012146
-0.428253 -0.787467
2.200086 -0.292853
-0.779699 -0.128949
2.309947 0.123855
2.853323 0.724496
-0.383058 0.055667
0.750558 -0.700190
-1.029522 -0.972975
-0.219899 2.128058
-0.678100 -0.350731
-1.440874 -0.580193
1.850739 -0.394778
-0.854814 2.256917
-0.274178 0.554043
-0.494363 0.663209
-0.897162 -0.147547
1.260063 -0.621937
0.309364 2.489752
-0.067710 1.622843
0.346231 -0.758124
1.522855 -0.466883
1.943527 0.345062
-0.441163 0.157820
-1.390870 -0.768754
0.195663 -0.729927
-1.554450 -0.537350
-1.128767 -0.845757
-0.575844 -0.898466
-0.910648 1.746851
1.536238 -0.380590
-1.527773 0.433804
-0.804036 0.639071
0.552826 -0.053072
-0.915898 -1.442157
-0.233131 -0.189298
0.801310 -1.086974
2.107850 -0.034187
2.499693 -0.454510
-0.356214 1.367467
0.670405 -0.335003
0.038457 -0.356585
0.573987 -0.213303
-1.408989 -0.308736
-1.185086 -0.315612
-0.276729 0.018586
0.694566 -0.052033
-0.580225 0.293676
-0.537759 -0.523490
-0.471593 -0.185211
0.100540 -0.293354
1.854208 -0.184363
0.641926 1.202212
-0.307905 0.770847
-1.359545 -0.520653
-0.618651 0.347111
-0.643736 1.367146
1.644315 -0.466699
2.046244 -0.545088
1.361476 -0.490808
-0.671263 1.580924
-1.060551 -0.321835
-0.284681 0.017631
1.550196 -0.211021
-0.350956 1.631935
-0.135777 -0.249015
2.026737 -0.275530
1.264556 -0.432852
1.753485 -0.420253
-1.686853 -0.360002
-0.933257 -0.619525
-0.227940 0.659037
-0.496294 -0.534241
0.652241 1.771288
0.258004 2.168172
-0.790516 1.051437
1.877270 -0.425825
-1.047175 1.081300
-0.854890 0.115879
-0.429001 -0.309299
0.977700 -0.904543
2.020100 -1.361659
-0.906192 -0.592917
1.093943 0.859839
-0.514820 -0.618252
2.259816 0.115198
-0.804723 -1.361178
-1.039692 0.666451
-0.632268 -0.152098
-0.593044 -0.097181
-1.251410 -0.041200
-0.970724 0.031087
-0.840473 0.939421
1.934713 -0.470652
1.359391 -0.431584
-0.552740 1.076443
-0.855235 -0.237910
-0.454236 1.148654
-0.646078 0.465647
-0.913579 0.608566
1.828119 -0.347533
-1.408770 -0.505766
-0.520232 -0.633486
-0.774521 0.025222
-1.265820 -0.290420
-1.121105 0.232927
-0.363860 0.285478
-1.196710 -0.518481
1.691430 -0.086185
-0.400859 0.414547
-0.636497 0.324370
-0.476417 -0.459593
2.158121 -0.169573
-0.654579 1.210928
-0.689967 0.445175
-1.141241 0.075686
1.679519 -0.775365
-0.937588 -0.859232
-0.644069 -0.040779
-0.834070 -0.217608
-1.057325 0.388587
-1.495673 -1.312311
-0.806881 0.568082
-0.727275 -0.340864
-0.908075 -0.704703
2.006512 -0.395891
-1.398798 -0.120992
-0.223090 -0.552619
0.586510 1.699613
0.658582 -0.738464
-0.824610 0.767391
-1.143699 -0.736577
-0.540355 0.834908
-0.987606 -0.029142
2.255726 -0.286140
2.126064 0.072765
2.084138 0.361809
1.476170 -0.299303
-0.548665 0.453958
-0.548878 0.766335
2.044985 -0.014678
0.377387 0.160838
1.817552 0.263394
-0.465473 0.097811
-1.246785 -0.461372
0.190221 -2.031383
-0.571550 -0.885993
1.315049 -0.371441
0.234590 1.276109
-1.566521 -0.568295
-0.819633 1.183414
1.282515 -1.022206
-0.930539 0.445141
-0.371307 0.374594
-0.864081 -1.041789
-0.312333 0.532410
-0.183879 -0.365414
-1.147534 -0.140160
-0.600530 -0.245833
0.696234 -0.431465
-1.430278 -0.466137
-0.078724 2.083892
-0.892821 0.302306
1.654256 0.168303
-1.248755 -0.520635
0.213590 -0.282324
0.458910 1.378648
0.940716 1.998034
1.242357 -0.427943
-0.269010 0.803792
2.139436 -0.444740
-1.190763 -0.681060
-0.484378 -1.011453
1.673972 -0.394259
1.179676 0.016400
2.284458 -0.170534
-1.052246 -0.709155
-0.928222 -0.533237
2.141236 -0.169522
0.918236 -0.120395
-0.799580 1.145000
-0.562204 2.516215
-0.302238 0.285467
1.627591 -0.177474
0.013136 0.334505
-0.130060 0.788549
1.265647 -0.489864
-0.659891 0.447041
-0.768992 0.147969
-1.035813 -0.410431
-0.153138 -1.635371
-0.622463 -1.385864
1.446435 0.468836
-0.885124 -0.478594
-0.511713 0.236475
-1.321140 -1.615742
-0.973714 0.950798
0.089869 1.589506
-0.474926 0.998438
-1.036867 -0.564065
-0.805173 -0.040627
1.604490 -0.638220
-1.083576 -0.322066
2.083319 -0.388538
-1.758100 -0.679621
-1.182247 -0.155814
-1.297307 -0.564785
1.806062 -0.276874
-0.609390 -0.923247
-1.740191 0.081164
-1.015259 -0.005573
-0.597236 -0.048543
0.648106 1.389932
-0.259143 0.300068
-0.679035 -0.462900
-0.917000 -0.673164
-0.866780 -1.763455
0.683279 -0.284793
-0.759379 0.530290
-0.110583 -0.259385
-0.890004 0.300105
-1.620887 1.138245
-0.175992 -0.407083
-0.345839 -0.675345
1.115281 -0.559848
-0.429125 -1.081705
-1.021702 0.031105
2.361619 -0.211924
-0.539419 -0.528318
-1.466851 -0.911475
-0.349790 0.203323
1.732361 -0.437462
-1.013844 -0.767555
-0.901017 1.981586
-0.841186 -0.995860
-1.170541 -1.091769
2.046256 -0.122591
2.089660 -0.095330
-1.153999 -0.968482
-1.236502 -0.323119
-0.782316 0.990999
-0.077300 1.831850
-1.071807 -0.425137
-1.098637 0.372373
-0.428222 0.700928
0.043529 -0.055771
0.153276 0.718106
-0.634342 -0.421473
-1.566936 -0.180920
-0.304780 0.152916
-0.260122 -0.689150
-1.056055 0.120079
0.169997 1.821817
-1.404235 -0.915927
-0.958740 0.048032
-0.963025 -1.145564
-0.239790 1.422254
2.285529 0.109698
1.584532 0.858251
-1.159526 -0.651323
-0.091666 0.503625
1.931959 0.049697
0.218074 0.791975
2.164551 -0.318735
1.489323 -0.346467
-1.051228 -0.925945
-0.585671 -0.338838
0.443842 -1.020985
-1.117359 0.086517
-1.398696 0.769060
0.054727 0.004174
-0.873298 -0.044544
0.899652 0.293400
0.099659 1.627065
-0.409794 1.720183
1.348062 0.065485
0.097104 0.499078
-1.225996 0.407066
2.169008 -0.029256
-1.320175 0.248175
1.866527 -0.138935
1.790594 -0.910345
2.061326 -0.356204
1.352788 -0.572595
-0.716137 0.026261
-1.511441 0.503630
-0.914737 -0.091603
-1.939045 -0.944985
1.858049 -0.603124
-0.920935 -0.448535
1.726784 0.045173
-1.287507 -0.894040
2.076917 -0.671303
-0.198094 1.451438
0.052319 1.452654
-1.202006 -0.973837
-1.241233 0.473918
-1.140103 0.104406
-0.567981 -0.317032
-1.194129 -1.188454
3.223805 -0.543025
-0.926473 -0.289105
-0.739337 2.691927
-0.367095 -0.461149
0.016109 0.833327
0.579638 -0.196242
-0.511633 1.110458
-2.037045 -1.092011
-0.704073 1.160150
0.487089 -0.885802
-0.774912 0.302953
-0.782821 -0.252074
-0.895552 0.126353
-1.109517 -0.475229
1.716208 -0.258895
-1.284607 0.132764
-0.298888 2.047357
-0.296120 -0.265858
1.603945 -0.489537
-1.205932 0.703989
-1.275848 0.005427
-0.179530 0.066512
-0.649073 -0.090207
1.429511 -0.189605
-0.323243 0.462338
0.797505 2.452897
-0.776704 0.707897
0.072901 0.641879
-0.557460 1.429682
-1.532138 -0.962927
2.144650 -0.146957
-0.836803 -0.538324
1.088268 -0.799774
-0.704670 0.950679
-0.903873 0.071776
-0.455591 -1.208348
-1.127453 -0.814181
-0.163375 -0.432722
-0.087083 0.929862
-1.570634 -0.147244
0.952836 -0.343109
1.655561 0.724048
-0.503243 -0.663946
1.586292 0.444030
-1.300422 -0.423633
-1.128464 -0.394719
-1.930136 -1.333206
-1.781575 -0.845004
1.667696 0.228009
-1.148208 -0.811830
0.304775 -0.394723
1.793367 -0.397111
-1.740887 -1.397515
-0.556423 -0.566863
0.032060 0.064927
-1.474074 -0.414981
1.676730 -0.978059
-0.635770 0.390655
2.321585 -0.083731
2.878297 -0.269795
-1.264513 -0.131913
-0.523513 1.757544
-1.419330 -0.684009
2.223907 -0.299774
-0.360524 1.354639
-1.528905 0.088375
0.203952 -0.448363
1.102395 0.042415
0.814760 2.425627
-1.621319 -0.676666
1.423384 -0.557608
-0.786062 -0.481385
-0.719333 0.428069
-0.185575 1.632636
-0.931631 1.040005
1.680754 -0.909809
-0.373810 0.595124
2.336575 -0.177058
-1.063615 0.032767
-1.362296 -0.572471
0.724588 0.168465
-0.684660 -0.224944
2.101540 -0.066538
0.087092 2.300351
-0.416480 0.194817
-1.178039 -1.095426
3.025147 0.800329
-0.021450 -0.559963
-0.861852 0.560581
-0.665978 0.506733
-0.629536 -0.258569
-1.298152 -0.302435
-1.411176 0.058090
-1.042642 0.142030
-1.289115 -1.039905
1.900680 -0.529077
1.539007 0.030203
-0.578747 0.884545
-0.230687 -0.448350
1.126517 1.308908
-0.832975 -0.012342
-0.969920 0.040359
-0.867151 0.520622
2.055074 -0.236877
-0.888653 -0.069621
0.319283 -0.578426
1.573274 0.228113
1.103613 0.076786
-0.145713 -1.490659
-0.552894 0.591299
0.913448 0.433692
1.577723 -0.357171
-0.391127 1.280432
-0.560221 -0.087975
-0.258445 0.830591
1.854885 0.015049
0.303039 1.296481
1.907347 -0.616875
-0.630395 0.302702
-1.160948 -1.319264
2.281410 -0.211975
-0.867860 -0.510343
0.967438 -1.114111
-0.354148 1.280438
1.892590 0.616968
-1.488607 0.725503
2.236509 -0.193203
0.094662 -0.309044
1.374588 -0.221793
-1.763655 -1.588713
-0.454064 -0.665746
2.234309 -0.252774
0.722462 1.514194
1.491134 -0.034032
-1.202672 -0.446670
1.266629 -0.760104
-1.353171 -0.944867
-1.062057 0.826827
-0.003762 -0.630383
-0.355377 1.444724
-0.919070 0.655944
1.490745 -0.634063
1.531001 0.214439
-1.052751 1.118751
-1.397549 -1.192118
-1.188548 -0.172753
-0.868061 -0.362563
-1.279956 -0.178628
1.988588 -0.429026
2.475154 -0.791494
0.832064 1.805158
-1.623519 -1.268929
-0.986011 0.244041
-0.617877 -0.540539
1.117206 -0.730524
1.258652 -0.452315
-1.156273 -1.728397
-1.481797 -1.318877
-0.602998 0.512717
2.077535 0.209806
2.388223 -0.226992
-0.916272 -0.077421
-0.603097 0.884025
0.157772 -0.681590
-0.454567 0.074670
-1.356148 -0.063431
0.173184 0.529783
-1.043948 0.128859
1.853013 0.121860
0.082854 -0.351114
-0.595892 -0.864617
1.681771 -0.286445
-0.280901 -0.341387
-0.952709 0.629389
-0.445443 2.086154
-1.545803 1.224266
-1.212881 -0.598867
-1.304208 -1.184068
-0.694719 -0.872356
1.975063 0.242038
-0.055929 1.837477
2.719596 -0.673826
1.467404 0.271128
-0.828067 0.099171
-0.948716 2.012359
-1.419641 -0.095262
-1.125728 0.589635
-1.703231 0.157915
0.789525 -0.537650
1.072785 0.504926
-0.624115 0.882416
0.055303 -0.064487
1.295832 -0.348344
1.240194 0.169693
-0.484795 1.245955
-1.536067 -1.171764
1.972257 0.057005
-0.652786 0.600601
2.111896 -0.176862
-0.197987 -0.798028
0.926857 0.606683
0.212723 1.628953
-0.508228 -0.008131
-0.977530 -0.637589
-0.918387 -0.601913
-0.998638 0.832792
-0.855685 -1.162667
-0.931421 0.426698
1.526370 -0.780891
-0.288768 1.604363
-1.097995 -0.735587
-0.979993 -0.897268
-0.791469 -0.547529
-0.629111 -0.434246
-0.384914 0.608103
-1.019583 -0.421066
2.330028 -0.332988
1.139105 1.050729
-1.058271 -0.874528
1.513792 -0.772134
2.388223 -0.226992
1.676652 -0.021364
2.112383 -0.167578
1.648941 0.723816
-1.295052 0.507433
-0.957851 1.013101
1.201726 -0.648725
0.486668 0.045795
-0.455615 0.148126
-0.532798 0.064761
-2.032109 -0.903403
-0.883168 0.221272
-0.306044 0.573312
-1.551041 -0.139848
-0.184477 -1.180567
-0.134246 1.673124
1.757032 -0.174253
1.490699 -0.453892
-1.556062 -0.728044
1.838360 -0.477721
2.129740 0.111842
-1.211833 0.484542
-0.977017 0.041055
1.826087 -0.079999
-0.248038 1.427120
0.051652 -0.083239
-0.553697 -1.855214
-1.249787 -0.729623
1.636820 0.087648
1.641647 -1.413251
-1.013154 1.363610
-1.543194 0.016387
-1.263539 -0.775731
-0.638918 -0.475355
-0.388467 0.948218
0.038204 0.690633
0.944112 0.113723
-0.173711 2.305773
1.316024 0.297662
2.216858 -0.024561
-0.960084 0.918822
-1.389389 -0.568871
0.399379 -0.597526
-1.029815 -0.265388
-0.369399 1.171683
-0.603895 0.165086
-0.090659 -1.279092
0.052370 1.232137
-0.300344 0.500371
1.287822 0.234809
-1.242535 -0.629631
-0.823814 -0.709617
0.212169 0.430977
-0.102492 -0.351464
0.212462 -1.262603
-0.770047 0.308485
1.612546 0.194570
0.522162 -0.476025
1.957365 -0.184553
-0.375180 -0.131342
-0.932827 -0.470821
-1.286725 0.987227
-0.160875 0.016307
-0.798244 0.266108
1.930813 0.044797
2.104889 0.139082
-0.837899 -0.419121
0.514878 -0.836432
2.081068 -0.120162
-0.507150 -0.668194
-0.420741 0.391783
-0.680868 0.740726
-1.474041 -0.435751
1.695391 0.197450
-0.421383 0.814991
-0.453094 -0.983006
-0.651799 -0.593972
-0.491791 0.473941
-1.579528 -1.330532
-0.967476 0.444402
-1.005357 0.193631
-0.382945 -0.563186
2.055042 -0.388445
-0.489013 1.109484
1.429531 -0.768678
1.200144 -0.069469
0.216887 0.658565
-0.412392 -0.927015
-0.145162 -0.364156
-1.006864 -0.816769
-1.143269 -0.126063
1.025440 2.179715
-1.018625 0.054390
2.132924 -0.213742
-1.167481 0.162433
1.847609 -0.473403
2.025959 0.052842
2.100906 -0.428119
-0.325828 -1.360560
-0.955651 0.586309
-0.819803 -0.986486
-1.094905 -0.043910
1.032957 -0.925353
-0.381388 0.306351
1.907609 -0.175094
-1.751435 -1.285297
-0.468370 1.990412
-0.701074 -0.184471
-0.759106 -0.157560
1.176032 -0.641450
1.447333 0.554896
-0.364124 -0.505319
0.712024 -1.924309
1.383251 -0.139620
0.890671 -0.380660
-0.495007 -0.383791
-1.196807 -0.911202
-1.391359 0.761723
-0.712071 0.159169
-0.705339 1.117959
0.747766 -0.813987
0.378719 -1.130267
-1.270399 -1.364755
-1.483433 1.042407
-1.041969 -0.489672
2.198812 -0.238208
-1.552703 -0.440235
2.228486 -0.376350
-1.218600 -0.032106
1.174335 0.480439
-0.481332 1.467364
-0.502147 -0.246999
-0.830727 -0.562705
-0.750406 0.208733
0.449498 0.651513
0.552000 -0.877553
-0.247172 1.121991
-0.262863 0.147038
-0.302006 -0.333477
-0.696076 0.868120
2.315230 -0.248313
-1.259437 -1.382715
0.246132 -1.236534
1.018119 -1.292778
-0.537999 1.575622
-0.127540 -0.497055
-0.158917 0.333162
-0.029309 -0.017237
-0.925241 -0.898234
-0.458988 0.814970
-0.613923 1.397574
-1.347165 0.143648
2.110629 0.362683
1.999337 -0.313180
-0.775574 0.636368
1.971125 -0.414323
-0.690483 -0.082773
1.062706 0.355722
-0.029926 0.675578
-0.298253 -0.556722
-0.411336 1.578798
-1.125130 0.478678
-0.015389 0.295920
-0.065935 -0.033417
-0.119942 -0.245065
-0.850571 0.209364
1.763898 0.153484
-0.448790 -0.118245
2.045223 -0.173917
2.055120 -0.442450
-1.793779 -1.032801
-0.221841 1.738108
2.323822 -0.239376
-0.910736 -0.366692
-1.037485 0.665058
2.195843 -0.295295
-1.195229 -0.149761
-0.765219 1.072953
1.694358 -0.774025
-0.978273 -0.036208
1.986979 0.058996
1.799377 -0.037337
-1.270342 -0.860674
-0.089317 -1.024687
0.414435 0.357788
-0.771814 1.291216
-1.528581 0.002480
-1.203807 0.372550
-0.528605 -0.044420
-0.563948 -0.129121
1.626871 -0.654121
-1.114130 0.152969
-0.426378 -1.251425
-0.226843 0.488320
-0.970675 0.293096
1.437089 0.020244
-1.260771 -0.359978
2.146911 -0.058159
-0.482298 -0.119688
0.946505 -0.213093
-1.128855 1.053856
1.732924 -0.230830
2.140422 -0.060781
1.878411 0.290072
-0.779584 -0.033809
-1.384554 -0.416488
-1.101432 -0.755267
0.547452 1.295001
-0.930479 -1.775391
-0.610253 -0.084494
-0.260100 0.965764
0.449972 1.196723
2.061920 -0.539272
1.849419 -0.516782
1.681621 0.659831
1.362276 -0.338204
3.095639 0.072149
0.192196 -0.524332
-1.691901 -0.303806
-0.812820 0.249510
-0.951610 -1.209860
-0.487978 0.500103
1.778657 -0.642097
1.433661 -0.041049
-0.585209 0.796363
-1.164401 -1.310846
-0.667109 -0.273437
1.777014 -0.255047
-1.374734 -1.297571
2.388653 -0.042936
-1.095059 -0.378013
0.579303 -0.280694
-0.407566 0.587929
-0.557944 2.316247
-1.111991 -0.291500
-0.707583 -0.559613
-0.745352 0.479048
-1.261983 0.140529
0.030082 0.158442
-1.661492 -1.788320
-1.827817 -0.728415
1.997072 -0.181609
-0.300736 0.580445
-0.263843 0.480850
0.746568 1.328058
1.229799 -0.267993
0.282603 -0.030966
-0.147943 -0.165883
2.110879 0.275521
0.026620 -0.321663
-0.615669 0.058931
0.482900 0.569864
-0.442477 -0.700554
-1.222033 -0.290807
-0.565601 0.823490
-0.219972 -0.710447
-0.459035 0.271699
2.286055 -0.017530
-0.773494 0.420806
1.073147 -0.425231
-0.434672 -1.252954
0.148048 -0.478608
-0.985666 0.249923
0.195851 0.036209
-1.001847 0.085434
1.983527 -0.062954
1.744744 -0.177830
2.115028 -0.285922
1.933886 -0.406177
1.745271 -0.725550
-0.307413 -0.480366
-0.575630 0.241912
-0.532211 1.340845
2.159276 -0.240490
-0.899278 -0.510794
-1.104799 -1.098364
0.715250 1.105391
2.853113 1.415750
-0.073848 0.219767
-0.625046 -0.883448
-0.421452 -0.733414
-0.606954 0.275200
1.929084 0.090448
-0.230855 -0.176347
0.585378 1.956754
2.006589 -0.456901
-0.891459 0.137995
2.181630 -0.369308
2.804932 1.238741
1.601258 -0.324909
1.845042 -0.024839
2.213607 -0.196079
1.392031 1.516170
1.685045 -0.193396
0.605807 -1.322846
-0.999460 -0.190756
-1.007558 0.722338
2.246171 0.084518
-0.860158 0.165780
1.847477 -0.450712
-0.217396 0.118444
0.643975 -1.506575
1.056381 0.123985
-1.191104 -0.792180
-1.220163 -0.655656
-0.716585 0.461050
1.706822 -0.728362
-0.672238 1.663762
-1.272508 -0.614989
1.792072 -0.209461
-1.656115 -1.411310
0.013441 -0.652608
-0.667347 0.826876
-1.191701 -1.123628
-0.256740 0.564820
-1.339994 -0.593737
1.523259 1.514532
-1.016047 0.714332
-0.367881 1.278104
-0.544983 1.347241
-1.157229 -0.105007
-0.554938 1.547470
1.375066 1.426988
-0.425090 0.200373
-0.603311 0.977318
-1.631392 -0.721186
-0.674134 0.561095
-1.009422 -0.817225
1.704031 -0.054020
-0.624109 0.855936
-1.845075 -1.396562
-1.594144 -0.307067
-0.980868 0.229912
1.736050 0.160727
-0.723595 -1.084055
-0.462113 -0.731147
-0.459267 0.557446
-0.757523 0.489961
-0.116517 0.228742
1.194333 -0.429545
-1.476443 0.871114
1.908465 -0.642576
-0.982406 -0.154477
0.333596 0.296375
-0.117689 0.388364
-1.173378 -0.398701
-1.180495 1.237337
2.147299 -0.189456
1.208741 -0.308284
-1.429813 1.056867
-1.384360 -1.180436
1.723326 0.295464
1.661173 0.868409
-1.349394 -0.886209
-0.436989 0.400679
2.044899 0.258873
-1.298233 1.601334
-1.064657 -1.051744
-0.978985 -0.681254
0.681072 -0.618533
2.294942 -0.192345
1.426306 -0.305140
-0.066365 -0.392486
1.614502 -0.498161
-1.195592 0.889591
-1.545526 -0.455288
-0.309928 -0.512118
-0.047326 1.775622
-0.908953 1.218172
-0.663471 -0.925531
0.496678 -1.257276
1.344808 0.041010
1.824288 -0.342337
1.796631 0.136962
1.963766 -0.434730
1.899457 1.451836
-0.621736 0.784557
0.303204 2.329816
-0.562017 -0.123795
1.119708 -0.575617
1.556753 -0.607773
-0.728998 -1.198069
-1.348150 -0.502043
-1.318744 -1.148944
-0.695588 0.940704
2.201244 -0.456797
-0.886378 -0.248603
-0.986975 -0.229011
0.149282 -1.016754
-1.616238 0.891552
-0.520714 -0.238719
0.772948 0.157513
0.494335 1.065400
-1.325876 0.342708
1.715200 -0.090532
-0.073501 1.454510
0.363181 -0.353042
-0.689498 -1.501793
1.390297 -0.088522
-1.323420 -0.854799
0.040821 0.091673
-0.462743 -0.630531
-1.722997 -0.408702
-1.279687 -0.714328
-1.056511 -0.452637
-0.784312 0.265754
-1.179624 -0.700486
1.261833 -0.844879
0.031788 -0.039156
-1.822383 0.739328
0.145707 0.847399
0.930832 -0.606691
1.580111 0.277438
2.622063 0.057894
0.756359 -0.673795
-1.292621 -0.786696
-1.316058 0.098610
0.568837 -1.627478
-0.400984 -0.597525
-0.923836 -0.468732
-0.713912 1.586103
-0.887239 -0.226767
1.881222 -0.301129
0.627803 1.952677
1.653983 -0.516883
1.139645 -0.388841
-0.061852 -0.096458
-1.357312 -0.300862
-1.167604 0.711623
0.451427 0.574726
-0.106729 0.166625
-1.068140 -0.577098
-1.453905 1.445946
-0.210256 -1.293675
-0.723062 -0.286193
-1.364230 -1.254906
-0.258730 -0.620727
-1.205050 0.232699
0.242585 2.122976
-0.808408 0.863665
2.116176 0.007509
-1.668405 -0.869489
-1.420863 -0.488867
-0.970017 -0.398192
0.821455 -0.909205
-0.469452 -0.615934
-1.390371 -0.069754
-1.123469 -0.518779
0.255356 -1.056816
-1.483371 0.083543
-1.158022 -0.482763
1.504604 -0.160382
1.485864 -0.853115
-0.866579 0.194287
-1.144456 -1.367394
1.035884 0.153534
0.439297 0.056487
1.792792 0.506066
1.423167 -0.003039
-0.398530 -0.029203
-0.045383 -1.357557
-1.311577 -1.295999
-0.844319 -0.251267
0.143954 1.782693
0.879561 1.271304
-0.283629 1.153177
0.706833 1.643120
2.869999 -0.079360
-1.181604 -0.178910
-0.886381 -0.273830
-0.799106 -0.470390
-1.284531 -1.285849
-1.384018 0.127443
-0.920966 0.683665
1.966211 0.161504
-0.627295 0.094336
-1.187493 -0.140190
-0.179360 -0.416985
1.857973 -0.288219
0.426242 -0.545767
1.593847 -0.102728
0.664827 -0.830042
-0.503467 -0.496694
-0.527152 -0.428165
-1.574529 0.434658
-0.721941 -1.510462
1.588619 -0.421076
-1.202859 0.200667
-1.400153 0.780826
-0.487515 -0.376475
1.846161 -0.771282
-1.185947 -1.367543
-1.196120 -0.089546
2.036371 0.164194
1.862111 -0.384123
-0.939901 -0.087582
1.767336 0.128544
-0.336713 0.310436
-0.810115 0.783356
2.036901 -0.039837
1.600743 -0.475977
-0.259958 0.505847
1.975986 -0.938922
-0.519674 1.076299
2.265196 -0.299814
0.473514 1.982871
0.952406 -0.712078
0.792121 0.973697
-0.622517 -0.286031
-0.285000 0.908487
1.534380 -0.128958
-0.594422 0.650653
-0.981841 0.446867
-0.712231 1.603337
-0.307359 0.221841
-0.902502 0.704635
-0.934335 0.631811
2.115951 -0.260295
2.066265 -0.404998
-0.743871 0.890758
-1.339636 0.199127
-0.541329 0.024279
-0.430347 0.399389
-0.891350 0.215841
1.365232 -0.188938
-0.664755 1.029647
-0.648741 0.290144
0.994638 -0.703052
-0.824061 0.015462
-1.341202 -0.637076
-0.937589 1.356616
-1.222628 0.117680
-1.044982 -0.308784
-0.206574 0.309691
-0.421930 -0.084109
-0.304762 -0.400871
-0.112585 0.309700
-0.151995 2.388493
-1.456252 -0.446070
-1.416202 0.719453
-1.482015 -1.113146
1.203231 1.064519
-0.483983 0.204386
0.192916 2.389758
-0.631871 0.172745
2.283767 0.162425
-1.012082 0.200965
0.508985 -0.747635
-0.625989 -0.500375
2.068841 0.306209
-1.022814 0.680815
0.502375 0.221353
-0.856461 0.341496
-0.813716 1.201953
-0.533845 0.164210
-0.815685 0.742508
-1.684140 -0.343606
-0.864381 -1.300787
1.729847 -0.594881
-1.018991 -0.616394
-1.361578 -0.204549
-0.506298 -0.265525
-0.816726 -0.871851
-0.592158 1.247388
2.445037 -0.882072
-0.287530 -0.998535
0.114837 -1.066062
1.525330 -0.364598
0.644192 -1.157527
-0.497428 0.214506
-0.662873 0.828182
1.972036 -0.152964
2.129326 -0.492432
-1.496551 -0.294661
-1.540642 -0.350810
1.461713 0.561443
1.684957 -0.271492
1.855813 0.063681
2.191824 -0.956980
-1.790265 -0.800306
-1.416652 -0.316102
-0.732283 0.612668
-0.010339 0.347859
-1.663272 -0.134712
-0.687617 -0.889025
-1.011292 0.361473
-0.504375 -0.389194
1.487026 -0.129461
-1.334669 -0.209702
1.084903 1.470754
2.235215 -0.280420
1.558858 -0.459450
1.907450 -0.565932
-1.369298 -1.774950
0.671444 -0.503834
1.555292 0.897193
-1.222228 -0.320577
-0.021334 1.268009
-0.800713 -0.509931
1.570091 -0.033256
-0.637750 -0.003196
-1.742245 -0.750377
-0.658999 1.440686
-0.991847 0.140664
-1.515014 0.151420
-0.360379 -0.887044
-0.446545 -0.046243
2.084830 0.000539
-0.896022 0.369300
2.606890 0.355542
1.998297 -0.432267
-0.239824 1.128717
-0.997867 -0.181618
-1.184765 0.123401
-1.292528 0.794749
-0.335362 -0.288855
-1.390192 -0.161483
-1.851884 -0.408669
-1.329283 -0.807244
-0.335054 1.649216
-0.999331 -1.180127
2.248602 -0.064848
-1.206040 0.156629
-0.260833 -1.002893
0.991830 -0.407959
-1.634114 -0.774813
-0.883244 -0.743424
-1.329157 -0.998734
-1.322091 0.006180
-1.003013 -0.205250
-0.397251 0.276997
1.741625 0.012582
-0.632470 0.258068
-1.079230 -1.132255
-0.886936 0.647146
2.068752 -0.485025
1.245419 2.248417
-1.582452 0.994740
-0.212004 1.267410
1.053460 -0.064895
-0.183078 1.197422
-0.900284 -0.248140
2.281115 -0.186639
1.072485 -0.895884
-1.666448 -0.695489
-0.133937 -0.080125
0.925654 0.101048
-1.028565 1.203693
-1.274806 -0.535396
-1.017850 0.767870
-1.494219 -1.283456
-0.479565 -0.401916
-0.519757 1.104515
0.465939 -0.744841
-1.191353 0.422484
-0.329859 0.204854
-0.649086 0.551718
-0.814768 0.272972
2.308814 -0.166063
-1.185331 0.617097
-0.778587 -0.973307
1.545994 -0.567738
1.817270 -0.447184
-1.711993 -0.835454
0.363365 0.600027
-1.161239 -0.665698
1.889618 -0.286070
-1.123796 0.620964
-1.578980 0.054048
1.397813 -0.072466
-0.761681 0.606691
2.297640 -0.216844
2.204296 -0.158261
1.697943 -0.444308
-0.952858 0.642742
2.112591 -0.506543
-1.205078 -0.623407
2.166059 0.197344
0.238358 -0.305094
-0.363692 -0.197709
-0.840299 -1.487266
-1.516694 -0.080290
0.261466 1.314420
1.997093 -0.041409
-1.600254 -0.418322
-1.294916 -1.156444
2.158164 -0.316491
0.003537 -0.575758
0.012380 -0.927686
-0.647202 -1.068247
1.150785 1.423700
-0.785447 -0.133695
-0.964684 -1.328524
-0.811058 -0.814516
-0.069720 -0.497040
-0.435685 -0.192416
-1.048215 -0.638493
-1.466953 -1.506932
1.899225 -0.216284
-1.211239 0.487550
-1.561998 -0.517428
-0.724173 -1.041131
1.929697 1.351349
1.327708 1.024147
0.479844 0.094669
0.735690 1.090643
0.288726 -0.196483
1.744645 -0.383566
0.240141 0.477259
0.418978 0.233741
1.319237 1.557718
1.947709 -0.081267
1.936346 -0.479298
1.957315 0.191011
1.213633 -0.714617
1.535126 -0.504679
-1.114044 -0.396120
0.640872 -0.213310
-0.334463 -0.115277
2.050538 0.012115
1.471601 -0.706258
-0.865586 -0.455202
-1.050725 0.356839
-0.583167 0.368244
1.813277 -0.938777
1.702705 0.741354
1.772088 0.431119
-0.814905 0.467921
3.071692 0.267494
0.156851 2.366120
-0.843256 -0.377441
-0.558877 0.689873
-0.617942 -0.981995
-0.894652 -0.122394
-0.412751 1.865182
1.882567 -0.563587
-1.859544 -1.244641
-0.471081 0.328626
-1.812218 -0.623906
1.470770 -0.134072
-0.886180 0.420524
-0.684221 -0.505131
-0.945345 1.640537
1.979504 -0.701599
1.082331 0.045994
-0.389822 0.059608
1.361919 -0.264519
-1.226942 -0.644682
1.091406 0.453331
-0.716350 -0.370332
0.719869 -0.500696
1.419979 -0.617195
-1.590634 0.242759
-0.059910 1.335930
-0.307626 -0.197475
-0.639846 1.099387
-0.961461 1.417296
-0.859658 -0.519001
-1.005390 -0.537937
0.741545 -0.513174
2.769123 -0.500982
-1.444800 0.580220
-0.481412 0.035470
0.883111 -0.590804
-0.935449 0.947744
-0.939226 -0.218005
1.470385 -0.345946
-0.640303 0.076330
0.003598 -1.150219
1.258970 1.091773
-1.683033 -0.450822
1.722151 -0.420098
-0.811868 1.464059
1.473199 -0.064413
2.140934 -0.179383
2.135256 -0.258103
-0.306003 0.333276
-0.497312 -0.061149
-0.607926 0.074980
2.033491 -0.514517
0.635875 -0.503596
0.043790 0.122718
-0.673934 0.854404
0.292264 -1.654371
1.797286 -0.084754
-0.549319 -0.836990
-0.212092 0.089172
-0.047482 -0.853893
1.781253 0.152976
1.655613 -0.196473
1.464841 -0.612308
0.187210 -0.136249
-0.627151 0.626922
-0.569342 -0.296191
-1.185381 0.282833
1.278947 -1.367674
-0.624846 0.045958
-1.051825 0.472569
1.566494 -0.239869
-1.425147 -1.035343
1.975396 0.287019
-0.517068 -0.269150
-0.724920 0.384586
-1.211759 0.281943
0.817786 -0.058025
-0.800852 0.453435
2.141785 -0.248702
-0.645746 -0.000539
-0.342299 0.673906
-0.759060 -0.454571
1.817191 0.345761
0.927371 -0.774838
-0.214550 0.118729
-1.089017 -0.686265
-0.452129 -0.340825
-0.201160 1.517659
-1.746393 0.291045
1.791021 -0.232679
1.854540 -0.590880
-0.770661 -0.279318
1.439610 -0.313939
-0.957603 -0.180614
-0.717631 -0.569277
0.948818 -0.831339
0.120937 -0.789345
2.284575 -0.118085
-0.327400 0.701634
-0.333180 0.092367
-0.390492 0.100181
1.301890 -0.734362
-1.136224 -0.183640
-1.436473 -0.841257
-0.290399 1.163662
-1.372898 0.198449
-0.644748 -1.414822
1.746491 0.055619
-0.767650 -0.284703
-0.270166 -0.215901
1.588499 -1.219422
-0.962778 0.278743
1.706773 -0.542398
-0.890523 0.250546
0.212568 -0.088134
2.158672 -0.252331
1.165865 -0.061508
-1.079717 0.095592
-1.629553 -1.342661
-0.998982 -0.606585
-1.374743 -0.345103
0.804175 -0.568692
-0.240213 0.208993
-1.205798 -0.431865
1.737717 -0.728073
1.984104 -0.443717
-1.047388 -0.583308
1.432319 -0.588170
-0.419227 -0.804801
0.092860 -1.176221
-0.848123 0.705332
-0.529771 0.430966
0.007724 -1.090772
0.506674 -0.012275
-0.659340 1.118956
-0.373870 0.431821
1.204422 -0.476560
-1.339681 -0.711288
0.365339 -0.202748
0.770415 -0.458518
-0.696507 0.523165
2.334141 -0.216650
1.385105 -0.190255
1.042022 -0.173764
-0.706752 -0.315809
0.900736 0.304192
1.475090 -0.180026
-0.563815 1.295117
1.528519 -0.116796
-0.293917 1.844895
1.135133 0.375616
2.280218 0.199671
-0.724778 1.436665
1.200783 0.130086
-1.192662 -0.865610
1.254216 -0.367457
0.938154 0.281486
0.245105 -0.640306
-1.311060 -0.436577
-0.006690 1.059783
2.326987 -0.145486
-1.187312 1.750688
0.867447 0.059454
1.782787 0.769244
-1.225453 -0.265993
-0.387102 0.244937
-0.682576 0.102958
-0.079899 -1.009153
-0.283321 1.872323
-0.930896 -0.880657
-1.078294 0.981336
-1.565919 -0.991753
2.172673 -0.372173
0.247537 -1.262934
-1.478885 -1.215894
-1.005446 1.206541
2.101241 0.330595
-0.915367 0.201340
0.250068 0.435557
-0.894428 0.277475
-0.696628 0.263079
0.644373 -0.865837
1.338529 0.046863
-0.544719 0.962767
-1.332008 0.308285
1.278566 -0.440458
-1.113608 -0.853408
-0.722928 -0.780670
-0.231215 0.721702
1.193122 -0.544837
-0.099945 0.241372
-0.596914 -0.802423
-1.154375 -0.378756
0.079111 -1.245862
-0.636668 -0.787334
-0.528560 -0.328329
-0.432608 0.831416
1.281742 -0.812863
-0.566853 0.067435
-0.543353 0.038513
-1.614807 1.090173
-1.366196 0.626453
0.782419 -1.084799
-0.297026 -1.125022
0.540147 -0.594932
-1.806911 -0.417898
-1.008230 -0.067281
-0.833949 -0.546007
-0.632888 -1.017633
1.186057 -0.533178
-0.572072 -0.102012
1.735694 -0.225625
-0.451717 1.589177
-1.040228 -0.461021
2.257556 0.626557
-0.247315 0.117410
-0.227279 0.773497
-0.387902 -0.442986
-0.787034 0.063563
-0.866229 0.245553
-0.153780 0.081292
1.977690 -0.440332
0.497556 1.459204
-0.498357 -1.542420
-1.088778 -0.580033
0.017938 0.466753
1.942213 -0.639138
1.683546 -0.042880
2.146602 -0.418377
1.529817 -0.020192
-1.841786 -0.936113
-0.722485 -0.427393
-0.961470 0.153639
-0.072478 0.714283
-1.385211 -0.671217
0.744036 0.613066
-1.559489 -1.040100
0.487047 0.285808
-0.547471 0.235082
1.526947 -0.128014
-0.500491 0.209073
-0.687216 -0.558430
-0.481292 0.108225
-1.791864 -1.015103
-1.017763 -0.560219
-0.601612 -0.401922
0.198018 1.553845
-0.482233 -0.533744
-0.312062 0.183513
1.943666 0.003259
1.331913 -0.978515
-1.007771 0.103128
-1.388634 -0.630109
-0.945797 0.259860
-0.476668 -1.165858
-1.080470 -0.505975
-1.023847 1.191920
-0.132589 -1.040289
1.843421 0.110955
-1.069960 -0.164981
1.056999 -0.256941
-0.920281 -0.516763
-1.105384 0.503031
-0.436987 -0.097029
2.236037 -0.332861
2.339856 -0.122868
1.905167 -0.358868
2.362509 -0.221492
2.121948 -0.346362
-0.453392 1.766270
-0.786318 -0.388310
1.561998 -0.094045
-1.541937 0.685281
-1.252946 -0.675690
0.662183 -0.043311
1.299619 -0.227145
-0.738008 -0.724212
-1.529492 0.630784
-0.530120 -0.874588
2.214230 -0.414038
-0.618615 0.320448
-0.250349 -0.360264
0.062054 2.138627
-0.717711 0.892438
-1.163424 -0.426745
-0.934848 0.404364
-0.793808 -0.438998
1.602001 -0.649777
1.747557 -0.226551
-0.615502 -0.372287
-1.096708 -0.958322
-0.900010 -0.090937
-1.094490 -0.833875
-0.505181 1.933689
-1.482486 -1.276076
-0.984811 -0.322595
-0.764042 -1.267452
-0.859354 0.459669
-0.940114 -1.665979
1.807309 0.166516
-0.330014 1.744963
-0.933863 0.041978
2.323822 -0.239376
-0.998949 -0.736423
0.311157 -0.377726
2.157683 0.175646
1.555526 0.041410
1.577758 -0.100852
-1.197107 -0.829740
-0.714591 -0.624919
2.453565 0.540444
2.038146 0.117913
-0.389391 -0.717142
-0.539328 0.032829
-1.036737 -0.262290
1.667819 0.138829
0.686864 0.941209
-0.734210 -0.171994
0.423267 1.571073
1.392965 -0.507156
1.856382 0.188093
-0.981714 0.407465
-0.054842 1.388316
-0.464775 1.245748
1.782829 -0.525837
-0.220379 1.565270
-0.743285 0.863460
-0.793855 -0.500219
-1.210386 -0.468640
0.211034 0.022544
-1.272305 -0.539939
0.301538 -0.218811
-0.513978 -1.387908
-1.001191 -0.386528
1.206432 -0.355464
-0.370023 0.349390
-1.741842 0.477302
-0.007297 0.146979
1.447054 0.446948
-1.313965 0.153586
-0.364432 -1.117040
-0.893842 -0.601688
-1.393021 0.261534
-1.222067 -0.359593
-0.771319 0.196401
1.266147 2.415708
-1.010580 -0.395848
-1.745505 -1.284419
1.842722 -0.509691
1.058457 -0.878256
-1.459433 -0.593578
0.300381 -0.635365
-0.433310 0.594350
1.002760 -0.821593
0.887608 -0.872951
-1.085441 0.183886
-0.282872 -0.031127
1.800578 0.033402
-0.572730 1.331704
-0.949904 -0.448022
0.959896 2.170230
-0.689612 -0.291435
-1.292148 0.814860
-2.037330 -0.883704
-0.891573 0.534712
-0.031788 0.495590
-0.667801 -0.443806
1.577866 -0.086909
-1.217439 -0.647554
-0.963126 0.095439
1.185248 0.390737
0.506236 1.767299
1.891113 -0.176914
2.662709 -0.944145
-1.338509 0.631783
0.328847 -0.222671
-1.220755 -0.473795
-0.491353 0.085079
-1.077283 -0.903741
2.177209 -0.006006
-0.830654 0.419401
-0.327449 1.065363
-1.063557 0.275358
-1.362546 -0.632653
1.171607 -0.410131
1.690179 -0.297462
1.256614 -0.137545
1.760783 0.573605
-1.096075 -0.578618
-1.100035 -1.495487
-0.232455 1.948853
-1.480332 -0.933732
-0.876945 -0.300926
2.047564 0.195333
2.048061 -0.077344
-0.225071 -0.999017
-0.346073 1.281369
-0.786552 -1.333860
-1.961785 0.431349
2.401397 0.146455
-1.088142 -1.059235
-1.213228 0.819975
-0.080646 -0.427007
1.971062 -0.536859
1.538502 -0.731740
0.474983 -1.063132
-0.825655 1.357635
-0.630157 -1.295838
-0.477725 0.186314
-0.171679 0.380344
1.789400 -0.437998
-0.820021 -0.589526
2.071766 -0.493150
-0.358432 -0.049689
1.108202 0.568058
-0.891312 0.852545
-1.304959 -1.348019
-0.810189 -0.676583
-1.576568 0.054945
0.162687 -0.331596
-0.819018 -0.947529
-1.411747 -1.275645
-0.883569 -0.078778
0.950051 -1.324868
-0.271172 -0.035901
-1.235485 -0.625855
1.216067 0.489639
-0.319532 1.930544
-0.766676 0.073826
1.505184 0.020250
1.932892 0.196779
-0.524726 1.107860
1.244496 -0.073350
1.557301 -0.164219
-1.219937 0.227872
-1.194141 1.151225
1.966874 -0.061147
0.986768 -0.807061
1.285781 0.432170
0.739718 -0.474020
0.416564 -0.463832
-0.813264 0.021602
-0.944481 -0.325514
-0.713015 0.348649
1.600986 -0.616427
1.329172 -0.179822
-0.407627 -1.144847
-1.633676 -0.209206
-0.596785 0.244614
-0.258433 0.166530
-0.741172 -0.641938
-0.640313 0.966329
-0.830025 -0.392634
-0.711099 -0.363868
0.048374 0.593735
-1.170000 0.526543
-1.152418 1.236868
-1.543732 -0.654067
-1.102997 -0.002870
0.120072 -0.498723
-0.113917 -0.507323
-0.964640 0.785001
-1.225639 -1.061379
0.210645 0.148223
-0.691679 -0.653801
-1.058801 -0.853919
-0.920603 0.662288
-1.230066 1.731548
0.525063 2.348587
1.850520 -0.146830
-1.259396 -0.803394
-0.580110 -0.697449
1.076984 -0.614042
0.094037 -0.090057
1.777957 -0.232102
0.006734 -0.493581
-1.484958 -0.537871
-0.743895 0.741639
-0.130418 -0.334638
-1.438797 -0.720206
1.986673 0.130644
0.720911 -0.223881
1.250850 -0.317103
1.096142 -0.210186
1.545526 -0.739839
0.027154 -0.668146
-1.047262 0.228891
0.471394 -0.946068
0.038642 -1.684637
-1.146396 -0.801711
1.662132 -0.196426
-1.113362 0.756226
-1.168597 -1.166230
-1.037873 0.402230
0.041554 0.844080
2.178536 -0.355923
0.658189 1.710406
-0.161891 1.473768
2.233599 0.711802
-0.992300 -0.958306
-1.111169 1.063751
2.022003 0.125769
-1.131327 0.083314
2.911008 0.102206
1.822446 0.068165
-0.749754 0.140382
-0.586606 -0.378520
0.400874 -0.862874
0.431914 -0.549358
-0.853100 0.471799
1.358044 -0.368591
-0.900029 0.737604
0.151482 1.899200
2.209264 0.134058
-1.587895 -0.805901
-1.400139 -1.388884
0.430172 1.782008
-0.953716 0.401145
-1.753032 -1.047960
-0.243261 1.659130
-0.265236 2.449489
-0.405215 -0.712866
1.314749 0.518946
0.256143 0.175488
-0.309233 0.260871
2.445452 -0.220980
0.712824 1.323772
-0.592278 0.993781
-1.524497 -1.465262
1.685949 -0.065163
-0.431244 0.094747
-0.673625 -0.140286
0.290245 -1.726515
0.443474 1.768945
-0.496303 -0.989761
-0.884860 -1.080773
-0.704546 -0.926353
2.297212 0.019994
2.224774 1.432749
-0.424205 0.054891
-1.308672 -0.911087
-1.097148 -0.299092
-0.857080 0.224125
-1.278874 0.740611
1.532018 -0.101687
-1.070703 -0.563334
0.481095 -1.024567
0.965749 0.074319
1.570924 -0.060272
0.857391 -0.984999
0.706038 1.612052
-0.828492 0.002594
2.208737 -0.278529
-1.290700 -0.725354
-0.411559 0.684105
0.672086 2.293786
-0.468917 0.620558
1.886761 -0.085602
-0.865887 -0.427033
-1.373311 0.017453
1.133939 1.224348
-0.749686 0.432236
0.441576 -0.485305
1.603049 -0.335912
1.232548 0.132617
0.432535 -0.122373
-0.797889 0.475744
0.700488 -0.612217
2.314306 -0.181561
1.477024 -0.440593
-0.705056 -0.109003
-0.308764 0.498602
-1.025041 -0.267433
-1.159286 0.551804
-0.437431 0.033241
-1.189122 -0.680027
-1.723117 0.528485
0.545175 0.550240
-0.735038 -0.395307
-0.468378 -0.095441
1.783516 -0.298491
-1.713773 0.811326
-1.263044 -1.250810
-0.526613 1.200106
-0.240633 1.658227
-0.277958 0.630172
-0.116374 -0.291948
1.470459 -0.577024
1.913955 0.460998
0.503557 -1.185089
0.516712 -0.894889
0.981215 -0.817941
1.668209 -0.573104
-0.415941 1.608600
-0.754059 -0.728559
-0.402551 -1.338694
-2.041834 0.415976
-0.504932 -0.898974
1.711584 -0.050494
2.258461 -0.088016
2.018175 -0.185789
0.346870 2.125204
0.295751 -0.119008
-0.237401 0.471949
-0.854320 -0.374800
-0.402176 -0.377143
2.275096 -0.141535
2.032280 -0.529599
-0.898700 0.167131
-0.647396 1.631082
1.249424 0.808272
-1.068563 0.158281
-0.871105 -0.359133
-1.493092 -0.844992
2.145245 -0.587900
-0.187943 0.377769
2.223956 -0.379904
0.752253 1.120849
-0.968308 -1.045879
0.479142 1.793058
-0.632883 -0.177202
-0.454387 0.291361
0.472597 -0.557265
1.931049 -0.037574
2.047977 -0.030928
-0.745935 -0.187009
-0.043605 -1.447503
-0.417446 0.689152
1.561089 -0.582367
-0.772872 0.029399
1.784807 0.037870
-1.074206 -1.370631
0.015683 -0.151093
0.649171 0.215644
0.069987 2.149064
-0.863293 -0.615309
-0.507362 -0.267839
2.964435 -0.665107
0.040931 -0.717610
-0.948651 -0.157002
-0.725227 -0.028034
-0.419969 1.664461
1.968980 0.253213
-0.698728 -0.808060
1.162487 -0.114270
-1.397926 0.361502
-0.988147 -0.290377
-1.353410 0.446296
2.202757 -0.110388
1.754230 -0.214697
-1.281005 -1.010401
-1.013477 -0.024787
-0.822184 1.259681
-1.888194 0.216117
-0.922180 0.688356
-1.619061 -0.483178
-0.062269 1.801488
2.215738 -0.165064
-0.318002 0.050307
2.121932 -0.333826
-1.095823 -0.157787
-0.545552 -0.601152
0.086431 -0.980710
-1.734717 -0.555663
1.962779 0.336919
-1.257395 -0.125163
1.258373 0.078687
-1.489912 -1.278754
-1.159003 -0.566722
-0.847271 1.248832
-0.371124 0.130963
-0.453497 0.318331
-0.303277 -0.246762
1.355833 -0.475878
-1.273180 -0.894461
-0.391816 1.780586
-1.429607 -1.127830
2.125969 -0.052996
-1.055274 -1.249902
0.447428 2.027566
2.195812 -0.003452
2.300910 -0.180818
-1.223689 -1.209783
-0.642485 0.161347
0.217543 1.878205
-1.460175 0.700330
-1.002053 0.355588
-0.679140 1.003348
-0.943775 0.825161
-0.848893 0.174168
-0.502199 1.859033
-0.629635 0.169300
0.690759 0.331849
1.306598 -0.354660
-0.175498 1.306750
-0.535657 0.883716
1.377444 -0.487162
0.569099 -0.037059
-0.380965 0.501026
2.140055 0.256185
-0.953037 -0.379843
-0.642524 0.745322
0.476468 1.470983
-0.739125 -0.392300
1.730959 -0.205399
-0.490655 0.757391
0.074497 -0.762907
0.194493 0.070801
-1.244414 -0.660057
1.590262 -0.436184
2.115288 -0.336786
-1.365668 -0.063504
-0.672923 -0.238593
-0.286171 1.611119
1.536867 0.838909
-1.215295 -0.127810
-0.630311 1.455763
-0.372649 1.355971
1.656777 0.983366
-0.211569 -0.671271
-0.708470 0.044025
-0.715686 -0.737740
1.942686 -0.235098
-0.790408 -0.059275
-0.772795 -0.223987
1.431984 0.780622
-0.536061 -0.632619
1.831928 -0.447266
2.178039 -0.053844
2.339856 -0.122868
-0.149200 -0.150253
-0.258099 1.633043
0.326207 2.423829
-0.853147 -0.277092
-0.352584 -0.625960
2.159657 -0.216302
0.312977 1.804756
-1.387214 -1.014504
1.928794 0.045586
-1.323439 0.224644
-0.975226 -0.269374
-0.107163 -0.285397
-1.279954 -1.384458
1.772122 0.016590
-0.935673 0.833313
-0.410147 0.166785
1.556852 -0.551065
-1.151744 0.932615
-1.004624 -0.351296
-0.728309 1.524070
-0.731987 -0.143621
-0.549341 1.611253
-0.119504 0.985144
-0.671393 0.954940
1.914722 2.124187
-1.240219 -0.223728
-0.474375 -0.280944
-0.963937 1.406285
1.882117 0.113783
-1.071091 -1.008919
1.159299 -0.195955
1.534631 0.334972
-0.415498 1.886851
-1.211186 2.201261
-1.305009 -0.671687
1.653962 -0.642575
2.142049 0.273801
-1.569290 -0.825774
-0.777846 1.302051
-1.290781 -0.879868
-0.937085 -1.232755
1.803962 0.924642
-0.294442 -0.356121
-1.190288 0.309681
-0.680793 -1.208070
-1.269590 -0.781247
1.464813 -0.894308
1.225950 0.238489
-1.532485 -0.784242
2.145205 -0.466585
-0.458203 -0.982425
-0.636413 0.617875
1.910824 0.062143
-0.824768 -0.037786
-1.791323 -0.238988
-0.208660 -1.590409
-0.991477 1.300045
-0.336072 -0.065508
-0.981727 0.739927
0.081690 -0.945504
-1.823706 -0.895382
-1.083585 -1.002683
1.983060 -0.557822
-0.796786 1.671680
-0.176791 -1.349629
-0.034841 -0.711302
2.085778 0.097760
-0.473734 -0.811095
-0.432389 0.253808
-0.531963 -0.926394
-1.011011 1.074265
-0.330922 1.780071
-1.505054 -0.602123
-1.392321 0.182728
0.483936 1.587033
1.969931 -0.230472
-0.179988 0.649712
0.852956 0.115810
-0.637719 -0.752571
-0.732290 1.253495
-1.246053 0.712633
0.133819 1.247906
-0.607827 1.227226
-1.005515 -1.517142
-0.117900 -0.308848
-0.952759 -0.557332
1.561092 -1.188431
-0.669002 0.068139
-0.760589 -0.537449
-0.263914 -0.134885
-0.866519 -1.242194
-0.752974 0.271891
1.065901 -0.365604
-1.349342 -0.328074
-1.249708 -1.560338
0.248311 1.087332
1.724817 -0.078214
-0.539373 -0.236709
-0.585431 0.764733
0.331050 0.140686
0.395773 0.164055
-1.209770 0.012009
-1.693518 -0.406242
-0.864493 -1.683877
-1.012054 -0.099634
-0.455185 1.189411
-0.195933 0.128945
-1.354160 -0.600721
-0.804329 0.200692
1.891206 -0.357327
0.125364 0.705950
-1.340237 -0.951655
-0.168146 -0.438493
1.822837 0.256299
-0.476619 -0.337240
-0.723766 0.094133
-0.753048 0.040357
1.812496 -0.307543
1.448230 -0.587022
1.868470 -0.621846
1.667604 -0.285174
0.254508 0.643690
1.557333 -0.375644
-1.278068 -0.084885
0.650496 -0.228928
-0.531655 -0.262801
-0.130246 0.207160
-1.220723 -0.343607
-0.453330 -0.115923
1.964041 -0.276678
-0.785602 -1.790269
-0.284178 1.152618
-0.901061 0.014370
-1.712764 -0.785159
-0.736476 0.355757
-0.675183 -0.593440
1.837076 -0.382728
-1.450250 -0.440807
2.135836 -0.005879
1.136693 0.942024
-0.588784 -1.469466
2.533275 -0.814780
-0.027858 -1.003022
-0.674152 0.562609
1.612563 0.798680
-1.317402 -0.607103
-0.509594 -0.346312
-0.171610 -0.176481
-1.362425 -0.376206
-1.066963 -0.670422
-1.908759 -1.721389
-0.293346 0.183454
-0.962002 0.139381
1.887805 -0.213138
-0.522668 1.069397
-1.086104 -0.364278
-0.122151 2.039208
-0.775110 0.914500
-0.868009 -0.072496
-0.310826 -0.083656
1.889279 0.196668
-0.832108 0.265970
-1.022206 0.613637
0.142471 -1.560168
0.493836 -0.771552
-0.445140 -0.259741
1.298348 1.359565
-0.339104 0.833298
-0.305863 1.271617
0.498774 0.023873
-0.024772 1.791977
-0.609478 1.444217
0.502559 0.613101
1.456607 -0.304553
-0.659575 -0.432753
-0.245547 1.244726
-1.201307 0.229556
-0.536041 -0.129228
-1.094548 1.129966
1.720787 -0.248998
1.441679 0.520424
-0.597819 0.082464
-0.148059 -0.597476
-0.579571 0.024822
1.903737 -0.230424
2.158195 -0.252921
-0.341881 -1.054027
-1.397409 0.717381
-0.536275 -0.058922
-1.127165 -0.905796
-0.453232 -0.442495
1.374163 -0.411606
-1.139855 -1.072668
-1.601231 -0.773851
-0.133424 -0.750251
-1.137864 0.990523
0.916962 -0.549289
-0.696342 -1.053118
-1.174762 0.436631
-1.200469 -0.757150
-0.181618 1.018918
1.538457 -0.008147
-0.439559 -1.133825
1.086772 -0.529767
-1.029439 0.639933
-0.871824 -0.803490
-1.822558 -1.051073
1.706293 0.156621
-1.376261 -1.050985
1.393677 -0.391174
-1.713368 -0.972935
1.325517 -0.856779
1.176130 -0.196082
-1.708656 -0.451252
1.947015 0.421603
-0.730513 0.892403
1.882572 -0.514969
-1.223004 -0.264518
-0.848243 -0.305646
0.497464 -1.559632
-1.191710 1.072913
-0.442716 1.094395
-0.092288 0.814759
2.108751 0.007316
-0.989465 0.626238
-0.695462 -0.062440
2.314843 -0.519242
-0.111483 -0.286315
1.307774 -0.417223
2.077555 -0.204340
2.096231 -0.114852
1.773251 -0.094684
1.737910 0.095445
-1.481985 -0.533660
-0.103078 -0.587957
1.843199 -0.666763
-0.188174 -0.283163
-0.733465 0.654083
-0.695583 0.159800
-1.186654 -0.096372
-0.506744 0.670115
0.033770 1.489763
-0.810441 -0.227992
-0.506899 -0.867264
-0.927720 0.540087
-0.277284 -0.940690
-0.815894 1.285417
-0.158252 1.383327
-1.800207 -0.875723
1.637530 -0.613698
-0.828658 -0.137502
1.564152 0.475707
-1.575796 -0.843840
-0.872968 0.352062
2.265772 0.116051
-0.855856 0.701234
-1.028091 -0.915225
-0.473513 0.608463
-1.561597 0.287224
2.263437 -0.174315
-0.449153 0.455890
-0.735565 -0.645706
-0.005126 0.105368
1.136537 1.165606
0.527546 -1.027474
-0.663543 1.678740
-1.048143 -0.641490
-0.882220 -0.745032
-0.826898 -0.156251
-0.616833 -0.062448
1.689409 -0.076404
0.678119 2.757646
-0.660570 -0.502075
1.919296 -0.003197
2.094165 1.928497
-1.000287 -0.758917
2.191483 -0.166887
-0.904115 0.419342
-0.559993 -0.229818
-1.073470 0.938438
-0.720460 1.192009
-0.597427 0.898344
-0.730397 0.130409
-1.101725 -0.601015
1.901145 0.231531
-1.198261 -0.964669
-0.567563 -0.282014
1.944293 -0.546052
-1.264601 0.156450
-1.301498 -1.025761
1.677951 -0.443247
-0.771153 -0.807161
2.188630 -0.147395
1.406338 0.235411
1.327831 0.358192
1.009412 -0.333722
-1.386314 -0.154024
-1.060817 -0.968854
2.932112 0.239881
-0.743730 -0.310110
0.362122 -0.517021
-0.239908 -0.286755
-0.109358 -0.632763
-0.801692 -0.377535
-1.604338 -1.625575
0.500622 2.276578
-1.272681 -1.166939
-1.175266 0.303254
-0.463569 0.682766
-0.227105 -0.708095
-1.540898 -0.549296
-1.247657 -1.034482
-1.501155 -1.090942
-1.209494 0.515550
-0.634441 -0.279441
2.078362 0.491614
1.659756 1.218647
-1.752606 -0.876441
-0.791031 0.248025
1.768577 -0.626690
1.747901 -0.628639
2.103989 -0.031235
-0.474152 0.094079
-0.119766 -0.249274
1.590567 -0.062899
0.709967 -0.482854
1.856285 -0.224382
0.992596 0.315115
-0.980499 0.306546
2.080721 -0.169600
-0.928539 -0.979851
0.574447 -0.585183
-1.668225 -0.574577
-1.087295 -0.855789
-1.206579 -1.261833
0.894516 -0.207376
-1.135973 -0.477755
-0.499201 0.634714
1.291397 -0.553052
-0.811719 -0.918056
-0.466887 1.390298
-0.313111 0.664023
-2.004597 -0.875413
-0.900431 -0.032133
-0.466735 0.358144
-1.077706 -1.015671
-1.173659 0.116041
-0.703918 -0.674260
0.246219 -0.930655
2.167030 -0.423637
-0.926219 -0.633097
1.528192 -0.551710
-0.644473 1.132334
-0.272432 1.680517
-0.869989 -0.228110
-0.824756 0.811081
2.302828 -0.198546
-0.597809 -0.042078
0.269830 0.213768
-1.009229 -0.036536
0.898024 1.444483
1.444375 -0.816644
-0.711713 0.276535
0.161433 1.042059
-1.162405 -0.375680
2.280665 -0.279908
2.011040 -0.615202
-1.096240 0.984946
-1.523027 -0.018640
-0.991233 1.067393
2.279815 -0.106205
1.065475 -0.114463
-0.518686 -0.180692
1.824263 -0.342801
-1.372226 0.763582
-0.445267 1.016741
-0.940286 0.050784
-1.084890 -0.791174
1.395507 2.215882
-0.289854 1.613482
-0.381669 -1.427183
-1.285715 0.284320
-0.478422 1.678823
1.521317 -1.114081
0.064280 2.390367
-0.532413 1.294221
-0.343256 0.890756
1.879935 -0.521311
-1.346826 -0.636930
1.989901 0.596706
-0.681876 -0.180779
1.492982 -0.070657
1.179071 1.973459
-0.652505 0.976622
-0.646386 -0.114018
0.010542 1.838360
-0.715211 -0.664137
1.748536 -0.560705
-1.481787 -0.287156
-0.056357 0.197715
-0.937899 -0.324708
-0.657715 0.217400
1.581383 0.597251
1.630426 -0.364286
1.624595 -0.214286
-0.388665 -0.794835
-0.285872 1.966997
-0.934774 -0.233530
-1.829804 -0.274549
-0.334271 -0.420113
-0.871747 -0.175688
-1.261778 -0.735680
-0.804400 0.071699
-1.780152 -0.362043
0.516451 -1.048102
-1.287679 -0.032426
0.996282 -0.320337
-0.546881 2.471817
1.115878 0.021946
-1.591675 0.639328
-1.278111 -0.906517
-0.798599 -0.325096
-1.369529 -1.065830
-0.911995 0.683778
-0.532215 0.169031
-0.858681 -0.403334
-0.646809 1.814207
2.059743 -0.070156
2.034533 -0.482786
-0.664826 0.328690
1.593482 -0.328933
-1.314098 0.701686
1.112373 0.209567
0.956504 0.482248
-1.046558 0.173693
-0.989572 -0.322060
1.767383 -0.104756
-1.684999 -1.073053
0.018355 0.260765
-0.623403 -1.399122
-1.244631 -0.138171
-0.567621 -0.365368
0.527878 -0.382605
2.086662 0.271999
-1.134106 -1.276270
1.540089 -0.886214
-0.878627 1.019184
1.660471 -0.541076
0.682597 1.517822
-0.711904 0.161022
2.158615 -0.772234
-0.963562 -0.256598
-1.392269 0.273927
0.695234 1.756400
-0.876836 0.080069
-0.403773 -0.176132
0.725103 -0.316243
1.633110 -0.351942
1.348551 -0.635406
2.388223 -0.226992
-1.131319 0.388672
0.052469 -0.747326
-1.097896 -1.003087
-0.956761 0.046943
-0.235436 -0.062609
-1.383108 -0.465462
-0.467473 0.060552
-0.495642 0.478601
-0.138136 0.148411
-1.458949 -0.516662
-1.538348 -0.530245
0.522158 1.751486
1.677533 -0.359524
0.298386 1.454077
-0.462423 -0.858606
-0.544270 1.502653
-0.091598 -0.000394
0.139699 -0.083811
-0.501466 2.085449
0.050776 1.203789
-0.908324 -1.237440
1.416426 0.302795
-1.448695 -1.003548
-1.081609 -0.585058
-1.091938 -0.503709
-1.367154 -0.574782
-0.921298 -0.605129
-0.307939 0.266458
1.239832 2.249408
-0.631476 1.386820
-0.847621 0.245485
1.356926 -0.258346
-0.810600 0.411791
-0.152011 1.307287
0.620275 -0.553255
-2.149491 -1.926599
-0.290925 -0.654711
0.384026 -0.287068
-1.242511 -1.195368
1.124092 0.737473
-1.110364 -0.518831
1.807170 -0.729577
-0.816044 0.691645
1.901064 -0.199877
2.014793 -0.831883
1.351379 -0.125627
1.601587 -1.845153
-0.707605 -0.595154
2.052138 -0.123258
-0.716690 -0.942578
-0.686863 1.989441
2.123434 -0.475304
2.052976 -0.586953
-0.033896 -0.924511
-0.006717 0.103299
-0.557288 0.099294
-0.263168 1.781071
-1.061548 0.497582
-0.890290 1.083031
2.274431 -0.003126
-0.188973 -0.466099
2.305258 -0.178850
2.595643 1.063312
-1.089973 0.275612
1.824579 -0.515250
1.842509 -0.648916
0.931290 -0.877568
-1.681562 -0.811154
-1.248015 -0.612818
-0.449963 2.065873
1.981820 0.088962
-0.768373 -0.444898
0.862295 -0.561123
-1.016432 0.730746
-0.837807 -0.774251
0.743705 -1.029658
0.458099 -0.142695
1.180098 -0.512819
1.500973 -0.578086
1.972447 0.066854
0.472109 -1.340057
-0.081607 -0.017561
-0.865922 -0.669520
-0.558824 -1.218357
-1.844173 -0.916010
-1.716719 -1.105977
-0.784601 0.273399
-0.434495 0.729212
1.392421 -0.185608
-0.920483 -0.112378
-1.016124 -0.771098
-0.607128 0.283930
-0.493673 1.619347
-1.239846 -0.423375
1.033010 -0.920130
-1.146180 -0.760096
-0.159595 0.232770
-1.106564 -1.167814
-1.453917 -0.931959
-1.285072 -0.386471
0.825599 -0.196712
-0.931429 0.390001
-0.130359 -0.626342
-1.436283 -1.432494
-1.307665 -0.641664
-1.087917 -0.664988
-0.406400 -0.091804
2.340019 -0.187061
-0.374182 -1.152307
2.206321 -0.163276
1.489133 -0.489074
-0.941716 -1.100621
2.801738 0.580206
-0.532985 0.714139
-0.722977 1.052765
2.168491 0.322926
-0.622092 -1.630921
1.881777 -0.298523
-1.228519 -1.065937
0.700612 -0.700298
-1.156891 -0.353759
-0.179711 1.424511
-0.019719 0.022491
-0.343665 1.117814
-0.835285 -0.873081
-0.696355 -0.436176
-0.907955 -0.296992
-0.200918 2.217068
-0.990063 0.299839
1.980855 -0.709784
-0.998756 0.156936
1.451930 1.489661
-1.082876 -0.390089
0.424070 -0.425671
-0.514136 -0.425439
2.321423 -0.209256
-0.228204 0.061585
-0.869548 -0.478939
1.549231 -0.016530
-0.600523 0.428980
1.853766 -0.085093
-0.092430 -0.415362
1.863409 -0.023440
0.571507 2.343844
-1.005262 -0.248667
2.331287 -1.011254
-0.434929 -0.618472
-0.659886 1.180217
2.189133 -0.127926
-0.414474 0.606880
-0.731331 0.904768
-0.916967 0.098178
-0.123021 -0.476332
-0.303585 1.320829
1.880063 -0.336689
1.501673 0.434194
2.955221 0.572806
2.033566 -1.123213
-1.101387 0.053194
0.150123 1.801680
1.312346 0.306760
2.022949 -0.112301
1.980507 -0.448114
0.488378 -0.995512
-0.374661 -0.665223
1.856594 -0.212595
-1.209156 -1.655495
-1.410669 -0.751091
-0.875507 -0.706459
-0.589594 -0.478008
-0.639620 0.020074
-0.125829 0.832375
-1.244218 0.411856
-0.576835 -0.923329
1.442688 0.044163
-1.200710 -0.458034
-0.671952 -0.837521
1.929600 0.220929
1.197093 0.466358
1.034512 -0.362159
-1.473568 0.917435
-0.608776 0.454170
-0.317794 0.131920
0.332397 0.323818
-0.897936 0.365851
-0.291168 0.123998
2.109238 -0.075072
-0.077863 -0.419748
-0.318020 -0.077743
1.519451 0.326848
-1.333607 -0.892564
-1.141660 -0.644175
-1.125167 -0.394923
0.941170 -0.377015
-0.859129 1.061943
1.999716 -0.008973
1.774223 -0.372470
-0.858227 -0.685424
-0.299856 1.545154
-0.891497 -0.053065
2.151736 0.092232
0.874771 2.218124
-0.736933 -0.343744
-1.487058 0.017680
1.864906 -0.463108
2.027606 0.026263
-1.198623 -0.133280
-0.543897 1.518605
0.693691 0.036390
-0.046992 -0.562383
-1.718447 -0.127277
-1.079489 0.821838
-0.927103 -0.424894
-0.289152 0.787135
-0.045027 2.021194
2.050759 0.094700
1.224352 -0.325942
-0.250069 -0.035484
-0.482060 0.470945
1.225484 0.797766
1.705225 -0.135334
-0.654249 -0.121154
0.772151 0.702040
-0.598700 -0.244718
0.110340 1.101878
1.811562 0.446577
1.486467 -0.489932
-1.424560 -1.214606
-0.687265 0.564971
2.196046 -0.074324
2.129370 -1.025659
-0.803451 1.238517
1.645418 2.265144
-0.455057 -0.216819
-0.614515 0.519104
-0.676391 -0.137255
-0.741018 0.574958
-0.039311 0.802067
-0.909968 -0.434673
-1.425242 -0.655424
1.451951 -0.192471
0.117877 0.566369
-0.418915 -0.184893
1.668372 -0.024665
-0.798308 0.513397
-0.758248 0.085922
-0.997437 0.404592
2.097078 -0.398853
1.287276 -0.765625
-0.789296 -0.344178
-1.317326 0.261236
-0.686259 1.115419
2.016517 -0.177721
-1.430143 -0.270476
-0.395185 0.197414
-0.634444 -0.826078
-0.343910 0.638109
-1.275413 -0.065419
-0.499143 -0.026965
-1.250950 0.142832
0.013841 0.132867
2.204762 -0.821992
-0.583269 0.189522
-1.313456 0.457865
2.759607 -0.353280
-1.031491 -0.424801
-0.027750 -0.007575
1.134037 -0.199773
0.267916 -0.916598
-0.595118 -0.731247
1.941520 -0.588912
1.780275 -0.595380
-0.947374 -0.177021
0.746722 1.340535
-0.576674 -0.503127
-0.203751 -0.391578
2.391980 -0.898861
-1.046933 -0.501291
-0.315709 -1.547948
1.770317 0.555410
-1.762016 -0.889390
-0.690483 0.263267
-1.173913 -0.009999
1.257222 -0.201373
-0.366050 -0.359049
-0.757541 0.275371
-0.977743 -0.339655
-0.819003 -0.172686
0.531181 -0.280993
1.118322 -0.674725
1.908691 -0.765993
1.024170 -0.368897
-1.026422 -0.762327
-1.773090 -0.884376
1.771980 -0.420180
-1.114916 -0.643644
1.109192 -0.817911
0.795318 1.877712
-0.414014 0.623814
-0.406503 -0.046006
-0.574615 -0.061330
-1.532107 0.579215
-0.504441 -0.358580
-0.795596 -0.002553
-0.660155 -1.186886
-0.568544 1.424276
0.232017 -1.308514
0.158400 -0.101022
0.143158 -0.418148
-0.689563 0.123525
-0.917632 0.233851
1.095146 0.405192
-1.373971 -0.684256
1.137805 0.008045
-0.698654 -0.707453
-1.586577 -0.378066
-0.848929 0.461484
0.084509 0.223078
1.955117 -0.185118
-0.537682 -0.021975
-1.448643 0.196549
0.635002 0.194133
-0.670650 -1.258179
-0.446603 -0.793766
-0.600105 0.344767
-1.272442 0.105636
0.521885 -0.618214
-0.794275 -0.466531
1.940353 -0.340499
-1.099175 0.059200
-0.823356 -1.221735
-0.956914 -0.855245
-0.947496 0.030647
0.790698 -0.460835
-0.818562 0.362403
-0.549515 -1.080168
1.131352 0.085777
2.003200 -0.365273
1.570362 -0.689813
0.356998 1.721909
-0.495142 0.023863
-1.275550 -0.547368
1.788959 0.255276
1.738870 0.497900
-0.218871 1.386696
-0.786750 0.044661
1.043783 -0.522172
-0.621600 0.123531
0.028234 -0.503764
-1.436278 -0.824072
-1.127884 -0.100175
-0.417898 0.965004
-1.000184 -0.326723
-1.348982 0.563590
-0.684231 0.246135
0.048551 -0.502448
0.974565 -0.891286
1.755259 -0.263186
-0.618569 0.154116
-1.203208 -0.423604
1.390775 -0.625672
-1.168466 0.818755
0.533165 -0.058392
0.440906 0.822454
-0.744497 0.647925
1.796881 -0.047431
-0.791255 1.451073
2.249610 -0.091476
-0.822663 -0.124261
-0.879015 -0.305885
-0.669765 0.170281
-0.278508 -1.201893
-1.498932 0.164152
1.442288 -0.259877
-1.377721 0.468015
1.679642 -0.698278
1.697799 0.432078
0.141293 -0.928235
1.390891 -0.837602
-1.094000 0.710000
-0.710083 0.722640
-0.141163 -0.568881
-0.564283 -1.365291
1.289319 -0.535346
-1.248869 -0.466906
0.695635 -1.080621
-0.059344 1.033783
-0.606903 -0.900312
-0.782245 -0.165955
-0.364063 -1.109971
-0.815349 -0.881139
1.689515 0.062265
2.141997 0.363047
2.113537 -0.437740
-0.618370 0.047313
1.976397 -0.306646
-1.302255 -0.172071
0.961786 -0.514553
-0.940193 -0.824601
0.787560 -0.229350
-1.022858 -0.067094
-0.934722 0.197414
-0.951277 -0.776029
-1.063175 -0.760807
-0.959325 0.771619
2.246499 -0.373955
-0.893562 -0.521518
-0.546426 0.138805
-0.984887 0.718477
-0.141981 -0.024676
-1.054602 1.374035
-0.394260 -0.420353
-0.821981 -0.043853
-0.913265 -0.111509
-0.187775 2.253224
1.244553 1.500400
0.457655 -0.733210
1.957746 0.001594
-0.448836 -1.557887
-0.556039 -1.097342
-0.727984 1.263649
-0.574169 0.248130
0.647263 0.144922
-0.510831 1.848527
1.795393 -0.134434
2.008030 0.311277
0.098024 -0.603159
1.767391 0.212154
-1.723816 0.147403
1.440530 0.785170
-0.048120 0.216679
-1.082472 0.805071
-1.822074 -0.239609
-0.476399 -0.129608
-0.885369 1.073999
0.282264 -1.889021
-0.464585 0.385268
-0.438240 0.396565
-1.295212 -0.346153
2.133174 0.264929
-0.007687 -0.904078
2.182679 0.245706
-1.006140 -0.106931
1.374495 -0.619003
-1.284849 -0.042662
-0.951120 -0.223278
1.298173 -0.886752
-1.518834 0.346081
-0.375532 1.136367
-0.331114 -0.742543
0.482692 -0.945480
-0.952415 -0.114006
-1.403924 0.158887
1.304902 -0.481699
-0.332693 1.798354
-0.772577 -0.934078
2.107874 -0.147909
1.371882 0.176681
0.873211 -0.058254
1.778427 0.433972
1.219583 0.436850
-0.371060 -1.237394
2.199866 -0.409489
-1.192972 0.404839
1.802448 -0.274422
-0.225016 -0.733537
-0.337959 2.739278
0.132716 -0.198510
0.024837 -0.240491
1.916931 -0.449853
-0.686496 -0.533308
-1.023839 -0.321671
-1.100247 -0.943122
-1.131721 -1.409647
-0.490500 0.186016
0.875660 0.497485
-0.734068 -0.451319
-0.520739 0.353337
-1.406667 -0.349529
-0.792598 0.698015
-1.132863 -1.043401
-0.059904 -0.094606
-1.273837 -0.685373
-0.904804 -0.738355
-0.814169 -0.104863
2.255726 -0.286140
-0.987539 0.360471
0.526700 2.306940
-0.617182 -0.834987
-0.646034 1.969339
-1.147597 0.923549
-0.482561 -0.519299
-1.618557 0.353173
-0.913431 -0.356283
-1.321582 -1.212272
-1.738831 -0.702786
0.102505 -0.658460
1.899556 -0.293806
1.768558 -0.601917
0.348452 -0.514536
2.027287 -0.297933
0.606596 -0.955283
-0.899826 0.677102
-1.092037 1.204921
-0.723097 0.625668
0.577051 -0.428231
-0.879596 0.225881
-0.795200 0.228247
2.388223 -0.226992
1.940470 -0.259422
-1.017771 0.077969
1.681343 -0.354386
-1.697819 -1.064332
-0.844374 -1.145308
-1.417802 0.028822
-0.967237 -0.327415
0.385673 0.914388
-0.510949 1.059505
-0.373498 -0.511687
-0.969609 0.295763
1.749112 -0.375144
-1.518079 -0.088654
-0.584828 -0.020519
1.975844 -0.500466
-0.872546 -0.335257
-1.076510 0.606665
-0.119878 1.358892
-0.940163 0.157671
1.468051 0.343267
-1.413528 -1.592704
-0.498849 -1.131520
-1.064084 -0.098986
-0.167790 0.371974
-0.018488 -0.363478
-0.853324 -0.098407
-1.166059 -0.558137
1.327606 -1.133465
-0.751895 1.044437
-0.872536 -1.196045
-1.289004 0.540326
-0.275154 -1.326032
-0.288470 -1.633317
2.195415 0.102814
1.815611 0.220261
0.473394 -0.492585
-0.338838 0.120304
-0.880953 1.060040
-0.636543 0.648394
-0.832701 -1.135080
-0.805648 0.788540
-0.745482 0.081314
-0.843220 -0.342573
-1.583006 -0.660370
-0.876154 -1.130374
-1.240949 0.511727
1.362462 0.304558
-1.212898 -1.260650
-0.981666 -0.629588
0.980170 -0.985286
-0.697502 1.723594
-1.223293 -1.229800
-1.296807 0.558683
1.142123 -0.121817
-1.017936 -0.776106
1.777279 -0.468025
0.962391 -1.778536
-0.999874 1.400407
2.197592 -0.060496
-1.170098 -0.769921
-0.762329 0.314310
1.439981 -0.715568
0.152021 0.376742
2.045273 0.040367
-0.855889 -0.007300
-0.936616 1.352916
2.303423 -0.317920
-0.559126 1.310406
2.133978 -0.388424
-0.353825 -0.282421
0.990075 -0.449572
-0.986773 -0.309434
-0.536373 -0.361919
-0.635773 0.416183
-0.179530 0.066512
2.127073 -0.503785
-0.719641 0.406502
1.257685 -0.664161
-0.930869 -0.376268
1.664749 0.161713
-1.155243 -0.181188
-0.803755 1.069469
-2.051601 -0.250467
0.172028 1.252774
-1.294170 -0.888413
-1.243776 0.631375
1.970116 0.069838
-0.392025 0.174011
0.083754 -1.105873
-0.051729 -0.230129
0.316790 0.331332
-0.386761 1.185996
0.241788 0.204418
-0.590446 -0.670334
-1.170978 -0.549603
1.191761 -0.476525
0.984543 -0.261969
0.162933 -0.371504
-0.506647 0.816592
0.669204 0.495538
-0.828268 0.163230
-0.348841 0.308567
-0.616255 0.890860
-1.457136 -0.214797
1.840514 0.400819
-0.717775 0.078661
-0.120294 1.751116
1.173239 0.049866
-0.899139 -0.329540
1.078917 1.406702
0.883105 1.817878
-1.097196 -1.244298
-0.369950 -0.451587
2.007288 -0.461779
-1.014186 -0.816218
0.890007 -0.754310
-0.239686 1.190874
1.287864 -0.772595
-0.910019 -0.761171
-1.320977 -0.065498
0.084036 1.049891
-1.106585 1.223511
2.206744 0.387311
-1.751673 -0.927900
-0.337100 1.571367
-0.402479 1.060033
-0.604029 -0.130160
1.874978 1.260514
0.268021 -1.193068
1.910680 -0.362801
-1.375272 0.446131
-1.423065 0.049653
-0.794329 0.169251
-0.662842 -1.225383
-0.704395 0.361137
-0.736407 0.157998
-0.009417 1.555409
-0.323692 -0.158783
-1.580797 0.325389
2.440353 -0.677186
-0.417932 -0.545797
-0.872170 0.550007
-1.874738 -0.855464
-0.351740 1.842580
-0.784519 -0.154270
1.274119 -0.297619
1.621642 -0.332659
-0.445295 1.909772
-0.471628 0.232326
-0.129360 1.243651
-0.261196 1.547640
-0.198681 0.462238
1.550308 1.772510
-0.771451 -1.038267
0.803358 0.298329
1.767976 -0.417366
-0.948472 0.419761
2.071178 -0.629417
1.438885 0.648183
-0.085946 -0.413460
0.365032 -0.947216
-0.920221 -0.467392
-0.603199 -0.708938
-0.941597 -0.540588
-0.994520 0.958814
1.437808 -0.102227
-0.636217 0.176389
-0.689059 0.664582
-0.302080 -1.189045
-0.748698 0.069258
0.058941 0.444930
2.999656 0.411507
2.157798 -0.414459
-0.788049 -0.662313
1.301823 0.366068
-0.324696 1.061399
-0.764164 0.142785
-0.892295 2.118632
-1.533267 -1.487525
0.127688 0.572175
-1.129694 -0.995183
-0.511819 1.609053
0.795700 -0.058592
-1.508103 -0.324577
0.244400 -0.436037
2.267697 -0.513611
-0.715928 -0.879925
-1.000018 0.973942
-0.420537 0.334611
-1.624654 -0.530632
-0.938698 -0.960760
1.314172 1.367183
-1.285692 -0.361072
-0.224355 1.973217
1.519268 0.342907
1.072344 1.904587
0.375289 2.159543
1.560788 0.225784
-0.875028 -0.617751
-0.260646 -0.340397
2.025672 -0.129700
-0.244580 -1.366721
0.015563 0.488832
-1.413607 -0.830624
0.794108 1.599959
1.278149 -0.502239
-0.309103 0.747108
0.877891 -1.199653
-0.367764 0.243696
-0.389816 -0.415909
1.420858 -0.649134
-0.267389 0.707340
-1.457031 0.084637
-1.235494 -0.478300
-0.882727 -0.106518
-0.343082 1.245378
-1.119048 -1.744521
-0.821055 0.010059
-0.636453 0.598585
-0.949341 0.187093
-0.440844 -0.158683
-0.714043 -0.830029
-0.712897 -0.455019
-0.464962 0.260551
-1.106274 -0.152368
1.579080 -0.292867
0.918382 -0.156583
2.158197 -0.180540
-1.345077 -0.451730
-0.476726 0.674034
-1.301306 0.490712
-1.712949 -0.710245
-0.818139 0.413518
-0.213813 1.647020
-0.823111 0.360189
-1.257747 0.957130
-0.207689 1.269442
0.036116 0.717220
0.547832 -0.443498
1.854662 -0.041350
-0.358936 0.597369
-1.912318 -0.489583
-1.098340 0.588541
-0.510401 -0.528961
-1.003131 0.153908
-1.219035 -0.087082
-0.087203 -0.432243
-0.404418 -0.657256
1.284204 -0.327470
2.282748 -0.359810
-1.477209 -0.305747
-0.345782 1.015731
-0.481613 0.398660
-0.099476 -0.264570
-0.146047 -1.400781
0.455850 -1.081467
1.995865 -0.281543
1.394330 -0.592169
2.795745 -0.341228
-0.740553 -0.005321
0.130319 -1.290707
-0.844313 0.220272
-0.782511 -0.680722
1.435558 -0.068869
2.162793 -0.103636
-0.548907 0.838783
-0.558916 -0.174776
-1.554479 -0.494762
-0.974908 -0.363399
1.610880 1.981566
-0.444194 1.728164
-1.517407 -0.462766
1.850370 -0.334894
-0.675873 0.486134
-0.502270 1.548468
-0.531692 0.575057
0.014478 0.941753
1.671935 -0.018781
-1.196715 -0.736352
1.778092 -0.261994
0.951154 0.226431
1.975280 -0.531295
-0.696832 -0.337872
-0.698870 -0.425350
-1.226026 0.735891
1.365903 -0.495086
-1.516832 -0.300436
-1.164313 0.801163
-0.306882 0.459884
-1.825967 -0.060759
0.215074 -0.222838
1.479787 -0.374606
2.650956 -0.751075
0.428560 0.941638
2.190186 -0.233620
-0.560621 -0.191323
-0.680839 -1.042872
-1.170230 -0.407596
0.068176 -0.893143
0.051285 -1.434766
-0.450337 0.055948
2.287580 0.337338
-0.405665 -0.615093
-1.213535 0.274756
-1.184618 -1.806911
0.537039 1.099013
1.921412 1.018666
0.067792 0.147730
2.239141 -0.054107
0.060635 -0.101662
0.892025 -0.693839
0.361168 -1.591614
-0.693584 -0.524909
2.132788 -0.338689
2.010002 -0.110550
1.620185 -1.090324
-1.333808 0.475748
-0.670473 -1.515050
-0.682725 1.431025
-0.253634 0.030241
2.255766 0.140445
-1.393087 0.454500
-1.232528 0.174706
0.171373 1.110523
0.182456 0.403825
1.395183 -0.550648
-0.340024 1.850825
0.167957 -1.684848
0.105524 0.038924
0.531231 1.239013
2.149214 1.144271
-0.922302 -0.524226
0.397550 0.004334
0.736923 -1.282663
-0.125907 -0.620424
-0.982669 -0.171697
-1.401191 0.639732
-0.239894 0.725528
1.818715 -0.702243
0.562311 0.416026
-0.444443 1.283849
-0.578437 -0.750746
-0.953198 0.426740
0.813317 -0.923931
1.374791 0.103158
-1.208560 0.447966
0.892986 -0.639988
-1.527081 -0.312722
-0.261529 1.154767
2.083811 -0.242689
-0.055172 1.447333
0.171702 0.358434
-0.165425 1.967712
-2.069416 -0.355640
1.643979 0.922144
-1.666448 -0.695489
-0.610616 -0.923520
-0.644334 -0.346066
2.312892 -0.114082
-0.528910 -0.314125
-1.150062 0.352146
0.218000 -0.418629
0.577131 1.891530
-1.039961 -0.095396
-0.762712 1.954492
1.255214 -0.849407
-0.462329 0.534301
1.794008 -0.784406
-0.866225 0.057847
0.894533 0.502964
-0.802394 -0.843532
1.331088 -0.275682
-1.296067 0.078076
-1.362135 1.064428
1.889604 -0.364156
0.013323 1.224743
2.315230 -0.248313
1.754965 -0.800702
1.675508 -1.009009
-0.538981 0.182350
-0.775271 1.505035
-0.883859 -0.278855
0.168578 -0.480236
0.177603 -0.107653
0.825198 -0.863954
-0.018980 0.809651
-0.794976 1.414340
0.326161 1.612302
-0.534707 -0.162099
-0.967818 -1.284968
0.449306 0.320376
-0.924110 1.002920
-0.193500 -0.429165
-0.935613 -0.301243
1.722598 -0.108427
-0.235017 -0.004309
2.266181 0.111528
-1.111322 0.873556
1.392626 0.342760
-0.938570 -0.802118
-1.321329 -1.400084
-0.976371 -0.088635
1.126330 -0.216229
-0.026037 -1.662904
-0.703686 0.170440
-0.531696 -1.326570
-0.195530 -1.182961
2.388223 -0.226992
-0.646136 -0.222282
-0.829788 -0.606224
1.758950 -0.262454
-0.640204 -0.103410
0.847423 -0.932357
0.977343 -0.749954
-1.068880 -0.414115
-0.884172 0.280144
0.684796 0.551320
1.996444 -0.317138
-0.855477 0.397614
-0.690841 -0.717545
-0.858908 0.667480
2.035979 -0.376772
1.023008 -0.499950
-0.854743 -0.303212
2.002657 -0.642903
-0.270346 0.136232
-1.159088 1.816927
-1.232808 -0.259711
1.733584 -0.329304
-1.156845 1.197580
-0.166009 1.847518
-0.118803 1.535937
-0.919820 0.866377
-1.472639 0.689406
1.970296 0.215978
0.398696 1.515820
-0.115363 -0.248300
-0.049266 1.545808
-1.049327 0.668371
0.837256 2.410690
-0.294935 2.082638
-1.077958 -0.403372
-0.679398 1.461204
-0.478238 -0.289268
-0.472491 0.255725
-1.204151 -0.700153
-0.617880 -0.356013
0.201197 1.045405
2.167443 -0.374326
0.186696 -0.176666
-0.531409 -0.499677
-1.094571 0.139269
2.194443 -0.161453
-1.091423 -0.282157
-1.280010 -0.312131
0.067673 1.823796
0.873109 -0.679346
0.625137 -0.646852
2.198924 0.181226
-0.085335 1.295633
2.007237 -0.495001
-0.467242 -1.046975
-0.635674 -0.336648
-0.748658 -0.777762
-1.667998 -0.230305
-0.086643 0.674454
1.279501 -0.399647
2.288972 0.006397
-1.082989 -0.719129
0.128762 -0.447098
0.578409 1.279035
1.321627 -0.504387
-1.002707 0.778486
1.376711 -0.561414
-1.161415 -1.139789
-1.043682 -0.686461
1.783645 -0.199179
-0.329023 2.111919
2.190519 -0.190513
-0.092806 -1.063719
2.033847 -0.031498
-0.822166 0.807584
-0.338972 1.349483
-0.562184 0.285755
-1.153564 -1.043413
-0.464736 1.657315
-0.668619 -0.300076
1.341998 0.042601
-0.984369 -1.207708
-0.414151 0.070324
1.955608 0.064704
-1.613247 -0.834030
-0.329566 -0.617606
-0.729666 -0.417216
-1.504652 -1.433104
-0.874605 0.564156
-0.822461 -0.183861
0.052278 -0.807306
1.145420 0.027365
-0.682686 0.182877
1.336154 -0.245521
-0.647854 -0.629221
-1.355593 -0.378922
-1.113637 0.163518
-0.514115 -0.043820
-1.101780 2.038508
-0.657708 -0.199951
-0.061612 -0.144029
-1.421372 -0.865230
-0.253634 0.030241
-1.153669 -1.214074
0.874245 -0.942821
-1.811463 -2.148756
-1.767120 -1.369147
-1.169432 -0.182849
-0.645437 1.617672
-1.048981 0.168146
-0.455314 0.189755
1.245838 0.250663
1.490408 -0.218198
2.054080 0.223786
1.277165 -0.186348
1.998240 0.371189
-0.048035 -0.651087
-0.897202 -0.048214
2.216858 0.218802
-1.534218 -0.490551
0.325681 0.260694
0.532818 -0.574258
0.999647 -0.360718
1.052231 0.504780
0.829979 -0.763084
2.124427 -0.949195
-0.159673 -0.534414
-1.369782 -2.010494
-0.158218 0.579943
-1.188383 0.331675
0.659682 0.206375
1.650025 -0.948686
0.647640 0.268101
1.398032 -0.546029
-0.840338 -0.738161
-0.137493 1.101825
-0.487073 -0.522396
0.089388 -0.637074
1.232396 -0.115607
-1.234980 -1.341173
-1.162724 -0.454368
-0.928630 -0.114148
1.641982 -0.117102
1.387481 -1.098864
-0.783433 3.276148
1.614757 -0.421548
1.867423 0.503455
-0.624264 -0.232333
-1.083028 1.242352
-1.404585 -0.835772
-0.489561 1.095792
-1.051330 0.442923
0.821901 -1.193086
-0.657736 -0.003097
-0.828231 -0.218436
1.573454 0.792481
1.788765 -0.567009
-0.517231 0.104539
-0.974701 0.180009
-0.901652 0.529196
-1.242953 -0.791804
1.255929 -0.197093
0.082692 -0.403489
-0.718239 0.170511
-1.579652 -1.154017
1.276225 -0.483752
-0.790726 -0.766309
-0.688329 0.756896
-1.165072 -0.719253
2.597498 1.367913
0.397700 0.218350
1.071588 0.621107
-1.163997 0.694723
1.795177 -0.479863
-0.250418 2.342547
1.321645 -0.220600
-0.144946 0.252910
1.100232 -0.453990
0.369725 0.116960
-0.748566 -1.546191
1.239618 -1.129739
2.102517 0.105175
1.832813 -0.280756
0.581510 0.387338
2.388223 -0.226992
-0.174349 1.841948
-0.715218 0.932192
-0.453073 -0.587973
-0.526658 0.011982
-1.280158 -0.059214
1.694291 -0.051571
-1.440219 -0.177382
-0.469529 0.793351
1.831417 -0.444002
-0.866809 0.090680
-0.983155 -0.539453
-1.143737 1.013640
1.447065 -0.146772
-1.111414 0.182766
-1.271271 -0.106171
-0.673134 -0.775571
-1.370837 0.105154
-0.876874 -0.754832
-0.041998 1.601762
-0.372112 0.251674
1.325233 -0.432501
2.207000 -0.188299
-1.037912 0.995267
-0.240718 -0.258448
-0.796005 1.101359
2.264587 -0.092654
2.200515 -0.178414
-0.780124 -1.163762
-0.771916 0.701342
2.015042 0.039174
-1.491325 0.633461
0.129374 1.779278
-0.863676 -0.993147
-1.225318 0.493458
-0.943345 -0.083921
-1.228529 -0.942157
-1.308187 0.347423
-0.683074 0.747865
-0.972180 -0.618183
0.298231 1.785557
-0.741058 0.308622
1.935785 -0.439808
1.939908 -0.492444
-0.681911 0.343069
-0.236659 0.903386
-0.226979 2.025516
-0.750890 0.205807
-0.471201 0.973214
-1.858885 -1.207809
2.053740 -0.244925
0.340274 -0.325202
1.588490 0.525979
-0.488536 -0.245655
-1.220318 0.633862
1.113761 -0.879206
-0.516936 0.349905
-0.385566 0.772973
-1.171903 -1.428203
-2.006020 -2.038535
2.192982 -0.054093
-0.204002 2.134159
-0.756517 -0.304938
-0.401074 -1.630665
2.133700 -0.422998
-1.163501 -0.426316
0.694875 -0.594585
-0.364641 -0.386465
-0.935821 0.256170
1.295680 0.443803
-0.149975 0.091427
1.166974 -0.521322
2.037714 1.698721
1.190250 -0.312682
-0.838267 0.598539
-0.392165 1.090740
-0.413226 1.028822
2.151761 -0.150677
-0.162500 -1.419243
-0.412665 1.265885
1.071497 -1.124188
2.055583 -0.494882
-0.179530 0.066512
3.142024 0.807440
-0.873444 -0.465611
-1.131125 -0.304513
-0.344603 0.128690
-0.840678 -0.328941
1.913930 -0.213455
-0.343077 -0.659565
-1.039745 -0.843007
-0.293367 -0.492449
0.005380 0.258946
1.327633 -0.823414
1.536266 0.383244
-1.498356 0.322932
-0.376088 -0.130332
0.666759 0.205784
1.465478 0.038616
2.123921 -0.009438
-1.748292 0.069986
-1.385702 -0.181195
-1.079090 0.254698
-0.623200 0.316136
-0.895149 1.038164
-0.677569 -0.641476
-0.880634 1.556310
0.187551 -0.241249
-0.260364 -0.851596
-1.315650 -1.774163
-0.867232 -0.136927
2.949872 0.016593
2.103678 -0.373222
-0.732981 -1.052794
-1.168373 -0.550463
-1.346363 0.580327
1.727238 -0.647273
-0.720461 0.101907
-1.253636 0.127099
1.528456 0.484874
1.460916 0.340065
0.079306 0.973177
-0.408159 -1.454597
-0.806846 0.556365
-0.999868 -1.348789
1.264997 -0.020712
-0.738029 -0.489183
2.285928 -0.208745
1.059996 -0.677099
-0.661206 -0.871742
-1.038605 -0.576778
-0.792558 0.011325
1.970084 0.267595
-0.929924 -0.038420
2.131046 -0.279680
-0.923492 1.834282
1.877093 0.898240
-0.789070 -1.226151
-0.847935 0.535528
0.237710 -0.916131
0.451976 1.741490
-1.034555 1.045619
-0.771822 -0.744883
1.388880 -0.274882
1.456990 -0.406986
2.126219 -0.231272
-0.090403 -0.260103
0.875984 -1.001895
-1.128922 -0.242727
-0.602531 0.271714
-0.740195 0.771243
-0.809715 -0.226113
-0.486384 0.641744
-1.143477 -0.654511
1.656303 -0.963968
-1.157847 0.697926
-0.535848 0.361670
-0.240492 0.158929
-1.236239 0.210061
-0.447265 0.468948
2.135212 -0.200176
1.282618 -0.751062
0.972680 0.492003
-0.725525 0.616492
-0.186312 -0.919772
-0.939459 0.346538
-1.502771 -1.019155
-1.112482 -0.166322
-0.278980 1.393485
1.527819 -0.319607
-1.047775 0.236956
-1.655258 -2.027612
-1.070451 1.001250
1.954419 -0.453084
-1.442905 -0.822752
1.984314 0.015665
-0.699361 -0.368446
-0.853947 -0.604879
-0.918924 -0.110215
-1.624022 0.284725
1.981695 -0.367267
-0.600121 -0.278141
-0.591733 0.537652
-0.433061 0.604015
-0.481411 -0.092291
1.108276 -0.038149
-0.357479 -0.127512
-0.731873 0.598957
-1.199183 -0.428051
-1.016594 0.822449
1.566574 0.360603
0.035204 0.618710
-0.904511 -0.405975
-0.275884 0.185956
-0.670354 -1.027891
-1.058714 -0.551918
-0.772180 -0.125634
2.563997 -0.443791
1.549830 -0.554457
2.056996 -0.075675
-0.620185 0.271714
-0.335324 1.477580
-1.064040 -0.103200
-0.682623 -0.047505
2.030954 0.020993
-0.571319 -0.102927
-0.242350 0.785153
-0.912788 -0.646856
1.915205 0.010776
-1.817008 -0.457992
2.236465 -0.344757
-0.701461 -0.009361
0.238023 2.147811
-0.071821 0.971823
-1.751306 -1.097600
-0.676353 1.308526
-1.604536 -0.302142
1.145126 -0.404005
-0.522971 1.250190
2.028245 -0.334118
1.992570 -0.383603
-1.288054 0.051133
1.309139 0.430285
-1.367180 -0.480725
-0.464353 -0.182809
0.947525 -0.755619
-1.204156 -0.606445
-0.955173 0.212945
2.205728 0.166428
1.732479 -0.483604
-0.822660 0.531436
-0.185253 -0.100975
-0.409862 -0.516235
1.823121 -0.417007
-0.962687 1.468057
-0.495963 0.795837
-0.879641 0.725805
-1.404545 -1.306782
-0.792609 -1.428673
-0.471176 -0.208280
2.181595 -0.139438
-1.415832 -0.368887
2.362509 -0.221492
-0.648848 -2.120658
1.988641 0.246418
2.190060 -0.106807
1.371360 -0.068001
-1.046540 0.479745
1.903785 -0.352203
-1.114828 -0.242102
0.784090 0.193083
2.071851 1.898419
1.225263 -0.077650
-0.263573 -0.383893
-0.362752 0.481508
-0.223999 -0.390534
1.875663 -0.118293
-0.578632 0.688852
0.838140 -0.697396
-0.096081 1.234345
1.902832 -0.779100
-1.269187 -0.738515
-1.033967 -0.434153
2.760213 -0.745424
0.673842 -0.389409
-1.377928 -0.716264
-0.742743 -2.010576
-1.029991 1.204065
-0.696807 1.591574
0.611474 1.615242
2.232570 -0.073216
-1.848084 -1.636715
-0.637705 -0.126452
1.264263 1.579836
-0.949335 -0.823054
1.828189 -0.259930
2.144400 0.356522
-0.708681 -0.764181
1.561703 -0.233843
-0.865647 1.134431
-0.351903 -0.729121
-0.506653 0.459474
0.756875 -0.415586
-0.435628 0.574463
-1.256073 -1.043831
-0.765982 0.208022
2.292180 0.353930
-0.133137 0.785190
-0.843269 0.943158
-1.295899 -0.746148
-0.112562 0.517804
-0.411542 0.853790
-0.074603 1.642266
-0.238117 1.735618
1.233610 -0.077638
-0.699457 -0.211704
-0.002111 -1.517311
-0.728010 0.226025
-0.120894 -0.437852
-0.345775 0.031412
-0.612010 -0.097924
-0.895417 0.063781
-0.302159 -1.015646
-0.851627 1.052663
2.388223 -0.226992
-0.363898 -1.055770
-1.055728 0.096118
-0.157201 0.925809
2.197773 -0.334850
0.408263 0.989980
-0.658095 1.025937
-0.663936 0.234182
-0.150396 1.708548
2.233356 -0.063694
-1.096172 -1.245815
0.015082 1.350488
-1.564585 -0.464858
-0.232692 -0.018689
0.457652 -1.115521
-1.121863 -0.200210
1.295936 -0.399145
-1.692516 -0.591239
-0.227180 0.789274
-1.133016 -0.495602
-1.301529 0.655414
1.849196 -0.582402
-1.320702 -0.397604
-0.367513 0.116334
-0.115736 0.462642
-0.990275 -0.077531
-1.282623 -0.578677
-0.953936 -0.814638
2.003499 -0.058005
-0.599539 -0.103552
-0.274081 1.950219
-1.251852 -0.005165
0.148404 1.365665
-0.912515 0.232910
-0.401337 -0.406450
-0.346894 -0.055260
-0.560912 2.232757
1.950892 -0.801250
-1.259872 0.297879
-1.266132 0.115467
-0.917869 0.050211
1.977761 0.068622
2.148698 0.170857
1.606330 0.201235
1.952275 -0.381396
2.362509 -0.221492
-0.756562 -0.191813
-0.004837 -0.783177
1.137908 -1.133237
-0.668244 0.884179
1.605923 -0.220103
-0.341597 0.185843
-0.939936 0.341989
-0.492232 0.225463
2.091128 0.510516
2.388223 -0.226992
-0.669480 1.407883
1.893886 -0.292794
-0.013844 1.669965
1.192115 -1.485170
2.241272 -1.143565
1.805659 -0.358274
-0.596405 0.408531
-0.784952 1.175475
1.191668 -0.359702
-0.376463 1.300476
-1.003167 0.594753
1.769864 -0.756082
1.672090 -0.390651
2.135698 -0.078473
2.260480 -0.129040
0.615660 -1.381350
-1.205858 -0.838755
1.876130 -0.557493
-0.822753 1.744665
-0.779528 -1.010621
-1.293582 0.429847
-0.114697 -0.702454
1.451897 0.091768
-1.284275 -0.867570
-0.329597 -0.065726
0.924889 -0.114088
1.664345 -0.550880
-0.789074 0.120527
-1.104845 0.341881
1.730819 0.403525
-1.067307 0.019356
1.621549 0.069853
-0.364618 -1.201411
-1.057342 -1.056822
1.920068 -0.263381
-1.044212 -0.308127
2.176911 -0.419921
-1.130361 2.786201
-0.854443 -0.387333
-0.845748 -1.245337
-0.920512 0.168100
-0.394006 0.089256
-0.838977 -0.109274
-1.522111 -1.433422
0.692668 -0.373556
1.613504 0.220776
-1.460046 -1.073330
-0.861769 0.004824
0.042704 -1.190542
-1.296764 0.570612
-1.550926 -1.476415
2.024509 -0.109852
-1.556123 -1.515178
1.213187 -0.088974
-0.646946 -1.014598
-1.322179 -0.807349
1.914687 0.242755
-1.292463 0.559676
1.463461 -0.659728
-1.189783 0.711063
1.910018 -0.605006
2.109941 -0.150469
2.026744 -0.421868
-1.013363 0.970068
-0.728793 0.964579
-0.290488 -0.079535
-1.159224 -0.816396
-0.540785 -0.096789
-0.597282 1.258964
-0.809595 -0.578996
0.810443 0.676287
-0.037667 1.975304
-1.187137 -0.806926
-1.346251 -0.194628
1.118205 -0.381166
0.936838 -0.915852
-0.122818 0.248556
-0.189056 0.804585
-1.014684 -0.459853
1.324158 -0.595957
-1.079194 -0.491095
-0.681194 1.013688
-0.413706 0.803835
1.620014 -0.016942
-1.160025 -1.493129
2.267980 0.305805
2.099955 -0.346180
-0.291009 1.796843
-0.025749 0.510958
0.347943 1.860434
0.547271 -1.724872
2.054877 -0.420773
-0.774249 -1.239433
-0.483332 1.215495
-1.430405 -1.416625
1.150377 0.145281
-1.406542 0.950404
-0.876304 0.427975
0.178112 0.011679
-0.002420 0.362351
0.104946 1.827082
0.078185 -0.104109
-0.802339 -0.507755
-1.110822 0.747191
0.142382 -0.264970
0.506540 1.636806
0.730080 2.609761
-0.776032 -0.421474
-0.780032 -0.136538
-1.609934 0.211859
1.611331 -0.539267
1.518482 -0.224303
-0.813154 -1.309894
1.540056 0.305159
-0.760471 0.109372
2.267186 -0.062598
-0.900292 -0.642368
1.658153 -0.598051
-0.152739 -1.944694
2.235731 -0.072693
0.908889 -0.637476
-0.753710 0.297319
-0.353902 0.486315
-1.424577 -1.161152
-1.450132 -0.287879
0.129136 -0.662368
-0.677916 0.036645
-1.929626 -1.040581
-0.174279 0.204287
2.224342 -0.089200
-1.011807 0.340044
-0.047374 1.457047
-0.638713 0.428736
1.761283 2.060114
-0.603630 1.728592
-0.044346 -1.633195
-1.071994 -0.001793
1.278354 -0.514808
-1.037127 0.773669
1.110978 0.528983
-1.038193 -0.245593
-0.360698 0.444461
-1.246418 -0.118975
-0.387065 -0.069671
-0.358203 0.394924
-0.675413 0.297052
-0.782646 1.057205
1.831103 -0.443289
-0.479448 -0.881612
-1.850939 -0.089021
-0.905701 -0.266161
-0.052518 0.575081
-0.493448 1.375365
1.261079 0.035496
-1.370519 -0.586026
-0.435815 -0.035115
2.362509 -0.221492
-1.165633 -0.845628
2.033990 -0.468082
-1.016650 -0.686399
-1.327089 0.742664
2.253380 -0.227527
1.274408 -0.661384
-0.929752 0.915430
-0.127894 0.634899
2.652905 -0.367993
-1.101586 0.591684
1.382316 -0.489305
-1.527476 -0.736389
-0.367517 -0.514936
-1.293946 -0.413768
-0.219991 -0.065503
-0.993018 -0.064634
1.711859 0.194293
-0.000719 0.628399
0.176132 -0.805197
1.028591 -0.848175
-0.576830 -1.180772
-1.024104 0.855317
-0.295668 -0.621932
-0.708283 0.625882
0.224484 0.209731
-0.386311 -0.302479
1.426355 0.106137
-0.174132 0.081734
-0.259812 -0.382590
2.195588 -0.308345
-0.754258 1.633121
-0.328873 -0.507167
0.512839 0.045921
-0.890885 0.604291
-0.720755 -0.530329
-1.662401 0.377393
-0.739202 -0.288423
-0.484079 -0.066969
-1.188854 0.014471
-0.417020 -1.708030
-0.665271 -0.895141
1.873596 0.622707
-1.870572 0.141478
-0.742454 -0.343718
-0.186782 -0.206080
-0.557247 -0.374185
-0.183891 1.379625
-0.649914 -0.860645
0.569456 -0.387774
-1.160308 -1.191607
1.153453 -1.242370
1.748746 -0.189009
0.144605 1.015708
-1.133703 0.395519
-0.716324 1.286712
1.255591 0.088263
-0.192978 0.816278
-0.812760 -1.275724
1.862763 -0.324763
1.880805 -0.340403
-0.871619 -0.061603
1.275578 0.063071
1.192682 -0.522165
1.565494 -0.646616
-0.818868 0.311272
1.212347 -1.236816
0.334817 -0.420217
1.422654 0.108401
-0.332031 0.206379
-0.254468 0.008081
-1.053767 -0.728313
-0.589061 -0.630983
1.086774 -0.397114
-1.820464 -0.273520
-1.238914 -0.971377
0.467724 -0.930628
-0.690524 1.880193
1.960482 -0.645431
-0.718088 -0.176660
1.814510 0.216190
-1.515288 -0.120927
1.998883 -0.172791
-1.375127 0.156648
-0.749237 -0.250918
1.648332 0.018766
-1.070002 0.134980
-1.152088 0.174494
1.922286 -0.573431
2.217164 -0.422942
0.138416 -0.748255
-0.495822 1.147896
-1.053448 -1.372105
1.006050 -0.869258
1.252089 -0.439801
1.470608 0.218831
-0.800548 0.323388
1.749142 -0.039872
-1.391244 -0.835822
1.714189 -0.615443
-0.457206 -1.328308
2.101514 0.526901
-1.319073 -0.944370
3.232492 -0.538818
0.346482 -0.024154
3.221747 -0.489529
-0.977728 0.622715
-0.541014 0.044135
0.451801 -1.013041
2.107216 -0.266220
-1.223645 0.037207
-1.418919 -0.432328
-0.722900 0.278731
-0.991073 -0.450057
-1.011039 0.048637
2.362752 -0.032526
0.110635 -1.717256
1.238292 -0.559320
2.105757 0.247571
2.278775 -0.124330
-1.236481 0.031772
-1.234853 -0.484648
0.871175 1.143234
-0.289090 1.409971
-1.271915 0.086953
1.834960 0.630630
-0.181714 -0.028572
2.020416 -0.556081
1.711629 -0.004449
-0.720899 0.516675
1.520272 0.023258
0.183105 -0.628161
-0.311659 -0.719589
1.861087 -0.405745
-1.042727 -0.579824
-0.732918 -0.336911
-0.780657 -0.632834
0.338697 1.788414
1.564793 0.355437
-0.869290 -1.919522
1.702386 0.022585
2.295502 0.338980
-1.055498 1.519041
2.388223 -0.226992
1.676801 -0.621538
-0.673385 0.288773
-0.159403 -1.203171
-1.068671 -0.533597
1.893278 -0.501524
-1.313030 -1.029624
-0.805414 -0.124641
0.869062 0.696507
-1.219444 -0.238639
-0.229303 -0.076368
2.116022 -0.572934
-1.092573 -0.977203
2.159146 -0.284976
1.840192 0.439882
-0.761694 -0.058713
0.150210 -0.167982
2.548161 -0.137818
1.267586 -0.063325
-0.081894 -0.618789
1.173638 -1.031551
-0.886981 0.169420
0.853172 -0.522197
2.261351 -0.408599
3.410354 0.480409
-0.726020 0.066713
-1.100077 0.201919
0.265006 0.846628
0.130692 -0.793823
0.454953 -0.612389
1.610219 -0.026864
-0.959533 0.105508
0.431025 0.067421
-1.112542 -0.844253
-2.121590 -1.312501
0.014288 0.023868
0.671120 1.501222
-0.552398 0.609077
-0.636521 1.077560
1.920535 -0.255803
0.076113 1.990648
-1.149551 -0.052237
-1.048396 -0.529075
-0.887550 -0.369161
2.103392 0.166327
-1.307354 -1.190000
-0.980768 0.107310
-0.700856 0.320443
-0.183819 -0.822407
-1.078049 -0.462732
1.949811 0.155754
0.197993 -1.041874
-0.865075 0.147272
-0.428918 -0.730758
4.163397 0.484723
2.069679 -1.004605
-0.828592 -0.897930
-0.916342 -0.580099
-1.142036 0.722755
0.935379 -0.427738
-1.225443 -0.637299
0.460063 -0.155502
-0.732488 1.287679
1.318726 -0.670890
1.597883 0.515384
-0.254649 0.037814
-0.228469 -1.007725
1.130897 0.764918
1.489260 0.553121
-0.652748 -0.349115
1.483318 0.424759
0.600273 -0.096638
0.092615 1.489424
-1.854957 -1.240504
-0.206028 1.090293
-0.587219 1.260181
-0.104483 0.864919
-0.773379 -0.658869
1.960112 -0.305572
-0.930651 -0.011183
-1.279958 1.227909
0.160553 1.982357
1.169161 -1.312538
1.822868 -0.663947
-0.581066 -0.281695
-0.550034 1.523766
-0.334824 -0.996316
2.106767 -0.340598
-0.610373 0.405021
-0.794969 -0.449193
-0.367915 0.646844
-0.401435 0.795771
2.362509 -0.221492
1.882469 -0.238675
0.989052 0.448737
0.817238 0.049444
-0.882368 -0.591441
-1.274066 -0.104943
2.208024 -0.320426
-0.049797 0.031628
2.044651 -0.548832
-1.450770 0.607935
1.495474 0.047439
2.034138 0.322685
0.858939 -0.282220
1.516619 -0.512323
1.001069 0.235329
-0.660598 -0.202319
-0.265848 0.572040
-0.998682 0.229429
-0.525479 0.022148
-0.357244 -0.539448
-0.902093 0.372405
1.628771 -0.116543
-1.375328 -0.089139
-0.103780 0.250749
-0.814077 -0.614097
2.289967 0.057440
2.231653 -0.201085
1.247747 -0.242843
-0.808853 1.231579
-0.761607 -0.393272
-0.743446 0.204047
-0.570036 1.429668
0.975052 0.941878
-0.241979 1.814396
-1.172457 0.083902
-1.313189 -0.171434
-1.249689 0.723300
1.968906 -0.398964
2.249088 0.108445
-2.029197 -1.278531
-0.778757 0.379967
-0.905266 0.835221
-0.446185 0.051513
-0.703593 -0.505358
1.477314 -0.098262
-0.282756 0.503226
-1.106087 -0.206719
-0.340538 -0.511602
1.349146 -0.910403
-1.363280 -0.278753
-1.429105 1.478019
0.427196 -0.707080
-1.260057 -0.049555
-0.456058 0.272273
2.010515 0.238613
-0.437919 -0.002991
0.112123 -0.185319
0.920028 -1.036815
-0.987708 -0.093201
-0.344302 0.539923
-0.914346 -0.253784
-0.855634 -0.685980
-0.977936 1.094484
-0.472276 0.170895
2.194007 -0.127071
1.949672 0.055960
0.202610 1.681834
1.314249 -0.691175
-0.669133 1.161071
2.194276 0.312737
-0.929178 0.604932
0.232091 1.310482
2.267737 0.116840
-0.542746 1.522321
-1.007782 0.544285
-1.015858 0.221292
-1.014414 -0.153845
-0.162894 -0.334743
0.619666 -0.750712
-0.449570 0.294319
-1.175623 -0.983627
0.042829 0.174533
-0.822746 -0.785402
0.659476 1.455969
2.634716 0.086937
-1.428491 -0.097408
1.712024 -0.155115
-0.820193 -0.195828
-0.489134 1.844418
0.256333 0.383417
-0.842298 0.065431
-0.024737 0.811735
0.509107 0.728067
-0.964758 -0.429651
1.981213 -0.505232
-0.831285 -1.002286
-0.685196 1.678936
-0.484529 0.597609
-1.123299 -0.524550
1.826561 0.330878
-0.779953 0.360240
1.435547 -0.152047
-1.094491 -0.865353
-1.016244 0.156641
-0.067496 0.969850
-0.487605 0.710009
-1.295148 0.809511
-1.037235 -0.289346
-0.867606 0.209765
-0.486027 0.959788
1.849213 -0.589050
0.208429 -0.085094
-1.373754 -0.105150
-0.555461 -0.051499
-1.061142 0.256290
0.829245 -0.377687
-0.332714 1.069492
-0.983006 -0.783242
-0.485950 0.427091
-0.005867 1.524294
-0.670396 1.838558
-0.068491 0.715243
-1.371918 -0.303622
1.751362 -0.275842
2.362509 -0.221492
-1.114041 0.175740
1.192705 -0.769443
-1.994644 -1.003257
-0.672820 -0.132158
-1.157976 0.684935
-0.244917 0.027996
-0.535158 -0.747249
-0.514720 0.701851
-0.805215 1.760398
-1.311891 -0.957520
-0.376738 0.093103
-1.412305 -0.437959
0.711157 0.837605
-0.022644 -0.383767
-1.124118 -1.151336
0.357493 1.619551
0.704200 2.328742
1.960901 -0.116068
-0.422381 -0.067972
2.251558 -0.223430
-0.398851 1.927814
1.948618 0.392449
1.503263 -0.794565
-1.601106 0.100649
-0.708328 -0.324841
-1.951395 0.475667
-0.192011 -0.685420
-0.761734 -0.132331
-0.504216 0.109246
0.244099 -1.224865
-0.377698 -0.103694
-1.764278 -0.453430
-0.589577 0.275828
-0.063705 -0.419516
-0.034777 -0.682910
-0.537916 -0.836696
-0.375552 0.468980
-1.630888 -0.798901
-0.685959 -0.589392
1.816544 0.216827
-1.507250 -0.730584
-0.184363 -0.461611
1.324280 1.054130
-0.510851 2.000637
-0.218648 0.928806
-1.284634 -0.985851
1.079689 -0.754139
-0.776260 -0.417863
-0.583534 0.165213
-0.626465 -0.511490
1.270241 -0.301938
1.737193 -0.132259
-0.420213 0.106539
1.755249 -0.237657
-0.168062 0.675883
-1.018309 -0.028908
-0.230913 -0.313487
-1.008013 -0.983720
-1.089766 0.091405
-0.467641 -0.066975
-1.174504 -0.656697
2.323822 -0.239376
-0.147117 0.867805
-0.849319 0.043675
0.841703 0.122835
1.977225 1.881438
0.706872 0.120150
-0.826916 0.144696
-1.488505 -0.869009
-0.304685 0.697365
-0.959349 -0.510398
1.205780 -0.394123
0.727706 1.197121
0.013862 -0.220009
-1.094269 -0.020421
2.079810 -0.081950
0.426199 1.662510
2.020520 -1.906540
0.133387 -1.347418
-0.702266 0.179017
-0.807883 0.880261
-1.384102 0.036685
-1.384159 -1.877022
-0.672640 -0.028713
-1.406449 1.175583
-1.019877 -0.307876
-0.552961 0.643901
-1.145467 -0.263599
1.680382 -0.075055
1.101587 -1.419393
-0.792311 0.563633
-0.216264 0.366915
-0.336185 -0.554672
-1.284662 -0.271319
0.382080 -0.692654
1.587978 -0.260041
-1.102914 -0.610772
-0.085914 1.896628
-0.154101 1.983766
-0.705799 -0.290894
-0.142660 1.953791
-0.837379 0.744751
1.948174 -0.496768
-1.255802 -0.124278
1.916460 -0.128293
2.235507 0.227197
1.835166 0.075075
-0.074464 -0.097401
1.121327 -0.295210
0.812522 0.072949
2.260409 -0.173346
-0.467242 1.670884
-0.209079 -1.075276
-0.975282 0.305892
1.935626 0.026950
0.792313 0.602362
0.980644 0.230567
1.791089 -0.219026
2.144194 -0.518222
-1.704552 -1.146278
0.067320 -0.415446
-0.665936 -0.297788
-0.945880 0.936069
1.723109 -0.193654
-0.687005 0.566644
-0.929667 0.513079
-0.551230 -0.067257
0.871956 -0.980041
0.022959 -1.161093
1.401572 0.318319
-1.389766 0.578505
1.761568 0.097521
-0.505115 -0.320117
-0.441771 -0.299188
-0.640072 0.335990
0.973679 -0.407158
1.308598 0.106202
-1.407091 0.408130
2.503158 -0.582617
-1.411644 0.018367
-1.229218 -0.866818
-0.081832 -1.706323
-1.120415 -0.194562
0.366474 -0.146415
-0.877788 1.078017
0.161631 0.259392
-1.440472 -1.328777
-0.418150 -0.726443
1.334199 -0.395494
1.740979 0.197213
-1.008636 0.620540
-0.937255 0.626903
1.045746 0.320498
-0.420439 1.665239
-1.535322 -0.258370
1.930668 -0.024658
0.500252 0.053080
1.673130 -0.394177
-1.030343 -0.998653
-1.505852 -1.211266
0.075933 1.162514
1.792383 -0.479436
-0.876847 -0.626207
2.147476 -0.191171
-1.136713 -1.059827
1.328898 0.839347
-0.370154 1.115117
-0.607985 2.018138
-0.923018 -0.002669
-0.845036 0.911261
0.555124 -0.667382
-0.792903 0.865347
-0.781508 1.439817
-0.009524 -0.228109
-0.298003 1.707197
0.412663 2.455028
1.441392 1.595385
0.361673 1.732516
-1.267431 -0.844647
-0.039571 -0.148805
0.272555 -0.059694
2.362509 -0.221492
-0.177324 2.172571
2.285529 0.109698
-0.764036 1.170595
-0.517171 -0.254767
-0.496872 0.091742
-0.920096 -0.379397
1.238890 0.027493
1.930312 -0.478473
2.101632 0.282813
-0.584137 0.239784
-0.591122 -0.123911
-0.828298 -0.082535
1.807709 0.776689
-1.534014 -0.564148
-0.791129 1.744317
1.236580 -0.359069
1.572195 -0.673295
1.077470 -0.050277
-1.290350 -0.554045
1.727773 0.187310
-0.711749 -0.000976
2.251480 -0.971086
-0.682027 0.912743
-0.530401 -0.795354
0.687561 -0.458608
-1.663613 -1.173236
-0.346789 1.324835
-1.904710 -0.297468
-1.286218 0.853707
-0.804668 0.070380
-0.849500 -1.388849
-0.991944 -0.076625
0.515194 -1.610586
2.064369 -0.071941
-0.401991 0.570873
-0.717606 -0.191430
-0.343896 0.603177
-1.242014 0.893663
-0.389286 0.998001
1.456346 -0.533596
-0.808061 -0.441147
-0.939582 -0.664281
-0.978773 -0.362339
-1.274772 -0.525330
-1.176098 1.377366
2.234703 -0.147774
-0.967595 0.828362
1.198966 0.600875
-0.944503 -0.559948
-0.515478 0.924038
-0.507179 0.032558
-0.647572 -0.538948
-1.148168 0.648969
-0.413198 0.008635
0.765145 -0.125420
-0.398688 -0.464141
-1.180545 -0.522954
1.645926 -0.509888
-0.822421 0.348912
-1.902965 0.539450
0.883372 0.077690
-0.937947 -0.188110
-0.335555 0.917016
-1.627297 0.146268
-0.721706 -0.185505
-0.996424 -0.344694
0.136731 -0.053126
1.669273 0.368936
-0.584835 -0.586553
-1.333642 -0.152083
-0.836163 -0.751433
-1.227860 -0.356659
0.088951 -0.148194
-0.963289 -0.434394
-0.243978 0.348202
-0.705992 0.418807
-1.089501 0.675795
-0.706898 0.722019
0.197104 2.279080
-1.638787 -0.747951
-1.386348 -0.093895
-0.482563 1.274461
-1.368318 -0.549587
2.088878 -0.620906
-0.989575 -0.552443
-0.097372 -0.476216
1.886312 0.186061
-0.250910 0.603180
-0.851560 -0.649189
1.651638 -0.425317
-0.159796 -1.165847
-1.040357 -0.766536
3.561990 -0.321966
-0.558330 -0.213267
-1.436668 -1.216041
0.315312 0.393772
-0.550268 1.001771
0.196253 0.320398
-0.915755 0.665490
-0.416114 0.686346
-0.534557 -1.196661
-0.834761 1.468213
-1.445416 -0.662837
2.071766 -0.493150
-0.919078 -0.832632
-0.522299 2.264768
-1.100036 -0.338435
-1.376449 0.199170
0.188653 -1.242628
0.964813 -0.619230
-0.770559 -0.205072
-0.411267 0.824175
0.248717 2.010959
-0.631619 1.826840
-0.904016 -0.934207
-0.057768 2.205455
1.643484 -0.397793
-0.157949 1.079783
-0.862182 -0.271953
1.462177 -0.275610
2.733869 -1.139432
-1.951661 -1.192651
-0.993503 -0.371344
1.533158 -0.418224
1.723851 -0.025800
-0.702254 1.352386
-0.352617 -1.085331
0.088354 -0.163469
-1.018019 -1.065110
-0.609288 -0.235709
1.632124 -0.255329
-1.266320 0.806101
0.069296 -1.038007
1.316087 -0.087340
-0.386498 2.181819
-0.260431 -0.653422
1.117721 -0.554246
-0.581433 -1.240090
0.269246 0.247834
0.007758 1.878460
-1.374123 -1.120609
-1.008670 0.040537
0.493549 -0.079837
0.060386 -0.398481
-1.473649 -0.431027
-0.697319 1.298753
0.989074 -0.122927
1.440658 -0.444155
-0.649429 0.632525
-0.747430 0.741503
-0.664367 -0.942050
2.188995 -0.047120
2.215215 0.127108
-0.111292 -0.331836
1.367143 -0.602698
-0.435738 -0.579944
1.259439 -0.833242
-1.454406 -0.395319
-0.336509 1.221102
-1.229441 0.777623
-1.319624 -0.314679
-1.032223 -0.479853
-1.022102 1.219736
0.319810 -1.168011
-0.042627 -0.500152
0.193666 -0.096923
2.075775 -0.139824
-0.853035 0.693465
1.578812 -0.393122
-0.146066 0.254223
-1.333930 0.616796
-1.012717 -0.640780
1.273855 -0.271276
1.156973 -0.559227
1.090372 -1.007240
0.940508 0.191468
0.673816 -0.854221
-0.962225 0.696290
-0.617420 1.469939
-1.266010 -0.493278
-1.547315 -0.464468
0.868058 -0.559970
2.207698 -0.036641
1.258108 -0.368656
0.851547 1.764015
-0.590736 -0.489379
-0.973539 0.079919
-0.355049 0.862550
-0.544204 0.922539
-1.036647 -0.413051
0.582730 -0.949130
-0.794215 0.397727
-0.722652 0.385983
-0.572878 -0.365858
1.969071 -0.687093
1.028958 -0.733046
2.079703 0.321739
-2.063034 -0.694286
-0.029308 1.305100
-0.678023 0.146399
1.796359 -0.661332
0.893805 -0.183977
1.954727 -0.285349
-0.398836 1.246214
0.751075 1.181034
2.330028 -0.332988
1.447319 -0.997650
-0.556350 -0.359116
1.905924 -0.017902
1.916381 -0.520922
1.573861 2.013049
-1.472761 -0.603761
-1.339044 0.801743
1.565277 -0.298111
0.676175 -0.055044
-1.013331 0.180036
-0.956367 1.297903
-0.788628 0.570186
-0.916758 -0.355575
-1.234066 -0.670444
2.044886 0.400998
0.442281 -0.352380
-0.970463 -0.373583
-0.895262 -0.440863
-1.441661 -0.716812
-1.430921 -0.609194
-0.653333 0.338576
0.012043 2.385515
-0.694693 0.902843
2.144718 0.046736
1.245650 -0.348049
0.750742 -0.471379
1.044976 -0.480575
1.837795 0.795843
2.224667 -0.801896
-1.127814 -0.667103
-0.416834 -0.194026
-0.925729 0.059869
-0.771489 -0.091199
1.893051 -0.449002
-0.790159 0.095043
-1.400577 -0.858906
-0.757647 -0.038457
-0.721197 -1.116292
-0.770934 -0.018165
-0.127384 -0.116112
-1.329309 0.558057
0.659324 0.310394
-1.151458 -0.308050
0.124814 -0.521697
2.091001 -0.080224
-0.840258 0.517378
-0.831897 0.485194
0.645920 -0.270666
2.279627 -0.271171
-0.398008 0.173760
1.069681 -0.106820
0.088103 -0.743761
0.518884 1.681863
-1.178066 -1.163780
-1.023530 0.498466
0.466556 0.443021
-1.135728 1.755202
1.683067 -0.251970
-1.231749 -0.191328
-1.284264 -0.207119
-0.689868 0.215974
-0.785656 0.117105
-0.823039 -0.523935
-0.664791 -0.733859
-0.838468 0.249410
1.904214 -0.316587
-1.118056 -0.059709
-1.005071 0.578528
-0.147598 -0.720477
-0.242396 1.012164
-0.724440 -0.161163
1.826927 -0.063844
2.101731 -0.187176
-0.385224 -0.103364
1.216448 -0.292477
-1.038894 0.175765
0.333096 -1.078358
1.464416 -0.073657
-1.135559 0.203492
-1.444505 -1.023719
-0.604908 -0.262290
-1.665374 -0.967557
-0.737783 0.027294
-0.068195 0.452301
-0.826215 0.170954
-1.008775 -0.034888
0.491429 1.282254
-1.036006 -0.000738
1.086922 -0.398005
-0.978683 -0.163141
0.235213 2.504004
-1.635417 -1.610694
-0.416141 1.370999
-1.508959 -0.020290
2.176424 -0.061377
-0.266681 1.777927
0.766691 0.522037
-1.440795 1.026724
-0.026563 -0.756032
-0.633810 -0.252238
0.944612 1.634961
-1.254866 -0.342237
-1.057149 0.236568
-0.153270 -0.762038
-1.380521 0.275983
-0.625249 0.062411
-1.553741 -1.309848
-0.793678 1.512954
-1.058144 0.248724
2.014256 -0.466555
-1.365325 0.950788
0.028008 -1.860185
0.118499 2.535590
1.947205 -0.184610
0.423693 -0.196032
2.362509 -0.221492
0.484004 -0.419117
2.638481 1.868781
1.906233 0.333054
0.076621 0.187654
0.275319 -0.430601
-1.606978 -0.959155
2.362509 -0.221492
1.737827 -0.257707
-0.561968 0.633875
-0.625328 -0.065576
1.850706 -0.406186
-1.260934 0.503521
1.805258 -0.261745
0.943460 -0.187653
1.644875 -0.167364
1.840423 0.026647
-0.629901 -0.154083
1.166688 -0.664716
1.733246 -0.822452
-1.104228 0.619515
-0.675551 0.320532
2.042240 -0.272597
-0.005689 -0.862571
-1.098877 -0.612413
-0.166104 -0.623422
-1.738161 0.551624
0.072238 2.264599
1.124418 0.175288
-1.833216 -0.881845
-0.535043 0.613449
-0.427537 -0.962499
2.202405 0.072192
1.758732 0.105547
0.710405 0.400089
-1.788739 0.002725
-1.217356 -1.671514
-0.865114 0.285146
2.516010 -0.677814
-0.635048 -0.314280
-0.262863 0.147038
-0.347245 0.982686
-1.362876 -0.056321
1.598296 -0.528437
-1.144846 -0.071385
3.189816 -0.467514
0.852744 -0.124867
0.444387 1.645676
3.010945 -0.570428
0.102599 0.058732
-1.006391 0.046610
-1.345831 -1.294207
-1.838171 -0.859757
-0.903128 0.142933
0.342386 -0.336603
0.048204 1.592668
0.476860 1.840273
-0.487625 0.295291
-0.770727 -0.378803
-1.351852 0.479244
1.183138 -0.088398
-0.799326 1.378348
-1.063807 -1.185910
-1.458374 -0.998988
-0.497192 0.024722
0.729923 0.725360
0.121151 -0.467087
1.853390 -0.472849
0.295040 0.339228
-1.382423 -1.113296
-0.693674 0.615322
2.185380 0.223571
-0.918488 -1.554311
1.527735 -0.009855
-0.672166 -0.326167
2.208737 -0.278529
-0.768493 1.198480
-0.477748 0.028043
2.224125 0.135985
-0.380940 -0.588574
-0.492534 1.298599
1.834120 0.420313
-0.635276 0.553165
-1.739997 -0.844666
1.981148 0.283058
0.770532 0.032555
-0.749285 -0.411018
0.294558 1.544642
-0.739188 1.082438
-1.391509 -0.100686
-0.649636 -0.279748
-0.605317 0.036119
1.207089 -0.270141
-0.725748 0.646964
-0.741135 -1.464371
-0.581977 -1.154355
-1.311866 -0.362154
-1.341057 0.371748
-0.845731 -0.126988
0.287502 1.417087
-0.624576 0.301649
1.727691 0.230136
1.637252 -0.581550
0.814322 0.617065
-0.843488 -0.071644
2.193733 0.230175
-0.239942 -0.953395
-1.010564 -0.620155
1.872062 -0.038527
-0.974578 -0.175110
-0.992726 0.360494
2.141261 -0.309396
-1.556662 0.717734
-0.635334 -0.057775
-0.123438 -0.082936
0.312005 -0.274624
-1.073001 1.450384
-0.324374 0.580914
2.543355 -0.349995
0.842452 -0.920835
1.336294 0.533481
-0.548173 -0.248015
-0.437595 0.071030
1.367091 -0.682520
0.100412 -0.379690
-0.930610 0.445686
-0.544450 0.948908
0.006393 0.377865
2.254198 0.351633
-0.730160 0.904473
2.154636 -0.182718
1.980176 -0.466015
1.174017 -0.894802
1.495705 -0.589618
-1.765445 -0.649012
1.194461 -0.588423
3.416077 0.215194
-0.835707 -0.773315
-0.531814 0.100595
-0.569551 0.425162
-0.280206 1.332883
0.947784 -0.503718
0.214715 -0.364403
2.362509 -0.221492
-0.324680 1.000054
-0.806478 -0.348245
-0.009031 0.580394
-0.285995 1.931450
-0.277074 0.614592
-1.347150 -0.491858
-0.205354 1.754948
2.101227 -0.091567
-1.363039 -0.055150
1.565019 -0.388153
1.806167 -0.673473
-0.104951 0.114012
-0.609288 -0.478681
1.603426 -0.191746
-1.508834 0.042021
-0.952550 0.624835
1.508350 0.678367
0.772948 0.157513
-0.213157 0.876140
-1.267357 0.386579
-0.992798 -0.669020
-0.776343 0.433031
-0.368215 -0.666303
0.851425 1.889555
0.420400 1.702769
0.322704 -0.061808
-1.049518 0.042278
-1.383808 -0.434568
-0.214258 -0.321743
-0.212426 1.094612
-0.964424 0.041122
-0.936115 -0.182443
1.416385 0.017858
-1.192675 1.066074
-0.712014 0.718512
-0.371961 0.621575
0.078459 0.565184
-2.193758 -1.026169
0.509319 1.384677
0.000687 1.485185
0.176637 -1.113300
-0.621878 1.563613
-1.057533 0.331228
0.524736 -0.193138
0.357725 -0.866037
-0.653614 0.313539
-1.283303 -0.673031
0.051288 -0.562825
-0.500613 1.621040
-0.855870 -0.502157
-0.295067 1.750294
-0.553139 -0.332601
0.932303 0.844160
-1.600296 -0.413256
-1.138827 -1.125781
-1.548377 -0.393290
-1.418040 -1.468778
1.878627 -0.499092
0.526105 1.330394
2.679133 1.558307
-0.766756 -0.874426
-1.045822 0.182650
-0.524398 0.543780
0.970450 0.036044
-0.831516 -0.478365
1.627543 -0.539891
-1.301800 -0.314792
-0.764432 0.206916
0.518153 -0.051061
0.089668 -0.310149
-0.568923 1.955830
-1.669535 -1.039733
2.303432 -0.273523
-1.207825 -0.388655
-0.116393 -0.630038
-0.782147 0.855898
-0.004059 -1.395511
-1.083175 -0.739426
-0.044785 1.333028
-0.221931 -0.726186
1.167733 -0.153246
3.340445 -0.619480
-1.153992 -0.481267
1.982721 1.506409
-0.690234 0.300411
2.264421 -0.070570
2.287572 -0.279922
-0.733601 0.423841
-0.837616 -0.078244
2.001466 0.206414
-0.373612 0.157995
2.125995 -0.422840
-0.294643 -0.565461
1.015337 -1.572769
1.365025 -0.114306
-1.322360 -0.361455
2.128817 -0.029688
1.894653 -0.158914
-1.532022 -0.289553
-0.226225 1.602722
-0.775592 0.884725
-0.565751 2.077275
2.081658 -0.169756
-0.219111 -1.503154
-1.084777 -0.527819
0.385282 -0.837164
-0.635396 1.304013
-1.009834 -0.096539
0.865604 -0.521981
-1.314788 -1.098586
-0.590364 -0.064980
-0.987950 -0.143246
1.453570 -0.822141
-1.309361 -0.701437
1.985423 -0.313670
-0.815408 -0.932149
-0.777046 -0.735584
-1.087093 0.707177
-0.676973 -0.725686
-0.183443 0.856847
-0.636826 0.435268
0.121568 1.237771
1.924336 -0.216107
-0.639716 0.456536
-0.843852 0.634630
-1.037964 -0.234195
-1.156794 0.936998
-0.399993 1.971881
-0.691429 0.228714
-0.466520 -0.137220
1.164719 2.523694
-0.285092 0.772971
-0.224398 1.131114
-0.716903 -0.831679
-0.532112 -0.903769
1.194680 -0.662561
1.290937 2.274339
-1.267207 0.894903
-0.771815 0.045172
2.153883 0.286283
0.776199 2.067435
2.350293 -0.653693
-0.633579 -1.206139
1.706370 -0.385067
-0.614899 0.586139
1.822910 -0.018083
-0.666422 -0.775168
-1.130835 -0.838188
-1.617744 -0.064797
-0.698340 -0.983224
0.677502 -1.025179
-0.109883 -0.065326
1.759751 -0.008116
-1.130682 0.192024
-1.035015 0.656568
-1.146027 -0.479303
-0.569431 -0.623619
1.676256 0.055773
-0.498010 0.507647
-1.040884 -0.828655
1.234274 0.422073
0.622531 -0.755731
-1.221798 0.729072
0.429021 -0.818750
-1.273605 0.644397
-0.794192 0.522908
-1.005404 -1.305092
2.303128 -0.075036
-0.791727 0.256666
0.782482 2.203662
-1.416597 -0.841652
-1.272801 -0.057472
-1.407874 1.317362
-1.261025 -0.708715
-0.304629 0.609550
-0.273874 0.289474
1.230601 0.864671
1.119587 -0.647468
-0.270427 0.992793
-1.008724 0.715742
1.468813 -0.346100
1.853869 -0.432922
0.753859 -0.532961
-1.183959 0.115837
0.645123 0.477582
-0.812675 1.310803
1.604132 0.131276
-0.483255 0.039179
-0.414820 0.163791
-0.582355 0.658218
0.716560 0.201030
2.262880 -0.151560
1.085801 -0.035506
1.944913 -0.240524
1.531727 -0.700781
0.353486 0.083350
-0.922014 -0.209094
-0.249837 2.296760
2.000110 -0.157191
-0.752418 0.191206
1.659874 0.513884
0.097546 0.265533
0.206129 -0.763305
-0.971559 -1.027740
1.618712 -0.268803
1.884281 -0.420175
1.982909 0.536797
-0.833529 -0.218054
-0.818428 1.114923
1.374485 -0.630689
-1.185799 -0.826157
1.925235 -0.529694
-0.217717 0.048755
-0.623370 -0.130575
1.820104 -0.160214
-0.621435 0.014380
-1.048947 -0.487250
-1.127945 -0.506809
0.929666 1.008128
-0.137674 -0.571179
-0.692698 0.787050
-1.304236 -0.243210
-1.172852 -0.357973
-0.461646 0.919153
-0.117336 1.806710
1.754337 -0.632716
2.013569 -0.321640
-1.385655 0.687572
0.255111 -0.173803
-0.358195 -0.001219
0.948116 0.224741
-1.133773 -0.731797
0.278525 -1.327849
-1.262078 -0.875638
1.437960 1.185301
1.782724 -0.118165
-1.489624 -0.657493
-1.147803 0.585553
1.110037 -0.732532
0.423913 1.139670
0.115471 -0.143425
-1.300479 0.622017
1.787309 -0.007602
2.070199 0.153674
2.182284 -0.198094
2.153673 -0.078928
0.613008 -0.694938
-0.053156 -0.291104
1.843586 -0.086471
-0.399458 -0.252610
1.915658 -0.489518
1.977230 -0.389031
-1.214152 -0.735469
-1.016940 0.108364
-0.933604 -0.785396
-0.796112 1.247047
-1.474125 0.370622
-1.649351 -1.316777
-0.560435 0.383804
-0.413116 1.440224
2.362509 -0.221492
1.475730 0.243292
0.903093 0.278733
0.662703 -0.238132
-0.694766 -1.914156
-0.434085 0.918487
1.239799 -0.603321
-0.776020 -0.913178
-1.441853 -0.991054
-0.471378 1.877412
-0.158683 0.233717
-0.948570 -1.510374
-0.820758 -0.904598
1.228155 -0.136424
2.345390 -0.098914
-1.197295 -0.238141
-0.570946 0.825615
-0.405676 0.596110
-0.996056 -0.512316
-1.546798 -0.928153
3.195464 -0.491892
-0.681632 0.242354
-0.419082 0.392412
0.681325 0.561005
2.306718 -0.323979
2.077278 -0.212260
-0.692123 0.116432
-0.626519 -0.506746
-0.797441 -0.664137
1.937977 -0.055296
-0.207338 0.250448
1.587193 -0.102614
-0.345184 0.173929
0.485431 -1.073966
-0.014125 0.557053
1.772505 0.071755
0.102881 -0.443756
-0.908156 0.512956
-0.515411 -1.480138
-0.793144 -0.645344
-0.646224 0.829342
2.302415 -0.247858
-0.715861 -0.004641
0.367721 1.335703
-0.128651 -0.230414
-1.159854 -1.350550
2.388223 -0.226992
1.888323 -0.156918
2.224723 -0.090960
-0.589797 0.356842
-1.018119 -0.094512
-1.157236 0.137522
-0.165697 1.441940
-1.869197 0.525766
-0.737363 0.023578
-1.003444 -0.647955
-0.543718 0.519589
-0.103909 1.280946
1.549674 0.282279
-0.962840 0.572737
2.190061 0.176837
-1.275388 -0.416668
0.825068 0.362969
-0.738355 0.676492
0.621957 -0.425900
-0.166585 0.092009
-1.545055 -1.448259
-0.777597 -0.925756
1.979693 0.269455
1.846168 0.466673
1.015750 -0.244917
-0.708252 -0.689165
1.071316 -0.542480
1.778756 -0.528297
-0.021832 -0.529274
-1.133686 -0.223449
-0.826343 0.332630
1.820076 -0.006990
-0.690025 -0.198589
-1.168244 -0.549448
1.895662 1.270527
-0.018724 0.194556
-0.575367 1.358769
-0.765171 -0.000480
-0.977113 -1.243883
-0.932354 1.899468
-0.459717 -0.938179
-0.649591 -0.557943
1.316477 -0.262558
1.717125 -0.392352
-0.635828 0.519845
-0.695357 1.172319
1.915983 -0.062727
-1.279750 0.005954
0.739063 0.399710
-0.216974 1.155621
-0.725132 1.516570
-1.594465 -0.173157
-1.684973 -1.838398
-1.312970 0.006198
2.148766 0.080413
-1.129051 -1.495743
0.799697 -0.371989
1.371175 -0.503640
-0.666731 0.969198
2.462202 0.315743
2.120531 -0.387214
-0.382114 -0.733316
-0.755510 0.913191
-0.207255 -0.948826
-1.646118 -0.544213
-0.584050 0.892743
-0.823975 -0.181397
-0.945356 1.367623
0.146342 0.244550
-1.227154 -0.600192
1.922732 -0.505755
-0.354877 -0.249784
0.117380 -0.540301
1.401644 0.009441
-1.056012 0.700244
-0.007949 1.416735
1.290810 -0.086295
-1.083115 0.384986
-1.653513 -1.192838
2.566831 -0.261060
1.648197 -0.356021
-1.668674 -0.252401
-0.753305 -0.577030
-0.196829 -0.471104
-1.341890 -0.284220
2.153974 -0.386633
1.966432 -0.388451
-1.145575 0.321973
-0.527205 0.181766
-0.856468 -1.125546
-0.999400 0.147815
1.702334 -0.207446
-1.067487 -1.507274
-0.882181 -0.651208
2.119813 0.298016
1.888710 -0.376300
-0.525052 -0.586072
-1.456205 -0.610958
1.298335 -0.252674
-0.740082 0.228978
1.837850 -0.601976
2.102808 0.089255
-0.412608 0.324459
0.143988 1.419336
-0.659368 2.150884
-1.288941 -0.024406
-0.306851 0.000883
-0.749049 -0.640468
-1.376583 0.664708
-0.942740 -0.388757
-0.733146 0.107597
-0.136221 -2.292730
-0.932627 0.869028
1.910315 0.114969
1.368065 -0.582745
-0.758247 -1.243640
-0.310062 -0.768391
1.913546 0.343065
-0.233762 0.125155
-1.126712 -0.566825
1.451762 -0.196574
0.346749 1.483196
1.723502 -0.470540
-1.151524 -0.702784
0.047664 2.006137
1.475038 -0.948399
0.520275 1.140883
-1.141484 -0.573623
-0.845668 0.454396
1.413541 -0.535274
-1.250783 -0.638788
-0.653434 -0.060877
-0.956482 0.780949
-0.991800 -0.696932
-0.458213 1.183194
1.974934 0.129298
0.688015 0.569549
-0.843335 0.501581
-0.732387 -0.102483
0.060171 1.760732
-0.350815 -0.394825
2.247145 -0.382667
-0.176560 0.154106
-1.229931 -1.260400
-0.887717 -0.795189
-0.214612 2.540006
1.750044 -0.154318
-0.542395 0.585985
-0.600190 1.193268
2.004458 -0.477596
-0.760035 0.034588
-0.637452 -0.439810
1.854589 -0.161301
-0.710256 -0.543061
-0.615043 -0.595903
-1.193908 -0.619177
2.232986 0.120914
-1.478994 -0.499409
-1.464480 -0.726658
-0.929765 -0.948075
0.399102 -0.183441
-0.758385 1.055692
-1.245024 0.084375
1.277684 0.444435
-1.128000 0.070081
1.421691 -0.086409
-0.899489 -0.914162
1.639643 0.250371
-1.364788 0.244096
2.197455 -0.213794
2.003165 0.109217
2.338334 -0.046683
-0.907950 -0.888517
-0.812439 1.011730
1.790255 -0.231080
3.320609 0.049142
-0.842101 -0.009922
-0.611629 1.218785
-0.866472 0.290928
-0.746090 -0.702113
-0.847315 0.246436
-0.253547 0.084033
-0.293421 1.306524
1.753090 -0.024799
1.766923 -0.392814
2.039103 -0.461971
-0.970914 1.073668
1.531323 -1.280858
-0.959012 -0.035676
-1.101783 0.655931
2.064491 -0.257419
2.436920 0.070449
-0.423926 -0.277590
1.470933 -0.698930
2.165392 -0.251634
1.507043 1.639751
-1.410146 -0.659221
1.033375 -1.358997
-0.764509 -0.751647
2.186677 -0.090838
-0.478488 -1.158523
-1.037676 -0.349849
-0.592275 0.988502
-1.179283 -1.100112
-1.684303 1.264646
0.119307 -0.606781
-0.325103 -0.693582
1.204355 1.395070
-0.633264 -0.482886
-1.420551 1.662484
-0.657488 0.081768
2.309715 -0.278908
1.494362 -1.197710
-1.171610 0.855089
-0.940981 -0.352144
0.927021 -0.087578
-0.474564 2.632845
-0.674443 0.466689
-0.449632 0.073644
-0.122882 0.102178
0.344200 1.281225
-0.942299 -0.150588
-1.179635 -0.752697
-0.859756 0.426462
-0.750937 0.669618
1.111140 -0.020964
-0.338185 -0.058729
-1.514524 -0.012382
2.210560 0.114401
-0.293343 2.234748
1.391213 -0.404607
-1.214082 1.053045
2.346309 -0.296288
0.872201 -0.226216
-0.837370 0.777386
0.070418 0.618073
-1.083384 -0.701385
1.278843 -0.613693
-0.910099 1.734923
1.435937 -0.445969
-0.717341 -0.410491
-0.046901 1.162104
-1.537148 0.097628
2.137772 -0.143130
2.968072 0.117808
-0.931244 -0.434589
-0.183248 -0.990440
0.563246 -0.280458
0.390584 -1.417755
0.497710 0.540466
-0.962339 1.426468
-1.047713 0.272833
2.028099 -0.513042
1.491409 -0.356463
-1.734994 -0.393043
-1.093809 0.776233
-0.616556 1.250008
-1.282343 -1.207395
-0.674099 0.915792
-0.677256 0.010386
2.117412 0.245251
-0.326941 0.653167
-0.368629 -1.624331
2.038682 -0.534108
-0.403191 -0.324835
1.693724 -0.577769
-1.760618 -0.493987
-0.454076 0.224011
-1.031663 1.621885
1.914664 -0.461348
2.004527 -0.247550
-0.285117 -0.836773
2.130295 -0.383629
2.056555 -0.162832
1.945150 -0.253012
-0.926749 -0.614681
0.186212 1.014219
-0.837688 0.005872
-0.781027 -0.042279
-1.413538 -0.716156
1.983555 -0.448346
2.043520 0.377299
-0.758834 -0.550885
1.284806 -0.437050
1.251238 0.052241
-1.102659 -0.502648
-0.387979 -0.045685
-0.092018 -0.302430
-0.240073 0.816177
-1.359161 -0.824029
-0.862888 0.345013
-0.715579 -0.540662
-1.058936 -0.600944
1.934917 -0.133635
0.396411 0.069977
0.434537 -0.577733
-1.550802 -0.367885
2.022941 0.189863
0.984600 0.339650
-0.716959 0.734138
1.773607 -0.404770
0.949266 -0.654465
-0.489129 0.307052
2.211034 -0.292841
-0.028271 0.438487
-0.546707 1.584977
-0.260460 2.236053
0.392444 1.549801
-1.132762 0.596152
-1.038631 0.739102
0.543721 1.445216
-1.034959 -1.248520
-0.113921 -0.050460
0.340601 -0.002657
-1.771424 -1.068144
-0.673221 0.247048
1.558370 -0.037541
2.209943 -0.086786
0.062927 -0.810554
1.384406 -0.372077
1.010522 0.402501
1.164005 -0.768595
2.303665 -0.269065
2.265938 -0.077437
1.888023 -0.226824
-0.117674 0.376775
-0.852688 -0.504139
0.417722 0.279410
-1.321765 -0.229235
2.032874 -0.411243
1.593359 -0.544777
-1.488779 -0.054974
1.955837 0.660109
1.710277 -0.432164
-0.039042 -0.861231
2.291946 -0.210488
-0.933829 1.181664
-1.572890 -0.755952
2.089220 -0.105379
2.095062 -0.399057
-0.860263 -0.333118
1.776972 0.594748
1.581550 -0.002324
0.656556 -0.076975
2.179244 -0.063017
-0.680387 -0.060700
-1.200395 0.329264
1.618152 -0.548751
1.301498 -0.258489
-0.003673 -1.327307
1.339596 -0.125346
-0.662967 -0.565594
-0.631797 0.165131
-0.917137 -0.289249
-0.672415 1.676308
-0.045183 -1.348245
2.272790 -0.125484
-1.191595 -0.667739
1.530752 -0.565247
-1.091396 -1.436575
-1.061434 0.302237
0.236203 -1.443949
-0.403062 0.101368
1.860595 0.692681
-1.103816 -0.109452
-0.018904 1.968665
-1.160702 -0.016038
0.237076 1.347076
-1.105404 -0.352550
-1.410346 -0.264876
-0.129522 1.180578
-0.968202 0.758455
-0.639202 1.620040
-1.199289 -1.290808
-0.489817 0.747625
-1.238816 0.326947
1.098219 -0.565847
1.992882 0.308132
1.377452 -0.481590
-0.805029 0.971584
-0.909638 0.145679
-1.038674 -0.853327
-1.468044 -0.368180
-0.339597 0.087676
2.121747 -0.248748
-0.267614 0.586847
-1.074817 -0.602467
-1.219327 -1.464216
1.293840 -0.387758
-0.357163 0.093586
-1.285172 -0.953453
-1.382459 0.122264
-0.384173 0.120969
2.234681 -0.363841
1.975034 -0.210565
-1.009897 -0.438720
-0.567724 1.387869
-0.277533 -1.227225
-1.123005 -0.458987
-1.111084 -0.088442
-0.945515 -0.000474
-1.288418 -0.561340
-0.522987 0.857179
-0.877142 -0.717372
-0.419648 0.246500
-1.467561 -0.128064
-0.841736 -0.001401
-0.830068 0.220201
-0.554703 -1.521362
-1.894003 -1.100766
0.601203 -1.535246
2.060962 0.288204
-0.894384 0.028970
-1.593771 -1.748177
0.219838 0.186357
-0.654353 0.320356
0.388742 0.192819
-1.358284 -1.454838
1.785368 -0.404092
-0.961413 -1.001330
-0.617383 0.635689
0.161728 1.318062
-0.905442 -0.418208
-1.081047 -1.210731
-0.578019 1.295867
-1.019867 -0.847064
1.117512 0.690524
2.136323 -0.468171
1.453161 0.201257
-1.633905 -0.058356
-0.806135 0.970817
-0.661564 -0.087305
-0.770458 0.472405
0.930580 -0.183441
1.932448 -0.455252
1.578270 1.725053
1.278091 -0.380433
-0.361822 2.517611
1.443724 -0.140165
-0.154263 -0.149823
0.806928 2.027339
-1.454488 -0.648876
-0.500023 -0.780786
-1.356891 0.860487
-0.732975 -0.516096
-0.664256 0.166795
2.010200 0.291203
-0.000749 0.725813
-1.245530 0.823907
-0.359455 1.365599
-0.111872 -1.539624
-0.994324 -0.196617
-0.319052 -0.189674
-1.020362 0.531403
-1.582095 -0.882577
-0.562572 -0.155427
-0.025091 0.425465
-1.706019 -1.184275
-0.586732 -0.428779
1.651035 -0.420038
-1.030391 1.302334
-0.652873 -0.120899
-0.220449 -0.008551
0.287704 -0.018557
0.475768 -0.343605
1.679704 -0.463139
-0.855510 0.404604
1.992270 -0.715456
-1.009261 -0.394649
-0.877920 0.246996
-1.638368 -0.050184
-0.809155 -0.178279
-1.106668 -0.403482
0.779270 -0.191139
-1.102918 -1.189637
-0.664170 -0.340131
2.115255 -0.211034
-0.762992 -0.415787
0.834990 -0.252804
1.572631 -0.579171
-0.840310 -0.073874
0.247131 -1.129052
0.858678 -0.757214
0.803221 -0.019042
-0.307539 -0.242932
-0.630328 -0.487358
-1.800056 -0.118170
-0.991746 -0.227455
2.023861 -0.540012
2.021211 -0.529822
0.356927 0.962271
-0.383268 1.094941
2.273693 -1.092005
-0.315036 0.393121
2.776995 -1.295846
-1.455668 -0.758503
-1.487580 -1.177444
-0.573500 0.173133
-0.009625 -0.410345
0.375657 -0.480063
-0.467120 0.556976
-0.722180 -0.536440
-1.432609 0.536244
-0.339002 0.193847
-1.685991 -1.345001
-0.594209 -0.374902
-0.417957 -0.244115
1.067720 0.112577
1.976503 0.154586
-0.748629 -1.534220
-1.578531 -1.777667
-1.222329 0.268992
-0.879486 -1.090947
-0.301627 -1.259260
-1.003862 -0.125622
1.784306 -0.565846
0.648340 -0.278633
-0.637440 -0.452159
2.274827 -0.087910
-0.512002 -0.670018
-0.053713 0.139828
-0.580924 -0.524738
1.260343 -0.788340
-1.244875 -0.302529
-0.510459 -0.829424
-0.608465 0.841765
-0.344364 0.544447
-1.244723 0.374889
-0.741747 0.200787
-0.399791 -0.031238
-1.005813 -0.648826
0.242254 0.942405
-1.145900 -0.433230
-0.096033 1.587588
-1.469473 -1.023907
-0.882348 0.134139
0.332967 -0.476055
1.902936 1.398189
1.859414 0.453288
-0.539781 0.299827
1.730261 0.126167
-0.331673 0.153163
-0.359227 -0.829297
-1.291171 -0.838745
-0.350055 0.364031
1.639538 -0.067954
-1.335043 -0.378232
1.177774 0.427987
-0.098970 -0.532849
2.311641 -0.214246
-0.167987 -0.270557
-0.413571 -1.110836
-1.258883 -0.046267
1.683152 -0.232266
1.095805 -0.657464
1.878659 -0.213008
-0.526368 0.024148
-0.305482 0.881825
1.899166 0.278540
1.869371 -0.005183
2.194980 -0.203508
-0.110977 0.126614
1.077301 -0.589275
1.916570 -0.611360
1.593843 0.324757
-1.540010 0.050554
1.118842 -0.035314
-0.048747 0.162266
-0.503369 -0.116402
-0.239858 1.562974
2.068908 -0.055816
-0.819836 -0.504857
0.444571 -1.483203
-0.839589 -0.689409
2.101253 -0.185422
0.285526 0.519681
1.195784 1.138505
1.634193 -0.540074
-1.036264 -0.096483
0.269840 -1.216878
2.049724 0.101474
-0.482767 0.326414
-0.594114 -0.282791
-0.474849 -1.222738
1.183740 -0.561737
-0.408097 -0.186891
-0.546931 0.321432
-1.008364 -0.475996
1.643646 -0.262469
-0.493017 0.716373
-0.329164 -0.468249
2.322798 -0.107249
-0.165405 -0.557101
-1.706505 -1.438992
-1.319483 -0.449174
1.533415 -0.716960
-0.956867 1.518512
0.679267 -0.485237
0.796799 0.017688
1.279136 -0.311479
0.902412 -0.861396
-0.610776 -0.626585
-0.888926 0.375477
-0.000747 -0.899111
-0.854820 -0.238045
-1.380789 -1.164945
-1.264250 -0.631772
-0.909290 1.191762
-1.445323 0.856247
-0.438202 0.587555
-1.336835 -1.455512
-1.175605 0.387522
-0.522017 -0.234987
-0.838545 -0.071275
-0.764705 -0.524295
-1.513974 -1.562889
-0.143812 -0.742478
2.830277 -0.066444
1.651344 0.156513
-1.637413 -0.961639
-0.268574 0.160011
-1.124192 -0.436032
-0.857124 -0.988244
0.603089 0.713782
-0.680826 2.057073
-1.714998 -0.336822
-0.534503 -0.223457
-0.307816 -1.585471
-0.757039 0.128446
-0.620980 0.133785
2.252535 -0.120289
-1.486906 -1.282875
-0.561279 0.704970
-0.832505 0.497995
0.344899 -0.923375
-1.206433 -0.514947
-1.323203 -0.978912
-0.458322 -0.271232
-1.686620 -0.251851
0.143555 -0.826050
0.384725 -0.989335
-0.760191 -0.760230
-1.515679 0.297783
-1.013239 -0.166781
0.513971 1.693974
-1.241418 1.766850
-0.495663 0.419199
-1.229708 -0.232859
-0.362787 1.609031
-1.495143 -0.947909
-1.004348 0.252194
0.346170 0.415269
2.007325 -0.439741
-1.132668 -1.177124
-1.427845 -0.985515
2.696735 1.085012
-0.659899 1.190231
-0.815361 0.123187
-0.662739 0.669781
-0.542970 1.171177
-1.077173 -0.973569
1.596636 -0.329083
1.641494 -0.628117
-0.544076 0.475991
-0.048850 -0.901990
0.530914 -0.318112
-0.673263 -0.550596
2.308129 1.539295
0.529065 -0.119263
2.153947 0.444811
-1.443623 -0.340635
-0.494639 1.788144
-0.887807 1.015345
-0.928985 0.707096
0.624008 -0.192401
-1.137523 0.727786
-0.078056 0.259668
2.718451 -0.340798
-1.078796 -1.213263
1.875334 -0.097494
2.351768 -0.103009
-1.103427 -0.683417
2.248001 0.239391
-0.846073 -0.464432
-0.798926 0.199759
0.783480 0.735315
-0.250093 0.077515
-0.439110 -0.266441
-1.069531 -0.335097
-1.113717 -1.301120
-1.082069 -0.809579
2.385994 0.675996
-1.045528 0.286616
-0.354448 0.467922
0.162759 1.823770
-0.472180 -0.343880
-0.337859 0.607895
-1.390684 0.325172
1.380310 1.390332
-0.392777 1.743177
1.574112 -0.662175
-1.298177 0.861417
2.158481 -0.351005
1.476320 -0.677227
0.008625 1.878743
-1.371273 -0.799954
1.965512 0.155950
2.164276 -0.178488
1.474458 0.036413
-1.467815 -0.394094
-0.538099 -0.542017
2.279246 -0.345958
-0.833870 0.413774
-0.499351 0.782638
1.205311 -0.022571
-0.947230 -0.758313
-1.082490 -0.941082
-0.142403 0.480326
0.272985 -0.261618
-0.057700 -0.159814
1.474286 -0.617464
1.105109 1.781479
-0.458456 1.726557
-0.556349 -0.030193
-0.065278 0.476229
-1.060784 -1.252739
-1.636614 -1.444415
-0.988243 0.094429
-0.932969 0.041740
-0.516454 -0.551156
-0.841030 -0.429678
1.166644 -0.338513
-0.038743 0.206488
-0.813937 -0.907965
-0.180601 -0.869393
-1.133402 1.095227
0.267185 1.799565
0.458030 0.165587
1.956483 -0.766840
-1.291640 -1.684877
0.154907 2.282009
-0.232240 0.409205
1.404364 -0.276481
-1.559572 -0.906680
0.050948 0.053667
-1.032992 1.528594
-0.363649 0.422199
1.781899 -0.421103
-1.130457 -0.937411
-0.888987 -0.375565
-0.380496 0.468563
0.832427 0.178000
-1.131923 -0.988409
-0.612324 0.452706
-0.704135 -1.503827
1.613479 0.020392
-0.488172 0.379223
-1.412804 -0.230113
-0.964588 -0.208794
0.882945 -0.310767
-0.572658 -0.618308
-1.450263 0.024290
0.414218 -0.829385
0.540532 0.815076
-1.061093 0.613496
-0.867528 1.583489
0.098907 2.099055
-0.561762 0.861547
1.651016 0.012562
-0.875847 -0.409904
-0.389886 -0.761624
-0.518502 1.191937
-0.453871 1.279970
-0.040864 0.689941
-0.552547 0.055716
1.721777 -0.527077
-0.611473 0.120042
0.974695 0.221146
1.424530 1.003178
1.235027 -0.801934
-1.318767 -0.637938
-0.920081 0.147486
1.547280 -0.875043
-0.751951 0.882570
-0.804372 1.816223
-0.967408 0.219474
-0.955069 0.450678
-0.913726 0.206909
0.401972 1.687213
-0.635324 -0.215424
-0.426672 -0.134588
-0.794137 -0.961348
-1.103077 -0.402174
-0.561291 -0.138060
3.483797 -1.025384
0.505752 -2.045459
-1.439751 0.440210
1.822492 -0.662303
-0.528918 0.482893
-1.005876 -0.600966
-1.246191 0.172035
1.446517 0.115209
-1.041569 -0.244163
-1.034655 -0.017918
-1.527136 -0.702863
2.104246 -0.097501
2.156073 0.127192
1.926267 -0.539380
0.452690 1.543344
-0.292589 -0.599351
1.963773 -0.261967
2.522960 -0.124734
-0.618540 -0.517625
1.060155 -0.348069
-0.914399 -1.367583
-0.403407 -0.275733
-0.376162 0.377681
2.003090 -0.568761
-0.263352 0.904883
-1.204339 -0.374471
-0.751749 -0.374360
0.532009 -0.553162
-0.820306 -1.325294
-0.228214 0.060405
-0.535499 -0.301269
0.827067 -0.986030
2.088120 -0.382110
-1.059604 0.447544
0.736781 -0.204784
0.033121 1.678075
-1.139249 -1.099734
-1.443182 0.690925
0.235283 -0.518589
2.012688 -0.054025
-0.236372 -0.163729
1.503487 0.331942
-0.849268 -0.442163
-1.291955 -1.309923
-1.723116 -0.930595
-0.461298 0.368713
-0.342301 -0.959826
0.283174 -1.007005
-0.053628 1.947573
2.093622 0.278163
-0.632673 0.294238
-0.226708 0.542672
2.323320 -0.165160
-0.985689 0.553138
0.946709 -0.453397
1.595584 -0.083697
-1.021850 -0.264178
1.493909 -0.810558
-1.030007 0.146326
-0.713731 0.926217
-1.329651 0.736801
1.312346 0.275975
2.293451 0.111340
-0.596740 -0.168444
-0.221700 2.031755
2.248819 0.045141
0.378119 0.091283
-1.252764 -1.155668
0.690000 -0.417297
2.905479 -0.575016
2.230346 -0.169815
1.961633 -0.060027
2.226502 -0.115753
-0.827600 1.139320
-0.035500 0.873536
1.372473 0.011079
-0.647701 -0.018998
-0.879296 0.188629
-0.948441 1.567814
-1.194408 -0.861752
0.676079 0.112670
-0.739800 -0.246801
1.858501 -0.222600
-0.980530 -0.261390
-0.266488 -0.621991
-0.614239 -1.062635
1.450913 -0.545919
-0.448247 0.827600
1.228950 1.456054
1.648928 0.087721
2.228167 -0.056271
-1.292941 -0.538156
-0.389095 1.057843
1.005609 0.355168
2.122657 -0.159656
0.759505 -1.542320
-0.833330 0.427276
-1.185085 -0.052098
-1.141674 0.248660
-1.445277 -1.427580
-0.892960 -0.189019
-1.062933 0.093136
-0.463948 -0.170085
-1.251738 1.134282
-0.575260 1.353143
-1.440250 -0.926828
-0.249791 0.441672
-1.361610 0.306572
-0.455284 -0.137356
1.729768 0.027743
0.485943 -0.755267
-1.277060 0.141560
-0.159859 1.971942
0.674536 1.613521
-0.989129 -0.020647
-0.856374 0.350484
-1.291730 0.056595
-0.898906 -1.516701
-0.980684 0.217045
-0.844299 0.836365
-1.436726 -0.024746
0.140179 -0.600736
1.551067 -0.735135
1.710416 0.043678
-0.809142 0.797095
-0.605995 -0.117308
-1.044612 -0.706526
-0.369782 2.185399
-1.279622 0.257476
-0.228004 1.490943
-1.120359 0.225843
0.898722 0.278935
-1.369109 0.255591
-0.077407 -0.192419
0.681870 -0.188522
-0.814987 -1.372261
-0.524601 -0.121831
1.689961 0.216192
-0.670443 0.634701
-1.027003 -0.036694
-0.388809 0.146912
-0.141697 1.703093
1.314083 -0.975683
0.225233 0.311580
-0.887680 0.187712
-0.326871 0.113408
-1.149379 -0.474127
2.126367 -0.209717
1.526351 0.023013
0.019419 0.484481
-0.950457 0.358871
-0.165370 1.286320
-0.406204 1.134225
-0.076772 -0.496198
1.550642 -0.644112
-1.510782 -0.195282
-0.882748 0.101018
1.699989 -0.261084
1.547083 -0.791825
0.723920 2.250663
1.950739 -0.324501
2.212670 -0.448376
1.444683 -1.008565
-0.927293 0.013490
-0.979934 0.389316
-0.433423 2.401667
-0.410755 0.486724
-0.694396 -0.443633
-0.619261 -0.800997
0.241542 0.155132
-0.774990 0.153602
-1.225238 -1.243177
-1.017102 2.076366
2.265342 -0.195420
0.682858 1.674667
-0.116264 -0.282361
-0.517121 -0.438216
-2.049469 -1.139766
-1.770867 -1.204384
0.034043 1.171691
-0.684116 1.154521
-0.733354 1.650411
-1.790096 -1.415249
-0.814091 -0.909948
0.682291 -0.629138
-0.770258 0.478197
-0.214055 -0.618818
1.013749 -0.099329
-0.783366 0.640998
2.189900 -1.333394
1.076239 0.928541
2.226564 -0.269038
1.131228 -0.565593
2.204263 -0.434002
-1.448894 0.261991
-0.131833 1.404805
-1.170347 0.356389
-0.366256 -0.825938
-0.908739 0.935193
0.980307 -0.299277
-1.429709 0.204499
-0.597799 1.877570
-0.795799 -0.218015
-0.940404 0.512788
-1.044625 -0.600696
-1.307832 0.200996
-0.471464 -0.661211
-0.454894 0.937798
1.229397 0.112024
-0.335240 -0.922864
-1.238169 -0.303583
-0.050772 0.554437
-1.253423 -0.930961
-1.153640 -0.899806
-0.226880 -0.054743
-0.536027 1.039331
-0.616433 0.665231
-0.911874 1.233592
-0.095258 2.080185
-1.524812 -0.981313
-1.019615 -0.227256
-1.138624 -0.023499
-0.391249 1.598488
-0.735582 0.115965
2.284968 0.443238
-0.253135 -0.210392
-0.965126 1.742858
-0.948436 -0.151815
-0.376911 1.481300
-0.945231 -0.075210
-0.991012 -1.156378
1.981749 0.065790
-1.130812 -1.741427
-0.273191 0.243873
-0.234881 2.161091
1.041886 0.203405
-0.209888 0.113908
-0.399136 -0.424440
-0.777667 -1.105145
-0.937864 0.591391
-1.297066 -0.640340
1.688089 -0.454578
1.460718 -0.153921
0.210236 0.124281
-0.715320 -0.202086
-0.517895 -0.287184
-0.676149 0.017858
-0.911789 -0.297409
-0.580174 0.441999
-1.105326 -1.184496
-1.337194 0.098292
-0.391190 -0.452681
1.016904 -0.166563
-1.026247 -0.125593
-0.872607 0.786018
-0.386598 -0.765851
-1.242301 -1.406614
1.236913 0.296419
-0.629681 0.359128
-1.331087 -0.521869
1.042168 1.848285
-0.177741 0.401059
-0.596431 0.308195
-0.871149 0.507569
-1.324566 -0.480760
0.333232 -0.420013
-0.140205 1.093942
-1.298328 -1.119126
0.181647 -0.196024
2.175104 -0.115148
-0.242890 -0.179940
-0.922654 -0.469240
2.315230 -0.248313
-1.087560 1.203200
1.823514 -0.307960
-0.531034 0.547047
-0.936716 0.961578
-0.189687 0.630116
2.272425 -0.308041
-1.072639 -0.409503
1.036249 2.254559
-0.751209 -0.281045
-1.323930 -1.404185
-1.546417 -0.924035
0.702385 0.168517
-0.491037 0.117173
-0.679713 -0.392024
-0.235540 -0.243347
-0.489707 0.135828
-0.841397 -0.970356
0.834145 -0.519740
-0.054526 1.102510
-1.387912 -1.361886
0.153027 -1.306302
-0.889321 0.801158
2.279627 -0.271171
-1.315722 -0.157538
0.873615 -0.341870
-1.736016 -0.814430
-0.432660 1.466556
-0.831119 0.963861
-0.928745 -0.151087
2.297689 -0.440585
-0.644985 0.232509
-0.700141 0.762193
-0.706937 0.136538
-1.006059 -1.456622
-0.656770 0.492129
-1.569376 -0.524961
-0.149075 1.578287
-0.702031 -1.209280
-0.035231 0.289886
1.297694 -0.925318
-0.311628 -0.713854
2.238094 -0.340378
-0.095959 0.380933
-0.450709 0.363295
2.200175 -0.553635
1.359065 -0.361609
-0.559386 -1.094622
-0.490551 1.381080
1.670160 0.560106
1.801995 -0.491570
-0.478658 0.797359
1.533957 -0.428012
1.424776 -0.165163
-1.019373 -0.562218
1.778612 0.093168
-0.917626 0.230987
1.979585 0.669522
-0.419810 0.624334
-0.633169 -0.347279
2.279344 -0.213140
-0.705541 0.168377
1.165331 0.145628
-0.638492 0.263367
0.022258 -0.253591
-1.613928 -0.364074
-1.248086 0.438233
0.010038 -0.789787
-1.612668 -1.348115
-0.788644 1.264468
0.699733 1.558209
1.508350 -0.035064
-0.606069 1.266868
2.126651 0.055025
-0.748650 0.597486
-0.619371 1.696639
-1.166863 0.449397
0.565515 0.431663
0.927062 -0.393772
3.125238 -0.203697
1.902223 -0.061233
1.579473 0.431049
-0.428168 -0.510173
-0.422565 -0.671806
-0.821916 0.290243
1.883519 -0.438981
-0.055363 -1.241468
0.683326 -0.853745
-0.925621 -1.304882
3.099041 -0.234013
-0.806470 0.359087
-0.829580 -0.473280
-2.022208 -1.476102
-0.930078 1.460054
2.100992 -0.275044
-1.260510 -0.556274
1.795386 0.029561
-0.601365 -1.317381
-0.814390 -0.279740
-0.445252 1.452948
-0.727087 1.378055
-0.940408 -0.201733
-0.384663 1.761788
-0.528833 0.751360
2.362509 -0.221492
-0.779084 -0.539725
-1.162976 -1.547526
0.997413 -0.788913
-1.070719 0.096452
-0.952754 0.358374
1.830323 -0.610214
1.771278 -0.412569
-0.632621 1.200158
2.165247 -0.170644
1.534432 0.357207
1.148588 -0.715860
0.338610 -0.981982
-0.777507 -0.922838
-0.904796 -1.019028
-0.572514 0.852853
1.541815 -0.179812
-0.997747 1.013709
-0.222326 0.920801
1.583866 -0.840774
2.188939 0.181645
-1.165808 -0.213732
0.087508 1.164877
-1.388771 -0.571960
-0.020006 1.086671
1.306931 -1.096771
-0.415258 -1.008508
-0.435866 0.392428
1.652813 -0.253212
-1.646341 -0.735356
1.707719 -0.536947
-0.767411 -0.237681
-0.313126 0.125451
-0.817258 -0.826254
-0.526618 -1.167489
-1.374279 -0.584451
-0.266551 0.389205
-0.235200 -0.163755
-0.275382 0.145029
-0.173519 -0.320419
-0.719347 -0.001521
-1.047674 -0.791639
-0.511805 -0.245995
1.585027 -0.411391
-1.059029 -0.162711
-0.904304 -0.134631
-1.145167 -0.006529
-0.944878 1.242203
-0.585725 0.084295
2.093348 -0.045503
-0.850033 -0.828868
1.142405 -0.475778
-1.182966 -0.441663
2.189922 -0.137726
-0.477374 -0.341214
1.914131 -0.383651
1.263397 -0.531891
-1.613231 -0.394319
2.026420 -0.169123
-1.065883 -1.353486
0.854933 -0.062162
-0.422302 0.433472
1.751596 -0.392536
-0.621133 2.128277
-0.806613 0.009936
1.226397 -0.015790
2.671751 0.113738
-0.754351 0.967189
-0.634059 0.198531
-0.558186 -1.566824
-0.135147 1.375023
-1.056691 0.174344
-0.253781 -0.534476
-0.279521 -0.142733
1.793784 -0.166566
-1.319853 -0.293898
-0.755521 0.196078
1.591877 -0.012139
1.169934 -0.348420
1.592061 -0.242565
-1.449743 -1.105800
0.455498 -1.325296
-0.863156 -0.570306
1.962725 -2.041946
-0.100913 -1.204036
0.097505 -1.403372
-0.633239 -0.739056
-1.268382 -0.177808
-1.263632 0.638112
0.626824 2.391683
-1.534518 -0.267478
-1.002335 0.238279
0.586846 -0.108758
-0.879616 0.547229
-1.221840 -0.357963
-0.476879 0.175481
1.638704 -0.005567
-0.084844 -0.138131
-2.000387 -2.105305
-0.890751 1.031818
-1.339362 0.931877
-0.205209 0.209018
-0.387067 0.121578
1.873256 0.058830
-0.936885 -0.463604
1.596528 0.337851
2.255055 -0.238268
0.021811 0.327660
2.122350 -0.237697
-0.138097 -0.441491
1.462994 -0.725498
-0.350402 0.220227
0.795471 2.205621
-0.322307 -1.609452
-0.581956 1.038308
2.263177 -0.101788
0.879185 0.164385
-1.451397 0.270591
-1.208119 -0.606121
1.655934 -0.539359
1.987080 -0.318505
1.784387 0.051546
-0.363324 1.728038
-0.481557 0.587347
-0.321896 -1.474076
-0.828332 0.173611
-1.117586 -0.370356
-0.872786 0.037424
-0.958432 -0.274460
-0.283208 1.642790
-0.693519 0.963885
-0.468174 -0.217890
0.947984 1.361126
-0.811121 -0.414533
-0.485752 -0.146862
1.345868 -1.051097
1.906520 0.383007
2.202031 -0.230712
-0.469367 -0.074450
-0.197182 1.533251
-0.299235 0.483207
-0.942187 -0.434677
0.022374 -1.019165
-1.175183 0.241445
-0.037136 1.604025
2.207935 0.281243
-0.843105 0.351092
-0.664002 2.215143
-0.611597 0.533545
-0.466584 1.285590
-0.397125 1.975492
-1.009378 -0.156324
0.359080 -0.704750
-1.022915 -0.199238
1.283281 -0.121552
-0.938158 -0.756431
0.521235 -0.985640
0.471622 1.694820
-0.213557 1.075978
0.046915 -1.159650
-0.753439 -0.407590
-1.121644 0.215752
0.921947 -0.723354
-0.217301 -0.496202
0.733621 -0.297399
-0.404681 0.342097
-1.457035 -0.915171
-0.231112 -0.487027
1.838053 -1.316065
-0.974756 -0.762014
-0.279907 -0.152012
1.891167 0.884475
1.587064 0.031599
1.506432 0.344041
-0.893306 -0.172496
0.284571 -0.336392
1.152535 -0.713373
-0.427843 -0.639172
0.326769 0.632609
0.687449 -0.291846
-0.843691 -0.767125
0.744919 -0.500662
1.891288 0.173467
-0.799662 1.464775
-0.374556 1.037607
-0.569098 0.040338
-0.341795 1.063558
-1.070345 -0.563942
0.850477 -0.449246
1.227118 -0.005691
-1.171580 0.684432
0.459331 1.750244
0.221873 -0.930391
1.789954 -0.395708
1.991917 -0.268943
-1.022006 -0.897960
-0.746368 0.288951
-1.756398 -1.209617
-0.492087 1.334628
-0.871285 1.210395
-1.232488 0.295205
3.178560 0.041553
-0.258077 1.602722
1.048963 -0.544540
2.008863 -0.395716
-1.279789 -0.792768
-0.323537 -0.113530
-1.707853 0.541300
-0.933528 1.161574
0.498323 -0.781174
1.473452 -0.557328
-0.763072 -0.863804
-0.373267 0.075044
-0.953706 0.045217
-0.703222 0.776663
2.198216 0.155871
0.598695 0.358033
0.739651 -1.620312
-0.678536 0.537523
-0.413257 0.884371
1.041414 1.620811
-0.788968 0.910133
-0.123536 1.843331
2.051688 -0.329172
-0.196141 0.735380
-1.085689 0.424519
2.312864 0.147782
-0.081864 -0.622613
-0.555404 -0.432547
2.197531 -0.392137
1.282976 -0.377984
-0.654395 -0.164491
0.413275 -0.788977
-0.429350 -0.476983
-0.219809 0.129470
1.699139 -0.367594
1.002539 -1.003901
1.402643 -0.664264
-1.114367 1.249558
2.337039 -0.027026
-0.816864 -1.434990
-0.127884 -0.455314
0.560249 1.257827
-0.988876 -0.916279
-1.329817 -0.997239
-0.715034 0.078886
-0.309422 -0.213351
-0.750720 -0.561655
-0.743366 -1.289176
-1.250039 -0.445598
-1.198384 0.024376
0.176574 2.107513
-0.761506 0.936977
-0.365220 0.496200
-0.370333 1.381081
-0.754574 0.206102
0.690502 -0.198498
-0.852603 -0.369068
1.593323 -0.312318
0.490742 0.002764
-0.706781 1.172064
-0.295415 0.765896
-0.532837 1.880110
-0.165148 0.371680
-1.426551 -0.338215
0.888228 -0.087756
2.038862 -0.339970
-1.120185 0.285622
-0.808952 -0.522174
0.636031 0.174948
-0.596086 0.333126
1.983199 0.543760
-0.780773 -1.043093
0.467535 -0.224041
2.130214 -0.316167
-0.957713 0.138267
2.195807 -0.122264
-0.524527 -0.238064
-1.070769 0.074749
-1.056649 0.395045
-0.575178 -1.201224
-0.413258 1.150554
-0.862368 0.818616
2.194513 -0.149581
-1.079654 -0.259460
-0.685655 -0.008899
-0.335450 -0.636101
-1.514498 -0.509546
1.979283 -0.120228
-0.243773 0.467082
0.514715 1.582432
-1.032788 0.354575
1.380127 -0.170243
1.666373 -0.045660
2.169722 -0.185629
1.697957 -0.317851
-0.920415 -0.458649
-1.049825 -0.852242
-0.681205 1.710167
-0.820297 0.525203
-1.199238 -0.207505
1.469336 1.158375
-0.790318 0.308489
-0.074641 -0.670585
-0.196633 1.620594
-0.309530 0.308322
2.278373 0.176825
-1.542210 0.079373
-1.033187 1.653886
-0.240739 -0.811901
-0.121778 0.377409
-0.925354 -0.094821
-0.844949 -0.023048
-1.213057 1.550375
-0.496947 -0.554210
1.230200 -0.164118
-1.457043 -0.445658
-0.981388 0.302353
-0.820845 -0.880875
-1.020013 0.263099
-1.820350 -1.192765
-0.222538 -0.589690
-0.601885 -0.820154
-0.733183 0.450505
-1.558894 -1.157024
1.129342 0.257235
-0.849438 -0.119952
-0.051575 1.617159
-0.354032 -0.598098
-0.625563 0.765653
1.972997 0.098886
0.019367 -0.155827
-0.453235 1.549234
-0.325196 1.762086
-0.936676 2.003839
-0.283923 0.754645
-0.918734 0.192459
-0.756008 1.638757
-0.599990 0.289457
0.321619 1.579171
-0.780646 0.704863
-1.093302 1.191150
-1.263565 -0.576089
1.786852 0.127221
-0.326505 -0.366661
-1.690536 -1.176444
-0.527272 0.143677
0.211260 -0.198086
-0.610511 0.849417
-0.610229 0.191790
-0.194014 2.067128
-0.994341 -0.210926
0.920802 0.040704
-0.355190 1.110657
-1.789525 -1.651903
-0.847547 1.315155
0.224522 1.957807
1.276084 -0.645512
-1.265133 -0.247661
-0.993916 -0.761852
-1.259938 0.115785
2.079061 0.273593
-0.863875 -0.519482
-1.467567 -1.827678
-0.635414 -0.842164
-0.845289 -0.237771
-0.686628 -0.398129
-1.084500 0.436767
-0.656178 0.672260
1.884453 -0.373974
0.143363 1.031180
-0.702297 0.549430
-0.705990 0.475560
-1.015580 1.504376
-0.151855 -0.906283
0.894289 1.715418
2.036887 -0.097194
1.158123 -0.560363
-1.557687 -1.006384
-0.381278 0.042032
-0.163487 -0.167392
-0.981922 -1.176232
0.623101 -0.251326
0.384285 -0.278089
0.637442 1.954685
0.643599 1.949399
-0.934435 -0.292053
-0.391833 0.405150
-0.883273 0.534335
-1.299754 -0.747275
-0.962941 -0.160866
-0.869827 0.212678
-0.428843 0.487406
-0.140425 -0.292182
2.289058 -0.007029
1.970730 -0.313226
-0.433541 0.432827
0.194578 -1.125237
-1.015114 0.228087
-0.931959 -0.574990
-0.797744 0.628493
-1.296200 -0.671252
0.333035 2.002552
2.171919 0.042838
-0.904651 0.911684
-0.815688 0.490514
-0.734092 -0.755597
-0.553604 0.935153
-1.636593 -1.079373
1.834736 0.325346
1.952433 -0.319141
-1.150959 0.280650
-1.246183 -1.605422
0.414547 -0.944942
-1.548955 -0.490138
-1.317738 0.202202
-0.442910 0.775146
-0.203579 2.128291
-1.491147 -0.076699
-0.957961 0.469815
-1.459809 -0.945078
-1.232775 0.278838
-1.605288 -0.362356
-0.800993 -0.156297
-0.407712 -0.894815
-0.759246 -0.025813
-0.625010 -0.726085
1.338367 0.060430
-0.849088 0.858038
-1.168842 0.005683
-0.124892 -0.356920
0.133165 -0.472098
-1.584282 -0.626095
-1.521999 -1.390421
-1.076812 -0.520694
-0.049867 1.866336
-0.574013 -0.494257
2.147628 0.367211
1.060164 -0.357101
-1.134687 0.890846
1.677704 -0.779360
-1.155145 0.234659
1.349433 0.083706
-0.912502 0.836696
-0.242255 0.854576
-1.323171 -0.296866
-0.615455 0.868085
0.251002 -1.220987
1.609525 -0.288694
-0.832445 1.001918
-0.396380 1.005422
1.275444 0.704159
-1.547557 -0.425562
-1.244436 -0.478446
1.739279 -0.020591
1.363459 0.390747
-1.075685 -0.879259
1.236605 0.048094
-0.966713 0.980766
-0.599397 0.324929
0.242977 1.771113
-1.022517 -1.062208
-0.996656 0.000713
-0.578985 -1.139835
2.178446 0.042075
-1.801185 -0.931581
-0.740057 1.334300
2.174369 -0.309834
-0.354770 -0.628350
-0.693204 0.162334
-0.778417 0.132449
-1.055295 -0.522675
-0.552327 -0.865873
1.862841 1.075541
0.425212 -0.060498
0.063623 0.101321
0.174547 -0.613865
-1.004606 0.368425
0.373022 -1.500400
1.795473 -0.194648
-0.458692 0.124734
-0.684959 -0.406835
-0.395265 1.365462
-0.931022 0.308711
0.400776 -1.090917
-0.199341 0.143732
-1.082576 -0.950231
0.713805 -0.326052
0.571154 0.003924
1.060251 -0.783560
-1.546866 -1.351705
1.122411 -0.993519
-0.994770 1.031130
-1.060515 0.096795
-1.663071 -1.121446
-1.186152 -1.069866
0.883703 -1.027528
0.036906 -0.777859
-0.937033 0.087359
-0.632442 -0.613745
1.107055 1.298269
-0.968643 0.027205
-0.962189 -1.142746
-1.356260 -0.396097
-0.774902 -0.468361
-0.611779 -0.537887
-1.468043 -1.182228
-0.113431 1.979810
0.516388 -0.730244
-0.891006 0.308768
0.388048 0.785707
1.813353 -0.105290
-0.717672 -0.379427
-0.306991 -1.776557
-0.554859 -0.558516
-1.127567 -0.890636
0.744232 -0.593242
1.701760 0.207399
-1.292233 -0.204821
2.297889 0.059082
-0.797850 0.574319
-0.410308 0.000434
0.373515 -0.668700
0.074052 -0.295132
-1.091252 0.310409
-1.009840 1.722286
-0.435770 -1.070869
-0.594507 -0.800807
0.373467 -0.402644
-0.962456 0.895434
-0.091460 0.392087
0.047544 0.935680
-0.484504 -0.003238
-0.683708 0.615720
-0.550051 -0.279000
-1.167861 -0.096003
-1.168469 -0.487196
-1.514823 -0.341515
1.414069 -0.497021
-0.135251 0.137753
-0.825927 -0.633227
-0.946856 0.697128
2.198228 -0.015734
-0.636220 0.522415
0.181290 -0.042473
1.383486 0.632104
0.337636 0.202450
0.562970 -1.114232
-0.662796 -0.329739
-1.086958 1.247856
-1.550071 -0.834757
1.750755 0.512757
-0.643938 0.497518
-1.590933 -0.316621
1.551239 -0.581472
-1.471692 -0.826563
1.905706 -0.278967
-1.661934 -1.428398
-0.501858 0.437179
0.204950 0.808481
-0.496385 -0.488812
1.278325 -0.320500
1.120489 0.335624
-1.472296 -0.700125
0.504193 1.100756
-1.145766 -0.179063
-0.376188 0.166135
-1.053963 -1.067044
0.796657 -0.939897
-0.130348 -0.520287
-0.480686 1.831667
-1.161052 -1.016527
-1.144663 -0.478696
-1.527898 -0.885956
-1.809293 -1.329396
-0.687850 1.139707
2.252838 -0.402771
-0.784012 -1.225573
3.526330 -0.049714
-0.432580 0.982309
-1.633203 -0.288819
2.163814 -0.407634
1.486133 -0.988124
-1.262163 -0.043444
-1.261387 -0.069427
-0.657751 0.483355
1.438193 -0.075811
-0.803614 -0.270833
-0.011935 0.122251
-0.992063 1.320612
-0.029659 0.030728
-0.014431 1.237177
-0.070113 -1.060290
2.362509 -0.221492
-0.448436 0.332104
-1.680803 -1.341365
2.362509 -0.221492
-1.385185 0.969155
-1.270314 -0.832027
-0.740787 -1.295784
-0.989601 0.814288
2.215215 0.127108
2.309715 -0.278908
-0.909310 0.293221
-0.866507 0.799649
-0.600470 -0.123876
2.379289 -0.057508
-1.420902 -1.407599
2.195592 -0.176696
-0.123447 0.305750
-0.137941 0.978329
-0.504282 -0.277836
-0.727486 -0.604376
-0.565913 -0.294039
-0.645199 -0.606766
1.713163 -0.254368
-0.551183 0.970670
-0.090942 1.626997
1.072264 -0.359151
-0.495623 0.077550
1.841098 0.147956
-0.766805 0.687164
1.013534 0.188607
-1.270493 0.696292
-0.712638 0.704420
-0.123748 -0.141615
-1.294445 -1.177227
-1.340039 -0.223414
-0.682869 1.351772
-1.594179 -0.115756
0.031389 -0.352314
-0.797571 -0.850161
-1.110358 -0.720237
0.924862 -0.447243
-0.935318 -0.571922
-1.052626 -0.592436
1.053492 1.750683
1.788773 -0.487368
2.847585 0.312308
-1.155257 -0.110096
-0.982756 0.360822
0.496921 -0.034333
-1.330542 -0.089500
-1.142627 0.412180
-0.774957 0.456084
-0.228861 0.246640
-0.510109 0.186780
-0.885787 0.870804
-0.617927 1.301957
-0.489074 0.598972
2.250041 -0.173572
0.797057 1.413424
2.235979 0.543004
-1.224559 0.920835
-1.515555 -0.350223
-0.901523 0.031150
-1.517332 0.970203
-0.997251 -1.034238
-0.091650 2.109763
-2.004875 -1.200880
-0.277926 -0.771447
1.009492 -1.815351
-0.425839 0.053831
-1.066360 -0.445433
-0.699667 -0.987662
1.776249 -0.318679
-0.965322 0.478677
-0.066654 1.174315
-0.532383 0.138564
-0.774759 1.288839
1.120260 -1.106959
-1.395999 -0.226763
-0.781388 0.172337
-1.403435 -1.267487
-0.987497 -0.583157
-0.166066 0.654910
-1.237272 -0.176642
-0.966464 0.868223
-1.152312 -0.372626
-0.228131 1.902214
1.548402 -0.199275
-0.821740 0.772191
-1.461839 0.247257
-0.095444 0.163634
1.893155 0.198826
-0.610840 -0.116296
1.891899 0.439197
-0.162002 -0.094712
-0.668098 -0.233737
2.049538 -0.676679
-0.381384 1.027474
1.855567 0.856253
-0.767524 0.789168
-2.098086 -0.078767
1.578761 0.751929
-1.010787 0.677723
-0.408870 -0.515793
-0.629048 1.389970
2.140129 -0.227032
0.323858 -0.282140
1.576945 0.711843
-1.297041 0.068230
1.550793 -0.363992
-0.432525 0.045587
-0.049997 -0.330566
-0.776473 0.135397
1.990107 -0.171171
1.510220 -0.497036
1.519181 0.239510
-1.715958 -1.411279
-0.074298 0.033830
-0.026658 -0.287233
0.908283 -0.984921
1.618192 -0.432654
-0.659393 -1.854864
-0.779009 0.165702
-1.476930 0.322049
-0.203592 -0.602892
-0.743690 -0.669465
1.332753 -0.418751
-1.084864 -0.846998
1.308234 0.064957
-0.528798 0.474988
-1.690012 -0.588944
2.259669 0.009109
-1.324600 0.719527
-0.119271 0.339287
-1.105438 -0.266328
1.775223 0.344851
2.140196 0.797487
-0.015588 -0.930085
-1.030530 -0.118233
-0.816331 0.879344
-1.205452 -1.153911
-0.908382 0.082876
-0.744605 1.354999
-0.350597 -0.273034
-1.565908 -0.165128
-1.014900 0.599920
-0.416962 0.942108
-0.560022 -0.883840
-0.351601 -0.574848
-0.160917 0.760688
-0.733001 0.516479
-0.353973 -0.014349
1.975499 -0.548876
-1.155471 -0.020454
-0.314581 1.012846
-1.432788 -0.789659
-1.312847 0.136696
-0.726952 -0.077093
-1.089520 0.097250
0.299549 -0.816940
-0.405538 -1.276329
-0.152846 0.715727
2.286826 -0.017620
0.795729 1.547833
1.416117 -0.645045
1.834868 -0.147213
1.213434 -0.165888
-1.246808 0.266382
-0.986737 -0.788223
-1.321084 -0.095735
1.770763 -0.506631
2.144847 -0.308454
2.032277 -0.140720
-0.237781 -0.576667
1.756918 -0.109677
1.268599 -0.000154
2.034630 -0.264483
-0.754473 1.001554
-1.002030 0.328894
-0.819883 1.545125
1.300240 0.202660
-1.312576 -0.631432
2.302721 0.330401
1.927954 -0.293699
-1.296961 -0.691584
-1.011852 -0.548561
-1.320600 -0.369529
-0.526957 -0.492209
-0.598537 0.869996
0.064816 1.483457
-1.501129 -0.276751
-0.670117 1.865452
-0.829929 -0.601008
0.102515 1.451367
2.131071 -0.209722
1.327856 0.162214
-2.034558 -0.612108
2.349691 0.151686
1.362358 -0.163278
-1.547910 0.788015
-0.498523 0.880918
-0.910307 0.460479
0.046675 -0.298812
0.044829 1.991485
-0.955311 0.902949
1.697694 -0.838042
-1.080792 -0.387400
0.174547 1.417564
-0.443646 -0.473962
1.536212 -1.103873
0.748400 1.271520
-1.096102 0.530232
-0.657670 0.952881
0.192287 -0.333141
-0.411863 -0.128030
0.412292 -0.995578
2.208154 -0.512900
-0.489528 -0.083313
1.682085 -1.188671
-0.527216 -1.277698
-0.205753 -0.613988
-1.194943 -0.970256
-0.679724 -0.392249
-1.719093 -0.626611
0.674242 1.309008
-1.511056 -1.013369
2.048916 -0.100018
1.296092 -0.875670
1.885383 -0.344891
-0.498179 0.530532
-1.175089 -0.064643
-0.194087 -1.150437
1.197130 -0.531612
-0.498716 -0.332204
-0.965206 -0.505132
1.609746 -0.142780
-1.122493 0.217023
-1.738253 -0.291295
-0.906414 0.214562
1.590407 -0.599077
-0.876971 -0.389765
-0.825062 -0.134652
-0.783338 0.613228
-0.522381 -0.095686
1.795063 -0.407958
1.093629 -0.522490
-1.452866 -1.018706
1.751935 -0.398939
-0.361527 0.268860
-0.521178 0.399597
-2.081690 -1.640552
1.242390 -0.592466
1.615532 0.002103
1.892849 -0.430199
3.121594 0.653522
1.267843 -0.306811
1.924124 -0.150877
0.472718 -0.822095
1.708040 0.092261
-0.552377 -1.577623
-0.307425 1.518632
-1.268315 -0.914150
-1.053284 -0.097068
1.459284 -0.574724
0.780696 -0.045224
1.721791 -0.600220
-1.011061 0.028325
2.180828 -0.103031
-0.857877 -1.009693
-1.230564 -0.861243
-1.671482 -1.475586
-0.511106 1.311124
-0.842175 0.166621
1.452304 -0.413354
-1.130701 -0.309433
0.610640 0.385707
-1.047768 -0.290159
1.082556 -0.875965
0.115983 -0.351052
0.765903 0.458086
0.035315 -0.735114
0.670676 -0.297777
1.791978 0.180133
-1.111103 -1.000882
-0.532641 0.561920
-0.205040 1.311180
-1.229616 0.772239
-0.950304 -1.285878
0.207106 -0.124164
-0.984846 -0.876189
0.574611 0.068622
-0.473375 1.004140
-0.008685 0.401777
-1.017809 -0.330652
-1.102241 1.099903
-0.395105 -0.490185
1.326808 -0.719606
-1.147483 -0.246608
0.960372 -0.513172
-0.735918 -0.219089
-1.115578 0.940197
-0.714891 0.308154
1.935921 -0.335307
-0.657157 -0.288551
-0.213219 -0.028883
-0.773210 0.040078
0.267902 1.754034
2.510094 -1.020197
-0.874340 -0.502252
1.730049 -0.308634
-1.919302 -0.430454
1.958378 -0.534439
1.713824 1.304750
-1.204264 -1.182822
-1.701065 -1.039089
1.490954 -0.220966
-0.631589 1.659388
-0.057117 -0.682485
1.876542 0.154158
1.168477 -0.354590
-0.993319 -0.314003
-0.132806 -0.419308
2.246171 0.084518
-0.647478 0.061100
-1.006632 -1.379565
-0.797733 1.012673
2.179144 -0.273394
1.633826 -0.138927
-0.490680 -0.084648
1.711798 -0.309899
-1.647682 -0.099432
-0.179530 0.066512
-0.344567 -0.335923
0.054904 1.425874
1.664207 -0.188326
-0.792419 0.603700
-0.133071 -0.362481
-1.356551 0.395347
1.860270 -0.166493
-0.762336 -1.053439
-0.370166 -0.569641
0.836602 -0.540516
0.273787 -0.295422
-0.724953 1.394326
0.128865 0.016396
-1.435880 -0.404575
-1.135452 -1.227430
1.355622 0.012616
1.974142 -0.309300
2.058338 -0.062483
-0.041654 1.053534
0.478433 -0.826310
-0.887157 1.878757
0.952995 -0.945899
-0.121966 1.976955
-1.204758 -0.051323
1.121942 0.114687
-0.383383 1.391066
-0.122722 0.226325
1.794493 -0.633292
0.604046 -0.665557
1.374140 -0.369411
1.939288 -1.122964
-0.459733 -0.276936
-0.186686 0.376555
-0.179530 0.066512
-1.270386 -1.612910
-1.185055 -0.436362
0.380666 0.016857
0.127601 -0.140376
-0.920016 1.012223
-0.865447 -0.744630
-0.168910 -0.194572
0.470669 1.190448
0.583890 0.288346
-0.687662 0.630012
1.628734 -0.271438
-0.870829 1.246386
-0.933437 0.138439
-1.087651 -0.101108
0.606689 0.089162
0.852760 -0.957292
0.706213 -0.135601
-0.184549 0.251497
1.777663 -0.095772
0.294134 -1.269945
0.234699 -0.370203
-0.835104 -0.163464
-1.077697 -0.259299
2.197531 -0.392137
0.707326 -1.342902
-0.800387 0.235052
-0.797278 -0.337812
1.341145 1.777344
0.588495 -0.893740
-1.625838 -0.812438
1.074633 -0.769695
2.309947 0.123855
-0.687721 0.904163
0.455504 -0.154946
0.043467 0.380046
-1.110065 -1.353065
-1.031753 -0.138363
-0.575507 1.345767
0.510304 -0.153580
-0.424166 0.966735
0.428109 -1.496512
-0.538289 -1.071138
-0.053646 0.150408
1.836815 -0.206407
2.113007 0.071187
-0.896849 -0.868207
1.598153 -0.945382
-0.892728 -0.209622
-0.490674 0.201260
0.869060 -0.333002
0.320453 0.719704
-0.645753 -0.241637
1.707066 -0.723888
1.235403 -0.376536
-1.514805 0.602147
2.152764 0.087643
-0.447601 0.252669
-1.887064 -0.980142
-0.533787 0.486049
-1.096987 -0.371277
-1.832288 -0.741874
-0.920688 -0.518977
-0.498117 -1.134962
-0.422554 -0.266032
-0.490186 0.233521
0.379571 -0.084705
-0.472335 0.452324
2.040316 -0.783168
1.083899 -0.858474
2.190784 -0.200752
-0.948766 0.314589
-0.899222 0.807759
0.131633 -1.054925
-0.615889 0.684333
-0.992216 -0.216582
0.039764 -0.402184
-0.729935 -0.652122
-1.085126 0.497773
-0.582170 -0.400237
-0.531019 1.565797
-0.228072 -0.183523
1.454870 0.204024
1.609525 0.423123
-0.531748 -0.408608
1.561340 -0.475220
1.943239 -0.202263
0.004214 1.735363
-1.380427 0.345852
-0.723717 0.064792
0.680754 -0.692014
-0.471146 -0.266407
0.141918 0.253455
1.286819 -0.815080
2.181657 -0.123099
-0.138759 -0.498209
-1.133995 0.901172
-1.797756 -1.543352
-1.228147 0.135687
-0.591435 -0.654817
1.572592 0.314140
-0.565143 -0.350159
1.188762 0.896950
-0.973001 1.007131
-0.763712 -0.715565
1.737437 -0.056564
-0.385913 -0.384343
-0.654220 1.982668
-0.561719 1.577625
-1.561828 0.381199
1.491349 0.150201
-0.168635 0.651470
-1.999829 -2.027304
1.814733 -0.661868
1.354251 0.687863
2.147034 -0.270367
2.134456 -0.308569
-1.450675 -1.315099
-0.445490 -0.161006
0.518064 -0.417303
-0.053611 0.056976
-0.536448 -0.737412
2.127712 1.501071
-1.776546 -1.008796
2.139669 -0.173749
1.208517 0.026736
1.914487 -0.416252
-0.576092 0.969528
-0.938380 -0.251751
1.318070 0.105481
-0.966473 0.043260
-0.482445 -0.318992
0.258772 0.379887
-0.761169 -0.103165
-1.284655 0.357803
1.013591 -0.022879
2.158662 -0.267346
-1.117330 -0.495927
-0.115916 1.133340
-0.463703 -0.239439
-0.956613 -0.440363
-0.712472 0.518324
0.453422 0.073361
-1.349363 -0.250420
-0.971964 -0.703127
2.235275 -0.175567
-0.969809 0.507870
-1.211060 -0.217357
1.278489 -0.893754
1.778228 -1.293007
-0.539937 0.409452
-0.970029 -0.594395
0.884127 -0.688955
-1.462132 -0.650257
-1.617343 -1.792316
1.913141 -0.492425
0.868347 -0.202079
1.183028 -0.585542
2.291652 -0.082937
0.403639 0.127916
-0.969262 -0.707071
-1.518046 0.257054
-0.066869 0.539285
0.177196 -0.250613
1.684928 0.147426
0.410386 0.189885
-0.890144 0.373615
-0.844130 0.178315
-0.966527 0.904766
-1.328420 0.778042
1.865222 -0.511576
-1.609471 -0.695700
0.315365 1.818199
2.141316 -0.418137
-0.633132 0.416844
1.846195 -0.470406
-0.888509 -0.033783
2.191667 0.166392
-0.867664 -0.495051
1.471211 -0.287990
-0.450396 -0.267622
-0.894966 -0.649880
0.613296 0.757647
-0.576822 -0.262271
1.290016 0.373661
2.306549 -0.347929
2.014262 -0.269790
0.507767 0.812783
-0.892385 1.158679
-1.048940 -1.465092
2.016763 -0.291392
2.079385 -0.232658
-0.685344 0.435227
0.427613 -0.176032
0.729220 -0.061028
-0.127466 -0.407973
1.976110 -0.180246
2.111083 -0.354120
1.009376 0.202881
0.084526 1.329316
2.272969 0.137157
-0.336596 0.668881
-0.251155 -0.166323
-1.342206 -1.172122
-0.546418 0.865421
-0.555972 -1.429338
-0.756039 -0.809561
-1.150335 -0.325241
1.861081 -0.367386
-1.473948 0.201996
-0.652891 0.020096
-0.511403 0.339794
0.344117 0.362131
-0.231119 0.940461
2.210291 -0.109695
0.797117 -0.793742
2.137978 -0.169806
0.469617 -0.466864
-1.368946 -0.454427
0.276584 -0.108323
-0.781401 1.087389
2.034015 -0.511056
-0.375274 0.263980
-0.852378 -0.495724
1.069040 -0.888108
1.962984 -0.657423
0.486036 1.285858
0.256912 1.460639
-1.378880 -0.384437
1.620882 0.666881
-0.920097 0.827138
-0.575221 1.280771
-0.078217 0.407157
-0.211939 -0.405726
0.232002 -0.820868
2.130856 -0.160663
-0.789987 -0.295638
-1.741672 -0.511914
-0.857868 1.620191
1.610508 -0.319526
-1.615504 -0.099745
-1.183247 0.475174
-0.692345 -0.209521
-0.210580 -0.587459
2.191415 -0.197473
-0.058119 0.208617
1.470671 -0.507843
-0.459505 -0.497983
1.326247 -0.254408
0.132539 0.507322
0.380332 2.339840
1.271083 -0.348557
-1.109298 -0.688614
-1.439378 -1.149788
1.830194 -0.429554
2.264265 -0.232734
1.651314 0.429945
1.403215 -0.431294
0.728543 -0.099401
-0.536904 0.188031
-0.689657 0.057707
1.762577 -0.470566
0.222363 -0.954383
0.427665 0.037193
2.388223 -0.226992
-0.286336 -0.260797
-0.012386 2.276235
0.952427 -0.319652
2.304314 -0.327488
-0.546555 -0.099175
-0.864559 0.607587
-0.937210 -0.311952
1.467180 -0.272450
-0.806976 1.750838
-0.607209 1.093117
-0.720231 -0.237614
-0.638415 -0.586188
-0.998507 -0.790585
-1.571962 0.337006
-0.185649 -0.267910
-1.179740 -1.262041
1.338785 -0.725297
-0.067986 -0.724650
-0.751432 -1.177342
-0.622862 0.685836
-0.793802 0.039560
-0.978455 -0.379875
1.276003 0.111043
-0.732209 0.098319
-0.098645 1.159698
0.249678 -0.450875
2.069249 -0.359238
-0.556287 0.015870
1.731286 0.290295
2.328224 -0.345140
-0.256042 1.413134
1.010367 -1.703311
-1.461379 -0.430069
-0.135642 -0.397871
-0.824147 0.483260
-0.909644 0.500186
-0.774025 0.550440
-0.769461 -1.098547
-0.723709 0.994887
-1.395211 -0.010773
-1.433751 -0.493832
-0.557162 0.095478
-1.207367 -0.570556
-1.563443 -0.959061
1.048322 -0.938683
-0.995858 0.600932
2.317660 -0.215988
0.943832 0.052578
0.605152 -0.838979
-1.293400 0.233371
-0.905593 -0.896467
-0.592795 -0.234401
-0.338564 0.008052
1.906090 0.268398
-0.073012 1.867993
-0.265295 -0.687573
-0.869654 -0.379139
-1.149158 -0.602263
1.095926 -0.746565
1.787852 0.034511
-0.950355 -0.634120
1.959397 -0.111889
-0.106178 1.525311
-0.064411 -0.806440
1.497812 0.315912
-1.326836 0.739378
1.393213 -0.819236
1.462922 -0.641024
-1.020583 0.315587
2.163957 -0.498051
-1.444923 -1.310671
2.100584 0.368267
-0.386663 0.690299
-0.923338 -0.842275
1.785271 -0.437831
0.401837 -0.648615
-1.428625 -0.801262
-1.334151 -0.387626
-0.997455 -0.230078
3.597989 -0.329666
1.720851 -0.528955
-0.120257 0.611894
-1.297405 -1.148925
-0.576555 -0.024659
-1.314575 -0.604997
1.573453 -0.538523
0.019947 -0.889260
1.961047 0.789158
-0.896018 -0.540002
-1.269104 -1.571363
-0.325149 0.741152
1.974862 0.272522
-0.707879 -0.711316
-0.157474 0.111534
-0.319367 1.687240
2.142689 -0.149411
-1.386101 0.634736
1.981918 -0.208327
0.067872 -0.712911
0.884783 -0.683593
-1.054507 0.117465
2.007001 -0.119548
-0.577560 -0.619320
2.438925 0.158682
0.773567 0.271603
1.398076 -0.254232
-1.238054 -1.435089
-0.714160 -0.317893
-0.616981 0.099030
-1.336336 -0.314321
-0.436690 0.087560
-1.568522 0.840578
1.123298 -0.702668
-0.808201 0.666956
-0.535160 -0.961529
2.240046 -0.200536
-0.879356 0.791446
2.141908 -0.147732
1.926001 -0.580608
-0.914786 1.004329
-1.003852 -1.013085
0.265661 2.813737
1.599414 -0.504022
-0.409111 1.884950
-1.480357 -0.600982
0.700231 0.574047
-0.016319 0.924960
-1.074605 -0.595730
-0.799453 0.839527
-0.463703 0.234675
-0.900244 -0.310838
-0.283051 0.772624
-0.225271 -0.124164
-1.135339 -0.996964
1.833067 -0.305173
2.448973 -0.382318
2.548833 -0.590626
-0.589654 -0.299176
-1.506733 -0.406203
1.113386 -1.461192
0.108027 -0.851564
-1.407600 -1.055279
-0.736590 1.645565
-1.224892 0.436370
1.157915 -0.211506
-1.130193 -0.053316
-1.210217 -0.870304
0.232482 -0.390790
-0.302159 -0.307097
-0.588609 1.640917
2.225830 0.359610
-1.571395 -0.419201
0.004644 1.309504
-1.180720 0.836440
-2.188614 -0.945219
-0.840537 1.180712
2.067706 -0.347293
-0.561868 -0.454044
1.495805 0.222047
-0.806920 -0.328948
-0.773982 -0.068954
-0.728355 -0.211624
-0.853983 -1.374115
-0.261197 -0.350889
0.109109 1.336199
1.659328 -0.393725
-0.657439 0.406393
-0.144541 0.093965
-0.434532 -0.330376
2.030138 -0.075549
-1.124127 -1.236763
0.796314 1.720389
-1.540647 -0.399780
-0.998192 -0.365567
-1.400257 0.917977
-0.722419 -0.237525
-1.244863 -0.468536
1.827717 -0.593892
0.022734 0.243811
-1.952783 -0.869000
-0.294999 0.196449
0.372441 -0.314049
-0.431960 0.984538
-0.256878 -1.011369
0.021293 0.544499
2.175322 -0.935026
-1.091357 -0.492504
1.035256 -1.713332
-0.295101 -0.011822
-0.718942 0.704128
-0.690337 -0.844460
-0.775041 0.934665
-0.508560 1.117878
-0.348875 1.032171
1.678597 -0.288511
-0.090949 1.470724
-0.089486 0.212752
0.372958 0.689114
1.936340 -0.667824
-1.566888 -0.806661
-0.381151 0.986065
-0.716559 1.465142
2.067962 0.046792
-0.924725 -0.522221
-0.848759 -0.045652
-1.056051 -0.179967
1.721414 -0.232023
-0.427211 -1.006391
-1.000661 -0.461086
0.818315 -0.380665
-0.552945 1.389181
-0.962075 0.424526
-0.242249 1.006561
1.638116 1.628074
0.060002 0.213421
0.085563 -0.008668
-1.051782 -1.051918
-1.444408 -0.623590
-1.070136 -0.555265
-0.707561 0.450476
-0.982041 1.555086
1.841943 -0.306842
-0.618069 1.145056
-0.378775 -0.284594
1.910713 0.028736
-1.298069 -0.231321
-0.396109 -0.627643
-1.262545 -2.198569
-1.114619 -0.080596
1.169119 -0.342881
1.625288 -0.587162
1.216489 -1.030580
-0.770825 2.809379
-1.359717 0.757682
-1.129183 0.378610
1.673650 -0.730278
1.293629 -1.776908
2.166695 0.314058
2.058811 -0.176038
1.194173 -0.411041
2.011379 -0.378702
-0.470868 0.555169
-0.485223 0.470771
-0.084460 0.115437
-0.827113 0.832639
-1.180719 -1.330415
-0.381509 0.440218
2.075095 0.058068
-1.797052 -1.088191
-0.890430 -0.014613
1.883757 -0.539255
-1.437385 -0.663108
2.125103 0.228364
1.047007 -0.205857
-0.629142 -0.899852
-1.045669 -0.808301
1.409187 -0.331046
0.575942 -0.663268
-1.298633 -0.258453
0.422810 0.096237
-0.069600 2.425411
0.699878 0.275272
-0.733351 0.354388
-0.932124 -1.119030
-1.149530 0.065521
-1.102069 -0.401804
1.969823 -0.678686
-1.424587 1.415980
0.038649 -0.560724
-0.135257 0.574525
-0.803345 0.717846
-0.646097 1.564528
-1.292038 -0.164852
0.572085 -0.590765
1.203129 1.889223
-0.654794 -0.419535
2.290018 -1.350910
-1.327399 0.372346
-0.141228 1.158619
-0.359550 0.668467
-0.283592 1.141296
2.261475 -0.199690
1.911301 -0.184864
-1.335289 1.003984
1.567405 1.902889
-1.884592 -1.074626
-1.090508 -0.458365
1.330821 -0.316210
-0.838503 -0.214042
-0.593261 0.573746
0.208142 -0.692663
-0.885601 -1.032246
-0.316494 0.464788
-0.136421 1.301778
-1.310424 0.428641
-1.063200 -0.915290
-0.400468 0.702075
-0.532691 0.337848
-0.788186 0.008534
1.708533 -0.167224
-0.032572 0.210078
-1.116014 -0.341190
2.164048 -0.509298
1.559076 -0.148264
0.181240 -0.078528
1.575094 -0.898298
-0.517750 1.053083
-0.625904 -0.792230
1.865274 0.069314
-0.701932 0.719855
1.872373 -0.252612
0.715195 0.327904
0.998854 2.066706
-0.189437 1.971788
-1.481903 -0.137089
1.192386 0.538779
-0.801722 -0.797642
-1.203368 -0.505036
1.902663 -0.342320
-0.907313 -0.403234
-0.173690 1.607637
1.815935 0.174141
0.547284 0.059054
-0.893315 -0.479467
-0.178305 1.606497
0.740307 0.014495
0.415419 -1.652876
-1.045085 0.412459
-0.251810 -0.627500
-0.937573 -1.152127
-1.040978 0.539108
-0.471628 0.874967
0.033008 -1.866732
1.278080 -0.627971
1.948102 -0.371994
-0.756387 0.772559
1.705878 0.641160
-1.726885 -1.040127
-0.975167 0.398899
-1.543367 -1.932567
0.323784 -0.340069
1.927884 0.316814
-0.433736 -0.707219
-0.959876 1.468624
-0.766201 0.533501
0.008086 -0.789546
-0.711185 -1.488664
-1.009840 0.309733
-0.987891 -1.038707
-1.786586 -1.703006
-0.482191 1.640288
0.967632 -0.390115
2.039949 -0.457320
-0.703707 1.738085
2.064168 0.516730
-0.839265 -0.787930
-1.557236 -0.344197
-1.426492 -0.771047
-1.012589 -0.880370
-1.866061 0.303342
-1.335097 -1.377557
-1.552545 -0.545971
3.066135 -0.483056
0.987324 1.148164
-0.961643 1.009749
-1.028952 -0.985147
-0.763230 0.887894
-1.085389 -0.348186
-1.334435 -1.162863
-0.906008 1.235310
-0.827983 0.122056
0.719110 1.788798
-0.928456 0.216448
-0.879607 -1.072441
-1.209836 1.141506
-1.118640 0.347449
1.975002 1.072861
1.257990 -0.609701
-0.023925 -0.310903
-1.111579 0.615159
0.734991 -0.562892
-0.250074 -0.235915
-1.110212 0.124945
2.323355 -0.322407
2.161978 1.442479
1.547817 -0.324384
-0.773824 1.146802
-0.239318 -1.070094
-0.840084 0.382483
1.516523 0.118489
-1.223435 0.223018
1.725615 -0.552761
1.628029 1.229053
-0.666320 -1.029787
-0.947217 0.987518
-0.582960 -0.822283
-0.467683 1.838489
0.157705 -0.443686
0.344238 1.694845
2.317660 -0.215988
0.584696 1.592002
-0.715208 1.454838
-0.465497 0.433957
2.362509 -0.221492
-0.676003 0.249007
-0.535683 -0.785975
0.997598 1.719120
-1.611041 0.441842
2.000342 -0.191887
-0.304940 -0.557344
-0.849463 0.209786
-1.702642 -0.090820
0.686319 1.388853
-0.129183 1.459964
-0.982027 0.116778
1.584158 -0.880351
0.798345 -0.756337
1.640656 -0.187311
-1.280611 0.025634
-1.179669 0.220299
-0.500309 -0.749299
-0.675360 -0.227777
-0.627770 0.332622
1.914831 0.009059
-1.029340 0.301323
-0.916079 0.108939
-0.402611 -0.003201
2.303423 -0.317920
2.082238 -0.616863
1.534640 -0.579204
-0.750775 -0.264410
-0.896502 0.899184
0.139252 0.569512
0.040588 0.335170
1.277551 -0.734688
-0.228765 0.243950
1.527272 -0.787198
0.269738 0.380249
-0.178458 2.480456
-0.819664 0.614148
1.829743 -0.205617
-1.032296 0.104277
0.545079 -0.081379
1.767060 -0.053227
1.958651 -0.611739
-0.209451 0.456433
1.144531 -0.313008
-1.123109 -0.085963
-1.417974 -0.030750
0.203008 0.413363
-0.699357 -1.126375
-1.316526 -0.077112
-0.426593 0.580992
1.526830 -0.417385
-1.361520 -0.058507
0.169371 -1.162860
0.220478 -0.001008
-0.560379 2.211918
-0.391775 1.362129
-1.524859 -1.213746
-0.932734 -0.513472
1.148330 0.677824
-1.273894 -0.330702
-1.064964 -0.631994
-0.856133 0.623258
-1.371582 -1.134538
-0.906762 -0.936659
-1.101688 -0.588013
-1.322497 -0.628952
-1.415357 -0.943107
1.036708 0.118439
1.895729 -0.252989
2.006603 -0.068645
-1.170854 1.287437
-0.864607 -0.567861
0.748223 0.492830
0.513432 2.074323
-0.763150 1.445090
-0.699188 -0.749322
-0.187952 -0.275220
-0.417782 0.915634
1.873371 -0.541269
-0.495644 0.449512
-1.416151 0.535823
-1.243600 -0.220538
1.289321 -0.611411
1.032727 -0.262996
-1.780099 -1.327145
-0.649432 0.287729
-0.788201 -0.022630
0.715644 0.235835
-1.494978 0.123470
-0.062482 -0.340093
-0.547198 1.491860
1.424595 -0.458964
3.141557 -0.333150
1.878807 -0.536111
-1.016634 -0.897726
-1.211457 -0.043407
-0.445981 0.208095
0.151244 -1.303924
2.053597 -0.049566
1.250156 0.493501
1.822425 0.026060
-0.729291 -0.141738
-0.850285 -0.285782
0.155793 -0.225058
0.070656 -0.125239
-1.604861 -0.148558
-0.262845 0.279843
-1.106008 -0.153122
-0.837144 0.404003
-0.728568 0.309286
2.062189 0.041724
-0.210490 -0.207576
1.304208 -0.305143
1.556343 -0.570998
0.272126 -0.090714
-1.676060 -1.395544
-1.248988 -0.620182
2.362509 -0.221492
-1.003121 -0.264391
-0.707458 -0.801351
-0.504929 0.376814
-0.843781 1.083896
-0.408721 0.659874
2.122604 0.296098
-1.014395 0.257817
-1.318046 0.755576
1.862937 2.027029
-1.404981 -0.911761
0.991313 -0.894484
-1.200740 -0.309232
-1.068650 -0.616385
-0.833520 -0.298763
-1.152107 0.336659
-0.039900 2.117315
0.170162 1.709446
2.267490 -0.077749
-1.027867 -0.646261
-0.564235 1.198058
-0.402245 -0.790397
-0.768173 -0.200998
-1.282846 1.601879
1.936765 -0.660858
1.329479 0.028116
-0.814136 0.184737
2.123081 0.071495
-0.556362 0.542958
-1.252046 0.157733
-0.873678 0.784564
0.905337 -0.486438
-0.748505 -0.477175
-0.799190 -0.247468
-0.625876 -0.719587
-0.122177 -0.148682
1.239424 -1.568188
-1.742746 -0.488231
-0.914360 -0.060496
-0.103317 -0.755041
-0.388774 -0.585820
-0.627011 0.989326
-0.902012 -0.416596
-0.423269 1.246453
-1.341170 -0.285158
2.123434 -0.475304
-0.393044 -0.691814
-0.026568 0.087588
-0.790494 0.180867
-0.450000 -0.937288
-0.135406 -1.071434
-0.492614 -0.295632
2.198328 -0.391209
-1.020760 -0.323219
1.045711 -0.232868
-1.198569 -0.427276
-0.965194 0.217392
-0.179530 0.066512
-0.818636 -0.372295
-0.943826 0.449092
1.335270 -0.079837
-1.152045 0.581121
0.123725 2.311702
1.308148 -0.864156
-1.042814 -0.667233
-0.642833 0.744813
-0.479923 -0.962164
0.947782 -0.999309
-0.437281 -0.456322
0.936422 -0.818402
1.215299 -0.546785
-1.398882 -1.361930
0.338607 2.250017
1.859653 -0.414149
-1.211607 -1.650726
-0.821545 -0.489389
1.532594 -0.253520
-0.613813 0.933526
-1.362307 -1.444906
-0.444536 -1.023280
2.080286 -0.557070
-1.474683 -0.424685
2.362509 -0.221492
-0.674722 0.811853
1.982413 -0.575949
-1.340891 -1.016569
1.592886 -0.266385
0.528670 0.462417
0.254436 2.717855
-0.839838 -1.034868
-0.735102 -1.053449
-0.308593 -0.528076
-1.527188 0.107779
2.013601 0.176294
-0.357258 -0.076256
3.012755 -0.597864
-0.266323 1.452072
1.941140 0.686563
0.702673 0.209264
1.360533 -0.291827
2.216229 0.162445
-0.653902 -0.333125
1.895054 0.103484
-0.556366 1.042885
0.344017 -0.017744
1.595598 0.065245
1.882864 -0.568147
-0.749746 -0.545209
-0.689181 0.424799
-1.649779 -0.864135
-0.134474 -0.952030
-1.223820 -0.944108
1.883179 -0.304210
-0.960131 0.916822
-0.732354 0.215048
-0.341703 -0.616624
1.393643 0.144438
-0.588416 -0.903524
1.807728 0.883829
-0.652962 -0.001067
-0.904281 -0.791897
2.230376 0.203726
1.138609 0.299301
0.267140 -1.671606
1.221274 0.041845
-0.617023 -0.247042
0.070469 1.664339
1.729821 0.473381
-0.868093 -0.397766
0.968563 0.230807
-0.999458 -0.886256
-1.254067 -1.116223
-0.770663 -0.578426
-0.946239 -0.911004
0.187580 -0.543932
1.720162 -0.256686
-0.135876 -0.066569
1.904062 -0.478800
1.005396 0.042595
-0.385407 -0.711621
1.779664 -0.040399
-0.411495 1.330607
-0.850679 0.132974
0.380268 -1.263400
-1.751469 -1.031686
-1.215405 0.401116
-0.730292 0.337611
-0.718030 0.630171
1.990358 -1.004110
-1.187175 0.287900
-1.617285 -0.015816
-0.429140 0.214319
0.045911 0.768898
-0.858451 -0.035425
-0.634565 1.657045
-0.783329 -0.386507
2.011129 0.521658
-1.127383 -1.219509
-1.041963 -0.424727
-0.782514 -1.049745
2.023210 0.024366
-1.108962 -0.236636
-0.696329 0.790350
-0.143650 1.251364
1.322625 -1.297320
-1.458259 0.387714
0.921705 -1.003685
-0.516909 2.464203
2.714136 -0.960359
-1.030447 0.209869
-0.862193 -0.206725
-1.135372 0.394243
-1.459625 -1.137314
2.156399 -0.233072
-0.766189 -0.003086
1.661919 0.123447
-1.067074 0.527880
-1.179739 0.076502
-1.219464 0.070566
-0.763847 -0.230774
-0.547965 1.192889
-0.784717 0.434427
-0.718786 0.989293
-1.018682 -0.844082
-0.033944 1.941254
-0.635459 0.170857
1.822686 1.073807
-0.585498 1.564676
1.889805 -0.558290
2.206779 -0.210864
-1.334714 0.935806
0.298708 0.629317
2.388223 -0.226992
-0.717816 0.081468
-0.437338 -1.331608
1.355619 0.286050
-0.633090 -0.729584
-0.753819 -0.234485
-0.851135 0.214843
-0.323948 -0.342418
-0.319755 2.153424
2.094742 0.134246
0.713544 0.231668
2.091657 0.435820
-0.674611 0.065562
-0.340625 0.996284
1.173087 -1.082239
-1.013866 0.845525
-0.541209 0.833612
-0.403964 -0.299303
-0.752360 -0.322338
-1.351275 -1.094671
2.001903 -0.387158
-1.281418 0.907640
0.996522 -0.772485
2.178395 -0.236930
-1.263650 -0.467322
-0.385594 0.474522
0.255336 0.311557
-0.510734 -1.028877
-1.297712 -0.289122
1.560126 -0.297364
0.323449 0.535346
1.632413 -0.331320
1.808303 -0.197206
-1.037095 -0.449962
1.276637 -0.018644
-1.942108 -0.965455
-0.620506 -0.672270
0.125083 -0.280751
-0.096252 -0.195190
0.063109 -0.179272
-0.407090 2.224356
-0.755455 1.300756
-0.796259 -1.302619
-1.167877 -0.225788
-0.091917 1.391730
0.560468 -0.643150
2.144282 -0.292057
0.319056 -0.247403
-1.555715 -1.632335
1.887088 -0.331444
-0.731371 0.415400
-1.232032 -0.388625
-1.440996 -0.799009
-1.249926 0.089099
-0.908468 0.506044
2.295193 -0.145522
-0.844580 -1.160017
1.861402 0.182976
2.173174 -0.074653
2.314142 -0.117368
-1.050819 -0.318351
-0.448923 0.222386
-0.047652 -0.384090
-0.095540 1.079322
-0.692950 -1.056359
-0.587602 -0.403941
1.245835 -0.416216
1.391757 1.693384
-0.283348 -0.260681
-1.273953 -0.070433
2.007012 -0.231458
-0.545977 0.626424
2.219523 -0.374020
0.457040 -1.281472
-0.710683 1.122924
-0.673468 -0.173928
1.457870 -0.952231
-0.604264 0.989808
1.683271 -0.532816
-0.673858 0.215468
1.888644 -0.390352
-0.562832 -0.517420
-1.295294 -1.459037
-1.052135 -1.788164
1.576629 -0.063982
-0.699580 -0.146853
-0.441573 -0.747425
2.079091 -0.386026
-0.687386 -0.039371
-0.689994 0.526137
0.078376 1.913199
-0.819096 -0.473070
-0.425966 0.496257
-1.310745 -1.400562
-1.114971 -0.548415
-1.331759 -0.281967
0.337020 1.958516
2.025129 -0.471685
0.254630 -1.758021
1.277695 -0.751555
0.577272 0.003267
-0.431935 1.282507
1.899625 0.787095
0.070698 -1.461798
-0.598229 -0.282235
0.674926 1.636354
-0.753266 0.055315
-1.183359 0.762152
-1.438378 -0.533717
-0.355823 -1.453790
1.877426 0.419165
1.474990 -0.116202
-1.214921 -0.874157
-0.479263 -0.427825
-1.083308 -1.372744
-0.451980 1.377016
1.632704 -0.167416
-0.884681 -1.309388
-1.277216 0.917153
-1.603114 -0.374753
-0.005794 -1.896009
-1.196099 2.333101
-0.865240 0.519748
-0.962712 -0.291458
-0.791856 -0.435541
1.377300 -0.898532
-0.520259 0.503996
0.031856 -0.518324
-0.273189 -0.342369
0.115356 1.421476
-1.428948 -1.156700
0.230277 2.426885
-1.683600 -1.069973
-0.355257 1.872674
-0.473377 -0.422132
-0.972088 0.434018
-0.229185 0.226261
1.423316 -0.001358
-0.963565 -0.433254
1.032934 0.021623
-1.924691 -1.285241
-1.352872 -0.167726
-0.846732 1.901158
2.231967 0.122882
-1.070813 -1.017988
-0.301842 0.211498
-1.018904 -0.603873
-0.292140 1.077632
-0.899637 0.070875
-1.038420 0.551281
1.617678 -0.622741
-0.762940 2.721895
0.154858 1.525844
2.179776 0.100095
0.910172 -0.188874
-1.380528 -1.279082
-0.189995 -0.690892
0.864470 -0.895315
1.692985 0.096008
-0.122351 1.319958
1.339026 -0.966784
0.013015 1.597043
-1.114569 -0.028571
1.295320 -0.603506
-0.914936 0.847671
-0.030897 2.133477
-0.896768 0.147882
-1.582111 0.494290
2.388223 -0.226992
0.058771 1.271520
-0.770642 0.382702
-1.510004 0.321438
2.249610 -0.091476
1.444046 -1.101117
-0.552385 1.734617
-0.400819 -0.319714
-0.103658 0.691652
0.983721 -0.504263
-0.926257 0.160203
-0.754435 -0.575015
-0.787727 -0.256923
-0.811616 -0.129252
-0.520868 -0.828822
-0.830359 -0.841559
1.363604 -0.534593
-0.756833 1.265185
-0.748602 -0.019705
1.783493 -0.311530
-0.795410 -1.062352
-0.824398 -0.379889
-0.815330 0.159660
-1.016565 2.211942
-1.319427 -0.171585
0.078844 -0.325386
-0.203343 0.734622
-0.886452 0.996348
-0.455229 0.639765
-0.161843 0.471191
-0.631810 1.186115
1.408832 0.022495
0.349400 1.866180
-0.385100 -0.507334
-0.465285 1.116289
-1.321368 1.144246
-0.946543 -0.847731
-1.028542 -0.680588
1.645596 -0.368640
-1.039013 -0.950645
-0.320666 0.321506
-1.559534 0.999359
0.231096 -0.963157
2.263274 -0.110122
-1.091444 -0.475315
-0.937222 0.758185
-0.745469 -0.049180
-0.380183 0.182140
-0.659794 0.093746
-0.109068 -0.116751
-0.687434 -1.906430
-0.021368 0.585923
0.224763 -0.995758
-0.137590 1.339325
1.458231 -0.568738
2.043304 -0.069336
-0.815453 0.798895
-0.659078 1.098405
-0.253693 0.359136
1.858440 -0.196406
2.273934 -0.059068
-0.865298 -0.498492
-0.858712 0.190469
0.587865 0.351119
-1.055553 0.052502
0.139363 0.429318
-0.476931 -0.549036
0.107662 0.398439
1.341720 -1.011411
0.293692 -0.784335
1.404654 -1.069993
-0.784815 0.553202
1.560320 0.121829
-1.148704 -0.157889
0.682244 1.389081
1.480229 0.104533
-1.201565 0.134649
0.749116 -0.599353
-1.427291 -1.103658
2.182056 -0.383513
-1.071850 -0.728255
-0.623698 -1.390740
1.307914 -0.770254
-0.297256 0.076352
1.414561 -0.858158
0.645913 -0.850677
1.839600 -0.307875
-1.190404 0.099336
-0.063950 -1.207430
-1.275792 0.499386
-0.318287 -0.726358
2.103442 -0.198235
0.470657 1.972403
0.104179 0.476780
-0.638091 0.638027
1.837249 0.020904
2.078805 -0.388235
-0.071596 -1.314902
-0.760626 0.855942
-0.056371 -0.334065
-1.767374 -1.047202
0.847887 0.733867
-1.061753 -0.098030
-0.044211 -0.466615
-0.504489 -0.507805
1.044276 1.400946
1.080320 0.516375
1.693480 -0.645405
-0.629549 1.059769
1.723876 0.120757
-0.916636 0.984172
-0.670878 1.660485
-0.835159 -1.118726
-0.509684 0.479788
-1.007685 -0.034138
1.068188 0.399566
-0.880566 -0.545047
1.369743 1.211913
0.172136 -0.661040
-0.406763 -0.391279
0.833743 1.125414
-1.301511 -0.506083
-0.971458 0.396797
-0.389312 -0.163718
-0.598166 -0.191374
-0.081459 1.109765
-0.975989 -0.522597
-1.262341 -0.659704
-0.373927 -0.176398
1.540571 -0.969544
-0.398853 0.107283
0.818111 -0.253544
1.879644 -0.318772
1.628573 -0.182222
2.680323 0.978199
-0.654153 0.660563
2.096169 -0.565327
1.434044 -0.284482
-0.693060 -0.765338
0.289971 1.245622
-1.121433 0.604547
-1.601933 -0.093677
-0.190573 -0.561829
0.318699 1.392802
-0.178695 -1.022046
0.255786 -0.249786
-1.362106 0.159351
-1.025441 -1.241437
-0.521028 0.487478
2.153318 -0.862679
-1.433383 0.331760
0.050086 -0.673975
-0.096188 0.498766
-0.898121 -0.955332
-0.798188 0.702363
0.500815 0.573794
-0.911890 -0.814616
0.343445 -0.700728
0.134071 2.069543
-1.462581 -0.415625
3.232492 -0.538818
-0.975116 -0.693079
0.045850 -0.420121
-0.874404 0.284686
-0.909299 -0.585408
0.962363 0.962248
1.770930 -0.301411
-0.391300 0.224401
1.660312 2.207971
-1.176377 -0.149261
0.143882 1.318548
-0.809008 -0.051606
-0.257166 1.795004
-0.987080 0.756135
-1.559302 -0.846033
-0.611317 0.758464
-1.639405 -0.723924
1.837783 0.811248
1.902796 -0.485705
-0.575123 -0.911475
1.693870 -0.431258
0.268468 -0.059631
2.078072 -0.520175
-1.274408 0.422511
-0.823556 -0.513605
-0.932391 -0.537887
2.011162 -0.080401
-0.985108 1.176066
-0.748302 0.139345
1.857761 -0.393307
-0.396115 -0.709829
-0.876731 -0.589648
-0.609452 -0.973339
-0.867721 -1.100896
-0.229785 -0.987740
2.059405 0.213197
1.509286 -0.167361
1.551901 -0.570610
2.087292 -0.067580
-0.242963 0.863675
-1.026636 -1.441561
0.352834 -0.646162
1.286552 2.106959
1.777593 -0.240935
1.707391 -0.376646
-0.151834 0.406044
-0.607421 0.339490
-0.888132 0.665473
-0.526638 0.383027
-0.584052 0.684408
-1.251942 -0.343926
-0.996052 0.331100
-0.803314 1.735853
-0.148043 -0.671821
0.565777 -0.619609
-0.105132 0.263105
1.067673 -0.441081
-1.551648 -0.193310
-0.592138 -0.974880
-0.146791 -0.217749
1.117016 0.319017
2.063753 -0.452359
2.133157 -0.497974
-0.578451 -0.436657
-0.372561 1.050598
0.574216 -0.238118
2.362509 -0.221492
2.192477 0.766177
-1.073979 0.104427
-0.184427 1.354948
-0.375880 1.171317
-0.172473 0.174364
3.476260 -0.207859
1.192184 0.083809
2.275414 -0.287042
-1.148635 1.234375
-0.874578 -0.971803
2.311641 -0.214246
1.586189 -0.212334
1.110935 -0.157282
1.339063 0.508059
-1.167903 0.170348
-0.261351 1.467614
-0.776441 -0.986429
1.778068 0.459892
-1.182265 -0.180902
2.050544 -0.137014
-1.171785 -0.106352
-0.702766 -0.223338
-0.784287 0.110208
1.543978 -0.442402
-0.342655 -1.101008
-1.050473 1.198788
-0.951257 -0.532574
-1.463611 0.974470
2.120288 0.053122
0.368278 -0.448314
1.555011 -0.096524
-1.650773 -1.071605
-0.963900 -0.434166
0.617434 -0.244717
0.508419 -0.374133
-1.630807 0.045538
-0.637630 -0.750028
-0.731217 -1.284684
-0.097552 -0.423519
0.929403 1.660564
1.780586 -0.068598
1.096091 0.114637
-1.508919 -0.473022
-1.033433 -0.194125
1.933217 -0.129467
-0.486478 -0.500686
-0.579154 -0.006400
-1.427775 -1.318757
1.107885 2.757046
0.536428 -0.450221
-1.174242 -0.150746
-1.184771 -0.225916
-0.372128 0.117772
1.221950 0.674254
-1.765395 -0.284894
-1.432551 0.418473
0.164465 2.134243
-0.862065 0.262343
1.696928 -0.210399
2.578564 -0.070784
-0.366743 -0.588952
-0.505473 1.633492
1.877282 -0.551301
-1.146437 -0.723398
2.218506 -0.348354
-1.484529 0.437407
-0.585125 1.474303
-0.437890 2.085580
1.027531 0.320035
-0.442596 -0.744776
2.158822 0.239487
-0.223583 -0.298155
-0.757577 1.004204
-1.263517 0.417504
-0.963307 -0.417932
0.002739 1.215263
1.089527 -0.697849
-0.558610 -0.341557
-0.651138 -0.418081
0.616402 -1.028456
-0.630859 1.363250
-0.857503 0.164853
1.839728 -0.426173
0.477411 -0.746715
2.204263 -0.434002
-0.909587 1.061141
-1.297111 0.149388
-0.275777 0.184817
-0.619748 0.657807
-0.492050 0.201073
-1.103637 -0.448475
0.569133 0.634108
-1.692624 -0.318355
-0.983357 0.535709
-0.370032 0.050929
-1.318934 0.200075
1.789525 -0.094484
-0.361933 -0.074773
-0.202423 -1.028825
-0.902817 -0.556867
1.905813 -0.500371
-1.356589 -1.474661
2.310171 -0.176035
-0.203060 0.889061
-0.232413 1.985309
0.066662 1.075845
-0.693670 0.250302
-0.381943 0.410407
-1.003501 -0.246848
2.027426 -0.274022
-1.053020 -0.428050
-0.803277 0.099455
2.040419 -0.388351
-1.459218 -0.487859
1.739699 0.206884
2.225181 -0.126113
-0.948743 -0.511888
0.365266 -0.581978
-0.124836 -0.761644
1.982354 -0.304053
-0.935608 0.293014
-1.537444 0.220240
-0.075477 1.350614
2.248740 0.161644
-1.283587 0.261254
-0.855010 -0.704404
0.084187 -0.934134
1.920509 0.322370
-0.594438 -0.232849
1.331735 -0.027680
1.044182 -0.218966
-1.168379 -0.041941
-1.597586 -0.823223
-0.832166 -1.175999
0.292567 1.829692
-0.965271 -0.082937
-0.158716 1.803986
1.179541 0.354287
-1.123823 -0.330873
-1.308774 -0.301679
1.532927 -0.193389
0.796604 -1.005402
-1.620762 0.158745
-0.746637 1.044664
-0.267496 1.417448
-1.591548 1.041104
-0.983075 0.145557
-1.004211 -0.163063
-0.029491 -1.877550
0.687517 -0.720425
-1.038548 -0.638858
-1.044941 -0.180806
-1.374964 -0.782866
-0.860813 0.822759
0.184415 0.058443
-1.393217 -0.997473
-0.835898 0.324333
-0.366103 0.225280
-0.241841 0.448301
-0.866260 0.995202
1.429632 0.419199
-2.129827 -0.500646
-0.344272 -1.111576
-1.072086 0.845678
-0.043118 1.671893
-1.114951 -0.194868
-0.468297 -0.864774
1.546919 -0.011935
-0.185451 -0.413445
0.225420 2.968410
-0.724119 0.859465
0.888343 1.411233
-0.849997 -0.459065
-1.303374 -0.016026
-1.345877 0.458969
0.157399 1.522815
1.566798 0.847981
0.223568 0.605557
-0.477139 0.548760
2.400951 -0.037097
0.146254 -0.612626
1.680624 -1.001125
-1.337286 -0.851229
-0.844401 0.696125
0.651485 -1.457483
-0.528379 0.071910
-0.884065 0.930114
-1.152327 0.528106
-0.369127 -0.216802
-1.208400 0.340537
1.639082 -0.126150
-1.234864 -0.989179
2.132358 -0.118755
-1.042074 -0.255782
0.448595 0.261759
-0.255151 -0.113114
-1.267213 0.084838
-0.955280 -0.934149
2.107606 -0.225603
-0.469764 -1.072715
-0.560695 -0.668224
-0.819711 -1.228437
-0.513687 -0.590572
-0.152155 0.419679
-0.147091 -0.469301
2.043182 -0.908589
-1.544582 -0.964185
-0.879376 -0.537214
2.140133 -0.497205
0.600549 -0.661657
-1.100223 -0.852802
-0.791115 0.523103
-0.784476 0.310535
-0.122609 1.148397
-0.767833 -0.116892
-1.310810 -1.688776
1.272109 -1.350367
-0.466511 0.052701
-0.734488 0.974159
-0.633180 0.885104
-1.225538 0.156422
-0.131877 -0.356631
-0.786675 -1.108715
-0.741778 -0.391435
0.939241 -0.491910
-0.927009 1.095934
-0.822784 0.907032
-0.787158 -0.211251
-0.814418 -0.054511
-0.797856 -0.834328
-0.590324 -0.677310
1.377993 -0.815621
-1.196772 0.717140
2.311544 -0.205912
1.450163 -0.044048
-0.472664 0.651391
1.323244 1.821347
1.796105 -0.183456
-0.700217 0.592960
-1.185572 -0.109155
-0.678147 0.719024
1.454178 -0.671643
-0.928170 1.028210
-0.690989 0.929836
-0.464915 -0.921263
-0.787495 -0.289657
-0.530030 0.529698
-0.888656 0.589814
-1.371609 -0.107539
-0.438900 1.055388
1.181789 2.161916
-0.810490 0.554591
-0.760263 0.984590
-0.551980 1.359704
-0.762223 -0.528740
2.362752 -0.032526
0.981334 1.626426
-0.811017 0.640400
1.338258 0.548526
-1.217838 0.029762
-0.371339 -0.340541
-0.179293 0.531151
-1.717301 -0.694042
-1.476872 -1.244650
0.727588 -0.626362
-0.058570 -0.473922
1.669524 0.159292
-0.750762 2.163705
-0.921420 1.560481
0.782821 -0.015526
-1.408791 0.314817
-0.743131 -0.377862
-1.371482 -0.792132
1.986305 -0.452441
0.141723 2.150379
-1.056046 0.377842
-0.719764 0.177766
1.187629 -0.631503
-0.037627 1.103987
1.126972 0.317169
1.843189 -0.263152
-0.593174 0.427000
-1.428647 -1.214359
-0.804290 0.798391
-0.313489 0.104268
0.767734 -0.257512
-0.243275 -0.775103
-0.410223 -0.182895
-0.624598 0.317854
-1.348879 -0.640223
-1.425967 0.414220
-0.229146 0.312999
-1.055887 -0.772753
-0.233285 -0.286310
3.066135 -0.483056
1.581321 0.384095
-0.739598 0.784692
0.085282 -0.628341
-0.893617 -0.849976
-1.343428 -0.961223
2.100412 -0.409257
2.249689 -0.195793
-0.740836 0.737610
-0.955035 -0.362916
0.715872 -0.691488
-1.367864 -1.041565
-1.517547 0.294872
0.012808 1.328651
0.710807 0.183953
-0.505040 -0.654185
-0.902122 1.390363
1.341352 0.407555
1.530885 -0.199450
0.497950 -0.215239
0.536366 0.127531
-1.117664 0.259268
1.733773 0.130110
-1.118285 2.197365
2.208552 0.168400
-0.643288 1.046548
-0.455007 1.474867
1.275912 0.186481
1.465839 -0.169644
0.870921 0.455667
-0.633801 0.629155
-0.300248 2.427185
-0.599393 0.960459
-0.307004 -0.210871
-0.248118 1.057033
-0.706367 0.779104
1.751229 -0.152213
-0.841838 -1.026375
1.043411 -0.481613
-0.978537 1.164957
-0.610657 -1.962554
-0.004607 -0.132744
-0.702420 -0.653805
-0.132992 -0.703814
1.118331 -1.066077
-1.026659 -0.657944
-0.551785 -0.955999
-1.304652 -0.130890
-1.024650 0.567515
-1.080375 -1.000629
0.396143 -1.324093
-0.161620 0.160591
-1.389637 0.768865
-0.896077 -0.223221
2.249388 0.201578
0.881054 0.735901
0.033538 2.536293
-0.635220 0.834630
0.036845 0.405698
-1.146456 -0.569103
-1.166939 -0.434380
-1.192431 -0.428940
-0.816891 0.912601
0.738377 -0.102175
-0.765428 2.418386
-0.350204 -0.363103
2.227891 -0.256976
0.502511 -0.949646
1.696145 -0.008307
-0.928886 0.538964
1.942073 0.030789
-0.539726 1.239318
-0.024859 0.300083
1.979837 -0.052582
1.328795 -0.613392
-0.549477 0.135054
2.071046 -0.305232
-0.367078 -0.730298
-1.219126 -0.166099
-1.197524 0.666651
-0.068355 -1.929636
1.431550 -0.174539
-1.391024 0.049419
-1.331804 -0.535544
-0.172795 0.429456
-0.984836 0.181037
1.526836 -0.112843
-0.414209 0.017538
2.275746 -0.285284
2.025863 -0.257579
-1.159773 -0.479992
-1.384202 -0.709763
-0.439657 -0.950023
0.535861 1.004275
-0.661817 -0.501123
-1.741683 -0.783544
0.165408 1.419275
1.322586 -0.703566
1.998270 0.910636
-1.127631 -0.349943
1.648606 0.049790
0.242622 0.234014
0.798170 -0.901681
-1.284663 -0.348698
-0.427715 -0.248970
0.548934 0.295887
-1.099038 0.816606
-0.402196 1.381769
-1.516995 -1.332959
-0.763360 0.640058
1.833986 -0.434108
-0.754029 -0.332885
-0.466376 0.999807
-0.417577 1.635443
1.710950 -0.441540
-0.775861 1.357532
1.782046 0.139563
0.703192 -0.413660
-1.295270 -0.844209
-0.919529 0.780610
-0.338762 0.653154
-0.641529 0.675267
-1.031451 -0.602682
2.034019 -0.124372
-1.088635 -2.431396
1.514477 -1.338139
-1.660018 -0.269725
2.705412 0.228257
-1.124775 -1.200679
-0.051684 0.370070
-0.661739 -0.908548
-0.734994 0.429604
-0.942684 -1.598254
-1.150135 1.346883
-0.230434 -0.812474
-0.413067 -0.320559
-0.895211 1.365327
-0.476913 -0.010686
-0.400108 -0.558289
0.754504 1.257509
-0.338079 -0.136506
-0.233641 -0.588079
-0.631408 -0.101343
-0.875162 -0.942910
2.291946 -0.210488
1.519179 -0.417595
-0.426237 0.766978
0.016692 0.253107
-0.336604 1.107930
1.298953 -0.632000
-0.193346 1.444154
-0.350652 1.208500
0.219970 -0.934487
-0.873212 -0.873859
-0.687537 1.523819
-0.480028 0.962425
-1.782870 -0.344586
-0.254252 0.124924
-0.751211 0.658473
2.883053 -0.000929
0.265228 0.503523
-0.248333 1.842456
-0.578462 -1.224185
0.090905 1.499901
-0.587667 1.527177
1.550860 0.800100
0.742400 -1.933879
-0.556908 -0.999798
-0.752357 0.608211
-0.413657 0.606317
-0.596653 -0.312629
-1.058969 -0.239079
2.211361 -0.568805
-1.065343 -0.181739
-0.681911 0.343069
-0.846402 -0.554519
-0.158620 -0.364912
2.339497 -0.129150
1.159774 -0.470607
-0.737908 0.018317
2.239277 0.257500
-0.062279 -0.523120
1.559111 -0.972345
-0.812772 1.011096
-0.555866 -0.431506
0.048335 -0.898824
-1.187458 -0.625661
1.885169 -0.275786
1.320983 0.010511
1.520122 -0.131395
0.963629 -1.020075
-0.545306 -0.041194
2.221535 0.290300
-1.465848 -0.558338
1.657324 -0.232783
-0.823680 -0.937293
-0.309396 0.000249
-0.824778 0.689494
-1.060617 1.147387
0.945147 0.280626
-1.027701 -0.238909
0.758804 1.662153
-0.176961 1.598430
1.739738 0.007523
-0.530322 -0.888407
1.717121 -0.680412
1.999189 -0.234532
-1.070063 -0.812669
-0.684360 0.097776
-0.674747 1.245860
-0.525847 0.256159
2.587399 -0.075802
-0.837681 -0.229717
1.074213 -0.689775
1.813258 0.137233
-0.670205 0.548214
2.112554 -0.209543
1.879997 -0.168776
-0.507717 -0.394115
1.493031 -0.239275
1.245658 -0.998590
-0.978370 0.531628
-1.154980 0.146995
2.028433 0.161674
-1.065560 -0.956660
-1.033533 -0.253476
-0.795464 -0.780122
2.278751 -0.046518
1.786518 -0.197346
-0.886593 -0.732118
-0.745561 0.372961
-0.891164 0.334698
1.423796 -0.346974
-0.728588 0.019055
-1.637932 -0.809383
-0.783260 -0.002332
-0.185359 -1.055047
-1.207982 -0.925361
-0.948598 -0.049007
-0.365027 0.039068
2.005235 0.564715
-0.019431 0.123270
1.762775 0.005560
-1.081894 -0.982607
-0.520821 -0.527293
-1.045911 0.183444
-1.520723 -2.123901
-0.826299 -0.382518
1.768616 0.151409
1.076732 -0.636654
-0.086702 1.417710
1.603770 0.038219
-1.140751 -0.323323
1.870673 0.543563
-1.110413 -0.114216
-0.315205 0.602708
-1.283660 0.623991
1.221557 -0.156708
1.707103 0.141866
-0.777770 1.393650
-0.332728 0.390879
2.116197 0.338808
1.224690 -1.032774
-1.532195 -0.375438
-1.276374 -0.773640
2.280338 -0.164115
-1.291618 -0.588629
-1.308271 0.187523
-0.919122 0.504182
-0.807894 0.635603
1.784110 -0.507994
-0.728734 0.484999
-1.188583 -0.358707
-1.045939 -0.421019
0.125847 -0.859531
1.935758 -0.247201
2.220450 -0.286627
-0.791140 -1.219231
0.971880 -0.217279
-0.925195 0.409886
-0.542977 -0.639178
-0.802323 -0.833279
0.512350 -0.410658
-0.347614 0.170323
-0.986448 -0.442572
1.472805 0.371345
-0.818087 0.066193
2.363904 -0.418543
0.424141 -0.036623
0.418548 1.886169
-0.287942 1.687465
-1.571369 0.756610
-0.412487 -0.075187
1.317674 -0.355254
1.245424 -0.513337
-0.664842 0.157669
-0.512144 -1.079542
-0.180207 -0.677741
-0.562450 2.332268
-0.790124 -0.696789
-0.216503 -1.000431
1.430825 -1.062154
0.657169 -0.348851
-0.510262 1.503585
-1.199767 -0.322550
1.996811 0.378531
-0.093206 0.929291
-1.403825 -0.556548
-0.756962 0.952255
-1.761249 -1.427602
2.295501 0.081394
-1.715761 0.130145
1.922732 -0.634748
-1.393446 0.042724
-0.778697 -0.728396
1.618330 -2.101952
-0.745410 0.333548
-0.945829 -0.935653
-1.358372 -1.020072
0.018264 0.796138
1.770414 0.291808
-1.107319 -1.105545
-1.302120 0.178111
-0.848340 0.421480
0.655799 1.260113
0.015184 1.683460
1.221538 -1.384899
-0.907213 -0.268657
-1.235074 0.185625
-0.705096 1.964840
0.223702 -1.099850
-1.479307 0.031607
-0.597407 -0.279112
-1.321222 0.216594
-0.965405 1.472154
2.320543 -0.039541
-0.101765 0.474245
0.815913 0.682687
2.736900 -0.987658
-1.483342 0.248457
2.069965 -0.166853
-0.623320 -0.693625
-0.216565 -0.463004
-1.214936 0.067234
0.692029 -0.959596
0.986089 1.228853
-0.963859 0.334103
2.272459 -0.746274
0.254513 0.191152
-0.044182 -0.429903
-0.746984 0.585245
1.601163 -0.196260
1.311255 -0.659810
-1.049915 -0.635155
-0.700955 1.141375
-1.365055 -0.594937
-1.097018 -0.075472
1.445912 -0.288842
0.693671 0.254767
0.015883 1.532765
-1.037252 0.450064
-1.203858 0.631422
1.151425 -0.137409
1.978824 -0.516212
-0.130317 -0.747673
-0.775729 0.239117
-0.089038 1.634121
-0.587180 0.395059
2.108897 0.562825
-0.686627 -0.292326
-0.687024 -0.614392
1.576263 0.463346
2.035282 -0.139673
-1.023455 1.249375
-0.593995 1.421609
-1.177789 -0.395247
2.045736 0.312406
1.312957 -0.130500
-0.695680 -0.440793
-0.889008 -0.484758
-0.514206 -1.283956
2.362509 -0.221492
-1.027821 1.344641
-1.633354 -0.523403
1.259872 -0.246203
-0.420846 0.062726
-0.433023 0.502397
-0.747306 -0.867057
0.972807 0.114104
-0.350138 0.709055
-0.749031 -0.029534
-0.192396 0.531768
1.052501 -1.739358
-1.314187 0.399065
1.639444 -0.826438
1.731117 -0.251998
1.734133 -0.357517
-0.775390 0.555775
-1.481569 -0.442029
0.724222 0.255355
-0.911509 -0.764043
-0.886085 -0.510740
1.920664 -0.180166
-1.133118 0.017835
-1.477031 -0.540881
1.999354 -0.905966
-1.322166 0.534747
1.334705 0.080258
1.683238 -0.260518
1.434064 0.494962
-0.299926 2.169086
0.320958 -0.266997
-1.119763 -0.888419
-1.399790 -0.089159
-0.795744 0.859018
3.335445 -0.320789
2.158662 -0.267346
-1.060630 0.406303
-0.065015 0.858087
1.859717 -0.276724
0.825179 -1.027060
-1.254836 -0.522550
-1.146420 -0.371580
1.931825 -0.726856
-1.031516 0.753906
-0.378650 1.552327
-0.716426 0.345586
-0.903449 -0.355682
-0.349180 -0.141167
-1.140039 0.441050
-0.610312 -0.087145
-0.639672 0.492273
-0.320780 0.076262
-0.052381 0.601423
-1.549854 -1.740853
-1.178396 0.402269
-1.267458 -0.272120
-0.549732 0.192636
-1.115336 -0.640602
-0.921487 0.052068
-1.122735 0.641553
-1.335068 -0.218007
0.642832 -0.072706
-0.726724 0.566110
1.329499 0.226148
1.422091 -0.237895
0.239540 0.886214
-0.113819 -0.034697
-0.668863 -0.929645
0.210946 0.160999
-0.124469 -0.284432
-0.828555 0.620378
-0.037375 -0.725645
-0.985550 0.192234
0.671194 -0.119656
1.901715 -0.740265
-0.175694 0.185756
2.275519 -0.134071
-0.376474 -1.164620
-0.136781 0.325520
0.127934 1.775871
1.458069 -0.624185
1.322546 -0.607286
1.680947 0.257971
-0.513405 -0.518417
-1.942958 -1.114736
-0.556992 0.697253
0.898982 1.966612
3.343326 -0.240464
-1.688490 -0.633428
-0.972172 -1.430878
-1.099216 1.216215
-1.257845 -1.181337
-0.240816 2.460924
-0.881291 0.401406
2.065627 0.120265
-0.555238 -0.953162
0.976091 -1.233727
-1.065352 -0.522265
-0.844053 -0.284867
0.662326 0.190682
-0.467246 0.181119
0.055147 -0.439200
-0.293946 -0.575038
0.233858 1.312089
-0.733149 0.100828
-0.734670 -0.094506
-1.890056 -0.847004
-0.090168 0.088855
-0.421948 -0.575209
-0.419899 0.154334
1.255858 -0.683627
0.018690 0.433636
-0.387239 0.177218
-0.363639 2.010827
-1.265458 -0.999700
-1.290375 -0.656803
2.034294 -0.486689
1.623798 -0.113655
-0.967178 0.102436
-1.172948 0.240978
-1.210546 1.066091
-1.393353 -0.894682
-1.660812 -1.486271
1.837158 -0.106979
1.900778 0.084786
-0.710800 1.334143
2.030972 -0.906072
-0.130649 1.647198
1.321390 -0.371218
-0.991878 0.013485
-1.246052 -0.171860
0.723720 2.302568
2.068881 -0.089162
-0.673558 -0.500922
2.265825 -0.619178
3.113203 -0.261274
2.309704 -0.065110
-0.294957 -0.128544
-1.597819 -0.622154
1.157303 -0.243452
-0.347527 0.464598
-0.728227 -1.595381
-1.160454 0.338172
1.765300 0.033474
-0.690444 -0.797176
1.341736 0.505253
-0.446315 -0.304860
-1.089916 -0.373943
2.134560 0.294632
-1.342213 -0.174063
-0.518467 -0.191978
0.180840 -0.475332
-1.425479 -0.631577
-0.381505 -0.408635
-1.244456 -1.107801
-1.223581 1.251508
-0.893738 -0.977832
-0.720523 0.707140
1.764889 -0.106142
-1.751996 -0.531047
-1.635491 0.877002
-0.343304 0.023724
1.676091 0.103376
-0.780919 0.162779
-0.163267 -0.382478
-0.975571 0.142126
-0.888760 -1.653711
1.613905 0.078813
0.330912 2.126666
-0.711459 -0.145723
1.644756 -0.315198
-0.054475 -0.315694
-1.287741 0.489896
0.232746 0.065781
-0.078884 0.897733
-0.927810 -0.279019
2.185226 -0.276845
-0.601691 -0.418850
2.253406 0.173661
2.388223 -0.226992
-1.091255 -0.687628
2.362509 -0.221492
2.389602 -0.064715
-0.768935 -0.333798
0.122713 2.483760
2.320785 0.149424
-0.482324 -0.338765
-1.561982 -0.128043
-1.393102 -0.218544
0.356981 2.670858
2.330028 -0.332988
-0.934994 -0.587995
-1.457085 1.854510
1.121081 0.889198
1.712771 -0.728609
-0.671928 -0.616554
-0.908360 1.431377
0.025407 -0.284210
-0.468315 -0.299494
2.039798 0.005541
0.241798 -0.617909
-0.500566 0.118898
-0.705781 -0.132037
0.196384 0.302621
-1.645842 -0.202782
-0.759368 0.085358
-0.562456 1.290204
1.323298 -0.350279
-0.999682 -0.481468
-0.964158 0.226250
-0.634429 -1.142931
1.378443 -0.073836
-2.010268 -0.872287
-1.388340 -0.230291
1.403571 -0.155522
1.815763 0.523201
-1.068944 -0.282469
1.047475 2.359830
-0.636331 -0.242291
0.784590 -0.572917
-1.489261 0.040016
-1.199901 -0.897380
-0.368401 -0.684101
-0.718228 1.590133
-1.067343 1.053362
-1.105431 -0.430209
1.913206 -0.097037
-0.187497 1.446086
-1.132302 -0.688693
-0.982047 0.821879
-0.171458 -0.240450
-1.008605 0.036355
-0.787787 0.894589
-0.387913 -0.753176
-2.210193 -1.089593
-1.295574 -0.038632
1.372626 -0.252578
-1.091381 1.680926
2.402053 -0.403661
0.924741 -0.497953
-0.315115 0.415958
0.346278 1.008470
2.047182 -0.294019
-0.860425 0.529241
-1.015798 -0.207536
-0.122152 0.357683
2.199835 0.136192
-0.983918 -0.319389
-0.949364 -0.083829
0.928169 0.180733
-0.639568 -0.803853
-0.549907 0.580545
-0.591516 -0.542522
1.909588 0.034934
-1.882545 0.212232
1.873357 0.377394
1.315979 -0.941995
-0.953898 0.273220
-0.653314 1.452994
1.859617 -0.569800
1.944206 0.167820
-0.496553 0.523907
-1.463312 -0.142843
-1.306891 1.474236
-0.893575 1.138960
0.166405 -0.079876
-0.018332 -1.181945
-1.024368 0.735766
-1.104613 0.647177
-0.408852 1.129786
-0.611937 -0.824966
-0.835424 1.075924
0.954555 -0.072257
2.087264 -0.018574
-0.461567 1.311335
2.184440 -0.050647
1.874913 0.191673
-0.734472 -1.317644
-0.522056 -0.163185
-0.868450 0.555114
2.088200 -0.597867
0.008180 -0.627471
-0.584677 -0.096934
-0.770283 1.031401
-0.421233 -0.860936
1.902308 0.219886
1.188981 0.045920
-0.977263 0.236394
1.237265 -0.490469
-1.400182 -0.420048
-1.565050 -0.191487
-0.034944 1.448614
-1.018817 -0.724046
-0.715059 0.652169
-0.983101 -0.318949
-1.653626 -0.168110
1.378905 -0.105381
-1.488042 -1.113633
0.272707 0.182591
-1.416953 0.388993
1.532936 -0.086951
1.959832 -0.253226
0.918819 -0.537509
-0.979427 -0.330187
-1.288172 -0.728555
-0.999463 -0.301016
0.037989 0.944412
-0.598012 1.464854
0.283775 1.378328
0.355756 0.024822
-0.385686 0.855773
-1.598251 -0.403512
0.210496 -1.330058
-0.836137 -1.100696
-0.967902 -0.485773
-0.139295 0.971604
-0.409828 -0.431148
0.986020 0.610892
2.260283 0.004274
-0.527694 0.355237
-0.635973 1.305884
-1.349691 1.169972
-0.657119 -0.517369
0.043760 1.151539
1.849904 0.040873
-0.288119 -0.831984
-0.886667 0.264320
-0.024133 -1.040102
2.119786 0.391940
1.480273 -0.496001
-0.977405 -0.357135
-1.243598 -1.102234
-1.169661 -0.147642
-1.423205 -0.823486
-1.039402 0.891804
-0.525104 -1.274152
-1.306215 0.118755
-1.586895 -1.606586
-0.351094 0.764539
1.449545 0.436045
-0.809621 0.582088
2.057720 -0.412521
-0.763902 0.542238
-0.507847 0.412344
1.877569 -0.013889
2.189673 -0.213973
-0.984225 -0.089931
-0.018558 -0.406415
-1.140406 1.130911
1.829389 -0.422794
-1.064744 -0.490804
2.287275 -0.250782
2.188342 0.191078
-1.493997 -0.625967
-0.602043 0.663623
-0.796333 1.582605
-1.451273 -1.364696
-0.442222 0.759769
-1.062553 -0.766688
1.603717 1.072125
2.064223 0.032765
0.680377 -0.627030
-0.177076 0.066091
-1.241320 0.068158
-0.915474 -0.102659
1.273471 -0.446182
-0.502197 0.944992
1.919080 -0.131333
-1.499732 0.042871
-1.050521 0.417720
-0.762381 -1.379601
-0.462910 0.418023
1.699860 -0.027419
0.830565 -1.033284
-0.557986 -0.232969
-0.699725 0.303346
2.045879 0.106009
0.254165 1.370294
1.923261 -0.160524
-0.130096 -1.137300
-0.151866 0.046188
1.888761 0.037242
0.788227 -0.566228
-0.362427 -0.663857
-0.721547 0.511224
-0.529958 0.633606
-0.293433 2.178210
0.969135 -0.706298
-1.415963 -0.046405
-0.379561 -0.445681
-1.130806 -0.518674
0.061681 2.192232
-0.233868 0.320326
2.090449 0.414992
-0.971668 -0.358308
1.136274 0.289129
1.844529 -0.593488
-1.217256 0.044923
-1.515814 -0.525477
1.851330 -0.795734
-0.826353 -0.307685
2.006096 -0.270356
-1.061196 0.562930
-1.455869 1.101498
2.284458 -0.170534
-0.189382 1.741841
-0.793453 0.686889
-0.301730 -0.167088
1.459514 -0.361663
-0.658990 -0.290487
-0.440084 0.288269
2.224762 0.108551
-0.812456 0.908081
1.456106 -0.608864
-0.091621 1.610611
-0.705337 0.684424
-1.276688 -0.952749
1.528392 -0.525653
-0.280480 -0.880216
-0.749821 -0.050827
-0.178181 0.086224
-1.025664 1.233553
1.115374 -0.092833
-0.108683 1.077376
-2.038125 -0.748747
-1.318107 0.793786
-1.064633 1.694229
0.839918 -1.442161
1.745306 0.298568
1.933596 -0.283159
-0.726117 0.018242
-1.145786 -0.045208
-0.204866 -0.972125
1.695365 -0.054919
-0.618417 0.676078
0.708132 -1.050354
-0.408401 0.781669
0.478580 -1.544658
0.597946 -0.235350
1.984289 -0.311816
-0.279821 0.611421
2.250435 0.553648
-0.281426 -0.430936
1.728032 0.392338
-0.338172 -0.032475
-1.081216 0.111706
-0.088493 0.601615
0.791796 2.221205
2.147274 0.272773
1.346225 -0.347087
0.957606 0.098981
-0.865673 0.611503
1.399024 0.758794
-0.769339 0.092079
-1.316517 0.035822
-0.541181 0.295512
2.156713 -0.913384
-1.014957 1.185714
-1.381312 -0.971702
-0.995872 0.145042
0.856803 1.673815
1.566199 -0.246625
-1.645008 -0.246602
-0.360499 0.114138
-1.158533 0.372878
-0.261410 1.432977
-1.050708 0.349573
-1.380414 -0.943162
-1.072152 -0.533668
0.766174 1.868575
-0.188956 -0.341937
-1.083226 -0.650968
-0.775183 -0.870268
-0.038790 1.480907
-1.274019 -0.083988
-0.871735 0.582225
-0.826218 -0.866681
0.098792 0.138316
-0.574080 -0.963678
-0.168084 0.948731
-0.217926 0.052098
-0.175954 0.206231
-0.855151 -0.490877
-0.623052 -0.598756
-0.546436 -0.304064
-1.418661 -0.620066
1.680498 -0.043844
-0.364878 -1.239737
3.054172 -0.142099
-0.849796 0.665561
-0.544653 -0.436658
0.200383 0.817129
2.005095 -0.484080
-0.431642 0.282270
-0.315159 -0.702599
-0.801125 -0.372740
-0.844581 -0.479764
-0.844134 -0.082991
1.416230 -0.601786
2.021962 -0.503908
0.302642 -0.622712
-0.716572 -0.885387
-1.611732 1.304557
-0.317468 0.328653
-0.366532 0.753652
-0.742635 0.194744
-1.028184 -0.702409
1.469189 -0.151649
-0.455277 1.833388
0.084159 -0.515603
-1.113376 1.068367
-0.515868 -0.163289
-0.992540 0.701938
-1.001270 -0.944479
-0.664485 -0.474821
0.794304 1.695665
-0.142632 -0.604241
1.894797 1.437266
-0.703059 -0.548270
1.579825 0.121832
-1.135216 0.731119
-1.026517 0.824706
-1.534356 0.222849
-0.704168 0.050217
-0.159244 -0.381228
1.220736 -0.301333
-0.235926 1.664253
-0.100021 -0.820546
-1.780772 -1.720635
-0.488123 0.622002
-0.850476 0.648509
-1.342944 -1.034732
1.108490 1.785576
-0.703191 0.720344
0.479513 -0.125655
2.207000 -0.188299
1.865384 0.217141
2.043577 -0.219758
-0.481075 2.303349
-0.590124 1.735599
-0.028938 0.149851
-1.005126 0.411251
-0.878083 0.143509
-0.049321 0.286858
-1.638239 -0.539769
-1.373431 0.104593
-0.371086 -0.617197
-1.291346 0.278589
2.122915 -0.012615
-0.400297 0.028341
-1.186233 -0.451244
0.023541 -0.928584
0.952354 0.037547
-0.861409 -0.047599
-0.890340 0.417851
-1.477290 -1.132956
-0.265270 2.516778
-1.322391 -0.627560
1.625285 -0.449581
1.054805 -0.564455
1.317209 -0.481875
-0.804883 -0.207460
1.809309 0.014153
-1.156361 1.107183
-0.785920 -0.126254
0.883490 -1.464773
2.983658 -0.838920
-1.427859 -0.694464
-0.714475 1.227674
-1.104917 -0.619210
-1.257207 -0.921799
-0.956685 -0.255118
0.719765 -0.896750
-0.545750 -0.513717
-1.397949 -0.144361
1.363879 -0.871895
-0.256533 0.151221
-1.075432 -1.016567
-1.299847 -0.708115
1.335830 -0.468693
0.759554 -1.388085
-0.514165 0.065440
-1.063481 -1.250128
0.315318 -0.951696
1.915068 -1.609635
0.608710 -0.181256
1.949833 1.559669
0.853098 -0.143254
-0.838660 -0.680800
2.223121 -0.307476
2.255726 -0.286140
-0.621730 0.625672
1.581110 -0.313030
-0.833253 -0.945555
-1.148394 -0.851789
-0.687785 -0.580370
0.681165 -0.137974
-0.983365 -0.145334
-1.907097 -0.245575
1.180356 -0.703246
-0.552896 0.965161
0.708593 -0.683042
-0.080520 1.012064
-1.308615 -0.300579
-0.145784 -0.079513
-0.324097 -0.808256
-1.029553 1.244933
2.272425 -0.308041
-0.377693 0.639649
1.333958 -0.722839
-0.957589 -0.748327
1.918243 -0.256430
-1.093265 0.467200
0.878251 0.690650
-0.125219 -0.420483
1.773055 -0.424485
-0.503077 1.691793
-0.515311 -0.354406
1.309871 -0.340909
-1.146282 -0.014597
-1.007150 -0.294717
-0.928170 1.092433
0.410837 0.033028
-0.545961 0.832467
-1.960107 -0.380568
-0.927324 -1.033079
-0.669551 1.352765
-1.395841 -0.753630
-0.033433 0.474097
-0.703222 -0.307705
1.566385 0.014425
1.053629 0.637045
-0.985377 -0.142487
-0.633668 0.177156
-0.596565 -0.918264
-0.615295 -0.251936
-1.053517 0.213165
-0.656711 -0.614629
-0.987891 0.853690
-0.929903 -0.284161
-0.740854 0.640293
-0.257233 -0.593705
-1.151952 0.550668
0.157596 0.376527
-1.087173 -1.659782
2.125771 0.019405
1.830239 -0.311458
2.388223 -0.226992
-0.320039 1.000763
-1.073047 -0.020252
-0.818038 0.757898
0.827078 0.007710
-1.124388 0.437002
-0.633799 0.582728
-0.500859 -0.044874
-1.085481 0.165007
-1.108534 -0.238692
-0.597979 0.630138
1.619622 -0.828891
-0.611937 0.005867
0.857884 -0.940889
2.388223 -0.226992
1.127254 -0.549333
2.050607 -1.117387
2.255726 -0.286140
-0.870115 1.089828
1.451870 -0.001178
-0.707406 0.735319
0.554182 -1.001092
0.948173 -0.982243
-0.119067 -0.851248
-0.258812 0.071214
0.170471 0.308391
-1.528680 -0.219244
-0.341106 0.798996
1.308278 -0.374121
-1.040141 -0.714096
0.716605 -0.641345
-0.966146 -0.103120
-1.257053 -0.706062
-0.853340 -0.798104
-0.953228 1.674765
-0.588596 0.651125
-0.602461 0.975878
-0.443268 -0.941523
-0.713435 -0.326775
2.058215 -0.205320
-1.185639 -0.340000
-0.424300 1.739815
-1.018174 0.364707
1.033717 -0.357088
0.210959 0.262309
0.297849 -1.798513
2.194456 -0.355799
2.434459 0.440425
-1.472419 -0.221354
-1.670274 -1.098105
2.122359 -0.329990
2.177659 -0.418933
1.704301 0.936254
-1.455204 -1.424921
-0.333220 1.047267
3.052832 0.592627
-1.057614 0.323697
-1.362017 -0.745761
-0.097421 1.253803
2.022905 0.088125
-0.319782 -0.266025
2.223348 0.239606
-0.303255 -0.369169
-0.019304 -0.517631
-1.088828 0.569048
1.293500 -0.500205
1.181973 -1.083021
0.536231 -1.404857
2.388223 -0.226992
-1.011360 -0.024335
-0.633672 -0.594849
-0.415412 0.530163
0.001017 1.067906
2.204188 -0.204211
0.793237 0.082503
-0.878972 -0.703563
1.037303 -0.380298
-0.739184 0.587068
-1.336689 -0.376116
2.025864 0.136873
-1.757827 -1.319308
-1.375142 -0.083351
-1.081748 0.068882
2.066523 -0.288608
-1.715505 -0.851612
1.590156 0.829962
1.294050 -0.550368
-0.529329 1.118936
-0.394638 1.447059
-0.768351 -0.662464
1.334499 -0.694147
0.345440 -0.583302
2.264879 -0.346360
2.098077 -0.455311
1.426850 1.750940
1.983767 -0.430408
-0.264788 -0.922787
-0.554921 0.081722
-0.363569 1.265679
0.730273 -1.677205
0.742686 0.468661
2.312417 0.173619
-1.197632 -0.837484
-1.553773 -0.488610
-0.910434 -1.051353
0.031158 -0.345999
-0.864413 0.809317
-1.004119 1.795357
-0.465778 -0.127251
-0.716841 1.458194
-0.507434 1.860381
-0.467617 -0.457060
-0.105500 1.844381
-0.268887 1.019420
-0.748306 -0.273446
-0.667290 -0.139714
-1.777208 -0.260725
-1.099403 0.812527
1.332859 -0.173008
0.261465 -0.417311
2.362509 -0.221492
1.711596 0.053462
0.318639 -0.585342
-0.353922 1.694350
-0.166432 1.388032
-0.881158 -0.045071
-0.076024 1.006531
1.501666 -0.487532
-1.222711 1.300531
0.033312 2.504021
1.775564 -0.980720
-0.770968 0.861350
-0.636261 0.376176
2.362509 -0.221492
-0.809602 -1.112110
-1.803000 -0.155192
0.398377 -0.690829
-1.348169 0.292084
-0.573547 -0.456765
-1.369484 -0.853545
-0.934724 -0.570858
-0.626861 0.021357
-0.312081 -1.251606
-0.555360 0.213790
-0.775094 -0.726759
1.161652 -0.813041
-1.198362 -0.624681
1.068143 -0.569453
-0.755556 0.572643
-0.767702 0.135393
-0.815099 -0.518794
-1.008426 -0.456683
-1.148305 -0.945458
-0.621299 0.140865
-0.747385 0.058480
-0.800119 -0.057646
-0.251638 -1.138412
2.452983 -0.977617
-1.667304 -0.324360
-1.150632 0.652135
1.604598 -0.401382
-0.914164 -1.493591
-0.916591 0.102308
2.225334 -0.077945
-0.512026 0.518862
-0.776540 0.096477
2.055651 1.387945
-1.316858 -0.877165
-0.249495 1.445719
-1.417650 -0.194077
-0.195397 -1.414587
-0.790232 1.610752
-1.260718 -0.785167
1.419449 -0.884893
-1.479337 -0.360643
-0.972013 0.133722
-1.069385 -0.375027
1.966610 -0.303633
1.328897 -0.392615
-0.759151 0.083440
-0.451901 1.169914
-0.735016 -0.486027
-1.168766 0.404985
-1.022534 0.449980
-0.760845 -0.214006
-1.436115 0.694025
-1.638377 -0.991796
0.916222 1.992577
-0.859041 0.166971
2.345811 -0.199591
-0.374066 -0.464713
1.997798 -0.406184
-0.811343 0.314234
-0.584945 -0.042163
-0.274249 -0.226512
0.997792 -0.193339
1.438091 -0.530674
1.361753 -0.084466
-0.519765 -0.524768
-0.589610 -0.074650
-1.075588 -0.787200
1.428458 0.836671
0.523115 -0.206059
-0.799002 -1.196192
-1.196921 -1.156846
0.664543 -0.706722
1.056966 -0.899029
-1.082003 0.499636
-0.986581 0.204079
-0.366117 0.990503
-0.605977 1.857462
1.228360 -0.436052
-1.001931 1.073042
2.011564 -0.020615
-0.365569 1.422695
-0.013359 0.498165
-1.346406 -0.835471
-1.681625 -0.445718
-1.552842 0.333354
-0.680906 0.666845
0.261937 2.184673
1.388103 -0.336128
2.186239 -0.228981
-1.160870 -0.054607
2.071520 -0.328491
-0.881244 0.385220
1.405830 0.051717
-0.366157 0.034385
-0.729043 1.119080
2.029791 -0.546208
-1.333517 -0.239244
-0.559765 -0.515639
0.151928 -0.666815
1.023140 0.927915
-0.388899 -0.319571
-0.936446 -0.590489
1.905385 -0.239545
1.133489 -1.758419
-0.812229 0.572532
1.358505 -0.183289
2.388223 -0.226992
-0.653034 -0.543101
1.801214 -0.190734
-1.360458 -0.263390
1.024900 1.976407
0.430594 -0.556026
-0.090932 1.291341
-0.905716 0.096129
-0.911166 -0.718148
-0.555434 1.748464
0.836468 0.164770
-0.566975 0.358930
-1.352154 -0.413007
0.660296 2.064239
1.419126 -1.764904
-0.815377 0.376581
-0.663404 -0.423852
-1.043336 -0.073600
0.690527 -0.861301
0.710824 -0.098299
0.104212 1.283071
1.828758 -0.137428
-0.953584 -1.201794
-1.058505 1.372910
-1.216600 -0.406844
-0.195160 0.174941
-0.167290 0.376152
2.295501 0.081394
2.012522 -0.282707
1.113704 -0.641622
0.830626 -0.607563
-0.821127 -0.361774
-0.997948 0.180828
2.068387 -0.351074
-0.740213 0.690638
0.000532 1.413979
2.136080 0.110304
3.356510 -0.242968
2.311526 -0.323238
-0.445347 -0.326140
1.041016 1.153260
-0.721716 0.738238
0.731704 1.514145
1.974997 -0.110521
2.165075 -0.392095
0.793040 1.654515
-0.490033 0.571703
-0.712030 -0.659821
0.625481 0.060807
-0.915337 0.474799
1.852612 -0.239668
0.357735 -1.605866
-1.093646 -0.695022
-0.051244 0.315815
-0.928460 1.005552
-1.381203 -0.473067
-0.717254 -1.244349
0.087324 -0.586276
-0.934931 0.074829
-0.688837 1.971511
-1.152706 -0.428969
1.503455 0.562997
0.578866 -1.666987
-0.639629 -0.146058
1.535162 -0.394296
1.036271 -1.295050
2.245228 -0.151466
-1.050876 0.454724
-0.116735 0.576232
-0.361947 -0.882859
-2.000821 -0.727982
0.757610 -0.547621
0.428235 -0.776949
1.959546 -0.035855
-0.688569 0.486931
-0.747270 0.254680
-1.193248 0.239668
-0.903811 0.496295
-0.469546 0.673218
-1.478185 -0.013733
1.931517 0.093040
-0.637169 0.404694
-1.060444 -0.733212
-1.265216 -0.336315
1.140836 -1.518234
-0.476008 0.071534
-1.121494 -1.049193
-0.575072 -0.903851
1.992550 -0.157748
1.856068 -0.807686
1.243289 -0.497733
-0.086621 1.799899
1.103470 -0.349939
-0.821448 0.280538
2.071766 -0.493150
1.748612 -0.714305
-0.029569 -0.454752
2.058974 1.363490
0.402989 -0.820863
-1.119717 -1.068135
-0.814156 -0.235744
-0.432843 1.853144
-0.343534 -0.328816
2.162786 0.558161
1.629707 -0.160916
-0.252051 -0.786258
-0.316325 -0.103058
1.737249 -1.032644
-1.048116 0.053511
0.473580 -0.289998
-0.764173 -0.353577
-1.977236 -0.732329
-1.200794 0.569734
-0.975850 -0.703284
0.482992 0.895372
1.565108 -0.953728
-1.154229 -0.041235
-1.183097 0.884900
0.535186 0.449332
2.033329 0.077512
0.308751 2.912444
2.944028 -0.883554
-1.247373 -1.337064
1.558338 -0.409212
-0.463133 1.330753
-0.384604 0.956380
1.924871 0.468178
0.526780 -0.960274
0.873449 -0.466862
1.915550 -0.135480
1.229023 -0.330440
-0.993459 0.538929
2.522253 0.128614
-0.527844 -0.203028
1.259821 -0.910459
-0.770037 2.286477
-0.990873 -0.298196
-0.631128 0.517220
1.058697 -0.054696
-0.628464 1.250661
-0.739572 -0.224902
-0.133252 -1.104887
-0.852772 0.819446
-0.000654 2.340599
-2.101027 -0.103485
-1.091206 -1.097083
0.253771 -0.695287
0.959173 0.021560
-0.643647 1.139329
-1.376065 -1.162853
0.211794 -1.080766
0.290410 -0.445693
-1.004312 -0.573115
-0.613335 0.173088
-0.285939 -0.787367
0.731862 -0.311166
1.773160 -0.240373
2.327477 -0.144359
-1.775313 -0.723241
2.388223 -0.226992
-1.424403 -1.126943
-1.289841 0.048562
0.526546 -0.368897
-0.820538 1.330130
-1.137740 1.297446
-1.110664 -0.222129
1.517237 -0.385012
0.841865 1.532724
2.057824 -0.236374
0.005849 0.603557
-0.697139 -1.215005
-0.996626 -1.249499
0.919358 -0.329423
2.559386 0.889137
-0.488222 0.811070
-0.886207 0.157888
-0.169521 0.816923
1.932796 -0.148359
0.929008 -0.144963
1.719826 -0.143676
1.618160 0.012254
2.034724 1.674884
2.148376 -0.173097
-1.107597 -0.694784
-0.848141 -0.004919
1.751954 -0.595391
0.746810 0.320270
-0.636174 -0.733553
-0.042205 -1.596836
-0.731107 1.320228
2.228992 -0.170182
2.267277 0.310464
-0.357568 1.240223
-0.246635 -0.432123
1.475631 0.020151
1.748478 0.691099
-0.232141 1.742059
2.153879 -0.672732
-1.127922 0.155698
1.268708 1.075824
0.382628 -1.101154
-0.827992 0.267190
-0.904609 -0.108921
-0.978498 -0.691164
-0.794783 -0.442553
-1.329299 -1.057098
1.550220 -1.344528
-0.918709 0.264241
-1.852836 -1.269919
1.526755 -0.479578
-0.788701 0.166909
1.755612 0.032132
-0.790137 0.480447
-0.543711 -1.168418
-0.875974 -0.508883
-0.151854 -0.921961
0.704755 0.059809
2.089003 -0.063025
-0.692830 -0.198079
0.189876 0.047339
-0.615163 0.305440
-1.282330 0.645133
-0.644579 -1.091622
-1.156411 -0.109071
1.644018 -0.005923
2.248104 -0.024437
-0.425514 0.519502
1.979229 -0.187572
-0.133972 -0.396246
-0.756948 0.103927
-0.556440 -0.029599
-1.091819 -0.723283
-0.934232 1.681091
-0.202441 -0.541450
0.565846 -0.106446
1.423858 -0.427277
0.212307 1.913274
-1.178967 -0.108039
0.956545 -0.640816
2.310861 -0.171558
-0.637946 -0.970677
-0.798621 -0.590391
2.392778 0.840410
-1.223906 -1.130765
-1.073058 0.931302
-0.930090 0.572606
0.106560 1.577039
-0.388600 -0.974874
1.857340 -0.134359
-1.680321 0.695892
-1.345586 0.292547
-1.009945 0.442454
-0.458487 0.448959
-0.965911 -0.025343
-0.523934 0.404506
1.459191 -1.198202
-0.365281 1.906280
-0.730810 0.206627
-0.276190 0.151494
1.598956 -0.286792
-0.914792 -0.869590
0.528797 -0.133032
2.158056 -0.052370
-1.017997 0.355932
-0.581923 0.564404
-0.672488 0.069793
1.054469 -0.351700
1.943286 0.144480
0.436207 -0.641625
1.526182 -0.585767
0.709934 -0.575940
2.273249 0.058873
-0.898451 0.745454
-0.125902 0.152697
2.113796 0.067105
-0.372367 -1.323961
-0.621793 0.056721
1.395517 -1.138313
-0.447201 1.183048
1.526789 -0.633559
-1.523457 -0.579256
0.782244 1.371228
1.996677 -0.164971
0.008129 1.151918
-0.103377 -0.279103
-0.605527 -0.844389
2.155985 0.043567
-1.270521 0.035076
0.565212 1.274840
-0.365154 -0.345232
-0.552661 -0.143499
3.437554 -0.260859
-0.766018 -1.125261
-1.085958 0.368731
-0.383058 -0.285887
-0.388198 0.062858
1.776545 -0.658425
0.714518 -1.018918
0.837649 -0.304604
-0.019726 -0.158284
-0.688788 -0.025629
-0.686231 1.256869
0.856332 -1.344367
-0.409045 0.521470
-0.865442 1.029092
-1.086722 -0.375060
-0.481044 0.279607
2.335905 -0.206423
0.210211 0.529148
-1.128847 0.488005
-0.672006 1.499568
0.153077 -0.455129
-0.116542 -0.361525
-1.025889 -1.280495
-0.918956 -0.433719
-0.786626 -0.760521
-0.504116 1.255810
-1.075677 0.443350
0.251432 -0.361896
1.472099 -0.297571
2.233835 -0.213461
1.890903 -0.009715
1.663367 0.101902
-0.370136 0.707178
-1.494109 -0.640287
1.398274 -0.074954
0.595377 1.548941
0.970563 -1.590185
0.391735 -0.179756
0.086743 1.660249
1.043483 0.440715
-1.061097 0.446953
2.048352 -0.230528
-0.762785 -1.269575
1.901121 -0.308225
-1.153440 0.223266
-0.470494 -0.381032
-0.759641 -0.180695
0.341275 0.534092
-0.406574 0.593105
-0.044278 0.183852
-1.025789 0.662760
-0.428934 -0.483281
-1.189783 0.063830
2.617135 0.730030
-1.042100 -0.544070
0.274465 2.197931
0.064783 -0.299179
-1.184650 -1.267561
0.574433 -1.102865
-0.560996 1.337366
1.542261 -0.071095
-0.012237 -0.671968
-0.225235 -0.327635
0.546238 1.778518
1.852658 -0.384821
-1.224482 -1.261407
-0.167505 -0.413850
1.063360 0.107298
-0.766017 0.751755
-0.774544 1.678420
-0.452961 -0.615279
-0.326639 0.122486
0.949102 0.287526
-1.470193 -0.378004
-0.863651 -0.521417
-0.292798 1.471874
2.265047 -0.067869
0.994166 0.938921
-0.833654 -0.554660
-1.013891 -0.099974
-1.387260 -0.573394
-0.648010 -0.650764
-0.786473 -0.539467
1.931281 0.177842
-1.183910 -0.306794
1.298788 -0.234391
1.630904 0.460194
2.246554 -0.323924
-1.170956 -0.174478
1.069576 -0.144101
1.167555 0.116249
2.044013 0.105400
-0.790055 -0.609980
1.919598 -0.215216
2.297568 -0.136103
-0.560007 -0.476060
-1.331092 -1.387711
1.893910 -0.055693
-0.904702 -1.814157
-0.980109 0.765076
-0.429806 -0.153754
1.295398 -0.493969
0.070893 1.237563
0.133958 1.323641
2.435357 0.034577
1.819924 -0.048096
-1.359868 -0.165186
1.898859 -0.475518
-1.193033 -1.354645
-0.651709 -0.948312
0.849473 -0.668738
2.022278 -0.320101
0.405909 -0.831528
-0.680789 0.815283
-1.308104 -0.529719
-0.814862 -0.454061
-0.727261 -1.270485
-0.659807 -0.095959
-1.063994 -1.054082
2.052339 0.146082
-0.041750 -0.251910
3.109220 -0.658637
-0.956995 0.369062
-1.316730 -1.148421
1.781455 -0.488335
0.056939 -1.491543
1.980371 -0.127408
-0.998827 1.401958
-0.886905 -1.029791
1.060677 -0.106605
1.178591 -0.270501
-0.826559 0.941968
-0.452821 0.105105
-0.489128 -0.478711
-1.334502 0.341846
-1.073470 0.088424
-0.952689 0.073001
-0.686437 0.780376
-0.274854 -0.377834
-1.262099 -0.655616
-1.308260 -0.160202
-0.714969 0.580003
1.388832 0.391238
-0.912584 0.301009
0.906195 1.288306
-1.109483 -0.730148
1.732871 -0.123966
2.202437 -0.340954
-1.099854 -0.198244
-0.677446 0.097214
0.354153 -0.977777
-0.538078 -0.240434
-0.808668 -0.424257
-0.446473 1.274795
-0.553797 0.097942
0.381619 1.921303
0.445408 1.400833
-0.914631 -0.814195
-1.667413 -0.840861
2.362509 -0.221492
-0.168899 0.134525
0.923865 1.870415
0.966275 -1.517333
1.765608 -0.451932
-0.910692 -1.238251
1.538373 0.491664
-0.399000 -0.732921
2.143794 -0.326746
0.984441 -0.184653
-1.055498 -0.584190
-0.821454 -0.318274
-1.109139 1.615805
2.132157 -0.088101
-1.793730 0.114617
-0.507935 0.977628
-0.682217 0.646278
-0.461947 1.079590
0.098229 -0.602402
1.886025 0.087779
-0.534981 0.938589
-0.133032 0.481876
-0.867296 1.809860
-1.171254 -0.554216
1.506940 -0.056606
-0.765174 1.501395
2.146235 0.159941
2.297058 -0.429753
0.492663 -0.324789
1.448576 0.050995
0.673542 -1.022843
-0.803097 -0.081532
-1.735434 -1.459100
-1.863888 -0.903689
2.289967 0.057440
-0.411716 0.090359
-1.145354 1.419704
2.107550 0.158557
1.775514 -0.278014
-0.518529 1.602081
-2.291809 -1.939162
-0.952022 -0.176447
2.224783 0.192330
2.324163 -0.147458
-1.431296 -0.153567
1.786393 0.257746
1.226460 2.043739
1.920480 -0.646101
0.830050 2.169844
-0.121853 1.206377
-0.071665 1.012443
-0.421080 1.304421
2.272202 0.172184
-0.923139 0.702662
-1.331483 -0.536603
1.183829 -0.407588
-1.457115 -0.891559
-0.831570 0.873198
-0.291561 1.381873
0.551076 -0.560669
-0.508051 0.081704
-0.102310 0.050057
1.699427 0.182925
-1.511771 -0.099659
-1.454773 -0.144763
-0.899174 0.536638
0.618704 -0.562438
-0.789857 -0.897293
1.464215 -0.500827
1.805421 -0.512331
1.549349 -0.165161
1.410802 1.529477
-1.274513 -0.401860
-0.362125 -0.847982
-1.455211 0.208499
-0.384060 0.399346
-0.946650 0.157373
1.204462 -1.012129
-0.830167 0.985815
-0.759768 0.031308
-1.195295 -0.846111
-0.108845 -0.825512
-0.723859 1.267068
-0.848075 -0.916814
1.258836 -0.997284
1.970184 -0.346720
-1.020964 1.182802
-2.010014 -1.724590
0.288634 1.459061
-1.022325 -1.138349
-0.813334 0.522018
-1.069645 -0.568835
0.065236 2.154112
0.847310 -0.333846
-0.206825 1.269210
-0.805792 0.684792
1.369646 0.153079
-1.181534 -0.991464
0.099636 -1.542483
2.055571 0.270227
-0.669846 0.204491
-0.712237 -0.396042
1.526753 0.887403
2.072456 -0.140479
0.348528 -0.045387
1.581845 -0.891820
-0.243448 -0.206971
-0.777212 -0.715932
0.040103 -1.279457
-1.254328 -0.187173
2.950002 -0.181750
2.081444 -0.389559
2.225371 -0.266963
-1.186245 0.196772
-0.914825 0.211104
1.258960 0.792173
-1.218088 -0.076881
1.098275 -0.736703
-1.421672 -1.232701
-1.286091 -0.463691
-0.179175 0.110914
-0.095665 -0.327195
1.062411 -0.615780
0.788379 -0.466187
-0.135026 -0.299906
-0.690724 1.530555
-1.257361 -0.049962
1.529193 0.128870
-1.587028 -1.547364
-0.820914 0.566851
-0.227635 0.303838
0.381575 -0.492410
-0.800448 0.208422
2.317660 -0.215988
-1.353160 0.185182
-1.075071 -0.375044
1.599107 -0.553828
1.614970 -0.609836
-1.087995 -0.112831
-1.291900 -0.447573
-0.497053 -0.391087
-0.524708 0.023420
0.179877 -0.534928
-0.412031 -0.243566
-0.834208 -0.371265
-0.822167 1.653262
1.281571 -0.117688
-0.667775 -0.010255
-0.458670 2.190700
2.202667 -0.310799
0.648940 0.471448
1.857260 -0.174854
-0.478814 -0.881958
0.897009 0.195272
-1.035964 -0.172203
-0.945885 0.038003
-0.741118 0.764648
-0.355399 1.065366
-0.425769 0.540112
1.867971 0.041815
2.169249 0.008350
0.223830 0.296683
-1.661799 -1.078161
-1.545569 -0.001889
0.699882 0.061587
2.273818 -0.029937
1.339688 -0.596221
-0.739734 -0.876487
-0.611381 -0.219985
-0.941187 0.916513
0.025849 -0.310400
-1.685952 -1.006196
-0.904761 -0.277617
1.458190 -0.566386
1.424650 -0.037307
-0.919021 -0.523996
-0.971175 0.621226
0.868085 -0.494069
-0.822160 -0.587660
-1.036973 0.446793
-1.054443 0.325913
-0.849345 0.691728
2.223671 -0.022394
-0.770727 -0.290134
-0.764372 1.102862
-0.112651 -0.981143
2.338861 -0.173912
-0.398454 -0.261237
-0.218936 -0.766116
-0.197560 1.543829
0.452557 0.036791
-1.025315 -0.532119
-1.189037 0.105199
-0.839526 0.635860
-1.026326 0.161317
-1.061501 0.539488
-0.841485 -0.640132
-0.143523 -0.413957
-1.143277 -0.031480
-0.619583 0.037119
1.853726 0.169175
0.584222 0.408221
-0.676816 -0.179521
1.792426 -0.283433
-0.179530 0.066512
1.905576 0.082170
0.849154 -1.010399
-0.078535 1.467383
2.066270 -0.037360
-0.597523 -0.637534
-1.140193 0.448282
-1.762344 -1.286883
-1.146193 -0.952328
2.011302 0.049924
1.289313 0.229288
-0.942696 1.153118
2.174331 -0.251288
1.500943 0.280180
-1.075810 -1.039923
-0.586965 0.549978
-1.451295 -0.585342
-0.225601 0.653852
-0.291583 1.038261
-0.666171 0.129677
-1.027552 -0.628467
1.134975 -0.521759
-0.411683 0.739219
1.787019 -1.211637
1.708846 0.816981
0.226094 -0.470362
-1.023553 -0.022934
-0.717669 -1.499946
-1.584496 -1.486618
1.778523 -0.134550
-0.453983 -0.750951
-1.512063 -0.869936
-1.920100 -1.462636
1.813344 -0.154642
-0.844708 -0.972910
-1.125365 0.426198
0.234372 -0.584786
1.431347 -0.376555
-0.584111 0.502844
1.767819 -0.659091
0.434932 -1.623545
-0.459739 2.028906
-1.422932 -0.162160
2.264265 -0.232734
-0.453410 1.077097
0.832114 -1.029199
-0.502440 0.287904
1.722156 0.675800
-0.264166 2.065653
-1.076749 -1.357690
-0.400180 -0.421843
1.563916 -0.232567
-0.851934 -0.246926
-0.978977 0.095007
0.211518 1.611188
-0.920699 0.299448
-0.845878 -0.133336
-0.969383 -0.627780
-0.468222 -0.159334
-1.286517 0.166012
0.022773 1.282692
0.078957 1.344422
-1.103719 0.332433
-0.504403 0.575918
-0.925993 0.168522
2.125450 -0.321078
1.554529 0.084557
0.897570 -1.400493
0.988838 -0.015371
-0.668566 1.744092
-0.820101 0.363258
-0.990977 -0.568122
-1.164925 0.274014
0.982967 -0.401924
-0.882919 -1.067486
-0.906856 0.620128
0.226792 -0.039431
0.201483 0.535003
-0.757612 -1.087896
-0.901168 -0.393636
0.574147 -0.294355
1.629286 2.159598
-1.104018 -0.755044
2.128978 -0.258838
0.402378 2.024427
-0.773480 -0.068333
-1.282126 1.574104
0.484739 -0.449318
1.635122 -0.304977
-0.496222 0.162298
-0.391121 0.068096
2.035989 0.509602
1.128504 -0.345428
-0.476288 1.187669
-1.552274 -0.239856
-0.475168 -1.051311
-1.261709 -0.534166
0.539320 1.486220
1.957384 0.007309
-0.925430 -0.935391
-1.109519 -0.409588
1.982308 -0.212452
-1.254366 0.163180
-1.075600 -0.380360
1.927550 0.434113
-0.990664 -0.255171
-0.447914 1.292194
-1.479811 -0.346805
-1.022501 -0.445422
-0.533431 0.564230
-0.946540 -1.068144
-1.708359 -1.371414
1.977578 0.159786
-1.331725 -0.133868
0.015226 1.528752
1.820504 -0.096377
1.582449 -0.085034
-0.848417 -0.201250
0.367763 1.098885
2.253017 -0.240475
-1.715207 -0.131298
1.314361 0.619369
-1.515240 -0.368269
-0.748008 1.262533
-0.003440 -1.294435
-0.942436 -0.088179
-0.973597 -0.281509
-0.533216 0.094210
-0.638330 -1.065477
-0.168100 -0.116743
2.362509 -0.221492
1.316830 -0.707882
-0.494703 -0.216436
-0.971764 0.445251
-0.516741 0.286900
0.830043 1.946084
1.836401 -0.362041
-0.530235 0.874376
-0.306244 1.793834
-0.929295 1.419320
-0.029936 -0.417461
1.885026 0.174343
-1.291571 0.803060
0.112111 1.800192
-0.883497 -1.030935
0.828399 -0.397295
2.190784 -0.200752
-1.102841 0.004021
-0.489638 1.127989
0.014434 0.918914
1.502366 -0.975485
-0.429678 -0.587555
-0.670149 0.538538
1.790629 -0.276424
2.041847 0.176565
-0.930894 -1.245266
-0.858697 -0.317918
-0.807809 -0.498905
-1.037055 -0.966270
-1.358525 -0.956968
-1.557969 -0.933601
1.436678 -0.433786
-0.954498 -0.147079
-1.978179 -0.160426
0.597328 2.405803
2.215448 -0.223181
-0.944194 -0.250789
-0.829599 -0.727622
-0.879376 0.313459
1.332272 -0.951306
-0.380492 2.208895
-0.311157 0.374410
0.321337 1.755527
0.633992 -0.839152
-1.623987 -0.261074
2.027810 -0.041455
2.307261 -0.737622
-0.201767 -0.276286
1.817353 -0.289148
-0.799800 0.692649
-0.877058 -0.665171
-0.700434 -0.297877
-0.489318 -1.415751
-0.759642 1.962651
0.618845 -1.394061
-1.126735 0.104007
1.761592 -0.664075
0.710605 0.175917
-0.516971 -1.340983
-0.669086 1.193718
-2.042485 -0.818780
-0.470902 0.815402
1.479670 0.287635
-0.597763 -0.846601
-0.131067 -0.084061
-1.033229 -0.331709
-0.117071 0.328358
-1.091466 0.342930
-1.059332 0.422303
0.791285 0.302066
-0.291264 1.271694
1.927701 -0.387355
1.344309 -0.675535
-0.849883 1.277938
-0.446593 1.657456
-0.639211 0.185545
-1.135913 0.140085
-0.199918 1.845459
2.302828 -0.198546
1.563852 -0.386604
-0.837674 0.473772
-1.033785 -1.053820
-0.450506 1.351136
-0.917459 0.482066
2.207268 0.593322
1.474660 0.430605
1.689780 0.072167
-0.553589 0.868114
-0.850046 -0.370057
2.103913 -0.066370
-0.177553 -0.159706
0.292236 -0.254916
-0.715980 -0.208787
-0.201469 1.332325
-0.450289 0.344163
1.991793 -0.447019
-0.963852 -0.007473
1.239544 -0.625742
-0.746049 -0.751244
-1.136076 0.312989
-1.122258 -0.719628
-0.682987 -0.430443
-0.500182 0.528717
-1.059588 0.888812
1.549523 -0.340719
-0.169962 0.269007
-0.776130 -0.180879
-1.178547 1.450266
0.649176 -0.076066
0.195538 -0.381278
0.531534 0.227366
-0.436012 -0.704305
0.198947 0.380898
0.416343 -1.264788
-1.578680 -0.390747
-0.503697 1.423001
0.129320 0.853542
1.982321 -0.208067
-1.277224 -0.313640
0.539468 1.029501
1.363331 -0.539789
1.469457 -0.617008
1.047114 -0.524591
-0.510824 1.025993
1.942363 0.049045
1.534306 0.067410
1.612125 -0.536444
-0.983721 0.242125
-0.646998 1.048394
-0.862547 -0.045058
-0.654289 -0.330497
0.064140 1.657951
-1.002089 0.459617
-1.029480 -0.012020
-1.483530 0.861773
-1.123338 -1.478823
-0.589522 2.182420
-0.841018 -0.758474
1.461688 0.466852
1.374833 0.670869
1.769224 -0.856429
-1.286550 0.242296
-1.228190 0.136390
-1.247522 0.084236
1.101665 0.070840
-1.327486 -0.783781
-0.828783 -0.620532
1.066910 -1.081499
0.068445 2.232822
2.362509 -0.221492
0.145812 -0.966700
-0.595239 0.221503
2.195941 -0.139468
-1.492156 -0.957024
-0.778240 -0.590897
-0.574380 0.469244
2.156225 -0.303449
1.548859 -0.078260
-1.059474 -1.012605
1.982949 -0.590537
-1.156663 0.068093
-0.522133 0.032948
-0.663967 0.693571
-0.500752 -0.785942
-1.335794 -0.487444
0.634473 0.015115
-0.198130 -0.036746
-0.874368 1.002569
1.854652 -0.040557
0.996971 0.418736
-0.866017 1.487992
-0.267004 -0.165653
2.130169 0.036889
-0.639671 -0.734882
-1.116063 -0.378628
-0.770378 2.108542
2.048973 -0.572384
-1.462123 -0.852956
1.574699 -0.230775
1.571032 -0.227642
-0.370091 -0.097994
-0.674210 0.127316
0.182457 -0.074423
-1.286271 -1.300868
1.575528 -0.597813
0.019161 -0.240220
0.752375 -0.497944
1.367948 0.409300
2.051879 -0.219368
-1.074635 0.511567
-0.629391 1.359916
0.019567 -0.509521
-0.931450 -0.680394
-0.795491 -0.683965
2.234127 0.015384
-1.314630 -0.508365
-0.993649 0.959186
1.533734 -0.442750
-0.502220 1.010491
0.402077 0.636056
0.053433 -0.454380
-1.322955 -0.961184
-0.218025 0.361818
-0.525999 0.373692
-1.294161 -1.025032
0.325696 1.394139
-1.168346 0.399427
-0.501198 -0.286661
-0.842719 0.127902
-0.759571 0.942413
-0.628925 0.046842
0.886208 1.423092
-0.782392 1.226658
-0.496904 0.524166
1.892590 0.616968
2.667321 -0.484983
-0.632383 1.284112
-0.983568 1.392730
-1.184533 -0.264203
1.834357 -0.175652
-0.932929 -0.546925
-1.087477 -0.640532
-1.012657 -0.010272
1.863904 -1.505936
1.663572 0.268335
-0.370140 1.399707
0.816994 -0.716871
0.977096 -1.057709
-1.172382 -0.684239
-0.564180 -0.132725
-1.521730 -0.902832
-0.420967 -0.543882
-0.833531 -0.941218
-1.161485 -0.980667
2.436325 0.202924
1.976116 -0.199792
-0.023977 -0.433649
-0.796079 -0.683744
-0.636408 0.188484
1.326293 -0.397867
-0.175579 0.102439
-1.624255 -1.244447
-0.162386 -0.660943
1.458125 -0.327083
0.061489 -0.122744
-0.301481 0.631844
-1.090349 0.013765
2.047160 0.270563
-0.745507 -0.199385
-0.537312 -0.221148
-0.919433 0.810047
0.229566 1.743099
-1.842831 -0.237982
-1.074702 1.157693
-0.556555 0.472543
-0.527635 -0.240735
-1.376192 -0.456272
1.927778 -0.544803
-0.901129 -0.353648
-0.240352 1.000369
1.719272 0.487889
-0.669683 -0.906085
-0.322284 1.647476
-0.832272 -1.188377
1.560581 -0.379667
2.143517 -0.351369
-0.502788 0.205567
-1.209555 1.010344
0.593007 -0.658526
1.423705 -0.679060
1.987019 -0.596741
0.105827 -0.955727
1.099878 -0.404887
-1.253772 -0.627436
-1.621074 -1.170462
1.259829 -0.089753
-0.776185 0.088865
-1.256160 -0.004120
-1.218898 0.142468
1.763188 -0.373970
1.229211 2.421657
-0.417673 -1.052306
1.574463 0.056875
-0.641931 -0.094977
-1.070577 -0.395694
-0.991005 0.729862
2.196724 -0.287929
-1.010995 0.080232
-0.127273 -1.843497
1.714187 -0.643361
2.010435 0.446178
-0.011235 0.198959
-1.110592 0.039138
-0.043783 -0.627962
2.362509 -0.221492
-0.638531 0.280201
-0.219505 2.482147
-1.096471 0.769317
-0.337756 0.870892
-0.503337 1.088267
1.082949 -0.975893
0.131368 -1.036115
1.921119 -0.285589
0.305249 0.718365
-0.574745 1.110693
-1.043569 0.163306
-0.959875 0.394138
1.633548 -0.459167
-0.643843 1.080175
-0.821879 -0.105159
1.073304 -0.290388
1.411010 -0.029183
1.481524 -0.685903
1.057705 1.578206
3.597989 -0.329666
-0.710973 -0.505577
-0.507337 0.279814
-0.253103 0.328083
-0.520985 1.595703
-0.384406 0.754559
1.632586 0.509628
2.008205 -0.263903
2.277951 -0.263565
-0.683376 0.754877
0.310496 0.601447
0.437052 0.521007
-1.405757 0.590348
2.172782 -0.083426
-1.763607 -0.616089
-0.743635 -0.874276
-1.152358 -0.528678
-0.722912 -0.692751
-0.036653 -0.626500
2.041300 -0.097310
-0.425806 0.303993
2.255726 -0.286140
1.128543 -0.291762
-0.435328 -0.118891
-1.046340 0.440931
2.058621 -0.149075
-0.159142 2.252626
1.198384 0.065228
3.530275 -0.183893
-1.171103 0.545611
-1.072928 -0.115991
0.145094 -0.181119
1.481022 0.049837
-1.440441 -0.818062
-0.059147 -0.478813
-1.730163 -0.035565
-0.663186 2.053276
-0.231000 0.763588
1.911193 -0.220361
-1.572477 -1.795261
-0.050681 0.619047
1.849142 -0.379224
1.048723 -0.538298
-0.596586 1.776680
-0.921297 -0.085540
-1.423202 -0.979978
1.356096 -0.651016
1.936197 -0.032973
-0.794719 0.253951
1.844219 0.203230
-0.505744 -0.270087
-1.129399 -0.339388
1.296059 0.421170
-0.970559 -0.435466
-0.767574 0.689865
-1.171524 -0.164169
-1.158558 -1.672571
-0.465599 -0.510456
-0.876126 -0.250415
1.268797 -0.357481
-0.760900 -0.168525
0.131268 1.641739
-0.029824 -0.561868
1.599328 -0.260991
-0.471357 0.505001
1.633252 0.307225
0.747569 -0.306278
-0.967721 1.067765
-0.047415 0.639971
-1.270343 0.037278
-0.455229 0.639765
-0.987711 -0.987896
1.232607 0.073891
0.948273 -0.544756
-0.818762 0.115443
-0.209957 -0.619804
1.759316 -1.069391
-1.047567 -0.804674
-1.137547 0.367463
0.649509 2.108392
0.976307 -0.370605
-0.305406 -0.193856
-0.059408 -0.825829
-0.030264 0.965291
-0.447719 -1.151577
2.313783 -0.123650
2.120110 0.240286
-1.129960 -0.812532
0.179813 0.093764
-0.964458 -1.007255
-1.062506 -0.066881
0.278702 1.736183
-1.225765 -0.483790
-0.618118 -0.379327
-1.276223 -0.170825
1.023964 2.508631
-0.830443 0.005827
-1.476822 -0.379598
-1.515025 -0.046839
0.653551 -1.352570
-0.075296 0.007234
-0.552471 1.047025
-1.078659 -0.476748
-0.704425 -0.462187
0.152241 -0.438489
-0.554763 0.087515
-0.485381 -0.389297
-1.780383 0.307742
-0.917841 0.293623
-1.712420 -1.493333
-1.062266 -1.019391
2.185589 -0.289341
-0.977808 0.175694
0.632869 1.368785
1.600935 2.305128
-0.668469 0.138596
1.620126 -0.116232
-0.618476 -0.383791
1.831339 -0.314598
-1.307019 -0.656417
-0.567453 1.304722
2.244220 -0.353854
-1.776432 -1.058116
-0.851686 -0.693010
-0.591609 0.389793
-0.707158 0.336976
1.049835 -0.517245
-0.377075 -0.224722
-1.595860 -1.353270
-1.000233 -0.049164
-0.768067 -0.197390
-1.539878 -0.410573
-0.847615 -0.290375
-0.243772 1.078984
1.062830 2.057876
-0.543731 -0.928999
-1.465084 -0.639615
-1.369554 -0.944718
-1.624335 -0.706143
-1.531375 -1.061190
-0.334503 -0.805293
-0.189702 0.828779
2.068387 -0.351074
-0.872229 -0.913545
0.231759 1.381990
-0.519682 0.554243
-1.178146 0.304643
-0.052520 0.026817
-1.059309 -0.714455
-0.947726 0.147520
-0.582943 -0.683217
-0.381446 1.920027
-1.011998 -1.155239
3.188232 0.479804
-0.530882 0.084817
1.691647 0.574371
1.530958 -0.399563
-1.034410 0.476245
2.105465 -0.415163
-0.703566 -0.467749
-0.565445 -0.094570
1.402070 0.355096
1.011720 -0.714779
-0.970380 -0.860975
-1.065561 -0.346719
-0.406823 0.082558
-1.101807 -0.324401
-1.394915 -0.315382
-1.163385 0.077072
-1.809879 -1.757325
-0.517644 0.518304
-1.021948 0.327334
-0.791905 -1.007396
1.711971 -0.277493
1.428111 -0.385011
1.220964 0.152517
-0.312619 0.077275
-0.293438 0.223155
0.579626 -0.503949
-1.637280 1.113407
-0.751645 -0.184355
-0.632461 -0.235809
-0.892313 -0.657480
-0.749612 0.553146
-0.074733 2.054339
2.135331 0.290438
-1.221765 -0.449599
0.183010 1.550611
-0.792229 1.266583
1.756562 0.465069
2.199754 -0.123175
0.093327 -0.317743
-1.175431 -0.019785
2.176656 -0.139498
1.194786 -1.103958
-1.563642 -1.100026
-1.633731 0.166036
-1.006643 -1.159183
-0.803623 1.561100
-1.743491 -0.415302
-1.762962 0.614695
2.658953 0.114488
-0.474528 0.866326
1.799233 1.686146
1.801845 0.777777
-0.540868 -0.624180
-0.633924 0.074412
0.454779 -0.141848
-1.452047 -0.672477
1.444655 0.314010
-0.516224 1.445369
-0.971738 0.065577
1.907243 -0.546607
-0.468393 -0.142864
-0.329299 0.671511
-0.837497 0.470936
-1.002282 0.795739
-0.760399 1.099832
-0.675686 0.025973
2.090691 -0.040609
2.388223 -0.226992
-0.935157 0.396821
-0.584361 1.109073
-0.403489 0.997896
-1.067499 0.567330
-0.107351 -0.396054
-1.352390 0.314731
-1.349425 -0.621965
-1.361275 -0.459546
-0.935543 0.021322
-1.417382 -0.728209
-0.587974 -0.196509
-1.296631 -0.762848
2.337164 0.806275
2.019726 -0.203876
-0.867712 0.405043
0.313783 -0.640211
0.863281 0.443577
-0.013805 -0.204328
2.022873 0.210740
1.585959 -0.437422
-0.186535 0.372161
-0.534719 0.757060
0.824748 1.807534
-0.550885 2.208566
-0.647095 0.573332
-0.741781 -0.646360
-0.449897 1.485586
-0.384129 1.479663
-0.460704 1.033508
0.761213 -0.385287
-1.041220 1.475111
0.315017 0.200151
-0.252290 0.728111
-0.733668 0.384928
-0.800659 0.492355
-0.427445 -1.254562
2.056321 -0.258720
1.388336 0.891065
-0.501209 -0.566581
-1.812559 0.094453
-1.178067 -0.588655
2.747485 -0.466633
0.160392 1.945176
-1.166382 0.917575
0.467529 0.217338
-1.367824 -0.826379
-0.536678 -0.277149
-1.435339 -1.649206
1.771674 0.140053
0.714459 -0.364966
0.084250 -1.210600
1.476538 0.101293
2.096117 0.027348
0.696600 -0.258092
-1.876882 -0.525037
-0.521396 1.605042
-0.813102 0.269694
1.395530 -0.278978
1.708344 0.156473
-1.333844 -0.590391
1.024158 -0.732636
-1.735189 -0.704494
0.468715 0.477863
-0.046791 0.953554
-1.332960 -1.684344
-0.829984 -0.049855
-1.302234 0.478250
1.590318 0.291819
-1.037701 0.810584
-0.540975 0.031749
-0.959840 1.996785
2.172996 0.073474
-1.343787 -0.634083
-1.288619 -0.901712
-1.285096 0.920340
-1.475769 1.999311
-1.498355 0.228873
-0.528864 0.671585
-1.052660 1.500496
2.040672 -0.344813
1.567410 -0.261422
-0.972199 0.407224
-1.327790 -1.554574
-0.075640 1.744635
-0.379321 0.489896
1.508712 0.011457
-0.178314 0.000943
1.568876 -1.623967
-0.081938 1.458062
0.917933 2.005597
-0.420971 -1.263547
0.138411 1.165721
2.388223 -0.226992
1.461342 0.250559
-0.309254 0.812276
2.042472 -0.361600
0.929135 -0.739661
1.387417 -0.373763
-0.777825 -1.290957
-0.457445 1.350604
-0.836260 0.408632
0.299734 -0.208639
1.317749 -0.383949
-0.836734 -0.563905
1.808660 -0.015175
1.743799 -0.336538
-0.489910 -0.067688
-0.623888 1.229852
1.941360 1.357976
-1.467664 1.049330
0.023295 0.167523
1.318895 -0.311144
-0.930948 1.603816
0.994900 -0.111871
0.775585 -0.643383
0.012348 -0.004208
-0.676662 0.917622
-1.007060 -0.008056
-0.232091 -0.621007
2.723097 0.719055
-0.200213 -0.414933
-0.502622 -0.262904
-0.785142 -0.057365
2.133130 -0.404521
0.559987 -1.012009
-0.695633 1.598399
1.833594 -0.208174
2.234969 -0.125628
-0.426961 1.050966
-1.413998 -0.343862
-1.096820 0.516473
1.228507 0.042170
2.040159 -0.323156
2.696267 -0.105505
1.798421 -0.059044
-1.165486 -0.637109
0.007574 1.073953
-0.838291 -2.184479
1.578564 -0.515205
-1.126159 0.718921
-0.455229 0.639765
1.747456 -0.292461
-0.912527 0.354643
-0.318777 -1.260719
1.067188 -0.526010
2.099696 -0.262387
-0.025386 1.433082
1.302223 -0.170730
-0.228572 0.505538
1.944282 -0.050284
-0.547993 -0.374552
2.013385 0.738016
-0.892148 -0.143175
1.259133 -0.449021
1.233109 1.312316
0.657590 -0.300243
-0.925366 -1.064832
-1.189304 -1.295884
2.212118 -0.168609
-0.208608 -0.346993
-0.933377 -1.025855
1.147423 -1.026613
-1.801851 -0.395281
-0.308028 -0.505302
-0.885788 0.684933
2.239031 -0.285908
-1.014955 0.425044
-1.208437 -0.829146
-0.531700 1.020598
-1.364902 0.317086
-0.713982 -0.289228
-1.452378 -0.191845
-1.699142 -0.879481
-0.890373 0.454094
-1.036086 -0.713157
-0.972289 -0.038981
0.026416 -2.066064
-1.410865 0.548431
-0.568081 0.346902
-1.026613 0.690027
-0.109117 0.004662
-0.128328 -0.296087
-1.532240 0.341249
-0.833577 -0.360347
-0.815110 0.930666
-1.697768 -0.558194
2.149680 -0.263785
2.228681 0.115909
3.205914 -0.782931
0.526742 -1.443427
-0.345231 -0.650119
-1.089814 -0.616959
1.678947 -0.092956
1.362784 0.063118
-0.167353 -0.161774
-1.350558 -0.416461
1.837202 -0.560760
1.170800 2.232279
1.473109 0.936929
-0.284143 0.088507
-0.570537 0.066027
-0.732427 0.106527
2.119472 -0.480533
-0.622409 0.113703
-1.144060 -1.288927
-1.220040 0.216460
0.497950 -0.148303
-1.027656 0.424493
-1.608855 -0.616919
-0.851630 -0.221959
1.226967 2.270147
2.034470 -0.005205
1.853136 -0.605732
0.729483 1.377889
-1.396723 0.419389
1.508581 -0.092658
-1.289960 -1.137810
-0.519479 -1.447162
-1.411272 -0.518228
1.857718 -0.654912
1.741112 0.030223
-0.296879 -0.630806
1.815221 0.332701
1.197416 0.106058
-1.086050 -0.327245
-1.032667 1.707829
-0.304781 -1.391731
-1.808177 -0.574791
0.643546 -0.183244
-0.837579 0.023357
-1.110237 -0.460908
-0.627139 -0.498486
-1.314035 -0.400486
-0.442904 -0.893947
-0.840662 -0.694874
-0.468473 0.077963
-0.455025 -0.741633
-0.144997 -0.176202
-1.295585 0.299738
1.977079 -0.160020
-0.597969 2.094270
-0.530650 1.110261
1.798260 -0.356147
-0.723545 1.198719
-0.616527 2.077133
0.009946 0.356039
-0.595193 -0.024416
1.561375 0.429969
0.664141 0.089710
-1.217257 -0.179694
-0.862623 -0.321235
-0.300481 1.812344
-1.167562 -1.026241
1.692788 -0.465262
-0.283529 0.659147
-1.199259 0.355209
-0.180074 1.322998
-0.604561 1.359383
-0.699798 -0.904144
-1.483467 0.277587
-0.065257 2.221535
-0.064827 -0.117399
0.805755 0.051225
2.158134 -0.031628
-0.848553 -1.702732
-1.074259 0.736970
-0.759290 -0.663587
0.317684 0.232592
-0.435700 2.015784
1.565028 -0.490071
-1.876780 -0.848358
-0.919347 -0.304269
-1.045639 0.670403
-1.345553 -0.512272
-0.179529 2.070476
2.046001 0.423978
-0.513225 0.443829
1.534692 -0.508622
-1.320374 0.057804
-0.123064 -0.663515
-0.893515 0.389223
-1.013484 -0.503547
1.585577 -0.555446
-1.077660 -0.291460
-1.036550 0.173301
-1.072760 0.250772
-1.138591 -0.788122
-0.300286 -0.281900
-0.650965 1.145339
0.467648 -0.026884
-0.265063 0.170033
-0.321680 0.399009
-1.188590 1.439525
-1.120579 0.348887
-0.212245 0.646494
0.991476 0.549635
1.158372 -0.158252
-0.953281 0.367791
-0.588494 1.445048
-0.563616 0.648774
-1.516685 -0.792939
2.058223 1.643817
-0.391316 1.596281
0.267510 -0.516500
2.207451 -0.099324
-1.165028 -0.899292
0.320517 0.140239
0.913269 -0.292536
1.547805 1.185946
2.222401 -0.232735
1.142660 -0.181205
1.173002 0.271887
-0.778662 1.445329
-0.881392 -0.713262
-1.001067 -0.251669
1.892869 -0.525419
-0.998388 -0.111143
-0.650077 1.146953
0.451934 0.301379
1.807238 -0.267399
0.185727 0.005760
2.017548 0.338943
-0.066781 1.425214
1.984846 0.933276
-1.036069 0.889144
-0.850046 1.540727
-1.458733 -0.622735
-1.387690 -1.063911
-1.245034 0.192906
1.845778 -0.346783
-0.665063 0.603955
2.083979 -0.014812
-1.153001 -1.055068
0.667132 -0.590021
-1.103420 -0.753376
0.943647 -1.275100
1.292625 -0.905899
2.139915 -0.470238
2.013126 -0.171996
1.313769 0.053392
0.823971 -0.669915
-0.722819 -0.897368
-0.933587 0.194386
-0.381844 0.457734
2.193310 -0.100330
-0.497238 0.036457
-0.848370 -1.117951
1.822130 -0.126606
-1.103450 -1.290544
-0.138405 -0.694725
-0.830689 -1.346728
-0.812875 -0.029516
-0.133282 2.183723
-0.348901 0.006910
-0.583300 -0.748294
-0.170211 1.963917
-0.608746 -0.168530
1.773690 -0.160649
1.894920 -0.404353
1.883610 -0.543734
-1.204965 -0.861166
2.165788 -0.159238
0.481374 -0.837996
-1.223839 -0.814543
-0.169894 0.071486
-1.075423 -0.315342
-0.720738 1.592643
-1.264858 -0.029232
-0.424796 0.125729
-0.935778 0.038201
-0.272055 1.148346
-1.774896 -1.518328
-0.461553 -0.599426
-0.555235 -0.432549
0.950138 0.180880
-0.499565 -0.674229
-0.128808 -1.363743
-0.554910 0.386686
-0.575291 -0.340475
-0.722358 -0.667159
-0.897417 1.093349
-0.420107 -0.686038
1.069388 -0.328293
2.059670 -0.055724
0.729846 -1.662391
1.104024 2.003790
-0.751769 0.772106
-0.754858 0.585324
-0.366308 -1.209595
0.330751 1.734239
-1.585242 -1.086976
-0.670961 0.753208
-0.999907 0.343010
-0.114231 0.677396
-1.968859 -0.662205
1.609354 -0.882844
1.585708 -0.647174
1.197567 0.913066
1.898667 0.010177
-1.103571 -1.231376
-0.638212 0.209301
-0.482197 0.556417
0.960204 0.074834
0.881941 -1.005695
-0.732839 -1.155397
1.670678 -0.020635
-0.340527 1.436426
2.123434 -0.475304
1.925582 -0.415754
-1.525885 -0.780333
-0.442268 1.520939
-0.552989 0.363132
1.907715 -0.384653
1.555218 0.098895
-1.116735 -0.817137
1.404803 0.054328
-0.993420 -0.255528
2.026693 0.529211
1.648980 2.585800
1.769584 -0.282263
2.362509 -0.221492
0.661095 -0.756607
0.962050 -0.586519
-1.255629 -0.838173
2.430962 0.214839
-1.006742 0.241189
-1.617565 0.277079
1.168849 0.082407
-0.593736 -0.854361
-0.863848 -1.688149
0.063656 0.191534
-1.295042 -0.095781
-1.151779 -0.179537
1.721155 0.635593
-2.137845 -1.227292
-0.157228 1.665121
-1.120988 0.182984
1.191125 0.044319
2.028408 -0.238546
-1.094438 0.453139
-1.108542 -0.743212
2.026754 0.407901
-0.217836 -0.558642
-0.476189 -0.184330
1.428840 -0.031325
-0.976926 0.859489
-0.351500 1.864486
-0.720601 -0.218445
-1.321041 -0.037498
0.066974 0.071833
-0.906186 0.770194
-0.751597 0.216361
0.064210 0.535026
-0.497717 0.058019
2.191325 -0.298525
1.907356 -0.554756
-0.032057 0.332147
-1.285490 0.192115
1.076744 -0.342569
1.595745 -0.471682
1.574351 0.134057
-1.920195 -2.407510
1.996027 0.895373
-0.824237 -0.408106
-1.560951 -1.211638
0.619899 -1.043634
-1.156412 -0.040967
0.705174 -0.661274
0.154596 0.805069
0.871574 -0.918876
-0.428569 -1.044010
-1.045406 0.430247
-0.808324 0.445042
-0.076989 0.336593
-1.235362 -0.655938
-1.036263 1.193905
-0.776697 -0.225888
-0.425744 1.277634
0.239415 0.406002
1.194689 -0.031969
-0.467686 -0.498708
-1.262449 -0.200594
-0.957605 -0.091177
2.059602 0.084638
-0.768394 -0.876996
0.152637 1.845301
-1.029343 -0.921614
-0.474121 -0.897582
0.477605 1.519214
2.308483 -0.810943
-0.179756 -0.421438
0.739295 -1.153999
0.331274 -0.777164
1.370619 -0.826843
-0.747403 -0.525072
-0.860034 -0.406663
1.859600 0.024013
-1.143173 0.567068
-0.508569 0.371844
-1.283009 0.032120
2.315374 -0.791413
-1.028527 2.238993
-1.349374 1.915808
0.343177 0.486723
1.556034 0.158904
-1.109520 0.452161
-1.601149 0.086629
-1.230090 0.149990
-0.976155 1.195556
-0.816992 0.285759
1.640839 -0.361388
-0.605464 0.630790
-0.536909 1.673529
1.987911 -0.357411
0.575677 0.630722
1.682925 -0.839821
1.669864 -0.354587
0.729461 -1.023672
-0.711666 -0.243845
-0.229143 -0.233622
-1.869929 -1.199933
-0.461838 -1.478384
-0.470194 1.200182
2.273393 0.038705
-0.115757 1.577729
-0.606842 2.267391
-1.432474 -0.792601
-1.056224 0.362603
-1.359302 0.632889
1.506355 0.034383
-0.815773 0.386152
-1.186145 -0.432791
2.283751 -0.110222
1.129224 -0.808756
-0.619912 0.182372
-0.531076 0.483811
1.551465 -0.788441
2.138430 -0.226990
0.037834 -0.133136
1.075488 -0.489232
-1.278739 0.862489
-0.534502 0.676473
0.215293 1.872955
-1.072026 1.768712
-0.907597 1.085231
-1.308916 -1.727062
-0.860588 -0.092485
1.017809 -0.071985
-0.613633 0.273501
-0.912933 0.013189
1.559721 -0.412557
-0.189809 -0.439848
-1.104528 -0.219004
0.344132 0.966453
-0.754165 -0.647478
-0.341030 0.903051
-0.991690 1.359222
-1.083926 -0.867632
1.398087 -0.104755
-1.070604 -0.762414
1.811708 -0.105166
-0.467318 -0.770731
-0.986772 -0.563857
-0.764172 0.027651
-1.601251 -1.144011
-1.265675 -0.748450
-0.616929 -0.748396
0.545105 1.778901
-0.779318 -0.537856
-0.893855 -0.121408
0.168418 1.744221
-0.346268 -1.287106
-0.626277 -0.509109
-0.865606 -0.165370
-0.014647 0.002923
-1.554893 -1.237491
-0.828339 0.578777
-0.292907 0.144885
1.924397 0.455854
2.153333 -0.074973
1.341594 2.021055
-0.101412 1.970472
0.414242 0.330235
-0.359094 1.741474
-0.703752 -0.407097
-0.867466 -0.583086
0.164486 0.396909
-1.134694 -0.079134
-0.118178 -0.310546
-0.344175 0.342581
1.002749 -0.820366
1.119087 0.326079
-1.843938 -0.363835
0.294494 0.222393
-0.632920 1.439911
2.111850 -0.064364
-0.514219 0.116766
0.418850 -0.734025
-0.869893 -0.428442
-0.633052 0.299052
0.541353 -0.469369
-1.032989 0.248318
-0.775487 -0.015459
-0.921779 -0.153502
1.573173 -0.022976
-1.405205 0.156417
1.860533 -0.522197
-0.134528 0.284453
-0.745276 0.134392
-1.556042 -1.050091
2.254445 -0.287214
1.268409 -0.766041
-1.073030 -0.778186
2.255726 -0.286140
-0.460359 0.857797
1.057706 1.983409
-0.465497 0.608488
-0.872953 1.041663
-0.620445 0.127750
-0.442844 1.237519
-0.587706 -0.096792
-1.307680 1.323340
-0.939449 -0.024225
-0.365751 0.329284
-0.204231 -0.003164
-0.653572 0.721899
-0.939358 -0.197175
-1.023457 -0.840917
-0.535509 0.185248
1.604149 0.591777
1.764488 -0.249061
-0.634277 0.619166
-1.268569 0.210015
1.194120 -0.015100
-0.778617 -0.886368
-0.528590 -0.280094
-0.982799 0.659271
-1.709388 -1.171516
-0.581431 -0.387166
-0.575285 0.403221
1.647629 -0.709530
-1.010736 1.860572
1.902563 -0.408593
3.119583 0.368250
-0.371508 0.171645
-0.766748 0.236482
2.121018 -0.144083
1.846134 -0.209009
-0.200347 1.374369
-1.057045 -0.729049
-0.048609 -0.126295
2.208930 0.154170
-0.669655 0.398895
-0.770435 -0.366026
1.842198 0.163645
2.619304 -0.827444
-0.274367 -1.172709
1.994128 0.357473
-0.527959 0.432704
-0.287684 1.064651
-0.063372 -0.144755
1.766507 -0.025275
-0.076193 -0.831129
1.442554 -0.512310
-0.573437 0.411837
-1.661765 -1.498488
-0.799856 -0.717887
0.568426 1.312808
-1.140596 0.578637
-0.753859 -0.664840
2.388223 -0.226992
2.338861 -0.173912
1.331649 -0.463242
-0.608216 -0.246765
-1.703455 0.546694
-0.821674 0.285740
-0.409783 1.430227
-0.498370 -0.307801
-0.758777 0.117656
-1.067546 0.292574
-0.694487 1.461787
-0.529624 0.414423
2.103618 -0.256702
-0.243492 -1.148834
1.822811 -0.794992
0.616085 2.078757
1.463373 1.568714
-1.372217 -0.973954
2.210782 1.499776
2.040514 -0.167642
-0.001952 -0.119931
-0.599414 -2.031696
-0.272579 2.216604
1.822269 -0.108108
-0.098277 0.005739
1.253096 -0.105309
-1.493579 -1.628060
1.651273 -0.437918
-0.385546 -1.478773
-0.929804 -0.357520
-1.294462 0.506362
1.797677 -0.428534
-1.956475 -1.143737
-0.479515 -0.058562
-0.316396 1.712645
-1.027412 -0.233396
1.716006 0.290676
-1.192396 -0.207873
-0.762842 -0.131281
-0.443530 0.009122
-0.092778 0.064226
-0.730936 -0.029313
1.645252 0.465752
-0.747621 0.379868
1.971033 0.251671
-1.525505 -0.783837
2.270925 0.067868
1.266682 -0.843059
0.068784 -0.990848
1.375469 -0.537579
1.397841 -0.015735
-0.363056 0.038657
-2.005891 -1.142380
-1.562863 -1.137600
-0.115210 0.097649
1.783537 -0.300821
-0.726943 -0.053077
-0.169202 0.275127
-1.311739 0.040915
-0.863845 1.119741
-0.728181 0.570491
-1.192206 -0.483621
1.355753 0.083342
1.135256 0.100779
1.529870 -0.527116
-0.956784 1.045683
-0.566087 -0.542800
-1.131657 0.648946
-0.795001 -0.232609
2.026288 -0.715672
0.089721 -1.966177
1.686139 -0.358927
-0.149799 -1.159782
-1.129910 -0.347012
-0.128181 -0.441921
-1.376766 -1.488231
-0.658540 0.255463
-1.006124 -0.020946
0.108797 -1.332066
-0.473406 -1.506961
1.951106 -0.368412
0.138998 0.339599
1.576971 0.240486
0.699117 0.082858
0.723266 -0.604906
-0.066041 -1.212295
-0.800410 0.764726
1.855419 -0.029123
1.537235 -0.369039
-1.154951 0.303440
-0.512861 0.317173
-0.964286 1.637775
1.675365 -0.424460
2.066329 -0.491737
-0.961626 -0.437302
-0.734692 -0.483862
-1.148871 -1.151292
2.178608 0.101543
1.940955 1.138156
-1.046161 0.264037
-1.331000 -0.715122
-0.067970 -0.859053
-1.288845 -0.875083
2.215282 -0.091683
-0.939732 1.219844
-1.220729 -0.429546
0.419892 0.286755
0.829627 -1.040994
1.813240 -0.515400
1.322941 -0.545590
1.938222 -0.011061
0.781595 -1.193812
-1.730295 -0.866418
1.073325 -0.715784
-0.720215 -0.859394
-0.495895 -0.268638
-1.052244 -0.288961
-0.658963 0.658517
-1.146167 -0.240407
1.935379 -0.218794
-0.985508 -0.287162
-0.709965 0.705384
-0.954616 0.194273
-0.419115 1.385757
-0.925916 -0.007400
-0.417642 2.382372
2.179503 0.371182
-0.368497 0.011399
1.867987 0.756417
-1.123233 0.056650
2.301146 -0.310120
-0.631379 -0.096741
0.627502 -0.797447
-0.936774 -0.157481
0.347766 -2.132027
-0.937495 0.962683
-0.189407 -0.637366
-0.428108 -0.896472
2.037819 -0.191854
-0.362897 -0.279855
-0.459718 0.579805
-0.773019 0.977123
-1.103350 -0.165823
2.178332 0.031121
-1.028409 -0.396552
2.197531 -0.392137
-0.765142 0.374689
3.203115 -0.311145
-0.616580 0.264285
0.058226 -0.376912
1.084439 1.504077
-0.091605 -0.580147
2.268535 -0.103105
-0.658941 -0.678164
-1.524884 -1.339997
0.263455 0.029085
2.024253 0.008218
-0.286415 0.297315
-1.295665 -0.678017
-0.479733 0.659947
-0.706684 0.257279
-0.912999 1.312517
-1.896737 -0.979293
1.649500 -0.085693
-0.384894 1.699649
1.302213 0.153362
-0.459720 1.318227
-0.584437 0.207773
-0.744544 1.573958
0.225638 -0.447707
1.012055 1.952151
-1.596264 0.384517
2.250164 -0.122288
-0.529305 -0.901676
2.362509 -0.221492
0.906334 1.628305
2.010342 -0.470728
1.684973 -0.295072
-0.153773 -0.779137
1.324604 -0.091385
-1.182101 -0.987492
-0.392559 0.527321
-0.978208 0.498805
-0.988314 -0.350884
2.106349 0.355336
-1.315026 -0.746074
2.165584 -0.457256
-0.586954 0.823731
-1.122109 -0.649255
-0.909645 -0.493420
2.362509 -0.221492
-0.953629 1.092198
0.220880 -0.950391
1.023933 -1.408679
-1.297580 0.009047
-0.690397 0.326649
-0.188545 1.243712
-0.817232 -0.060027
1.499374 -0.118679
1.845080 -0.362146
-0.538272 -0.405032
-0.846769 -0.178191
-1.374775 -0.038349
2.023375 0.402149
-1.186667 -1.170359
2.112381 -0.260806
-0.740078 -0.383243
-0.403090 -0.349077
2.063352 0.034947
0.994773 -0.034185
3.060929 -0.149061
1.386400 -0.377012
2.197531 -0.392137
-0.673616 -0.514013
-1.368361 -0.459323
0.939848 0.039604
1.259385 -0.576760
1.023972 1.323851
-0.864866 -0.156354
-0.627684 1.355006
-1.291925 0.499442
1.078604 -0.354056
-0.821745 0.569609
0.086082 -0.049202
1.572071 0.138050
-1.163457 -1.114354
1.997773 -0.036652
-1.431535 -1.485714
-0.000507 0.419811
-1.557730 -1.334727
1.240638 0.290225
0.456646 -0.103590
1.816548 -0.498109
-0.479060 -0.823746
-0.401747 0.027565
-0.797529 -0.289212
1.550471 -0.777490
-0.376240 -0.213545
2.618574 -0.415720
1.927537 0.087938
2.307124 -0.217475
-0.281340 -0.079188
-0.556266 0.543394
-1.187104 0.256416
1.438762 0.455648
-1.130299 -0.154079
-1.115347 -1.135998
-0.448450 -0.191179
-1.131007 -1.297709
-0.682611 0.885018
-0.657247 -0.821331
-0.980745 -0.922849
-1.062677 -0.056086
-0.971977 0.680006
1.043904 -0.155674
0.509580 -0.929056
-1.493540 0.214974
-0.237436 -0.708082
0.423481 -0.190926
0.746138 2.086172
1.731131 -1.439509
-1.025923 -0.239512
-1.078168 -0.985740
-0.804100 0.943639
-0.773398 0.133062
-1.133377 -1.717595
-1.192985 0.077557
2.061007 -0.212823
0.708277 2.517564
1.551111 -0.321860
-0.767035 -1.280166
-0.887513 0.691856
-1.203497 -0.486988
-0.047954 1.050525
-0.627428 0.259254
1.779743 -0.342680
-1.214068 -1.333258
-1.469403 0.771750
-0.980421 0.371014
-0.378079 0.378722
-1.202898 -0.545430
0.121076 -1.004000
1.049301 -0.000213
1.547668 0.179892
-0.770854 0.276870
1.262820 0.406069
-0.754209 1.035198
-0.563066 0.284063
2.335228 -0.405824
-0.695426 0.234931
2.199796 0.279321
0.686771 -0.867721
-1.318797 -0.555786
2.241711 -0.013082
-0.729500 -0.200866
-0.707122 1.100649
-0.973069 -0.560058
1.048452 -0.889277
-0.360015 1.667467
-1.362473 -0.096915
-0.403939 0.114881
-0.814808 0.237926
-1.192701 0.516811
-0.356218 1.828222
1.889252 0.609527
0.276197 0.377977
1.950852 0.077288
-0.229126 0.348485
-1.299538 0.633209
0.071939 -0.411414
0.108431 -0.595211
-0.646775 2.126672
1.130584 0.165568
-0.807853 -0.658885
-0.741746 2.023757
-0.113397 0.930290
1.044173 -1.013294
-1.446074 -2.035463
-1.419493 -1.217975
1.286534 0.190085
1.952059 0.476882
0.391029 0.004549
0.585048 -0.763617
-1.464462 -0.097421
1.725544 -0.029160
-0.817273 -1.557362
-0.987683 0.567700
-1.132741 0.069053
-0.779922 -0.368856
-0.259531 0.082907
2.004609 -0.097988
-0.188734 0.212676
1.608814 -0.669689
-1.282701 -0.195819
2.191607 0.040727
-0.513281 1.798327
-0.064725 -0.836760
0.403299 -0.405341
-0.660051 0.425047
-1.606495 0.045093
-0.185179 1.642359
-1.006397 -0.495813
1.848541 -0.638277
-0.010212 1.232986
0.746193 0.839556
-1.238667 -0.377801
-1.235205 -0.408778
1.321928 0.250542
1.774968 -0.289923
-0.674010 1.223094
-0.518292 0.923424
-1.200882 -0.611466
-0.361092 1.230458
-0.488186 2.125496
-0.310094 2.194980
-1.332344 -1.336850
-1.176818 -0.896114
1.485969 -0.397862
0.071431 -1.340177
-1.302253 -0.299619
-0.423030 1.276775
-1.592202 -1.115403
-0.527291 -0.199919
-1.005560 -0.402874
1.207365 0.124952
1.725505 0.150886
-0.483318 -0.629577
-0.425715 0.643948
1.882787 -0.429989
-1.082341 0.682850
-0.868944 0.385836
0.747328 1.849989
0.135852 0.568800
-1.152608 -0.184783
-0.225979 0.006854
-0.381193 -0.769944
-0.282612 0.442088
1.316121 -0.174403
-1.145574 -1.354228
1.137865 1.259895
-0.157696 0.818597
2.087259 0.313699
-0.735801 -1.203802
1.760918 -0.882227
1.722934 -0.391527
-0.499204 0.272332
-0.765517 0.413312
1.598907 0.350588
1.575595 -0.546554
1.532906 -0.688718
-0.418101 0.424680
-1.105852 0.036281
-0.634011 -0.598748
-0.730777 0.345575
-1.568154 -0.069967
-1.466679 -0.433314
1.641089 0.379409
0.648446 -0.862155
-0.510394 0.068345
0.530882 -0.903358
-1.417556 -1.929179
-0.748695 1.357799
-1.344688 0.311502
-0.367133 0.261691
-0.713949 1.429683
-0.906405 -2.203798
-0.322103 1.105980
1.551166 0.152196
-1.396780 -0.578375
-0.363594 0.104335
-1.438868 -1.500767
-1.210633 -1.345329
1.942552 -0.027284
2.287572 -0.279922
1.110389 0.012991
-0.868190 -0.183852
-0.448077 -0.702764
1.235628 -0.954371
1.559151 -0.918898
-0.782503 -0.744871
-0.960018 0.644673
-0.682131 -0.283608
2.102581 -0.174369
-0.367183 -0.737961
-0.993388 -0.691492
-1.335208 0.257806
0.213720 2.468966
-1.096478 0.324797
-0.770605 0.690425
-0.784530 -0.968813
-1.259793 0.281733
0.640320 -0.570904
-0.474128 1.526563
-2.296728 -0.523838
-1.284920 0.007545
1.401438 -0.567791
1.100784 1.606146
0.983686 0.056783
-1.358856 -1.523942
2.242556 -0.516618
0.042704 -1.190542
1.662745 0.238437
-0.181714 -0.028572
1.688844 -0.161964
-1.256985 -1.319622
-1.493530 -0.308960
1.794727 -0.103510
1.707534 -0.304028
-0.492926 -0.804353
-1.267865 -1.105351
-0.680939 -0.063432
1.998344 -0.177284
-0.690355 0.398403
-0.766298 1.523366
-1.022721 -0.433772
-1.157747 0.271215
1.203198 0.413211
0.287692 1.599815
-1.152383 -0.046272
0.632581 1.283934
0.236475 -0.650093
1.996602 -0.320714
1.150270 1.338833
2.196341 0.136257
0.990899 1.320189
1.356384 -0.304545
0.145615 0.242912
-0.675622 0.183332
-0.898367 -0.675965
0.979771 2.505380
1.107600 -0.365061
2.163984 -0.371043
0.562036 -0.260975
0.801257 -0.965986
-1.665574 -0.634540
-0.593805 0.736920
1.456628 -0.247998
0.718406 0.356348
2.100148 -0.137085
-0.895858 0.464524
0.871941 1.189046
0.985148 0.257677
-0.835258 0.164257
-0.494930 0.179002
-0.445627 0.890743
1.341859 -0.015711
-0.430526 0.206125
-0.634855 -0.028987
0.988504 -1.201986
-0.256507 0.027806
1.293838 -0.659915
-0.304858 0.051257
-1.122551 0.771914
-0.203700 -0.604912
-1.292571 -0.651440
-0.857979 -0.670448
0.333833 1.594394
-1.114066 0.256472
-0.927004 -0.396807
3.186416 -0.341421
0.544741 -0.476881
-0.862406 -0.993147
0.498615 -1.102224
-1.907968 -0.876508
-0.330337 -0.476857
1.297100 -1.828093
0.923991 -0.439234
1.161600 -0.312534
1.957381 -0.304898
0.525597 -0.299957
-1.024076 -0.735244
-0.696403 -0.411235
-0.717198 -0.233481
-0.458281 -0.011587
-0.936208 -0.256710
-0.422738 0.612952
2.344696 1.198946
-0.898454 -0.380547
-1.105144 0.705554
0.981685 2.463000
-0.818775 0.757880
1.473113 0.150142
-0.977549 -0.036710
-0.174662 1.687492
-1.184017 0.483080
-0.027041 -0.016658
2.275455 -0.135253
1.528810 -0.139348
1.702070 -0.613298
1.376745 -0.835363
1.341812 -0.640111
0.861176 0.140589
-0.768063 -0.969411
0.206231 0.492605
1.646374 0.215319
2.125607 -0.185232
0.451607 0.531940
-0.037575 -0.470712
-2.084080 -1.334384
1.403697 0.143469
-0.598054 -0.076695
-0.878168 -0.305287
0.909797 -0.385594
1.713660 -0.082254
-1.753632 -0.474497
0.117747 1.567525
-0.635416 0.316219
0.290083 1.560115
-1.224966 0.262648
2.028172 0.204136
-0.993316 0.606519
-1.470709 -0.478309
1.756596 -1.279013
-0.037158 -0.581778
0.409664 -0.471177
-0.444012 0.213238
1.637785 -0.142685
-0.623981 1.062476
0.928643 -0.062223
1.945623 0.151926
-0.104564 -2.053752
-0.522393 1.803865
-0.288031 0.428698
1.482420 0.144446
1.584394 -0.487726
-0.524366 0.079743
-0.253711 2.072993
0.974743 -0.539303
-1.228306 -1.474263
-0.708892 0.790785
-0.391081 -0.509916
-0.425149 -0.345152
0.967103 -0.758054
1.658342 -0.160114
1.276599 -0.025837
-1.644234 -0.566266
0.249251 0.876412
-0.063709 2.028142
-1.100179 -0.239582
-0.752110 1.002358
1.162023 0.100498
1.041912 2.195315
-1.253698 -0.829868
-1.003552 0.612334
-0.548428 0.352666
-0.485996 -0.523255
-0.039149 -0.013926
0.888208 0.449691
-0.831349 0.264773
-0.065803 1.850226
-0.740369 1.518233
-0.267454 -0.557172
-0.290873 -0.815001
-0.987529 0.522171
-0.934017 1.573274
-0.006075 -0.510072
-0.775100 0.195108
1.639693 -0.273536
-0.748469 -0.219687
-0.857985 0.404748
2.154094 -0.194125
-0.464643 0.397563
-0.891750 -0.162142
-1.169260 0.178767
-0.975378 -0.179179
-1.003266 -0.139158
-0.675247 0.917041
0.851533 0.853473
-0.806833 -0.613897
-1.668416 -0.209123
1.362333 -0.624072
2.114531 -0.357193
-0.633066 1.556473
1.309776 -0.357104
-0.370039 -0.362288
1.152962 0.688220
1.610440 0.540046
-1.311108 -0.652198
-0.525562 0.381569
-1.338032 -0.138735
-0.815494 -0.197290
-1.497002 -1.280759
1.482735 -0.275026
1.440692 0.810552
-0.530379 1.900580
-0.972713 0.087078
1.445408 -0.128572
-1.420403 -0.588635
-0.508066 1.086793
-0.361449 0.074201
0.403522 1.253336
-0.598804 0.774987
-1.034568 0.379811
-0.752420 -0.152000
-1.091849 -0.219945
-2.006877 -0.637658
0.213110 -2.137445
-0.195499 0.974768
-1.090105 -0.603413
-0.529164 0.901826
-1.145944 1.352873
-0.912081 1.786188
-1.036256 -0.551780
-0.705061 0.251414
1.681685 -0.086653
3.230870 -0.603854
-0.154149 2.005506
1.783292 -2.057295
2.660887 -1.014672
-0.747084 -0.524205
-0.179932 1.177212
0.983307 -0.616994
-1.071548 -0.277544
-0.891929 0.471279
-0.706216 -0.064395
1.473681 -0.758130
1.498567 -0.369855
-0.923125 -0.262706
1.588378 0.450308
1.972123 -0.076850
2.138322 0.297017
0.004154 -1.560602
2.078818 1.382387
-0.546219 -0.417910
-0.075455 1.530378
1.881440 0.087043
0.269532 -0.133003
2.002731 -0.535299
-0.395198 0.860598
-0.681649 1.053873
-0.544756 0.530379
-0.695726 -0.873233
-0.993231 -0.522881
-0.935256 0.318112
2.815622 -0.603790
2.104796 -0.346229
-1.120095 0.895703
-0.704095 0.747677
2.054535 0.049425
-1.271358 -0.888322
-0.316347 -0.052164
0.625752 -0.583846
-1.754134 -0.869383
2.127073 -0.503785
2.725896 0.034986
-0.807979 0.602011
0.165583 1.606451
-0.534279 -0.587496
1.746528 -0.231713
1.704387 -0.162145
-0.972777 0.242882
2.223939 -0.335323
-1.168085 -0.769286
-1.193312 -1.050602
1.984027 0.498716
-0.693858 -0.361071
-0.747727 1.820702
1.678242 0.129396
1.631434 -0.012469
-0.804248 1.097827
-0.646307 -0.070534
-1.265191 -0.744056
-1.015959 -0.926416
-0.659597 -0.594079
1.946993 -0.080014
-0.160546 -0.158704
0.759850 -0.124888
0.187471 -0.371210
-1.398615 0.127304
1.358331 -0.379308
-1.179380 -1.716406
2.362509 -0.221492
2.060542 -0.097010
-0.085591 0.413144
-1.033477 0.372362
2.177218 -0.338056
2.089908 0.356759
2.388223 -0.226992
0.616386 2.101096
-0.879142 1.949877
-0.317712 0.119931
0.031095 0.562920
2.115535 -0.137821
-1.094609 -1.025187
-0.064729 -0.047847
-1.448322 -0.525424
-0.791293 -0.422891
-0.933572 -0.464478
-0.791135 -0.834245
-0.504845 0.191385
-0.133879 -0.210838
-1.151022 -0.590380
-0.209842 -0.665905
-0.816482 0.878739
-0.999088 0.289947
0.966039 -0.799208
-1.071660 0.717958
-0.882408 0.305046
3.161466 0.259229
-0.826098 -0.074562
-0.542516 -0.660358
1.061989 1.528558
-0.194127 0.047840
0.070207 2.104451
0.163927 2.139562
1.316115 -0.714097
0.689440 -0.110753
1.025676 0.332191
-1.464773 -0.806276
2.200761 -0.333348
2.212233 -0.183248
-0.942764 -0.680061
1.169592 -1.003708
-1.306850 -0.356831
-1.694834 -1.071335
2.020293 -0.194938
1.845542 -0.704531
0.536129 -0.229455
-1.568959 -0.137492
1.939951 0.198649
1.894776 0.422991
0.183654 -1.940448
-1.209724 0.076210
-0.777352 -1.030563
0.369924 1.174412
-1.157744 -0.468455
-1.208236 -0.205018
0.762203 0.270413
0.704109 0.360184
2.216982 0.243276
-0.437792 0.630564
1.878149 -0.546330
0.312882 -0.966261
-0.442844 -0.814078
-0.890802 -0.147483
-0.604800 0.789885
0.820780 -2.163812
-1.327868 -0.503120
-0.535091 0.442722
-0.368763 -1.065615
-1.055051 -0.007930
-0.877383 -0.510639
-1.162076 0.017481
2.211446 -0.299644
-0.526268 -0.327039
-0.944784 -0.034999
-0.680377 0.034580
-1.094921 0.712903
-0.926449 -0.285999
1.798304 -0.159266
-0.509716 -1.231644
1.731228 0.213446
-0.962137 -0.139845
-1.106312 -0.778476
2.014963 -0.283676
2.091407 -0.399364
-1.588812 -1.489989
-1.228076 0.215862
1.554861 -0.328072
0.193314 -0.331532
0.805413 1.427765
-1.009247 -0.088161
-1.009743 0.263362
-0.257530 0.638461
-0.465060 1.748406
-0.718520 0.207541
-1.087328 -0.702747
-0.611951 0.280362
-0.173554 0.712687
0.035569 -0.439810
-0.703258 1.360442
1.969523 0.029501
-0.890814 0.158853
0.746776 -1.020097
2.020441 -0.384448
-0.886043 0.849889
0.341275 0.099910
-0.604768 0.504014
-0.520386 0.752340
-0.744300 0.034876
-1.203411 1.053235
-1.057783 -0.591429
2.055057 -0.284598
-0.340240 0.310252
-0.389861 -0.615679
-0.819008 -0.322714
1.558423 0.041899
-0.311931 -1.394086
-0.569327 0.148669
2.014535 -0.045003
-0.674103 1.308385
-1.194784 0.455159
0.075117 0.064065
0.651820 0.169970
-0.900481 0.504694
-0.829926 -0.900618
-0.157996 -0.920528
-0.972763 0.067134
-0.491122 0.014541
0.947767 -0.976450
-0.038382 1.699992
-0.566750 0.070436
0.636581 0.119084
-0.962960 -0.751640
1.515270 -0.728664
1.768025 -0.450034
-0.590527 -0.533437
-0.445436 0.192007
1.785156 -0.059246
-1.765681 -0.010683
-1.821440 -0.740858
-0.725274 0.897341
-0.906564 0.569415
1.791300 0.053769
-0.964151 -0.977389
1.421801 1.237961
0.133178 -0.269200
-0.686838 0.254371
1.727618 0.030018
2.937024 0.400673
1.225490 -0.927726
-1.348964 -0.187160
0.593530 0.315963
1.805917 -0.689466
-1.397214 -0.414268
-1.391347 0.040790
-0.789022 0.086031
-0.885573 -0.626526
-1.586305 -0.736122
1.128319 1.685466
-0.603329 1.203085
0.178358 0.625605
-1.493923 1.136921
-0.701913 -0.221951
-1.388974 -0.390020
-0.445225 0.139884
-1.611844 -0.288059
-0.335713 -0.138884
-0.704039 0.883738
-0.491404 0.510949
-0.671679 -0.388435
-1.127666 0.367881
2.359225 -0.293856
1.727970 -0.450551
-0.834541 -0.916460
-0.837749 -0.065492
2.110374 -0.481884
1.057559 -2.060729
1.593377 0.524208
1.882394 -0.374017
1.625717 -0.653848
-0.779645 0.815922
-1.310849 -0.850970
-0.903575 0.497784
2.111032 -0.128435
1.995361 -0.927131
0.006262 0.791778
-1.443330 0.021549
2.003202 -0.137621
1.731287 0.208518
-1.249115 -1.193727
-0.545191 -0.472959
-1.051730 0.331823
1.803395 -0.429140
-0.456598 -0.069861
1.504333 0.555465
-1.158120 -1.378286
-1.166248 -0.337061
2.238648 -0.235567
-1.076492 -0.544542
-0.057631 1.783560
-0.582730 -1.554651
-0.814114 0.601731
-1.023021 0.661982
-0.485020 0.086935
-1.537193 0.710703
-1.177910 -0.294626
-1.056427 0.034210
0.237485 2.534131
-1.872733 -1.236431
-0.932644 -0.807610
1.204564 1.773832
-0.636615 1.338308
-1.130666 0.093286
2.067012 -0.576969
1.000734 -1.425882
-1.143780 0.807349
1.252668 0.373777
-0.782898 0.557715
-1.153657 0.000775
-0.262208 1.645382
-0.736526 0.134315
2.344248 -0.500348
-1.107152 0.955273
-0.706772 1.156738
2.015342 0.294581
0.035020 -0.134332
-0.006370 0.261374
1.035847 -0.624471
-0.983008 -0.409505
1.118266 0.342468
-0.705052 0.043488
-1.400592 -0.173554
1.106632 0.115816
-0.314070 -0.183169
-0.752208 0.007651
-0.856382 -0.422400
0.105648 -0.658651
1.876135 -0.622527
-1.018253 -0.113439
0.080029 2.131403
-0.925090 -0.497456
-0.750094 -0.947972
-0.716187 0.431307
1.855549 -0.254778
1.553500 -1.556894
1.711637 -0.322658
0.914481 0.452647
1.223882 -0.116014
-0.577129 0.389675
-0.885690 0.676878
-0.046047 -0.483837
0.000485 0.190693
-0.878782 -0.837760
1.018082 -0.092276
-1.416872 -0.808050
-0.968459 1.088714
1.634090 -0.452226
1.707994 -0.289763
1.872795 -0.112263
-1.335742 0.164397
2.077510 -0.417632
-0.899575 -0.162295
-0.601490 -1.275643
-0.468324 1.245415
-0.597411 0.201666
-0.441689 1.779775
0.172383 1.525238
-1.091324 -0.068607
-0.313366 0.585593
-0.354987 0.316145
-1.014878 -1.092704
-0.491209 -0.945629
0.442149 2.550329
-0.515606 0.159998
0.012957 -0.064655
0.712592 -0.008274
1.719654 0.217638
0.733393 -0.329805
-0.868931 -0.239608
2.224092 -0.381539
0.340097 -0.757723
-1.207671 -0.802991
-0.698270 1.340555
2.079059 0.042967
-1.743577 -0.950208
-0.709094 0.598587
1.334255 0.093470
-1.416633 -0.534818
-0.759076 -0.433862
-0.615806 1.457985
-1.164661 -0.239996
0.094382 -0.267666
-0.007355 -0.251986
-0.125191 0.078965
-1.581706 -0.364773
-1.198065 -0.219359
1.105410 -0.125715
-1.037635 0.774769
-0.433056 -0.136013
1.776574 -0.054437
-1.640143 0.291089
1.491791 -0.153589
-1.367826 -1.210329
2.359220 -0.275583
-0.043124 0.571936
-0.488758 0.720907
0.958656 -0.370395
2.347975 -0.161209
1.615039 -0.333159
0.694112 0.216649
0.941480 -1.180186
-0.294320 -0.244646
0.822102 0.241165
0.882747 0.450017
-1.188150 0.352069
-1.025276 0.078989
-1.185986 -0.165310
-0.736089 0.002212
-0.782168 -1.116584
-0.580206 -0.537502
-0.799422 0.406611
-0.937787 -0.074163
-1.547827 0.135800
2.217212 0.020404
1.719523 0.132745
-1.469187 -0.465943
-1.122853 -0.519503
-0.682043 0.292621
-0.506250 0.020972
-1.112725 -0.437644
0.034535 1.359785
2.101792 -0.030094
0.080838 -0.694155
0.554294 1.277543
1.459708 -0.561007
-0.493988 1.162728
-1.621036 -1.472376
0.543866 -0.663061
-0.655904 -1.446169
-0.431724 -0.137204
-1.167387 0.054417
2.046219 -0.211343
-0.456014 1.538934
-0.508519 -1.377277
-0.259367 1.729315
-1.403591 -0.123539
1.660202 -0.452761
-0.313104 1.054106
-0.767525 -1.084009
-0.582945 -0.420184
1.714769 -0.425909
0.975975 -0.130574
-1.002818 -0.386850
2.109149 -0.532830
-1.421667 -0.052221
-0.545119 -0.314670
-0.044477 -0.036107
-0.404957 -0.580263
-0.643334 -1.084893
0.015889 -0.311705
-1.197396 0.243933
2.159765 -0.104195
1.319919 -0.679806
0.981735 -1.024585
-1.083338 0.509789
-0.068867 -0.847177
-0.802048 -0.242069
-0.925085 -1.306437
1.163995 -0.454317
0.170737 0.412455
-1.635752 0.893950
0.665483 2.009890
0.082373 0.874231
2.309947 0.123855
2.042862 0.314492
-0.797685 -0.762452
0.364156 -0.759443
-0.638744 -0.439599
1.952436 -0.467644
-0.092130 -0.309421
-1.180765 -0.489081
0.898752 -0.704008
2.030883 0.074223
2.036297 0.197204
-0.455297 -0.739155
-1.091597 -0.293294
-1.598516 0.230398
-1.035342 -0.114350
2.101573 -0.516256
1.617790 2.127126
1.383324 -0.628193
-1.510732 -0.716470
1.605656 -0.495796
-0.784300 -1.035375
0.281615 0.055989
-0.355070 -1.457200
-0.272510 -0.502556
-0.983961 -0.533199
-0.544958 1.623890
1.007924 1.254657
-1.050193 -0.496179
1.471029 -0.071159
2.403579 -0.452948
-0.904033 0.436364
-1.105827 -1.154782
2.046244 -0.545088
-0.973031 0.785669
-0.493990 0.606571
-1.103583 0.325246
0.041135 1.238374
-1.470179 -0.090935
0.637666 1.271875
-0.802144 0.700457
-0.559481 0.317761
-0.794081 -0.706052
-0.882839 0.061056
-1.173962 -0.523329
1.445323 -0.517562
-0.786962 0.163492
1.339027 0.024714
1.343049 -0.556797
-1.407197 0.608536
1.180366 -0.009806
-1.017949 0.116533
-1.159650 -0.343247
-0.772474 0.561549
0.732916 0.037142
0.316063 0.725679
-0.152382 1.420433
-0.535068 0.422207
-1.170327 -0.871218
-0.743068 0.166901
2.388223 -0.226992
-0.417668 1.630247
-1.180198 -0.611708
0.709078 -1.412630
1.583470 1.075424
0.167473 -1.700415
-1.121522 1.210168
-0.929333 -0.835680
-0.660323 1.065275
-1.102419 1.261552
-0.405902 0.123894
-1.354551 0.018537
1.169849 0.539755
1.368333 -0.990215
-0.992822 0.047296
1.720085 -0.265443
-1.384796 -0.698258
-0.532044 0.723173
-0.213812 0.085009
-0.872420 1.366253
-0.745784 0.814086
-1.916693 -0.799941
2.594885 1.297999
1.079362 -1.072656
-0.119948 1.775769
-0.597302 -0.149015
-0.551404 0.223539
0.456874 1.127632
-0.922199 1.441575
-0.460251 -0.712417
1.307600 0.424865
-0.670204 0.633611
-0.956785 0.617588
1.616402 -0.537573
-0.139296 -0.608337
0.631702 1.640122
2.114135 -0.368308
-1.028506 0.222525
-0.279874 0.011523
0.978709 -1.769572
-0.102591 0.117789
-0.555607 -1.129539
-1.465428 -0.368642
0.611311 -0.655221
-1.402528 0.385438
-0.734398 -1.256042
0.239287 0.049349
0.987667 -0.726453
-0.599944 -0.308490
-0.459404 1.262685
-1.069274 1.757490
-0.406703 0.417780
-1.300365 -0.239106
1.242038 0.042912
-1.475070 -0.467226
0.821179 -0.056979
1.324787 -0.822324
0.760156 -0.254599
-0.798093 -0.020653
-0.159492 0.485725
0.145449 -0.386386
-0.977887 0.282020
0.241269 0.110183
-1.511704 -0.038464
0.691110 0.388091
-0.171157 -0.186995
-0.722410 -0.530561
0.328710 -0.102071
-0.587336 0.033231
-0.007272 -0.027176
-1.016981 0.476685
0.606914 2.011063
-0.560812 0.261734
-0.362652 -0.063013
1.065958 -0.721965
-0.359775 -1.439110
-1.415700 -0.067212
-0.075652 -0.730901
-0.580782 0.107194
-0.288716 1.269451
-0.044185 1.219335
-0.417909 -1.244198
-1.052597 0.437037
-0.857114 1.698378
-0.866920 -0.357943
-0.583002 -0.003501
-1.054093 -0.891651
1.991155 0.631167
-1.442626 -1.194776
-1.089491 -0.492829
-1.061038 -0.102858
1.595454 0.523061
-0.207147 0.142251
-0.859062 1.578775
-0.620450 -0.355765
-0.525585 0.085090
-0.923226 1.253376
-1.091809 -1.142704
-1.184188 0.439331
0.501896 0.197212
2.171902 -0.238905
-0.569783 -0.892691
1.530347 0.239072
3.539309 -0.426681
2.654452 1.055606
-0.952981 -0.790555
-0.920586 -1.164068
-1.724919 -0.639710
-1.872607 0.031558
2.180227 -0.646012
-0.235188 1.694845
-1.007753 -0.856177
1.351300 -0.196594
-1.585860 -0.797127
-0.331147 1.201258
-1.154227 0.324326
-0.610576 2.023834
-1.782133 -0.123302
-0.598024 -0.395302
-0.121796 1.978584
-0.498559 0.386015
-1.531791 0.132766
-0.746798 0.290405
1.722492 -0.768485
-1.060447 -0.286938
-0.451150 -0.980976
-1.168138 0.037627
1.930100 -0.314035
-1.232668 0.347169
-0.796721 -0.336309
0.131186 -1.388413
-0.267923 0.346994
2.388223 -0.226992
2.277951 -0.263565
2.255726 -0.286140
1.210481 2.448400
-0.342280 -0.219483
-0.531913 -0.575939
-0.952670 -0.107785
1.003184 -0.643496
-1.105289 0.347625
0.011127 1.981537
-1.091029 -0.028924
-0.722755 -0.807892
-0.448659 -0.464669
-0.692017 -0.211949
-0.467677 -0.665786
-0.529744 0.402659
-0.768833 -0.435966
-1.078082 1.173632
-1.316285 -1.901318
-1.429670 0.504233
-0.912986 -0.702715
-0.815852 -0.154501
-0.538517 -0.349601
1.959375 -0.237040
1.298532 -0.643981
-1.021547 -0.307040
-0.166892 -0.330587
0.081929 2.415188
-0.985272 0.531405
-0.725632 0.239178
-1.052463 -0.698673
1.659660 -0.019139
1.555390 -0.046693
0.161305 -0.293658
2.013135 -0.399684
-0.668466 -0.750003
-1.180038 -0.997858
-0.416253 0.558308
1.439104 -0.628843
-1.216861 0.468922
-0.960128 0.933383
1.045473 1.427743
1.691177 1.470709
-0.257006 0.338575
-1.272106 0.870223
2.062386 -0.114054
-0.168382 0.267165
-0.157832 -0.321059
-1.629324 1.073755
2.066892 0.435140
-0.730045 0.852634
-0.920091 -0.257990
-1.287306 -0.278510
-0.416505 0.906528
0.872580 1.308024
1.787821 -0.250378
0.120280 1.438647
1.404008 -0.548549
-1.322868 -0.824461
-0.975336 0.819230
1.049139 -1.330388
-1.030688 -0.556378
-1.759650 0.012546
-1.040298 -0.383313
-1.200060 -0.018279
-0.731727 -0.674051
0.310570 0.745016
0.177558 -0.782719
-0.243268 -0.256016
-1.489206 -0.621432
-1.986774 -0.436962
-1.259223 -1.424599
1.284027 1.927682
0.652409 -1.470762
-1.617139 -0.628229
-0.929312 -0.556193
1.659359 -0.234860
0.462361 -0.584306
-0.715157 -0.506508
-0.519177 1.726795
-1.788159 0.652841
1.012092 2.056885
-0.490834 1.957545
-0.737181 0.837803
-0.937164 0.201903
2.112788 -0.492618
0.286569 -0.222856
-0.759626 0.300857
-0.235695 0.133766
-0.943288 -0.530442
-1.113107 -0.258405
-0.212277 1.649886
-0.425536 1.088133
1.393042 -0.630685
1.024790 -0.607092
1.775599 -0.692590
-0.986036 -0.331805
-1.081768 -0.367545
-0.862731 -0.124974
1.701852 0.418894
-1.817315 -0.397200
-1.442191 -0.122473
1.229439 -1.352237
-0.959203 0.172416
-0.465777 -0.852926
-0.543855 -0.434150
-0.779169 0.190140
-0.097560 -0.893095
-0.640736 0.445334
-0.937737 0.052817
0.616307 -0.726258
0.072907 0.586847
-0.347139 -1.059953
2.202154 -0.282923
-0.439006 1.556153
1.500892 0.131161
-0.349599 0.261517
-0.519675 -0.222633
-0.551225 0.779381
0.333662 -0.080548
-1.309400 -0.290353
-0.428145 1.065801
-0.660854 1.291172
-0.854331 0.158598
-0.159997 0.963874
-0.479736 -0.631029
1.582438 -0.305221
-0.751246 0.794313
2.248561 0.038351
-0.718461 0.957543
1.664366 -0.114622
2.048238 -0.236563
-0.967680 -0.366374
1.190747 0.482451
-0.738698 1.405964
2.194764 -0.342638
0.471123 0.916498
-0.909649 0.857101
-0.476885 0.435944
-0.453937 0.847423
-1.415962 -0.512782
-1.875403 -0.129838
-0.626347 0.738732
0.583825 2.311194
-0.056552 -0.205145
-0.659945 1.225671
-0.244954 -0.480271
-1.734967 -0.082220
1.776273 -0.276893
-1.501654 -0.652941
-0.087906 -0.063160
-0.961618 -0.424037
-1.418308 -0.439476
-0.792557 1.585497
-0.670572 1.131691
-1.009980 -0.673778
-1.082938 1.053140
1.573391 -0.292951
-0.831017 0.664680
-0.405180 -0.522272
-1.307411 0.595964
2.298936 -0.045254
1.324416 0.200329
-0.266497 -0.896321
-0.978674 0.141496
0.017414 -0.214454
2.027450 -0.379811
-0.884158 -0.853746
0.560654 1.061015
0.330237 1.577928
2.092980 0.238424
0.988153 -0.405601
-1.013784 0.532415
1.458996 -0.703818
2.071130 -0.441015
-0.609646 0.033556
-0.635417 -0.134592
-0.739350 -0.053315
1.163029 -0.121017
-0.523088 -0.563980
-0.133780 1.553622
-0.995535 0.292155
-0.084032 2.053930
-0.570743 -0.373519
-0.154705 0.444136
0.874955 1.801244
2.641897 -0.781738
-0.762180 1.939596
-0.547597 0.661905
-1.169440 -0.378018
1.735531 0.364111
-1.343195 -0.890242
-0.830103 0.859898
1.334332 0.238747
0.092888 1.791710
1.594796 -0.124580
-0.280558 1.994854
-0.698898 -0.562513
-0.149844 0.121924
0.772764 2.043083
0.662931 0.309002
-0.857637 0.022883
-0.968446 0.415475
-0.916133 -0.267299
0.091317 2.103117
-0.736910 -0.078922
-0.530740 0.282133
1.553714 -0.313195
-0.909402 -0.116789
2.185771 -0.306567
-0.679604 0.376886
-0.356970 1.547614
-1.476970 -1.260434
-1.473121 -1.150828
-0.901335 0.708732
-0.949390 0.310037
1.055916 -0.263768
1.002374 -0.296637
-1.671853 -0.852903
0.211516 -0.486095
1.533387 -0.647497
-0.466957 -0.351703
-0.026348 -0.396442
-0.514335 1.649170
-1.264345 1.177943
0.570580 0.176669
-1.359128 0.517964
0.851383 0.385780
0.881131 -1.113936
-1.351856 0.684293
-1.732311 -0.257351
1.610838 -0.177006
-1.023230 0.807435
-0.759320 1.398191
-0.665901 -0.099722
-1.231897 -0.553933
-0.066329 1.381784
-0.944684 0.526795
-1.171889 -1.116352
-0.570301 -0.193302
-1.220079 -0.394421
-0.156361 0.373520
-0.797147 0.543892
-0.622614 -0.845004
-1.218127 -0.490427
0.125479 0.198652
1.315489 1.001508
0.746946 1.541768
2.037383 -0.507616
-0.179530 0.066512
1.139016 -0.450403
-1.055308 -0.579961
2.062985 -0.166806
-1.447061 0.413685
0.867328 -0.343983
-1.022467 -0.363896
-1.490028 -0.636828
2.189004 -0.449494
-0.539036 0.042896
-1.224155 -0.512551
-1.405270 -0.494670
-1.030346 -1.297516
1.276919 0.546954
1.000326 -0.537647
1.429487 0.360072
2.178832 -0.057239
-1.064959 0.739406
0.252050 2.575998
0.929162 -0.104719
-0.676239 0.194494
-1.139123 0.121912
1.647991 -0.476703
-0.559221 0.175083
-0.410344 -0.233281
2.313783 -0.123650
1.695712 -0.329634
-1.178251 -0.954886
-0.418874 -0.005729
1.478422 -0.551229
2.321340 -0.148965
0.988567 0.110220
-1.367757 0.866743
-1.272270 -0.240892
1.799834 -0.778493
1.933328 1.572505
-0.180419 2.137435
-0.659037 0.198635
-0.967135 -0.411989
-0.428553 -1.613787
0.334234 1.531910
1.576792 0.207893
-1.344720 0.675238
0.959769 -0.666789
-0.629146 0.360460
2.136519 -0.060490
2.267514 -0.073997
0.753018 -0.717901
-1.007543 -0.765426
0.148905 1.617832
-1.293792 0.349327
-0.236842 1.944880
-0.430369 -0.033871
1.068106 -0.368567
-0.245347 0.041776
1.545703 -0.150231
-0.284241 -0.752437
-0.688423 -0.666903
-1.693804 0.018552
-0.384295 -0.566025
-0.777953 -0.040171
-0.785823 1.656053
2.145033 -0.222036
-0.774055 0.709257
2.733869 -1.139432
-0.810874 0.691381
-0.598372 1.366638
1.662063 -0.032220
-1.077882 -0.891408
-1.058749 -1.139814
2.015247 -0.327491
0.094766 0.051572
-0.827383 0.089750
-0.119251 0.099837
-1.671434 -0.253446
-1.289830 -1.038719
-0.234596 0.322656
-1.749905 -0.273051
-0.949720 1.188339
-0.684813 -0.925498
-0.500614 -0.104868
-0.652176 0.541027
1.877612 -0.158004
0.155081 0.129519
-1.193182 -0.066263
-0.801302 -0.450834
0.345298 2.477357
-0.855715 0.380868
-0.907040 0.466222
-0.148606 -1.229447
-0.574543 0.598432
-1.118606 -0.151235
-1.112368 1.480162
-1.073790 -0.840653
-1.251659 0.223561
-1.173584 -1.446310
-0.064673 2.155543
-1.002701 0.804708
-0.046491 -0.295481
-1.150479 -0.770580
2.069366 0.139019
-1.403906 -0.078245
-1.005710 0.149984
0.981726 -0.381651
-1.161225 -0.068524
-0.802351 -0.137006
-0.786803 2.528724
0.775485 2.592639
1.975553 -0.549469
-0.414729 0.986826
-0.542691 1.103316
0.698011 -0.163776
-0.975520 -0.593780
-0.728382 -0.607968
-0.628128 -0.220201
1.846824 -0.287293
-0.876103 -0.071682
-1.618809 -0.713112
-1.261669 -0.948928
-1.376716 -0.351365
-0.470674 -0.587328
1.983257 -0.140295
-0.716697 1.782649
-0.891282 1.572150
-1.330920 -0.459184
-0.620488 0.178336
0.475778 0.402472
-1.732708 0.317017
1.088839 -0.318755
-0.947598 -0.258428
1.134511 -0.771079
-0.525226 -0.489327
1.834796 -0.048133
-0.985021 0.178683
-1.547387 0.730589
-0.562931 1.510601
1.744579 -0.710118
-0.781086 -0.062829
-0.222969 -0.461679
2.566769 -0.607322
1.168466 -0.844300
-1.197699 0.138715
-0.994290 -0.430119
-1.128434 -0.130505
-1.273403 -1.162044
1.951436 -0.583272
1.984734 -0.146700
1.786584 -0.538600
-0.221005 -0.164073
-0.712522 1.273878
-0.621273 0.176256
-1.159287 1.308814
2.738586 -0.007791
-1.286021 1.399268
-0.658638 0.716487
-0.335285 0.475755
1.952178 -0.189389
-0.966196 -0.548159
0.660803 0.056936
2.253451 0.167024
-0.439771 1.576228
-1.157349 -1.014155
-1.017854 -0.523214
-0.809939 0.625047
2.079059 0.042967
-0.077108 -0.208548
-0.472567 0.124452
3.483645 -0.498978
-0.603958 1.462747
-0.362196 0.286927
-0.937733 0.066789
-0.806147 0.918183
-0.850596 0.389684
-0.802747 0.517715
-1.189050 1.135549
1.185228 -1.180981
0.334604 -0.454740
-1.026273 -0.289907
1.622157 0.612161
-1.825341 -0.450389
1.677081 0.042878
-0.833811 -0.246437
-1.427843 -0.636667
-1.190184 -0.597645
-0.342334 0.815351
-0.677330 -0.281325
2.165715 -0.365498
2.155770 -0.317031
-1.303533 0.147932
-0.349349 0.013747
-1.137818 -0.565066
-0.971694 0.320080
0.187274 0.767903
-0.785948 0.748984
-0.680549 1.196909
0.759025 -0.462991
2.182817 -0.216524
-1.123272 -1.367445
1.613768 0.573175
1.538340 0.198927
-1.127931 0.757480
0.276692 1.489332
1.059048 0.028853
-0.878966 -0.845951
-0.151289 0.180718
-0.968002 0.720062
-1.746875 0.160358
1.990673 -0.119713
1.843185 -0.672795
-0.858107 0.253231
-0.522906 1.026155
-1.849099 -0.535488
0.459707 -0.516717
-0.689483 2.248078
-0.889065 -1.094571
-0.637927 1.019580
0.391998 -0.308354
1.950409 0.252450
-1.015506 0.604345
0.837516 0.497390
-1.165868 -1.071521
-1.158281 -0.668643
-0.240439 -1.259884
0.933086 1.590400
-0.641930 1.045252
1.157887 0.493529
-1.680757 -1.022852
0.894578 1.203106
1.388736 -0.717981
1.256540 -0.138547
2.309947 0.123855
0.375721 1.585487
0.404866 -0.406183
1.219926 0.332437
-1.291252 -0.729629
1.670154 -0.316381
-0.658962 0.139175
-0.640791 0.240189
-0.495218 0.286857
-1.036355 -0.454613
-0.729492 0.220392
-0.227621 1.034896
-1.590009 -0.078544
-0.087029 0.081025
-0.230007 0.808882
-0.204392 -0.366751
1.921279 0.467168
-0.526771 2.123826
-0.446931 1.577578
-0.537575 1.535178
-1.165460 -1.366952
-0.740822 1.095653
0.980466 -0.368296
2.362509 -0.221492
0.502294 -0.034023
-0.280514 -0.131116
1.879475 0.008849
-1.056977 0.736818
1.131353 0.478831
-1.606648 -1.357925
-1.014795 -1.265393
-0.902126 0.053320
1.089463 -0.730357
-1.758763 -1.173944
0.242300 1.108681
1.811285 -0.293283
0.719588 -0.346516
-0.179530 0.066512
-0.749199 0.163030
-0.734403 0.474845
-0.809292 -0.718354
-0.882038 0.968726
0.238085 -0.540008
-1.257823 -0.221303
1.643446 -0.442338
-1.452179 1.043548
-0.670640 0.881361
-1.016943 1.687671
-0.777079 -0.560289
0.183341 -0.305972
1.935875 -0.304245
1.635100 -0.001088
1.676304 -0.721419
-1.422597 -1.517429
-0.863776 -0.609537
-0.447235 0.342128
0.971118 0.162693
2.060925 -0.481065
-0.884644 -0.464712
-0.944137 -0.441132
-0.246096 -0.373113
0.938531 0.383488
-0.336583 -0.105059
-1.147615 0.860379
-0.378082 0.362892
1.231552 -0.750302
-0.467815 1.711633
-0.234333 1.107774
0.990691 1.334781
1.762830 0.373329
-1.832263 -0.180253
1.610011 -0.636880
0.677338 2.068568
0.650747 -0.520185
2.034638 -0.225019
-0.621293 -0.002478
-0.750478 0.946474
-0.844076 -1.273065
2.127154 -0.376386
-0.824618 -0.963881
-0.374736 -0.935501
-0.361433 -0.949044
-0.431805 -0.584312
-0.695200 0.621817
-1.003660 -0.172086
-0.396731 -0.072970
0.105220 1.427726
-0.966813 -0.414356
1.392658 -0.527835
0.095218 1.428571
-0.106445 -1.148894
2.032506 0.468234
-1.037380 -0.691062
-0.913804 0.614884
1.421570 -0.517357
-0.388476 1.473657
1.846530 -0.265037
-0.933103 -0.079273
-1.320137 0.674145
1.588515 1.849984
1.261094 -0.203090
-0.107751 0.200743
-1.211207 0.400400
-0.273624 1.275749
1.325254 0.014836
-0.920644 -1.613825
-1.017790 -0.473072
-0.518686 0.048307
1.152943 -1.035586
-1.256616 -0.274360
-1.164846 -0.616546
0.871462 -1.489888
1.552951 -0.304241
0.398043 1.492284
1.867276 0.060846
-0.773575 0.293771
-0.662307 0.961993
1.010714 -0.448333
1.559433 -0.317221
-1.245094 -0.686676
2.036580 -0.503065
-1.247691 0.056295
1.748281 -0.160798
2.221327 -0.112122
-0.461150 1.305213
-0.759081 0.021161
1.947809 -0.477261
0.099896 -1.727557
-1.349326 -0.185433
0.835473 0.963569
-1.216159 -0.090838
1.238362 0.133708
-0.456549 -0.060207
-0.928916 -0.252592
-1.330432 -0.814318
-0.585004 -0.218025
-1.257941 0.041850
0.954650 -0.356808
2.031877 0.329070
2.175331 -0.106076
-0.109944 1.369865
1.414151 -0.020375
1.301572 0.856947
-0.717899 -0.997335
-1.171699 -0.830799
0.596327 -0.637210
-1.027319 0.605209
2.211449 0.219322
-1.342072 -0.432354
-0.763482 -0.661761
-1.677877 0.096777
-0.260787 0.806011
1.959156 -0.355099
-0.080949 -0.227463
0.963767 -1.810794
-0.023100 -0.013077
-0.662186 0.654425
-1.258065 -0.010792
-0.019166 -0.481249
-0.378450 -0.094119
-1.789987 -0.163535
1.512045 0.260125
0.764651 1.362089
-0.017024 -0.913290
0.934799 -0.083695
2.274735 0.018305
-0.959610 0.484141
0.018283 -0.708842
-0.968239 0.631127
1.212748 0.551598
-0.340572 0.865485
-0.766600 -0.785557
-1.390958 -0.222384
-0.327851 1.635096
-1.137547 1.160538
-0.345661 -0.811700
-0.989775 -0.612187
2.179349 -0.403410
-1.046419 0.271155
-0.437594 -0.945810
-0.814337 0.774660
-0.601826 -0.600433
-0.602704 1.956634
2.050591 0.301323
-0.346411 1.402884
-0.341412 -0.173310
-0.258490 1.127037
0.110838 -0.473155
-0.230113 0.394330
1.280138 1.196671
-0.784314 -0.067380
-1.578372 0.521733
0.006781 0.443523
-0.226297 0.496515
1.914106 -0.200631
0.875178 -1.097228
0.711813 1.775834
-1.315575 0.538458
2.259993 -0.164312
-0.869863 0.537115
-0.608272 0.552138
0.020187 0.134552
0.487716 2.561763
0.351041 -2.962670
1.019803 0.077169
2.338334 -0.046683
1.470569 0.357984
-0.302419 0.449690
0.013034 1.018973
-0.802291 -1.476190
-0.364563 1.468007
-0.238370 1.467333
-0.503586 0.173991
1.182370 -0.735782
-0.659741 0.734551
-0.591382 -0.695497
1.210687 -1.869281
-0.510706 0.114604
-0.323770 0.047384
-0.176197 -0.625563
-0.959747 -0.919005
2.035765 -0.115504
1.872836 -0.534630
-1.318434 0.007234
2.072196 -0.309094
-0.177421 -0.469690
-1.333677 -1.476805
-1.111382 -0.173763
-0.282316 -1.442404
0.971053 -0.014862
-1.003470 0.575193
-1.413923 -0.624808
-0.264046 0.512455
-0.879779 -0.248193
-1.316409 -0.326726
-0.439487 1.726394
-0.923745 0.210515
1.330520 0.129076
-0.692290 -0.763832
1.957420 0.232336
-0.329922 2.080463
-0.937613 0.874652
-0.046540 -0.564755
-0.607211 0.474321
0.926280 -0.552761
-0.937979 0.251043
-0.904884 0.243896
-0.068548 -0.038783
-1.175644 -0.446511
0.075579 -0.055339
2.168164 -0.013227
-1.044702 -0.676639
-0.835615 -1.070807
1.156017 -1.227742
-0.578461 -0.519493
-1.164177 -0.432817
-1.188363 -1.791769
-0.843547 0.922642
0.557093 0.186062
1.948102 -0.453739
-1.352960 0.295696
-1.149369 0.678818
1.608261 0.372691
-0.693682 1.010774
-0.168333 0.474627
-1.018269 -1.217902
0.645301 0.201050
-1.172625 0.206353
0.046174 -0.272682
0.765720 0.165969
2.255726 -0.286140
0.310819 -0.016180
-0.244696 -0.581162
-1.002681 -0.499641
0.514568 -0.611270
-1.000636 0.104488
-0.884746 -0.535212
0.509942 -0.112741
-1.229088 -0.524208
-1.738365 0.118576
-0.296062 -0.637929
-0.695450 0.406120
0.814901 -1.193791
-1.073377 0.048501
-0.443476 1.545278
1.236146 -0.878481
-0.697882 1.095967
-0.605790 -1.049773
-0.715163 0.534164
-0.674051 0.472892
1.018158 -0.608037
-0.709962 1.022125
-0.984202 -1.186233
0.315816 1.715935
-0.786063 2.002752
-0.662394 0.248303
0.186568 -0.805480
-0.464675 0.765430
-0.870120 -0.052630
1.264763 -0.548460
-0.356774 1.398087
-1.177467 0.054677
-0.293448 0.889215
-0.400291 -0.074025
-0.250950 -0.247383
-0.412916 0.246052
-0.817513 0.025713
2.309715 -0.278908
-0.405740 0.588815
1.840990 -0.614950
1.847662 0.250966
-1.105710 0.039189
0.480320 -0.708555
-0.834750 0.200375
1.686343 0.580849
-0.038552 -1.367305
-0.565646 -0.270071
-0.502283 0.235510
-0.032308 0.031321
1.513158 -0.468190
-0.950008 -0.816234
-0.496295 -0.603186
1.210529 0.640853
-0.572437 -0.443931
0.057832 -0.544630
1.092757 -0.294575
0.065047 2.386023
1.299694 -0.444583
-0.586619 0.264051
2.188437 -0.415156
1.935357 0.222393
-0.558978 0.261265
0.317083 0.336439
-0.163773 -1.310908
1.529155 -0.674118
0.315359 -0.043623
-0.086476 -1.100692
2.298531 -0.226412
1.495643 -0.084917
-1.095930 -0.292957
-1.240488 -0.350853
-0.939398 -1.042413
-1.245992 -0.558468
0.981609 -0.129516
0.561157 1.009104
2.340944 -0.253813
0.938552 -0.024215
1.690619 -0.377856
-1.015017 0.662976
-0.691246 -0.106117
-0.331936 -0.308751
1.412272 0.302995
-0.623152 0.264737
-1.069960 -0.120763
-1.213210 -0.421188
-0.189295 0.756602
1.006491 2.399527
-0.036144 0.506157
-0.789528 -1.178430
-1.033527 0.126290
-0.242915 -0.635294
-1.395140 -0.724956
-0.674704 -0.380124
-0.611283 0.387452
-1.216677 -0.144095
-0.792893 0.826611
0.684644 1.342768
1.223574 1.226736
-0.354166 0.175597
-0.344545 -1.374318
1.439147 -0.041282
-1.099986 0.433025
-0.270172 0.360861
1.769207 0.012180
-1.432305 0.079609
1.391138 0.395951
2.162638 1.039822
-0.837836 -0.802180
-0.445395 1.442833
-0.979564 -0.241265
0.634599 0.871315
2.154901 -0.380922
1.887785 -0.276182
-0.373698 -0.217646
-0.275706 -0.704334
-0.067750 -0.466248
-1.038347 0.218416
-1.035433 -0.279349
-0.983643 0.773719
-0.643311 2.033499
-0.933342 -0.364331
-0.161168 0.418076
-0.838182 0.297079
0.930144 -0.217453
-1.050720 1.003158
2.251520 -0.384904
0.140509 0.835585
1.612397 0.082497
-0.191745 0.293597
-0.799176 -0.028485
-0.039814 -0.765303
-1.368188 0.863735
-0.638790 -0.952316
-1.309486 -0.671922
-0.992208 1.678821
1.848733 -0.564724
-0.347458 -0.482208
2.124349 -0.051464
-1.166362 -0.018199
-0.915936 -0.027559
-1.135117 0.224757
-0.652242 -0.388516
0.276727 -0.181199
-1.145064 0.085411
-0.606979 -0.426547
-1.091180 0.169647
-1.574021 0.006309
2.983964 -0.673319
-1.133610 -0.086867
-1.060592 -1.039961
0.324877 -0.146795
-1.335427 -0.864989
-0.882955 0.565092
-1.304352 0.623741
-0.517925 0.097093
-0.134511 0.005579
1.107301 -0.461380
-1.093023 -0.363277
-0.594822 0.917842
1.390451 0.145385
-0.618629 0.381610
1.479148 -0.534432
-0.997209 -0.824293
-0.811238 -0.425312
-1.457612 -1.139185
-0.247513 -0.164509
1.104439 -0.438364
1.808082 -0.517149
-1.128885 -0.440628
-0.915677 -0.670096
-1.121724 1.361566
-1.573773 -1.305006
1.782363 -0.441204
-0.903297 -0.525149
-0.123812 2.132777
-0.813198 -0.254669
-1.385179 0.640794
-1.457163 -1.148685
-0.961887 -0.150414
-0.715576 0.600688
2.765114 -0.160819
-0.781589 0.279187
-1.180337 -1.113555
-1.167145 -0.703564
-0.545327 2.267939
0.899194 1.143296
-0.616954 -1.255190
2.029548 -0.471393
-1.173642 -0.868377
2.501732 0.144813
1.632419 -0.619909
-0.605431 0.013729
-0.928951 0.672500
-0.908570 0.076106
0.031972 -0.119230
0.691226 -0.480460
-0.414229 -0.530227
-0.711064 -0.560100
-0.549724 -1.162121
-0.948310 -0.980829
1.689227 0.666690
-0.377982 0.678253
-1.216057 0.889784
-0.712042 -0.101869
1.233081 0.801870
1.857837 0.377564
-0.685177 2.273655
1.668072 -0.116269
-1.715090 -0.418343
0.992994 -0.122441
-0.752676 0.424532
-0.452571 -0.301465
1.652794 -0.567918
-0.266243 1.563162
-1.077611 -0.907283
1.666780 -0.474237
1.730959 0.173175
-0.953357 0.586192
-0.932515 -0.503438
-0.118111 0.030543
2.126417 1.608547
-0.454175 -0.515278
1.968542 -0.305147
-0.459065 -0.434356
1.539706 0.432501
-1.275413 -0.984014
2.261351 -0.408599
1.618743 -0.381457
-1.395761 0.021446
-1.156490 -0.993296
0.801801 -0.315338
-1.164684 0.157526
-0.042431 0.171292
-0.002238 0.814113
-0.699687 -0.027127
-0.311516 1.109379
0.953549 -0.132733
-0.101087 -1.194646
-0.552206 0.808438
2.295072 0.154924
1.939473 -0.327256
-1.154486 -0.864053
-1.087222 0.587364
2.153028 -0.480439
1.620312 -0.284404
-0.136906 1.306990
-0.393373 -0.628783
1.912879 -0.622849
-0.672161 0.720420
-0.407181 1.764612
1.269527 0.111436
-2.046053 -0.998603
1.432820 -0.890528
2.141347 0.134300
-0.207176 -0.391266
-0.287956 0.613736
-0.548766 -0.539498
0.498197 -0.535368
-0.868290 -1.076669
-1.369985 -1.077495
-1.850195 0.247476
-0.694841 0.640256
-0.929535 -0.701355
2.371524 -0.205091
-0.578422 0.046850
-0.047185 -0.122815
0.069177 0.510906
-1.164242 -0.823771
-1.325807 -0.444002
-0.392309 0.981146
-0.701796 2.588094
0.756570 -0.321647
-0.852874 -0.303914
-1.177663 0.468573
-0.575187 -0.652279
-0.667938 0.623981
-0.753480 0.637761
0.019864 1.434746
-0.003726 0.182208
-1.273711 0.811019
-1.538024 -0.218002
-0.092203 0.328754
-1.150767 -0.200037
-1.886527 -0.252808
-0.836050 -0.720308
1.037002 2.091961
-1.044522 -0.956517
0.092764 -0.485047
4.761470 -0.422441
-0.599440 1.380924
-2.032910 -0.777102
1.850415 0.066339
-1.269059 0.217835
0.134933 -1.608037
-1.532898 -0.383523
0.609280 1.502882
-0.133576 -0.127003
-0.902765 0.950401
-1.095739 -0.862633
0.667747 0.115039
-0.384903 -0.134001
1.987538 -0.216864
-0.635676 -0.217224
-0.738103 -1.178112
0.757957 0.183129
1.463192 0.088672
-0.249278 1.002900
-0.492826 -0.074693
-0.469844 0.740787
-1.404059 -0.782524
-0.919787 -0.372115
1.474922 0.127864
-0.878213 0.362848
-0.813193 0.073824
-0.923433 -0.902016
1.837770 0.030767
-0.205430 0.107462
0.012763 1.985338
0.569334 0.510379
-0.603642 0.859925
-1.381629 -0.613042
1.240533 0.257405
0.459260 -0.408685
-1.185640 0.085276
0.602788 -0.538742
-0.471776 1.684036
-0.596572 1.801606
1.539811 -0.458774
2.283100 -0.050042
-1.106851 0.082407
-1.197743 0.655015
-1.152084 0.067097
-1.067629 -0.786882
1.197106 -0.614840
-0.786064 0.799509
-0.334132 -0.724585
-1.272727 0.735085
0.167370 -1.152701
-0.827225 0.284991
-0.093111 -0.009438
-0.785689 0.486670
-0.692111 -0.426664
-1.340689 -2.077806
2.071728 0.584648
-0.508917 -0.106148
0.600756 -0.311516
-0.514868 -0.580912
-0.569548 0.777223
2.124768 -0.441720
-0.647290 -0.673076
1.388339 -0.471756
0.114094 -1.819122
1.043610 0.024856
-0.920106 -0.935963
2.773486 -0.193376
0.378283 -0.392011
-0.966184 0.714117
1.957696 -0.169441
1.604670 0.371729
-0.913874 0.571769
-0.723188 1.592694
-1.526520 0.064809
-0.714026 0.239738
-0.088420 0.683711
-1.162703 -0.225185
-1.140611 -0.257815
-1.006709 -0.531168
-0.606072 1.878188
-0.176649 -1.630057
-0.815572 -0.367593
-0.619416 0.395998
-1.330500 1.363713
-0.215824 -0.551992
-0.225716 -0.360680
-1.439970 0.061054
2.144650 -0.146957
0.607237 -0.586254
-0.668560 0.010730
1.646356 0.002876
1.067967 -0.062309
-0.385960 1.540267
-1.413162 -0.321043
0.539988 -1.082390
1.561504 2.420862
2.018356 -0.615736
1.716540 -0.726488
0.171371 1.612023
-0.819006 0.600368
-1.043828 -0.442375
0.226597 -0.388148
2.058553 -0.432531
-0.365413 0.831944
1.434421 -0.542465
-0.578108 1.079800
-1.418409 0.826230
1.810147 0.292969
-1.378026 -0.277858
2.121077 -0.276387
1.174590 0.081270
2.201602 -0.109513
-0.916563 -0.268558
0.849505 -0.456074
1.822713 0.179587
1.480326 0.056318
-0.389610 0.478339
-1.163544 -0.837590
1.761585 -0.609412
2.217212 0.020404
-0.832367 -0.333008
-0.093820 2.294467
-0.884313 1.391426
-1.402720 0.611713
-0.498629 0.083524
-0.961259 -0.153117
-0.691728 1.303414
2.088104 -0.025374
1.953710 0.286702
-1.118264 -0.318934
-0.041406 1.839805
-0.764756 -0.282412
1.925843 -0.178330
-1.515145 0.570386
-0.351370 -0.425630
-0.992073 -0.752602
-0.638564 -0.587016
1.991022 -0.001145
-1.043256 -0.533971
1.327001 -0.713172
-1.425973 0.510969
-1.635809 -0.863954
-0.706979 0.241558
-0.566555 0.298227
1.441891 -0.539659
0.121964 1.110110
-0.795160 0.336734
1.228460 1.963877
1.561855 -0.325704
0.031273 -0.433206
-0.946473 1.118382
-0.974242 -0.728628
-1.223631 -0.926905
-0.620581 -0.744474
-1.041574 -0.202822
-0.626673 0.485026
-0.094109 1.269158
-1.653124 -0.787947
-0.829810 0.467053
1.064943 -0.333680
1.876685 -0.634246
1.467050 0.048045
-0.636625 0.801497
1.982220 -1.083553
-0.323127 -0.746745
2.011351 0.031368
-1.057269 -0.611227
-0.951691 -1.555241
0.290192 -0.913169
1.454954 -0.383550
-0.275172 -1.081008
0.899142 1.979575
-1.656060 -0.534078
-0.714833 1.085077
-0.713288 -0.930593
-1.336861 1.940148
-0.844300 -0.011084
1.760625 -0.443400
-0.965744 -1.093986
-1.148403 -0.332355
0.391686 1.310032
-1.355021 -0.395869
0.578834 -0.590238
2.330028 -0.332988
-1.329338 0.332692
0.653900 -0.101999
-0.916425 0.935849
-0.832007 0.560939
-1.410922 -0.512072
-0.760960 -0.033116
1.565948 0.388119
-1.287567 -0.917459
-0.491383 0.647042
-0.433755 -1.086448
1.658806 0.402005
-1.120267 -0.958018
1.623394 -0.600600
-0.468150 0.896383
-1.680253 -0.480604
-1.139937 0.220014
-0.581380 -0.226211
-0.605328 0.432397
-0.543545 0.745844
-0.964842 1.389853
-1.355488 1.071267
-0.941200 -0.950989
-0.962557 -0.574219
-1.007063 -0.703333
-0.266998 1.332333
-0.693767 -0.905049
-0.612248 0.829121
-1.024851 -0.478361
0.965874 -0.017260
2.074299 0.318651
-0.636279 0.169503
-0.325659 -0.311798
-0.782669 -0.802419
1.408452 0.062879
-1.031549 -1.639015
-1.519033 0.202330
-0.727133 -0.781373
-1.259804 -0.454967
0.518013 0.845037
-0.700899 0.564745
1.994312 -0.332937
-1.053080 0.524618
-0.617884 0.064743
-0.425384 2.162851
0.175091 0.476401
1.694656 0.079875
-0.493026 0.475719
-0.626623 -0.246552
-1.097305 -0.105522
1.976357 0.039573
-2.005562 -1.689323
-0.717184 -0.204540
-1.487435 0.645069
1.373377 2.403347
-0.668573 0.312698
-1.122682 -0.091334
-1.653093 -0.275579
0.110610 -1.964432
-0.339242 0.475537
-1.437626 0.329323
-0.882415 0.309108
1.276555 0.388560
-0.619076 0.149154
0.400604 -0.436790
-0.265772 0.900563
1.939790 0.495865
-1.119605 0.149174
-0.938623 -0.190660
-1.757390 -1.571417
-0.703983 -0.159376
1.323079 -0.258773
0.961753 -1.368562
-0.843223 -0.068523
0.834566 0.035322
-0.959237 -0.284885
-0.826724 -1.917126
-0.546522 -0.134363
-0.942746 1.097405
-0.309049 0.162812
2.060469 0.021095
-0.482296 -0.138954
-0.691404 0.484344
1.961532 -0.383358
0.049877 -0.561570
-1.640783 0.096106
-1.179611 -0.739099
1.260318 -0.589152
-0.214321 -0.297154
-0.895783 -0.481473
1.518576 -0.244980
2.255931 -0.416156
-0.832835 0.030811
0.586849 0.233533
-0.920699 -0.181202
-1.422133 -0.949131
1.180728 -0.611488
1.329929 0.570486
-1.150457 0.441909
-0.683895 -0.302571
-1.389706 0.741766
-0.135248 -1.405991
-1.450349 1.156240
-0.172104 1.338496
-0.497663 0.735108
-0.857419 0.623863
-0.377127 1.115728
-0.598027 0.279156
-1.113581 0.486822
-0.055486 0.952925
1.665117 0.475667
-0.887841 1.225430
-1.221235 -1.111830
-0.821715 -0.260902
0.407977 -1.576216
-1.218464 0.370824
-1.075868 -1.176467
-0.657466 0.905600
1.142763 1.422579
0.916729 -0.407800
-0.553114 -0.764276
-1.316766 -0.374488
-0.753193 1.071701
2.281023 0.249046
-0.538546 0.514642
-1.489736 -1.438887
1.807142 -0.571915
2.137108 -0.299695
-0.932017 0.809810
0.078498 -0.708209
-0.378730 0.296352
0.073314 0.968252
-0.921820 0.100597
-0.981060 1.336970
-0.933981 0.317632
-1.464776 -0.503863
-0.380293 -0.451582
-0.938503 -0.092696
-1.154689 0.914916
0.166083 -0.900218
0.635440 -0.855306
-0.158204 -0.065190
-0.654640 -0.707180
0.576209 1.936136
1.443039 2.054967
2.161965 -0.482582
1.710924 -0.239425
0.406141 2.028426
3.203794 -0.469752
-0.860509 0.614283
-0.719999 0.350792
0.936958 -0.567961
1.992091 0.458178
-0.135540 0.624547
-1.137330 -0.567364
-0.566547 -0.813310
1.838463 -0.578805
-1.063408 -0.423707
0.495213 -1.241370
-1.217860 -0.973252
-0.809645 -0.378150
1.904296 0.358637
-1.007850 0.331722
-0.833821 0.075500
-0.502722 0.388478
0.526444 1.921974
-1.034289 -0.983463
1.259338 -0.074545
0.463717 1.178673
-1.316309 0.085389
-1.009346 -0.411632
2.248305 0.345144
2.174141 0.028147
0.466335 -0.103120
-1.186803 0.292838
-0.414489 1.526332
-0.580059 -0.440660
1.884050 0.963710
1.222286 0.723437
-0.996394 0.280743
1.442585 -0.515136
-0.881748 0.897459
-1.141074 0.440441
-0.036981 -0.923209
-1.430081 -1.011838
-0.576032 1.244618
-0.975901 0.321050
0.105264 1.412709
-0.881911 -0.825297
1.793299 -0.363895
-0.460742 1.577824
1.607132 -0.384833
-1.197599 0.336573
1.731348 -0.309544
0.231370 -0.510191
-0.108742 1.738882
0.589383 -0.626765
1.055875 -0.257143
2.272425 -0.308041
-0.943070 0.419274
-0.697073 1.600779
1.479385 0.278418
-0.800723 1.497565
-0.660051 1.583574
0.693375 -0.642667
-0.948044 -1.031038
-0.345767 0.638248
-1.433332 0.019324
-0.802685 0.631858
1.852848 -0.050023
0.389452 -0.258279
2.841203 0.339475
1.417127 -1.059302
-1.024073 0.260790
-0.562388 1.120622
-0.331269 0.000590
-0.000636 0.531586
1.738926 0.058070
-1.032242 0.084382
-0.166000 -0.864826
-1.401972 -0.776917
1.306175 -1.487572
-0.395762 -0.050429
-0.314035 -0.416105
-0.765645 0.888981
-0.026410 1.980505
0.203465 -0.348374
-0.871189 -0.946029
1.891366 -0.612701
1.821593 -0.511306
-0.891686 -0.665708
-0.358340 1.369268
-0.695931 0.559019
2.034409 0.035195
-0.704940 -0.887754
-0.098001 -0.528234
-0.019465 -0.610416
-0.692409 0.273730
0.724827 -2.176421
-0.919537 -0.955160
0.062826 1.001973
1.647832 1.858876
-0.634293 0.321345
0.293063 -0.187850
2.161781 -0.008150
0.401372 0.680152
-0.721330 -0.026031
0.116366 -0.524235
1.869216 0.037310
-0.779865 0.144413
-1.841488 -0.108449
1.737482 -0.669746
-0.662128 -0.082876
-0.804114 -0.728813
-0.025293 0.686381
-0.385694 -0.793458
-0.550837 -0.406671
-0.667550 1.563015
0.159656 -1.207505
-0.326027 -1.224049
-0.360709 -1.046896
-0.512090 0.172283
-0.485768 0.211424
1.853155 0.247819
-0.739118 0.894956
-0.839949 -0.245324
1.996399 -0.247185
1.997670 -0.576318
-1.697438 -0.959886
-1.108858 -0.548051
-0.917220 0.826109
-1.201680 -0.086199
-0.904496 -0.924067
-1.726653 -1.359641
-1.495484 -0.278867
1.700541 -0.394599
-1.827619 -2.159571
0.249327 -1.097623
2.101573 -0.138712
-0.718147 -0.585440
-0.675865 0.360215
-1.570101 0.478526
-0.983370 -0.314748
1.158240 0.272113
1.550258 -0.613027
-1.318930 -1.253439
0.285119 -0.149212
-0.624467 -0.903528
-0.768914 -0.250026
-0.427594 -0.127008
-1.267142 -0.285838
-0.274988 0.066098
1.715053 0.169042
-0.732796 0.447119
-1.097373 0.978035
-1.065051 -0.792413
-1.140368 -1.508106
-0.408920 1.149622
-1.326107 0.700989
1.207519 -0.423631
-0.790329 -0.288461
2.038228 -0.187764
0.591510 1.820183
0.515447 2.143920
-1.228198 0.666346
-1.205348 0.468046
2.312621 -0.041183
2.379508 -0.737369
2.099616 -0.199639
0.230197 1.932752
-1.032238 -0.204149
2.964725 -0.610341
0.422449 1.598478
-0.496429 1.510554
-1.215640 -0.152164
-0.958139 0.097947
0.652557 -1.431617
-0.337226 -1.176673
-0.602361 -0.084146
-1.310827 -1.170379
-1.180335 1.228974
1.518044 0.397422
-0.860192 -0.399583
-0.219041 0.428401
-0.060491 -0.075549
-1.040851 0.117529
1.998235 -0.405721
-1.485286 -0.718376
1.385248 -0.294995
2.083776 0.023789
-0.261537 -0.801411
-0.221771 -1.274055
-0.768835 -0.177672
-1.151747 -0.500990
-1.089955 -0.297007
-0.738565 0.454551
-0.346009 0.392029
0.846177 0.286115
-1.185926 -1.414556
0.198389 0.342021
-0.892945 0.108269
-1.337153 -1.210917
-0.901934 1.303258
-0.050825 0.677848
-0.138764 0.326031
-1.299883 -1.218003
-0.791381 -0.037859
-0.141913 -0.256226
1.965828 -0.410460
-1.426913 0.302341
1.689703 -0.550915
-0.728770 -1.183350
-1.446140 -0.852567
-0.321090 -0.596975
2.024987 -0.084566
0.794193 -1.054103
1.611490 0.294269
-1.258011 0.509433
1.298108 0.292616
2.156813 0.343431
-0.374988 -0.742881
-0.134993 -0.390405
-1.432044 0.891085
0.304939 2.200363
-0.985489 0.841618
-1.000035 0.115738
2.133700 -0.265585
-0.591058 -0.138022
0.589759 2.153622
-1.249186 -1.529996
1.171650 0.650249
-1.374736 -0.992894
-0.695826 0.293748
-0.744326 -1.032990
1.908236 -0.250514
-0.466590 -0.450383
2.046505 0.271520
2.362509 -0.221492
0.014001 0.097323
-1.018125 -0.397343
-1.445031 -0.149895
-0.951086 0.516750
-0.448500 0.089030
1.536695 0.532558
-1.035791 -0.954666
-0.712352 0.924570
2.163871 0.076119
-0.786086 0.645134
1.053301 -2.008946
1.761770 0.432110
2.245470 -0.375061
-1.488071 0.718714
1.812352 -0.597537
-0.696401 -0.974466
1.193203 -0.258585
2.065100 0.075077
1.819875 -0.362136
-1.046384 -0.674529
2.165629 -0.195750
-0.620079 0.318858
1.713635 -0.011122
-1.482655 -1.066674
0.065182 -0.330044
1.335764 -0.187426
-0.641383 0.492995
-1.117454 0.837827
-1.427551 -0.118608
2.152558 -0.168365
1.475211 -0.590424
-1.488123 -0.269172
1.757624 0.308427
-0.018158 1.262309
1.274323 -0.396727
1.298522 -0.866874
-2.066898 -0.117278
-0.904892 0.018990
-1.466853 -0.074079
0.399369 0.008693
-0.768923 0.387721
2.120266 -0.457937
-0.614067 0.529431
0.972109 0.420623
-0.989463 0.445072
-1.351802 0.257524
1.701137 -0.802882
-0.479162 2.176602
-0.126335 0.322941
-0.342530 0.284923
-0.758550 -0.487652
-0.285347 2.399172
-0.893651 -0.847070
0.277621 -0.725425
-0.398307 -0.201432
-1.256742 1.167422
1.789722 -0.123296
-0.738256 0.339402
2.042414 -0.398822
-0.995050 -0.552752
-0.220834 0.406757
-0.764227 0.426938
-1.451690 0.330437
0.065116 1.105904
-1.022269 -0.332046
-0.608882 -0.413542
-0.851230 -0.631956
-1.518302 -0.342781
-0.665877 0.055537
-0.084433 0.193385
0.038655 0.828676
2.138632 0.156036
1.107633 -0.335860
1.756448 0.164973
2.336948 -0.258951
1.894800 -0.503631
0.418933 0.548493
-0.938446 1.136967
-0.431052 -0.375399
-0.687592 -0.834802
-1.526964 -0.644748
-1.449121 -1.001874
-0.606514 0.974788
-1.204941 -0.217780
-0.131128 1.778386
-1.322808 -0.232744
1.630549 0.049089
-0.882945 0.671546
1.228465 0.305322
-0.240069 1.190071
-0.947020 -0.077935
0.117908 1.432803
-0.800653 0.735393
2.129256 -0.093086
-0.506321 -0.493221
-0.947316 -0.941901
-1.128919 -0.198025
0.006134 0.952230
-0.162855 -0.613596
-0.543842 0.165911
0.198856 0.045722
-1.204521 -1.263620
-1.375495 0.441229
-1.016578 -0.402204
-0.534824 0.131533
-0.081192 -0.069309
1.932319 0.244274
0.689099 -1.360372
-0.730456 -0.089152
-0.358086 -0.230589
0.250134 0.033240
-0.513023 0.357126
2.182512 -0.298038
-0.752916 -1.138718
1.182798 0.345923
-0.255981 0.072555
-0.938647 -0.487175
-1.116399 0.937979
-0.681025 -0.507135
-0.485156 -0.177250
-0.728055 0.558688
0.959629 -0.390022
-0.083005 0.292791
-0.833452 1.210139
-0.028372 -1.712977
-0.006466 0.174349
1.049881 -0.463050
0.268812 0.971305
-1.195377 -0.512019
2.023316 -0.528422
-1.180734 -0.077107
-0.589178 0.121738
-0.951522 -0.926194
-0.029046 -1.420150
-0.726291 1.161682
-1.044521 -0.785732
-1.482530 -1.934762
-0.928752 -0.266846
0.558252 1.636197
-0.688094 1.308834
-0.784227 -0.353040
-0.807573 -1.018882
1.937506 -0.082713
-0.106323 1.982445
-0.822972 0.549523
1.551146 0.014199
-1.394785 -0.377712
0.416387 -0.318467
-1.083615 -0.064035
-0.999401 0.052855
-0.950884 0.119754
-0.648010 -0.650764
-1.032130 -0.112214
-0.566696 -0.188769
-0.661930 0.283278
-1.178217 0.534209
1.379371 -0.354788
-1.126851 -0.726886
-0.662063 0.380132
2.008705 0.260464
0.810938 -0.053570
-0.662654 0.924149
-1.373405 0.137297
1.619323 0.319800
-0.785251 -1.477455
-0.867066 -0.755140
-0.339581 -0.417604
-0.381001 0.734593
-1.073419 0.116001
-0.215892 -0.434705
-0.894677 0.982338
2.388223 -0.226992
1.649806 -0.651459
-1.014506 -0.765351
-0.078341 0.826911
-1.413339 -0.384579
1.068555 -0.196192
0.111152 0.007722
-1.243000 0.154344
-1.602776 -1.162937
-0.391329 -0.524232
1.079452 0.354802
-0.417028 -0.347784
-0.616278 0.257544
-0.943053 -0.319784
-0.494255 1.571249
0.452702 -1.059572
-1.232535 -0.807083
-0.540882 1.040201
0.049965 0.847355
-0.656659 0.038215
-0.300653 0.619190
-0.773755 -1.288786
-1.359946 -0.722249
-1.339727 0.066275
1.970031 -0.533915
-0.200307 -0.102630
2.287179 -0.108582
2.311033 -0.296775
-0.092929 1.995477
-0.171918 -0.564622
-1.086615 -0.541857
-0.630318 0.471934
-1.081925 0.319085
1.241818 -0.467030
-1.460072 0.045021
-1.102750 -0.893484
-0.153333 1.121814
-1.499193 -0.088362
-1.298537 -0.072454
1.022740 -0.308698
-1.029015 -0.071434
-1.601391 -0.471129
1.358906 -0.405051
-0.639977 -0.688781
-1.553505 0.152847
0.866179 -0.672860
2.027596 -0.291696
-0.539661 -0.024841
-0.427734 0.613955
-1.401741 -0.690539
-0.281263 0.314362
-0.629209 0.104828
-1.052174 -0.524222
1.035509 -1.334815
1.938721 -0.250051
1.951630 0.129546
1.208347 0.893523
1.510815 -0.510698
-0.833970 -0.503206
1.357056 -0.008858
1.905055 -0.578091
-0.948978 0.256809
-0.391240 0.112437
2.311033 -0.296775
0.900038 -0.248305
-2.354138 -0.855884
0.287196 -0.210650
-0.515629 0.630542
-1.431860 0.553158
-0.546812 0.193302
-1.613938 -0.709778
1.303748 1.680326
-0.026716 0.674291
2.326409 -0.193530
1.663266 0.362197
-1.496511 0.377077
-1.311200 -0.476915
-0.283875 0.271070
-1.197289 -0.974808
-0.129118 0.680317
-0.161149 0.168525
-0.616371 -0.124394
-0.961180 0.232439
-0.379187 1.186356
-0.264365 0.565341
-0.698409 -0.208779
-0.780574 2.134394
2.091668 -0.038079
-0.583307 1.634109
2.177368 0.167075
-0.586174 -0.251910
-1.001402 0.700631
-1.197088 -0.622986
-0.929896 -0.485112
0.341699 -1.391083
1.997820 -0.467126
2.024889 -0.534376
-0.628589 0.715037
-0.717835 0.991238
-0.341127 -0.639710
-0.591602 1.044349
-0.596942 -0.381144
-0.347852 1.463074
-0.578638 1.477598
2.078675 0.373232
1.121235 -0.523842
0.255226 2.345723
-0.745520 -0.648202
1.622541 0.086486
-0.423269 -1.042734
1.199741 -0.049207
-0.866563 0.690746
-1.459948 2.414944
-0.243818 1.235332
-0.685560 -0.107574
-0.521951 -0.780287
-1.136688 0.371200
4.573868 0.268194
0.772441 -0.159513
-0.588553 0.554489
-1.091420 1.264385
2.093704 0.026273
-0.701088 0.417510
-0.368378 1.835483
0.814067 0.726714
-0.209201 -0.407824
-1.017378 -0.192207
1.460441 -0.338964
0.376369 -0.208264
-0.611742 1.511389
-0.379446 1.272022
-0.012026 0.030136
-1.053201 -0.574437
-0.402629 -0.975202
2.091669 -0.307017
2.027145 -0.386672
1.545199 -0.231649
-0.410821 -0.658671
2.109952 -0.188282
-0.990341 -0.397877
1.135821 -0.198314
0.930829 0.274931
-0.436353 -0.770123
-1.466370 -1.369818
-0.328896 0.526612
1.502616 -0.192471
-1.455648 0.298146
1.976103 0.380062
-1.132165 0.040379
-0.880539 -0.144989
1.919931 0.756736
0.161326 -1.478251
-1.465185 -0.852427
2.029025 0.274405
2.044856 -0.871048
-1.028891 0.590351
-0.773188 0.219991
-0.760255 -0.602444
-0.535940 -0.780590
-0.883206 -0.237565
-0.917415 0.063813
-1.452490 0.647077
-0.540684 -0.201675
-0.966764 0.707583
-0.079381 1.102929
-0.643467 -0.241666
-0.050184 -1.006139
-0.387662 -1.105671
0.029914 -0.962241
-0.951091 -1.271906
-0.877368 0.155024
2.488877 1.159467
-0.448289 -0.032801
1.891369 -0.545508
-0.805741 1.098105
-0.452531 0.232558
-0.662860 -0.204962
1.805926 -0.367393
-0.595648 -1.311242
-0.215418 -1.075342
0.027958 -0.630019
-0.186159 1.352749
0.465172 -0.847010
2.362509 -0.221492
-0.919419 -1.597758
-1.259401 -0.882285
-0.671886 0.630469
0.150836 0.575184
-1.288652 -0.826035
0.064122 -0.591687
1.686305 -0.119688
-0.545633 -0.610782
2.273627 -0.177844
-0.316303 0.549605
0.262788 -1.075163
-0.388124 -0.979803
-1.051511 0.422914
-0.250218 0.184151
0.779192 -0.658640
1.200140 2.434376
-0.069043 -0.261263
-0.963327 0.328044
-1.245428 -0.469642
-0.849369 1.223861
1.955871 0.653646
-1.080953 0.036536
1.566588 0.679532
0.510350 -0.630834
-0.584482 -0.801028
1.113565 -0.056432
2.023562 -0.453219
-0.776297 0.911939
-0.561012 0.752056
-1.806611 -1.486729
-0.514782 0.445359
1.061980 -0.074142
-0.848532 -1.135149
-0.740967 0.014312
-1.528689 0.324633
1.860389 0.476895
-1.134444 -0.183988
-0.606093 -0.560047
-0.392911 -0.413956
-1.189221 0.578350
0.606005 1.585339
-0.541869 -0.010233
0.505884 0.678623
0.361200 0.376797
-0.854206 0.278912
-1.046825 0.365304
-0.946555 0.301779
0.011777 1.436868
-0.818694 0.814715
-0.110011 0.050306
0.656146 -0.154930
1.624295 0.791937
-0.537767 0.080677
-1.486094 -0.849111
-0.809667 -0.318682
0.255784 -0.323951
-0.040315 1.078736
-1.815755 -0.973720
-0.297530 0.386904
-1.372691 -0.655430
-0.092345 0.703778
-0.888765 -0.033315
-1.261822 -0.753358
-1.057598 0.531514
1.869964 -1.229917
1.040490 -1.231930
-0.112700 -0.674511
-0.701599 0.938362
-1.434664 -0.513532
-1.150167 -0.033220
1.581701 -0.486740
-0.769374 1.099178
-0.903814 1.111515
0.123690 -0.258595
1.326930 -0.667595
2.051093 -0.101988
-0.420156 -0.453581
-1.412644 -1.254960
2.293472 -0.154134
-0.049142 -0.440152
-0.986249 0.209647
-0.837428 0.980889
-1.202329 -0.048465
-0.986240 0.759762
-0.794627 0.344263
-1.217344 -0.482947
1.971132 -0.361422
1.385814 0.264028
0.317650 -0.283620
1.869013 0.636101
-1.236995 -0.015368
1.732084 0.774153
-0.476655 0.224356
2.076876 0.207415
1.834607 -0.142027
-0.840924 -0.407246
0.035684 0.420329
0.333147 -0.550985
-1.350962 0.404123
-0.412203 0.984839
0.074949 -1.786176
0.769416 -0.672389
-1.048371 -0.321775
-1.111169 -0.758258
0.446903 -0.056278
1.025889 -0.900934
-0.786615 -0.350690
0.192718 0.972794
-0.085877 0.509308
-0.944478 -0.592735
-1.337114 0.175482
-0.167090 -0.355234
-0.381609 0.940069
-1.404563 0.772944
1.744422 -0.050253
2.152159 -0.063517
-0.817236 0.318539
-0.534919 -0.703022
-0.106842 -0.107625
-0.284394 0.562314
2.240936 0.107401
-0.881609 0.088228
-0.043002 -0.290751
-0.864496 -0.786672
1.734624 -0.601404
1.783044 -0.401503
-0.512235 -0.032508
-0.150671 -0.687440
-0.628634 0.082827
-1.323922 -1.419676
-0.098227 -0.334975
-0.904129 -0.581410
-0.774657 -0.432836
-0.775650 -0.218613
-0.947815 0.678487
-0.761255 -0.146471
1.691066 -0.608785
2.149803 -0.308468
2.362509 -0.221492
-0.515516 0.207066
-0.871508 0.639738
0.573854 0.058125
1.798102 -0.557222
-0.478175 1.282759
-1.405557 -0.254949
2.213318 -0.280408
-1.250798 -0.509454
-1.203721 -0.792756
0.367744 -0.706473
-1.420134 -1.579058
-0.897230 0.382548
-0.286859 1.465651
-1.138448 -0.273733
-1.019484 0.414613
-0.841142 0.087031
-0.530447 0.910069
-0.325588 2.600480
2.205844 -0.103803
1.496184 -0.741119
2.075079 -1.448717
-0.900757 -0.734080
0.370479 0.707708
0.309070 0.999228
-1.174799 0.826706
-1.048343 0.288333
1.235449 0.334804
1.933397 -0.375234
-1.015377 -1.002334
-0.625813 -0.794205
-1.480796 -1.320398
1.355485 -0.103010
-0.557202 0.055813
1.627829 -1.175954
-1.148358 -0.309271
-1.606758 -1.054782
-0.707895 -0.354246
1.913376 -0.125899
-0.312997 0.347837
-0.732214 -0.190433
-0.500574 0.392207
-1.637631 -1.215542
-1.197423 -0.405438
2.025613 0.487458
-1.223585 -1.180260
2.016013 0.021502
-1.202814 -0.367122
-0.505283 -0.520503
-0.757926 -0.003902
-0.934993 -0.417115
-0.332989 0.206503
-0.814079 0.326432
-1.114169 0.377254
1.589985 -0.444230
2.286145 0.101245
1.281419 -0.043237
-0.698030 0.093679
1.522486 0.090828
1.428439 -0.501323
-1.452501 -0.543040
-0.958180 0.797047
0.412332 -1.110789
1.664544 -0.311834
1.037234 0.175073
-1.127409 -0.881871
-1.262479 -0.011379
-1.633215 -0.924756
1.784048 -0.184903
2.089455 -0.113117
-1.211288 -0.401677
-0.158772 1.172688
-1.071822 -0.601118
-1.209721 -0.409656
1.650230 0.193062
-1.389429 -0.433991
1.619674 1.384050
-0.932267 0.424367
1.969989 0.191031
-1.145710 -0.905960
0.491825 -0.715380
-1.150698 -0.859993
2.032748 -0.061667
-0.479791 0.313526
1.718403 0.131317
0.229309 1.690479
-0.887904 0.745310
0.707286 -0.888039
-0.999101 0.685341
-1.100118 -0.432128
-1.764487 -0.335943
-1.096152 -0.359262
-0.515333 0.912350
-1.130154 0.440457
-0.561265 1.503494
-0.084844 -0.138131
1.635713 -0.566183
-1.013008 0.694176
-1.795416 -0.777442
-0.039607 -0.714699
-0.562060 -0.832659
-0.244580 0.980004
-0.189252 -1.246361
-0.292280 0.196560
-0.988432 -0.589714
-1.007497 1.231689
-1.742173 -0.905454
0.354306 0.174176
2.132693 -0.326430
-0.998677 -0.008610
-0.859259 0.516634
-1.171439 0.139703
-0.679991 -0.292516
2.589423 0.182483
-1.209881 -0.569821
0.712813 -0.343444
1.355659 2.500093
-0.000887 -1.416942
2.155418 -0.311260
-0.179676 0.137608
-1.852601 -1.689112
-0.322535 -0.874358
1.121246 1.175597
-1.064614 -0.417690
2.023678 0.007670
-0.859543 0.382327
-0.650796 0.662404
-0.316079 -1.008719
2.165614 -0.179272
-0.544487 -0.793518
2.589395 -0.298341
-0.860735 -0.962188
1.230941 0.318638
-0.645649 -0.677123
-0.454617 0.970766
1.565046 0.260524
0.542150 -0.005644
-1.545717 0.907609
-0.902895 0.112686
1.972312 -1.389787
2.273682 -0.069715
-1.886521 -1.057897
2.108190 -0.126506
-0.312815 0.122280
-0.554546 1.684791
2.224058 -0.203917
-1.081740 -2.215887
0.739504 0.595653
-1.157104 -0.568102
-0.207526 -0.192191
0.987374 -0.708350
-0.993727 -0.018502
-1.671055 -1.528685
-0.734342 -0.249398
-1.386465 -0.828981
-0.604088 -0.313885
-0.710804 -0.270613
-0.079118 1.192987
2.312621 -0.041183
-0.746992 -0.900967
1.581827 1.531165
-0.292077 0.033006
-1.061381 -0.242661
2.029899 -0.363087
-0.755983 -0.634852
2.337039 -0.027026
-0.778901 -0.521018
-1.087363 0.556114
-0.978218 -0.520389
-0.783586 -0.101900
-1.069935 -0.071283
0.845675 -0.761799
-1.068509 0.340235
0.782711 0.387988
-0.731886 -0.547269
-0.978179 0.945355
1.400127 -1.150200
-0.823973 -0.136227
-1.318133 -0.013965
1.620944 0.259624
2.024397 0.567679
-0.897940 0.365596
-1.192043 0.320622
0.519827 -1.416556
0.593532 1.958935
1.949080 -0.478814
-0.399811 -0.193845
-0.209407 1.630314
-0.877237 -1.281690
0.180012 0.444820
2.097577 0.186860
-1.041537 1.127429
3.051853 -0.522482
-0.659702 0.045096
-0.221796 1.136269
0.935860 -0.049026
1.592242 -0.269003
1.122639 -0.157246
-1.193149 -0.323599
-0.988305 -0.046057
-0.414209 1.401423
-0.723232 -0.298486
-0.117022 0.170500
0.323616 1.696423
-0.939799 -1.065996
-0.283181 1.399241
-1.260675 -0.724844
-0.835620 -1.816428
-0.754189 1.193868
-0.780289 0.370206
1.686085 -1.023440
-0.804042 0.504183
2.121481 0.128915
-0.499927 0.269305
-0.810951 -0.488594
-0.504170 0.137641
-1.281043 -0.693549
3.393957 -0.240354
0.316028 0.317256
-0.075573 -0.360758
0.789017 -1.025890
-0.020899 0.015652
-0.876449 -0.716117
1.637438 -0.553425
-0.310720 1.609500
-1.496751 -1.008937
1.872396 -0.487943
2.348765 -0.259445
0.277859 0.603598
-0.805358 0.143639
-0.297248 -0.864466
1.299776 -0.472802
-1.019021 0.081962
-0.764571 0.535185
0.496063 1.855334
2.106985 -0.034241
-0.546586 -0.416523
2.193827 -0.152778
-1.360209 0.244677
-0.371150 -0.427575
-1.014767 -0.673072
0.819741 -0.198010
-0.611451 -0.961421
-1.088504 0.489097
-1.252617 -0.623989
-0.598770 -0.522383
-1.318166 -0.050480
-0.474976 -0.259787
-0.224422 1.742847
-1.212995 0.573005
1.497360 -0.313844
-0.806156 0.085487
1.728907 -0.562225
2.029785 0.061689
-1.186431 -1.044345
-1.070505 -0.549112
1.252025 -0.808260
1.531506 0.467122
2.033604 -0.447854
1.888895 -0.414396
1.827992 -0.422754
-0.051352 -0.243647
-1.338523 -1.013020
1.546876 -0.524397
-1.456752 -0.935370
-0.411079 1.576464
-0.425667 1.107655
-0.638391 0.324712
-1.239354 0.918633
-0.874637 -1.316331
1.327585 -0.181394
-0.540633 -0.703326
1.297602 0.659740
-0.669343 0.431075
2.128060 -0.388126
-1.500878 0.347017
-0.869774 -0.617574
-0.771946 -0.532700
-0.765471 1.430429
-0.344491 -0.504256
-0.756049 -0.717979
-0.291734 0.076947
-1.459238 -0.975034
-1.319167 -0.500146
0.068401 1.676164
-0.535979 0.268523
0.226196 2.322292
-0.599381 0.423401
-1.426072 -0.523197
-1.090745 -0.847040
0.007751 -0.969979
-0.396374 0.095557
-0.200133 2.211258
2.070575 0.141936
1.873266 0.232023
-0.503295 -1.182858
-0.668542 0.188216
1.948154 -0.220514
1.819715 0.124065
-0.611956 -0.367161
2.223360 0.239181
-0.477020 0.196234
-1.202373 -0.663000
-0.881846 -1.244063
2.994817 -0.432842
-0.640406 0.849804
-0.319818 1.607713
-0.678362 0.532255
-1.192804 -1.046292
-0.986718 -0.621501
-0.893507 -0.481539
1.795819 0.159995
1.511993 0.252491
1.868424 -0.769992
1.585936 0.124696
-1.734670 -0.422531
-1.591565 -0.025145
-0.203372 1.500077
-0.969384 -0.422762
-0.898035 -0.846030
2.059544 0.270493
2.118751 0.003453
-0.246842 1.656747
-0.977733 0.971161
1.925751 -0.195494
-0.046120 0.216238
1.943918 0.319537
-0.872377 -1.258403
-0.391859 1.672629
-1.096080 -0.536999
-0.416366 1.264259
0.143006 -0.918393
1.471047 -0.495775
-0.216936 1.666304
-0.995121 -0.261555
-0.791438 0.933565
-0.614718 1.746051
-0.993951 -0.762060
2.486492 -0.481485
1.306914 2.080227
1.064271 -0.709960
1.163663 -0.232629
-1.117820 -0.880413
1.390775 -0.625672
-0.705209 -0.084844
0.924440 0.235513
2.058532 -0.316361
0.417813 2.368204
-0.425429 -0.540147
-0.663914 -0.465327
-0.046601 -0.251701
1.173131 0.503163
0.844517 -1.017567
-0.615074 0.318404
-0.539124 0.611666
-1.088310 -0.036674
2.212994 -0.026645
-1.082235 -0.411517
-0.898685 0.024840
1.939126 0.717264
-0.701788 0.135260
0.051008 0.579105
-1.204217 0.011787
-0.769070 1.244794
-0.591994 -0.286724
2.056842 -0.099317
-0.944202 -0.661238
-0.964269 0.712319
-0.424662 1.427297
-1.525771 -1.330391
1.800195 1.336630
1.573409 -0.408714
-0.536370 -1.270767
1.196730 2.456363
-0.959571 -0.988339
3.243773 -0.292124
2.025146 -0.302643
-0.555360 0.800896
1.487019 -1.000056
-0.314732 -0.519369
-1.098166 -0.055814
-0.914345 -0.624044
-1.193893 -0.935583
1.782256 -0.758532
-0.707141 -0.420058
-0.693585 0.017696
0.017900 -0.120046
0.980273 -0.940463
1.564071 -0.665845
-1.601597 -0.435707
-1.117513 -0.987112
-1.202968 -0.707999
1.450129 0.098259
0.891776 1.666488
-0.486268 0.078532
-1.106190 -0.798247
-0.722899 1.034534
2.866279 -0.821875
1.128049 -0.859343
1.032787 -0.367184
-0.074770 0.085334
1.728219 -0.320504
0.472627 -0.818761
0.874312 -0.415626
-1.631861 0.431675
-1.178666 -0.266484
-1.273735 0.002478
1.232460 -0.339599
-0.793197 -0.306028
-0.509108 1.231783
-0.660776 -0.109635
0.019523 1.231879
-0.339311 2.343970
1.109556 -0.548727
-1.411194 -0.083402
-0.770961 -1.004917
-0.057896 -0.193400
0.048375 1.906266
-0.880775 -0.693462
-0.253362 -0.204750
-1.309711 -0.713644
-1.365847 -1.233356
2.088765 0.923164
-0.917769 0.601468
-1.261795 -0.704174
-1.223594 -0.239217
-1.285795 -0.396053
-1.088972 0.483947
1.383059 1.768370
-0.529416 0.084621
0.464109 -0.900934
-1.700450 0.374669
-0.930642 -0.052599
-1.843588 -1.211108
2.050225 -0.095503
-0.850905 -0.360577
-0.583630 0.207369
2.426109 0.201197
0.352277 1.961446
0.985159 -1.112415
-0.356557 1.345019
1.497023 -0.429580
2.124893 0.074435
-0.944517 0.912296
0.051679 -0.513799
-1.044021 1.875513
-0.610950 1.699943
-0.090833 0.318664
-1.153002 -0.117592
-0.886721 -0.105063
0.420193 2.384370
-0.704347 1.724292
-0.630642 1.128990
1.147560 0.235437
-0.890839 -0.647324
-0.006570 -1.722875
-0.017027 -0.684994
-0.950988 -0.026503
-1.008160 1.971382
-0.137619 -0.418795
2.035565 -0.216156
-1.387868 -0.915844
1.983618 0.421084
-0.425061 0.277820
2.335418 -0.070610
-1.344426 -0.535990
-1.045877 1.322416
-0.921598 -0.752018
-0.656004 -0.006396
-0.080218 -1.167119
0.123185 -1.152849
-0.256862 0.999365
-0.769331 -0.272342
-0.450151 1.691321
-1.577955 -0.198852
-0.142106 2.400934
-0.640669 -0.636555
-0.575599 -0.364703
1.718323 -0.627526
2.021366 -0.446271
0.048022 -0.956099
-0.119323 -0.178432
2.087377 0.042956
-0.092174 1.962802
-1.214711 -0.284177
1.622871 0.181792
-1.396204 -0.837670
-1.099690 0.710032
0.288153 -1.036818
-0.148040 -0.776952
0.790214 2.113384
-0.965315 0.410240
1.726323 -0.961161
-0.461459 1.273339
-1.059049 -0.313757
-0.616437 -0.902114
-1.163095 0.185600
1.876486 -0.525498
1.938117 -0.455690
-0.922646 -0.336724
1.235734 0.484932
-0.422926 -0.390190
-1.207444 -0.080132
-0.351170 -0.526875
1.135077 -0.388642
1.963754 -0.507570
-0.221910 -0.151206
-0.027050 0.443291
-0.542254 -0.643874
1.106468 -0.112601
1.544569 -0.832465
1.750614 0.253434
-1.080064 -0.331432
-0.627572 -0.274230
1.546514 -0.591182
-0.827135 0.853582
-0.666664 -0.537485
0.630100 1.753567
1.418938 -0.856634
-0.812549 0.862342
-0.457456 1.408285
0.458089 1.692664
1.887475 -0.067919
-0.666332 1.170077
1.228717 -0.818073
-0.667657 0.943590
-1.795894 -1.396457
-0.688566 1.264692
-0.143763 0.062207
1.635948 -0.882139
0.290404 -0.471292
-0.289011 -1.934949
-1.848902 -1.099761
1.092662 -0.832707
1.068904 0.829443
-0.856118 -0.214046
0.758840 -0.326071
-0.615382 -0.898682
1.614268 -0.514530
-0.212714 -0.215887
1.565295 0.224330
2.193672 -0.105097
-0.684661 -0.036376
-1.381311 -0.087865
0.168327 1.186430
2.196247 -0.010989
-0.708950 1.060396
-0.802736 0.376259
-1.249231 -0.160757
1.507163 -0.497329
0.650072 -0.188664
2.144822 -0.212209
1.392682 -0.293052
1.241327 -1.640718
1.687766 -0.135513
1.387111 -0.518533
-0.478368 0.277787
-0.818264 0.080799
-1.117301 1.209852
0.451062 0.239530
2.276165 0.082800
-0.048594 -0.284960
-0.176709 -0.690325
1.713408 -0.588107
2.277951 -0.263565
-1.657798 -0.672703
1.130263 -0.641725
2.072890 -0.394201
0.865538 1.250089
1.402920 0.412580
-0.242182 0.812446
0.276009 0.457784
-0.039793 0.263456
-0.841337 -1.007471
1.695208 0.062165
-1.102541 -0.747047
-0.664767 -0.321786
-0.646076 0.885305
1.396299 -0.046241
-0.770643 1.043977
2.104986 -0.383515
-1.111098 -0.831716
-0.703846 0.106273
0.897112 0.200988
-0.630097 -0.367675
-1.658209 -0.783676
0.098633 1.476655
-0.745860 -0.305662
2.535894 0.087773
-1.264980 -0.653589
-0.650416 1.157218
1.929374 0.153111
-1.334694 -0.590429
-0.481575 -1.006588
-0.935154 -0.975053
1.731891 -0.284841
1.695695 0.316548
-0.909876 0.032467
2.047550 -0.310901
-0.422718 0.282304
-0.636109 -0.071553
0.219357 1.116478
-1.284008 -0.494261
-1.059582 0.226370
-0.973188 -0.080537
-0.473695 2.120496
-1.251904 -0.034934
-0.395599 -1.676109
2.134036 -0.089022
-1.188896 0.286240
-0.389770 2.024488
1.173623 0.291785
-0.638017 -1.348046
1.545677 -1.274386
0.779199 0.464818
-1.368801 0.373567
2.248885 -0.297806
0.346115 0.656731
1.329778 -2.113790
-1.403647 -0.673256
1.347976 0.469443
-0.220210 2.060336
-0.056858 -1.079824
1.273070 -1.317866
-0.661003 -0.969718
-0.203660 1.638380
-0.797455 0.224820
-1.015591 0.675477
1.192566 -0.789472
1.878463 0.177459
-1.124682 -0.286163
1.169739 0.252821
1.801440 -0.102988
0.229668 2.662825
0.808175 0.622894
0.305797 -0.914625
-0.212423 -0.679069
-1.092173 -1.263689
-1.072366 -0.817839
-1.047218 2.333631
-1.213872 0.496739
-0.249395 -0.725179
1.303649 -0.297537
-0.768032 0.678076
-0.071900 0.097883
0.493875 -1.819268
-0.741268 1.012230
2.195551 0.612640
1.846741 -0.670837
-0.563995 -1.085449
-1.326322 0.977453
-0.608674 0.648386
-0.286928 0.098382
1.684401 0.481693
-0.017574 0.617067
-0.532915 1.027374
2.212481 0.114814
-1.216309 -0.091218
-1.769176 0.144890
1.347109 -0.975110
-1.036643 -0.547123
-1.374231 -0.331886
0.526501 -0.800833
-1.165057 0.911764
1.524466 -0.165024
0.338836 1.165110
-1.393569 -0.483997
2.029260 -0.569401
-1.126144 -1.579343
1.534403 -0.094946
1.499645 -0.617572
-0.612413 0.483859
1.492468 -1.218928
-0.816167 0.743281
-0.270058 0.059307
0.126367 -0.252264
0.729284 0.757933
1.535426 -0.154156
-0.905981 -0.334176
-0.692494 0.181938
0.319793 0.729421
-0.612958 0.610820
-0.756780 1.001953
-1.255097 -0.177223
-1.291511 -0.822423
0.402601 1.751815
-0.486668 0.900146
0.471964 1.728670
-0.532097 0.981287
-1.175860 -0.888097
-0.808920 0.130297
-1.356127 -0.695690
1.374279 -0.046923
-1.602635 -0.506876
-1.773164 -0.740868
0.077813 1.137093
-0.554361 -0.292264
1.670329 -0.431441
-0.661543 1.087920
-1.091843 -1.165813
-0.795593 0.152032
1.880725 -0.196706
0.086434 0.576568
-1.294327 -1.085578
-0.677834 -1.153351
-0.771065 0.555226
-1.057598 -0.235453
-1.321008 -0.240452
-0.749824 -0.276513
1.012808 -1.082317
2.070538 -0.177220
-0.620167 -0.527442
-0.040196 -0.940772
-1.424019 1.444762
2.085985 -0.382748
-0.957844 -1.442623
-0.876523 -0.415093
-1.097403 1.391533
1.562708 0.730405
-1.517966 -0.714475
-1.107921 -1.298854
-0.367118 0.321294
-0.376013 0.010742
1.716697 0.267280
-1.021048 0.234774
-0.831020 -0.594803
-1.084552 -0.106952
-1.125034 -0.734898
1.136408 -0.672352
1.250476 -0.807317
-0.474343 -0.613877
-1.118957 1.947713
-0.926324 0.678915
-0.528595 2.134848
-0.901873 -0.442674
0.340796 -0.551791
1.328838 -0.294811
0.536426 -0.429439
-0.954337 -0.400588
0.355746 -1.584418
-0.286976 -0.974243
-0.814762 0.881806
1.480697 0.082572
0.988395 -0.502158
0.011821 0.396598
1.673624 -0.251137
0.997000 0.118740
2.564873 -0.551411
-0.965220 -0.436687
1.795308 -0.578933
1.673309 -0.739047
1.283053 -0.378491
-0.862430 -1.287814
-0.885238 -0.764451
-1.270128 -0.037681
1.436205 0.299520
-1.251533 -0.308088
0.447487 1.979581
1.407883 -1.046000
-0.317908 0.217650
1.358317 1.465733
2.138145 -0.131513
-0.702762 -0.203500
-0.778227 0.510751
-1.078084 0.384849
0.643504 -0.406141
-1.081449 0.274720
2.168153 0.217712
-0.309434 0.429728
-0.803763 0.350648
-0.635951 -0.554446
1.769936 0.126564
2.312621 -0.041183
-0.792885 0.625780
-1.022756 -0.169688
1.914122 -0.503040
1.382780 -0.645636
-1.336089 0.178861
0.970439 0.616822
-0.805980 1.215906
-0.473492 -0.433159
-0.727150 -1.359606
-0.408786 -0.051616
-0.458342 0.807610
0.120400 1.328562
2.171040 -0.057415
-0.650716 1.006549
-0.733763 0.089690
-0.597740 0.343528
-0.304018 -0.615854
-1.338960 -0.793840
1.960452 0.140983
-1.270955 -0.485769
0.527728 -0.415032
2.330028 -0.332988
-0.390785 1.268622
3.021099 -0.773576
-0.785644 0.439060
-0.757851 1.374796
1.727374 -0.284822
-1.131385 -0.017115
1.793358 -0.376012
1.525375 -0.669677
-0.845864 0.481075
1.949483 0.191635
-1.460871 -0.969004
-1.220528 -1.169665
-1.076652 1.155456
-0.827888 0.067797
1.254966 -0.415570
2.232347 -0.297992
-0.625076 -0.819533
-1.623914 -1.208012
-0.869538 0.206410
0.125106 2.571076
-1.004004 -0.010486
0.194629 0.202128
-0.142834 -0.369736
0.554226 -0.223242
1.490638 -0.217005
0.738387 0.220844
1.534584 -0.564282
-1.039031 0.075973
0.084873 -0.503257
-0.789172 0.405977
0.093314 0.073313
2.084639 1.260695
-0.585793 0.289860
-1.282417 -0.058436
2.387453 -0.241560
-0.934311 -1.375540
-0.881131 1.913523
-0.124134 1.251490
-0.398614 -1.257757
1.567955 0.498647
-1.515223 -1.175212
1.101652 0.011426
0.936924 -0.581029
1.543832 0.306404
1.523581 -0.402480
1.138215 -0.187137
2.302828 -0.198546
1.297556 0.240743
-0.620481 -0.722407
2.125641 0.198456
1.893193 0.874646
2.185027 -0.218792
-0.712214 -0.749245
-0.456805 1.133736
1.821681 -0.972631
-0.644894 0.533612
-0.474090 -0.841748
1.034531 -0.744544
-0.623882 -0.530038
0.917760 -0.178121
-1.128057 -1.395610
1.930052 -0.415823
-1.654373 -1.136396
-0.642157 -1.313395
-1.240115 0.365298
-1.440697 -0.607037
0.007359 -0.460725
1.506956 -0.289900
2.101432 0.546967
0.053837 -0.462566
-1.127603 -0.206546
-0.920922 -0.260339
-0.272497 -0.563042
1.492415 -0.074529
-0.791225 -0.329258
0.851089 -0.688971
-1.547781 -0.624922
1.937829 -0.200299
-0.926553 0.180698
0.311241 1.896201
0.303617 0.550999
1.797019 -0.640165
-0.522377 -0.459473
1.917140 -0.218454
-0.481781 -0.213056
2.046522 -0.103474
-0.465696 -0.511942
-0.827625 0.238747
-0.918149 -0.596290
0.711238 0.139265
0.982583 -0.308868
-1.141885 -0.481607
1.726984 0.300464
-0.985138 -1.222491
1.300324 0.517108
-0.465898 1.326933
2.064898 -0.526496
0.299163 2.111429
-0.762554 -0.612449
-0.739539 0.315824
-1.060032 0.958944
-0.915085 0.151078
2.285319 -0.291275
-0.619778 2.424008
-0.222551 0.225223
-0.368246 0.290315
-0.188074 -0.635872
0.703234 0.303414
-1.691769 -0.314138
1.919353 -0.615087
-0.816317 -0.022872
-1.444055 -0.512795
-0.498996 -0.141258
-0.353436 0.279101
-0.573278 1.063588
-1.070944 -0.681546
-0.466720 0.104898
-0.804486 1.898600
-1.033178 -1.316902
0.359560 -0.053456
1.331760 -0.700125
1.586528 -0.424522
2.076939 0.100230
-1.415097 -0.098051
-0.820089 0.412130
-0.149822 1.006474
-1.361629 -0.340672
0.032925 -0.173492
-0.740645 -1.065114
0.095004 -1.160467
-0.884783 -0.793358
-0.990966 0.558804
-0.746495 0.465494
0.560144 -0.937220
-0.489428 1.002722
-1.859128 -0.784120
-0.222250 -0.297681
0.527360 -0.485029
-0.733694 -0.674608
0.553006 0.331521
1.007668 0.362204
-0.981561 0.907924
2.388223 -0.226992
-0.443352 -0.816591
1.959970 -0.475902
-1.252262 0.649339
-0.135246 1.307433
-0.531155 -0.395239
-1.351237 -0.237607
1.648833 -0.028508
-0.303038 0.157695
-1.480394 -0.112542
-0.649895 -0.817024
-0.605079 0.213713
-1.415700 -0.950185
2.297568 -0.136103
-0.881884 1.912387
-1.205416 0.282369
-0.015676 2.001165
-0.253422 2.138769
0.341162 1.893839
-0.565618 -0.284409
1.460643 -0.443594
0.277682 0.464173
1.268873 -0.372832
-1.127371 -0.847600
-0.798351 0.544407
-1.361039 0.641476
-0.964219 1.005118
-1.007401 0.614702
0.237655 1.064772
-1.102579 2.505231
-0.578564 0.380326
-1.066849 -0.096511
-0.505704 1.467244
-0.372245 0.561054
-0.706518 -0.446908
1.654036 -0.181445
-1.406999 -0.972257
-0.702768 1.159467
-1.043677 -0.724620
-0.763064 -1.303815
1.147298 -0.302656
-1.156795 1.342499
-1.393035 -1.037699
-0.568119 0.309988
-0.125671 -0.156035
-1.047248 0.207032
0.038873 1.724158
-1.744400 -1.219486
-1.734591 -0.732863
0.473338 -0.102070
-1.305719 0.103330
-0.555985 0.682508
-0.950102 -0.536987
-1.090068 -0.206462
1.610657 -0.608840
1.808386 -0.355010
-0.579967 0.318631
0.992400 1.751272
-0.185334 0.474329
-0.022076 -0.487394
-0.379143 1.406184
-1.532360 0.649785
1.048834 -0.881713
-0.569412 1.724594
1.438831 0.221841
-1.316021 -1.653252
-0.067639 2.685756
-0.398384 -0.024795
1.930242 -0.395016
0.180244 1.812171
-0.154703 -0.647879
0.331530 -0.098083
-0.559142 1.236362
1.469824 -0.991248
-0.097815 -0.755772
-0.501074 0.921444
-1.404642 0.224330
-0.252357 -0.016031
-1.122657 -0.411200
-1.078868 -0.507964
-0.716413 1.735200
-0.932810 1.223794
0.421053 -1.366775
2.091178 -0.593470
1.328755 -0.267692
0.006666 -0.089292
1.888012 -0.058722
-0.690576 -0.318502
-0.918752 1.253159
2.539270 -0.588890
1.396295 0.024817
1.552810 -0.995865
-0.764610 -0.673690
-0.873481 1.324568
0.055981 2.432904
-0.052673 1.640966
0.666112 -0.354795
1.952515 -0.249433
1.787012 -0.359148
2.388223 -0.226992
-1.030743 0.633887
-0.125646 0.290493
1.328978 -0.355127
-1.014801 0.246075
2.311033 -0.296775
1.957169 -0.615248
-0.606745 -0.447130
-0.115598 0.988119
-0.902899 -0.930743
-1.260477 -0.368187
2.213318 -0.280408
0.435505 -0.892209
-0.470294 1.093786
1.632866 -0.558344
-1.124637 0.451140
-1.210199 -0.588236
-0.346921 -0.605320
0.360287 0.837449
1.140324 -0.612172
-0.970946 0.653873
-1.108785 -0.584025
-0.861480 0.107655
-0.743451 -0.868464
-0.588716 0.060074
-0.700652 -0.309895
2.185442 -0.208331
-1.504432 -0.361457
1.151899 0.136914
-1.028644 -1.382021
0.313487 0.314340
-0.949816 -1.027163
1.430280 0.844054
-0.514104 1.789010
-0.446599 -0.681283
-1.322117 -0.883763
-1.006660 -0.424767
-0.840934 -0.347177
-0.519310 0.352849
-1.079269 0.465320
0.044852 -0.291316
-0.265187 0.973166
-0.663989 -0.713311
1.008893 -0.450997
-1.109279 -0.064372
-0.829273 0.694116
0.556988 -0.990596
-0.848143 -0.127046
-0.871874 0.371122
1.371425 -0.552672
1.358230 -0.142755
2.049631 0.093268
-0.679346 -1.298268
1.488705 -0.683321
-1.953110 0.488873
-0.837451 -0.403182
-0.495445 -0.518959
-0.511546 0.558234
1.134129 -0.533842
0.311259 1.993390
-1.338999 -1.184112
-1.438841 -0.167415
-0.907314 -0.371859
2.458417 -0.159804
-0.408579 -0.320701
1.232872 -1.636298
0.576491 1.331506
-1.072322 -0.301419
2.191668 -0.419585
-1.542305 -0.584763
1.826316 -0.295137
-0.577373 0.095748
-1.386486 -0.858606
-1.314087 0.857065
1.006360 0.073557
-0.491742 0.097935
1.335401 0.194208
-1.467257 -0.057796
0.151938 2.056029
1.564943 -0.105476
-1.579601 0.386191
-0.690512 1.042866
1.427066 -0.014107
-0.575327 -0.091022
0.145473 0.699052
0.552944 1.143748
0.218708 0.045697
1.450482 0.057718
-0.397892 -0.040233
-0.374096 0.218128
1.888039 -0.442002
1.869362 -0.498319
0.543076 -0.889803
-0.864341 -0.189225
0.001361 -1.336822
0.498022 -1.051375
1.142552 -0.583859
-1.013788 1.125532
-1.210039 0.676813
0.318720 -0.331111
1.969710 -0.462741
-0.487201 -0.324420
0.207320 -0.392476
-0.495227 0.411508
-1.029707 1.198508
2.314142 -0.117368
0.060487 1.701554
-0.408382 -0.054495
1.823223 -0.376092
-1.174747 -0.707519
-0.530876 1.072356
-0.526344 0.106086
-0.848248 -1.254592
0.356358 1.660101
-1.032742 -0.613137
3.062548 -0.668448
-0.082387 -0.605631
-1.356570 -0.582679
2.128288 0.134808
-0.457498 0.133693
-0.791538 -0.961352
-0.863950 0.496691
-0.726000 0.532095
-1.100654 0.191444
-1.327052 0.067188
2.052976 -0.586953
1.426786 1.700738
-1.124995 0.065708
-0.145628 -1.261522
-1.297116 0.483260
-0.627073 -0.582333
-0.385912 0.295842
0.880110 -0.840505
-0.544228 -0.912021
0.420581 0.185142
1.866833 -0.701656
1.844394 -0.366968
-0.927740 1.096527
-1.219003 -1.008621
1.833820 -0.552480
-1.161283 -0.599859
-0.310097 0.609792
0.575828 1.048171
-0.563427 0.249185
0.270230 -0.758494
-1.861374 -0.082876
1.018181 -0.328909
1.431211 2.406598
-0.109807 0.083050
0.836878 0.086311
0.108562 0.943676
1.892455 -0.250673
-0.584822 -0.547511
1.782787 -0.419527
2.141869 -0.257803
-0.850451 -0.840897
-0.616946 0.583255
-0.275999 1.748519
-0.818899 0.085288
-0.793786 -0.119349
2.256475 -0.120607
1.582328 0.055284
-0.999757 -0.793317
-0.290394 -0.046732
2.271400 -0.130157
0.187442 1.638409
-0.254765 0.037221
2.143112 -0.401485
1.887822 1.381594
0.756896 1.401626
-0.932804 0.058094
-0.073427 1.793077
-1.650763 0.064499
-0.686458 1.097617
-0.855363 0.031140
-0.577846 0.415736
1.494074 -0.160829
0.228703 1.866689
-1.146388 0.489541
1.343989 -0.325796
-0.437109 -0.824610
0.675789 2.021428
2.697894 1.412676
0.080607 0.378500
0.100742 -0.621436
-0.944157 0.625637
1.386882 -0.339845
-1.012655 -0.769276
1.222645 -0.528267
-1.421792 -0.110597
-1.090483 -0.828796
0.398442 -0.755426
-0.525094 0.313359
-0.539414 0.492571
-1.250179 -0.110393
2.057197 -0.553552
1.724706 -0.253760
-0.611459 0.182634
-1.390889 -0.941831
-0.755674 -0.060374
2.286358 -0.024690
0.806203 -0.395289
2.101651 0.051302
-0.665441 -0.793911
-1.496367 -0.392165
3.220567 0.345460
1.930748 -0.444379
-1.016917 0.873603
2.720729 -0.668584
1.051789 2.070927
0.313557 1.501007
-0.730586 -0.421348
0.218749 0.049779
-0.139744 0.414826
-0.665679 -0.701189
2.362509 -0.221492
2.085725 0.590124
-0.716261 0.446028
-0.152615 1.747283
-0.608285 -1.194522
-0.367354 -0.796398
-0.740946 1.105484
0.977669 -0.782578
-0.550447 0.065621
1.858070 -0.376750
-1.171615 0.036137
0.451004 -1.781437
-1.275267 -0.778249
-0.406621 1.072180
-0.922851 0.047248
-0.244758 0.057775
-1.138543 0.361794
0.854803 -0.136386
-1.441847 -1.220248
0.343824 1.901838
2.111311 0.073841
2.388223 -0.226992
2.223699 -0.210200
-0.203528 -0.016863
-0.607600 1.295248
-1.209839 0.631495
0.899995 -0.273591
-0.453709 0.154664
-0.438180 -0.353712
-0.506237 -0.483054
-1.047371 -0.997403
1.977498 -0.512360
-0.450702 -1.291085
1.501373 -0.788795
2.003484 -0.289242
-0.899762 -0.194207
-0.389899 0.172871
-0.385134 -0.185332
-0.502047 -0.379053
-0.084309 -1.145417
1.662405 -0.630122
-1.079804 0.418934
-1.228435 -0.261036
-0.845289 -0.817987
-0.810555 1.736247
0.047122 1.093761
1.921749 -0.274997
-1.023754 0.781104
-0.022384 1.726618
-0.901241 -0.879587
-0.442637 0.019516
-1.209207 -1.004063
2.052750 1.726128
1.715584 0.649073
-1.357683 -0.393978
-1.144529 -0.659236
2.160954 0.052191
-0.509641 0.182574
-1.081260 0.820427
0.411092 1.380668
-1.131987 -0.394038
-0.024505 -0.031849
0.917669 -0.082586
-0.923424 1.264954
-0.555554 0.007823
-0.630006 0.783532
-0.214183 0.109629
0.909554 1.744102
-0.690232 -1.032875
-0.727025 -0.581591
1.690315 -0.135595
-0.487067 -0.232550
2.362509 -0.221492
0.054616 1.565842
-0.611391 -0.969920
1.856304 -0.623100
-1.080404 1.456549
-0.701515 -0.065404
1.210623 0.999363
-0.866505 -0.303869
-1.173136 1.337828
1.861192 -0.189431
-0.412759 0.352848
2.278261 -0.047645
-0.389816 -0.142560
-0.938020 0.260955
-0.855695 1.300098
-0.565267 1.050743
-0.882006 -1.129497
2.105323 0.097685
-0.637654 -0.172965
1.976159 -0.127437
-1.483968 -0.394623
-1.503361 -0.660698
1.693161 -0.080869
-0.387868 -0.712933
-0.115546 -0.678668
0.552686 0.024702
2.255726 -0.286140
1.404270 -0.180451
2.001164 0.441004
0.102611 1.891615
-0.872556 0.452793
3.453057 0.013925
0.465140 -1.533338
-1.329528 -0.377496
-1.452045 -0.651513
-1.000741 -0.621022
-0.790512 0.515244
0.872024 0.512947
-1.696193 -0.276543
-1.464678 0.542137
-1.623598 -0.528023
0.352888 -0.310235
-0.696343 -0.440338
2.008879 -0.413861
0.001158 1.226765
-0.789536 0.830922
-0.777672 -1.292936
-1.644114 -1.126377
-1.551999 -0.867917
-0.740832 0.552747
-0.355193 0.115778
0.716967 0.386936
1.991576 0.109324
-1.061724 -0.459769
0.248563 -1.298725
2.113930 2.104440
-0.031951 -0.782655
-0.389609 -0.863135
-0.194887 0.357083
-0.200093 -0.517523
2.388223 -0.226992
-1.268439 -0.241779
-1.336209 1.183669
0.730331 0.121998
1.157742 -0.402978
0.467693 -0.619587
-1.310715 -1.507975
-1.326205 0.800713
1.641236 -0.486127
-0.359710 -0.797754
0.506027 -2.062383
-0.788634 -0.126233
1.294393 1.747433
-0.026956 -0.499189
-0.631344 1.563922
1.560187 -0.581878
2.390279 -0.181623
1.456826 -0.789718
-0.311487 0.104365
-1.159499 -0.784233
1.517447 -0.125739
-1.154167 -0.916631
1.955730 -0.185392
-0.559291 -1.361512
-1.237476 0.112084
-0.004994 0.368846
-0.712401 1.096598
-2.041152 -1.083928
-1.574932 0.329059
1.318580 0.160696
-0.947551 -1.056199
1.442630 -0.750800
1.105928 -0.347029
-1.673206 -0.391423
0.502354 -0.388384
-1.288753 1.146338
-0.449107 -1.367294
-1.029490 -0.580273
1.651497 -0.118947
-0.344668 1.674288
-0.402501 -0.128062
-0.868553 0.101041
2.388223 -0.226992
0.504508 -0.747665
1.785514 -0.443577
-0.257284 1.253413
-0.731263 0.092573
1.483420 -0.099930
0.301834 -1.089764
-0.901141 0.948918
-0.714251 0.260042
1.562167 -0.577143
-0.590538 -0.499449
1.165575 -0.370889
-0.865858 -0.439002
0.824661 -1.141192
-1.302363 -0.800574
1.233790 -0.529831
1.699047 -0.046016
1.326656 -0.526053
-1.209180 0.422849
0.881565 2.140212
0.270781 1.402586
-0.321226 -1.041569
-0.501586 0.559936
-1.049269 0.465176
-0.410972 1.154256
-1.050533 0.109796
-1.400703 -0.578222
-0.674299 -0.667059
-0.716450 -0.677263
-0.243529 -0.167125
-0.219457 1.406955
1.770549 -0.648474
-0.494328 -0.635832
-0.658809 -0.695233
-0.760937 -0.340687
-0.336106 -0.389510
2.359792 0.094744
-0.671503 0.336815
1.905319 -0.046758
0.930567 0.085733
0.845103 0.249517
0.763400 -0.285817
-1.126332 0.290798
-1.046912 0.318401
0.201522 1.531250
-0.106798 1.279415
-0.357753 0.068600
-1.012467 -1.048321
-1.181378 -0.777751
-0.112697 1.435329
1.551997 0.236361
-2.000440 0.697356
-1.264341 -0.263709
0.070207 1.341695
1.857954 -0.088774
1.762792 -0.517062
-0.246939 0.242091
-0.750968 0.355329
1.851569 -0.379452
0.073805 0.241854
-0.910901 -0.240222
1.933604 -0.236649
-0.814600 -0.038260
-1.884370 -1.239929
-0.165556 -0.605594
-0.467085 0.018350
-0.774712 1.845024
-1.217482 0.739030
1.926925 2.249483
-1.734747 -0.959211
1.122045 0.261474
-0.815022 -0.845559
-0.591412 -1.092024
-0.511264 -0.342695
-0.906947 -0.026507
1.790013 0.011554
1.919198 -0.584841
1.697087 -1.415558
-0.722877 0.483937
-1.409453 -0.454741
-0.872207 0.819549
1.922114 -0.263318
1.733407 -0.319334
1.702792 -0.518901
0.738307 1.060822
1.464369 0.012420
2.335126 -0.403950
-0.955039 0.935207
-1.143902 1.415000
-0.480591 0.316754
0.680369 0.069848
0.812046 -0.041010
-0.140367 -0.264801
-0.868821 0.881523
-0.212798 0.381164
-0.912469 0.323823
-0.866573 -0.499277
0.878170 0.050409
0.220879 0.007428
1.831915 0.829769
1.908891 -0.451577
1.895285 0.357090
-1.143088 1.027603
-0.006248 -0.575039
1.056473 1.346435
2.053740 -0.155005
1.880952 -0.604054
-1.355755 -0.234239
2.033057 -0.525910
-0.925311 -0.362690
1.037897 -0.014227
-1.484887 0.040880
1.874467 -0.319151
2.019204 -0.221479
-0.354650 0.305351
-0.037077 1.609889
-0.897014 -0.117053
-1.423143 -0.043707
0.418105 0.588425
-1.119407 -0.362762
2.070456 0.080922
0.211882 -1.289584
-0.579392 0.761987
-1.099733 0.195625
-0.899101 -1.183070
-0.123980 0.808647
1.429555 0.396136
-0.523396 0.003023
-1.457120 1.104056
-0.746521 -0.187300
1.789556 0.419413
-0.452751 -0.779220
1.096044 0.047155
0.605586 0.576178
1.654531 0.102470
-1.132695 0.905394
-0.185545 -0.560634
0.452469 -0.813245
1.427241 -0.447953
-0.984311 -0.472772
2.590306 -0.094290
2.106257 -0.212817
-0.595236 1.449506
-0.313518 0.797193
0.011968 -0.928107
-0.376055 -0.013174
1.827533 -0.562497
-0.627781 -0.319531
0.416376 0.104919
-0.816046 -0.136196
1.402383 -0.155710
-1.132722 -1.159730
-1.024509 0.533946
-0.518458 0.365224
-0.102742 1.502500
2.241669 -0.165225
2.225080 -0.011950
2.192724 -0.059825
-0.286463 1.791535
1.577497 0.326964
-0.250356 0.885691
-0.962924 -0.242630
1.019151 -0.694889
0.867993 0.408601
1.987665 -0.558014
-0.495246 0.506834
-0.905251 -0.215985
-1.800541 -0.364439
-1.542176 -1.098642
-0.804699 -0.406609
2.015428 -0.067878
-0.844074 0.418205
-0.683456 -0.371235
-0.588152 1.071187
-1.049101 -0.453747
0.175464 2.107485
-0.548575 -0.726461
1.374544 -0.512627
-0.912602 -0.233359
0.479219 -0.046484
-1.457203 0.482701
0.039895 -1.652410
2.053272 0.027096
-1.086859 -0.362459
-0.831855 0.735346
-0.765921 0.660617
-0.592897 0.281165
-0.284088 -0.095280
-1.843507 -1.158719
-0.125310 1.766003
-1.783882 -0.689772
-0.957244 -0.744909
-0.276486 -0.173859
-0.454178 0.258053
0.997315 -0.432300
2.625095 0.839298
-0.630809 -1.146910
-1.780194 -0.149479
2.072865 -0.492260
-1.247342 -0.482299
1.886635 -0.122237
2.122266 0.200013
-0.834770 0.373001
-1.610727 -0.078842
-1.456062 -0.448108
0.057460 1.612888
-0.948361 -0.850358
-0.703209 -0.294068
1.038234 -0.075718
-1.425348 -1.338700
-1.346079 -0.262220
1.924817 -0.510780
-0.562469 0.393420
0.470949 -1.593913
-1.173089 -0.012610
-1.428236 -0.284666
-0.974519 0.750953
-1.331828 1.357664
1.668493 -0.434405
1.851187 -0.468966
2.108146 -0.404003
1.976263 0.397276
1.310571 -0.312221
-0.460015 -0.919614
-0.156250 1.109611
1.614916 -0.350966
-0.653155 -0.354531
-0.958531 -0.951752
1.480403 -0.525911
-0.891180 0.131906
-1.808592 -0.108747
2.181244 -0.334140
-0.603519 -0.091454
1.013617 0.941974
2.305340 -0.276671
-0.963333 -0.692648
-0.401389 0.483946
1.708451 0.200361
-1.165866 -0.762013
-0.561306 0.694064
-1.326461 0.333343
-1.172101 -0.494196
-1.316585 -0.102607
2.182358 -0.490534
0.525261 -0.767400
2.277884 -0.114762
-0.435143 0.126228
1.865456 -0.060865
-0.322183 -0.586277
-0.274424 -0.119384
-0.823196 0.436030
-0.504521 0.895731
-1.062590 0.144130
-1.233068 -0.651195
-0.756604 -0.223979
-0.391338 0.455310
-1.278306 -0.788236
-0.800002 -0.239306
0.253590 1.508802
-1.551411 -0.989784
-0.362217 0.265559
-1.209522 -0.629334
-0.553687 -0.223307
-0.479660 0.325782
-0.677150 1.343705
1.890946 -0.055664
-1.161690 -0.649322
-1.327705 -0.597601
-1.207354 -1.154901
-0.512044 0.073446
-1.060110 -0.042530
-0.766024 0.218262
-1.175537 -0.196588
0.215430 1.754794
-0.950518 -0.544117
-0.529244 -0.164711
-0.603685 0.630731
-1.197340 0.274266
-1.474753 0.248825
-0.271170 0.082817
0.144172 -1.176405
-1.118979 0.652239
1.648245 -0.669710
-1.128881 -0.439095
-0.530460 0.559455
-0.436543 1.737704
-0.648489 0.116318
1.810145 0.042035
-0.882553 -0.541179
0.335362 0.073636
-0.531530 0.128394
0.605855 0.485054
0.685200 -0.257112
1.353045 -0.142504
-0.722391 -0.087338
-0.890698 0.409596
-1.159704 -0.155619
0.574936 0.545970
2.953852 0.856557
2.296368 0.135267
-0.170517 -0.310758
-0.530466 0.629833
-0.407769 0.341834
-0.020030 -0.942942
-0.461797 0.694093
2.297832 -0.450077
0.430858 -1.108063
-0.584397 0.130920
-1.427125 0.346593
-1.441661 -1.251815
-0.633918 -0.934916
-1.179961 -0.481731
2.102037 -0.524094
1.508886 -0.559140
1.212243 -0.629721
-0.852220 -0.412939
-0.381446 -0.450428
0.785258 -0.759869
1.962100 0.010754
1.163194 -0.723245
-1.065901 -0.088462
1.888869 -0.216063
-0.040511 -0.998440
-0.824216 0.947309
0.258085 1.885442
-0.460612 0.996349
-0.678804 -1.636054
-0.901241 -1.365816
-0.841621 0.428536
0.828622 -0.372637
0.293859 -1.169839
-0.148989 -0.251957
-0.931683 -0.473748
-0.711694 0.242354
1.024120 1.298751
2.191512 0.437741
-0.528423 0.328063
0.176423 -1.295894
-1.009909 0.024002
-0.781446 -0.456256
-1.466512 -1.117262
-0.732602 -1.028490
2.189883 0.445013
0.770976 -0.396653
0.682930 1.244843
1.653333 -0.617911
-1.055886 0.881117
0.767409 0.972066
-0.639634 1.292348
-0.353668 -0.914428
-1.510316 -0.728667
2.083062 0.439109
1.960411 -0.349703
1.440104 0.108690
2.402053 -0.403661
-1.325437 -0.910928
1.954297 0.113707
0.007917 0.304367
1.074368 -0.709326
-0.969469 1.168686
-1.245261 -0.565406
1.596904 -0.523684
-0.014343 -1.300699
1.291003 0.175661
0.852775 -0.418746
-1.191207 -0.453562
0.046645 -1.698241
1.340690 -0.314355
2.054494 -0.071078
1.879456 -0.433848
0.818091 -0.440310
-1.296760 0.313296
-1.247385 1.018212
-0.636419 1.651368
1.854346 0.105415
-1.271820 -0.844140
-1.158451 0.887589
2.175543 -0.429465
0.361791 0.058662
-0.685743 0.543336
-0.428649 -1.711379
1.072032 -0.732041
-1.204837 -0.287547
-1.183279 -0.265663
-0.376352 0.502395
0.044913 -0.473257
-0.474221 0.065370
-0.799783 1.550929
1.988630 -0.161698
-0.660232 -0.303954
2.340019 -0.187061
1.326268 -0.369266
-1.010907 -0.645754
1.045209 -0.380609
-0.916832 -0.408469
-1.526206 -0.987627
2.093962 -0.051569
-0.341123 -0.316587
-1.486243 -0.512640
-0.221151 1.283072
1.790433 -0.366936
-0.729330 -1.210365
1.063906 -0.066455
-0.833041 -0.795648
-0.416546 0.484803
-0.281502 -0.215376
0.154743 0.426933
0.919016 1.581755
0.112688 -0.257556
-1.154553 0.138885
2.998241 -0.366394
-1.021515 -0.466419
1.678658 -0.544770
-1.251432 0.028380
-0.391792 1.855349
1.995184 -0.480404
-1.077132 -0.337308
-0.991484 -0.927274
0.239375 1.414384
1.169879 -0.122387
-1.121590 -0.878296
1.561375 -0.493038
1.130627 -0.053320
-1.298102 -0.723454
-0.432606 -0.252899
-0.660447 -1.005414
-0.954796 0.175249
1.691855 0.107831
-1.635296 -0.735949
0.576624 -0.884480
1.694123 -0.547920
-1.367556 0.550383
-1.080024 -0.765495
-0.599469 -1.394840
1.879610 0.243610
-0.222720 -0.028177
-0.942920 -0.178168
-0.826819 0.658820
2.515638 0.302672
-1.354955 -1.002708
0.217454 1.807466
-0.302523 -1.014437
-1.032894 0.382148
2.030250 0.270791
-0.203451 -1.239865
-1.265910 0.107501
-0.956843 2.826715
-0.654981 1.253913
-1.228733 0.337593
-0.780235 -0.375287
-1.278807 -0.980804
-0.923046 -0.060627
1.168253 0.058045
1.693588 -0.827849
1.436275 -0.706856
1.424926 -0.567584
-0.609024 1.604627
0.857141 -1.310541
1.123785 1.148278
-0.534718 -0.483892
1.616915 0.062904
2.246954 -0.113576
2.182491 -0.173354
2.140695 -0.117175
-0.646341 -0.201461
2.218063 -0.222241
2.175150 -0.143406
2.116702 0.007615
-1.795779 -0.946577
-1.303395 -0.241044
-1.035117 0.327945
1.652711 -1.111559
-0.779855 0.280998
0.894300 -0.743377
1.707796 -0.596809
-1.132508 -0.157246
-0.387470 0.767560
1.422793 -0.077171
1.967786 -0.156885
-1.072609 -0.288053
1.194863 0.915088
-0.212759 1.220137
-0.778615 0.222745
-0.781899 0.094554
-0.704960 0.300935
-0.417873 0.166228
1.639927 -0.141835
-0.983351 -0.535487
-0.953443 -0.734493
0.516459 -0.180510
1.998072 -0.467653
2.320785 0.149424
-0.894445 0.519302
-0.745963 1.342864
-0.839536 -0.259387
0.011767 0.771751
-1.159950 -0.545305
-0.539507 0.343622
-0.662834 1.584494
2.338334 -0.046683
-0.938817 0.374016
-0.474011 0.050479
-1.404914 -0.604278
-0.703295 0.506945
-0.264460 0.128193
2.089738 -0.046055
-0.257213 -0.719973
1.845206 0.710360
-0.364395 0.782188
-1.077057 0.844052
1.177964 1.660630
0.294009 -0.808902
-1.067102 -0.620123
-0.340010 -0.729172
1.248390 -0.616604
1.975964 0.144905
1.093542 1.368042
-1.025315 -0.926483
1.887583 -0.334607
-0.970369 0.572760
1.669467 -0.845446
0.171182 0.842696
-0.849316 0.741644
-0.880116 -0.642434
-0.206173 1.922536
-0.994049 -0.978159
-1.329116 -0.344740
1.766695 -0.018721
-0.981291 -0.177903
0.342792 -1.725641
1.298072 -0.022012
-0.171109 -1.241128
-1.090912 -0.969304
0.329423 -0.186133
0.482227 2.075497
0.799254 -1.131932
-0.616977 1.213048
1.830929 -0.007802
1.549713 -0.803711
-1.209823 1.121842
-0.187358 -0.459259
1.043497 0.034087
0.800451 -0.865745
-1.437877 0.078349
-1.023756 -0.947001
-0.254679 -1.322193
2.281029 -0.177475
-0.639520 1.355362
-1.423892 0.643597
-0.408259 0.708172
-0.705064 0.401084
-0.077700 -0.051687
0.015642 -0.666975
-0.874025 0.169889
-1.567900 -0.096944
-0.638739 -0.976315
-0.822000 -0.794703
0.177863 -0.782387
1.036794 0.879271
2.180331 0.236794
-1.479182 0.326311
1.132239 2.011374
-0.525348 1.702145
-0.912407 0.468831
-0.504972 -0.551042
-0.243494 0.728633
0.529348 1.968278
2.428827 -0.191418
-1.363879 -1.423823
-1.105167 -0.887748
-1.101467 0.994950
-0.767509 0.824147
-0.746764 0.805655
-0.920195 1.549202
-0.578800 -0.421457
-0.747942 0.235178
1.874534 0.001214
-1.338474 -0.086029
-0.839128 1.323450
-1.156783 -0.297017
1.784007 0.093989
1.257921 0.496645
-1.033604 0.693926
0.921538 -0.224693
1.519564 -1.624440
-0.632039 0.002353
-0.700871 0.858948
1.424171 -0.195392
1.696744 0.033816
1.946649 -0.270792
1.610530 -0.416103
-0.675092 0.460942
-0.601427 1.527477
-0.260097 1.141587
-1.745267 -0.673679
-0.251346 1.217215
1.634179 -0.368844
1.965525 -0.278593
-0.184200 -0.509682
0.084288 -1.178857
0.683528 -0.713567
-1.549164 -1.046618
0.382893 -1.292978
-0.825454 -0.963745
-0.834776 0.503122
-0.962263 1.411241
-1.146381 -0.281540
-0.749872 -0.073950
-0.938161 0.982751
-0.544025 -0.059407
2.257124 -1.038242
-1.013483 0.357947
-1.631477 -1.494319
-0.767321 0.016130
-0.555373 0.416438
1.503161 -0.413755
-0.263686 1.537667
-0.947389 -0.554997
-1.590628 -0.878195
1.673341 -0.117126
-1.587132 -0.690213
-0.405535 -0.323302
-0.710232 0.057384
-0.287513 0.012354
-1.102733 0.171238
-1.360883 0.643403
-1.733296 -0.947623
0.052404 -0.313158
0.039511 2.094442
-1.018599 -0.816503
-0.789008 1.262666
-0.943080 -0.320131
0.431856 -0.171057
-0.421032 -0.702576
-0.103201 1.770191
-1.412466 -0.561100
2.031249 -0.178266
-1.014081 -1.196050
-1.837544 -0.378516
-1.014208 -0.918609
1.518922 -0.049412
-0.620272 0.899484
-0.065321 1.609486
-1.079750 -0.232204
-1.192274 -0.021232
1.880518 -1.658081
2.755654 -0.034057
-0.634876 -0.500021
0.765247 -0.029016
-0.132471 0.791849
1.659239 -0.587063
1.362073 -0.154020
0.875719 -1.083653
-1.161138 -0.022114
-1.707349 -0.234236
0.909750 -0.991654
2.276163 0.384327
-0.320002 -0.886253
-1.614461 -0.770705
1.744608 -0.212676
-0.310879 -0.871222
0.015282 -0.914977
0.223665 1.642332
-1.130614 0.568748
-0.760239 0.242809
-1.760533 0.323804
-1.459137 0.291444
1.966311 -0.410577
-0.639965 -0.356646
1.681621 -0.452393
-0.116926 -0.584952
-1.156606 -0.342018
-0.745476 0.060007
-0.318395 1.459088
-1.107637 1.011189
2.051566 -0.099536
-1.469517 -0.902470
-1.237049 -0.172486
-0.289237 -0.288260
-1.120390 1.022573
-0.370708 0.415357
-0.440666 0.863501
1.753705 0.381186
-0.789070 -0.967693
2.011601 -0.412472
-0.953377 0.796741
0.835134 1.541181
-1.064268 1.580662
0.496103 -1.267047
-0.483463 -1.182823
2.150823 -0.709395
-0.056490 -0.062892
-1.641324 0.038476
-0.447038 -0.785480
-0.219450 -0.241254
2.109844 0.329012
0.104020 1.733159
-0.027770 -0.746991
-1.293996 -0.847561
0.982998 0.217614
-0.433665 -0.455430
0.004834 -0.590265
0.956372 -0.034417
1.852874 -0.101265
-1.084017 -0.204444
-0.184656 1.897812
-0.691007 -0.100582
-1.416361 -0.146214
-1.188815 -0.923503
-0.913974 0.060766
-1.539324 -1.395814
0.528737 1.391978
-1.425570 -1.102403
-0.257367 0.397870
1.672430 -0.757519
-0.773065 -0.184368
-1.397024 -0.397464
1.022744 0.157264
0.690941 -1.262691
0.631710 -0.177867
-0.607142 1.626151
-0.909285 -0.518295
2.288413 -0.304659
-1.094342 -1.366078
-1.651718 -1.629188
0.143624 -0.010937
-0.783459 0.578362
-0.560990 -0.670830
-1.368805 0.473284
1.607648 -0.169842
-1.169793 0.311497
-0.154042 -0.117700
1.664120 -0.139747
0.949946 0.131098
2.064855 -0.105470
1.919210 2.024910
-0.312572 -0.180946
2.185359 -0.205371
0.058499 0.374828
-0.931060 0.274909
-0.761955 1.096897
-0.317360 1.517011
-1.163838 -0.214370
0.776084 2.540506
2.031290 -0.185866
-0.441675 -0.328042
1.554682 -0.469621
0.615440 2.002346
-1.567418 -0.256826
-1.388293 -0.249504
-0.761547 -0.754136
-0.106819 -0.628462
-1.047556 -1.518357
2.240686 -0.067358
1.697892 0.049395
-0.913636 -1.333049
1.982186 -0.678532
0.159314 2.191925
-0.785058 -0.882956
1.640983 -0.439433
-0.065337 -1.733185
0.073044 1.671742
-0.503556 0.003276
0.239633 1.225766
-0.339926 0.066926
-0.096362 -0.699168
-0.003733 1.189250
-1.057536 -0.196134
2.705883 0.046349
2.030039 -0.456040
-0.375356 -0.071273
1.874408 0.149115
1.212879 0.144464
-0.940024 0.709070
0.208786 1.379792
-1.011389 0.768938
-0.343358 1.018278
-0.171549 -0.080825
-1.583948 -1.088512
0.455742 2.469702
2.785792 -0.735886
-1.107191 -1.445846
0.489254 0.767495
0.847170 0.021693
-1.417886 -0.419925
-1.412536 -0.398410
-0.115466 2.357968
-0.307223 -0.583542
1.370041 -0.236708
1.727953 0.082527
-0.718845 -0.647159
-0.542567 -1.624806
-0.717603 0.181134
-0.630162 -0.599811
2.212464 -0.036864
1.273572 -1.232093
-0.635964 -0.356091
-1.467359 -0.483546
-0.163652 0.161230
-0.415585 0.423470
-0.911670 0.553682
-0.134840 -1.268163
1.245177 1.949314
-0.413400 -0.416877
2.357118 0.255479
-1.371672 -0.471226
-0.191933 1.367861
-0.388952 1.236449
-0.157004 1.331612
-1.217894 0.941110
-0.757234 1.257056
1.674516 0.177705
-0.620973 0.545300
-0.619474 0.095440
-1.220175 -0.489731
-0.021817 0.122929
0.380969 -0.067263
2.195054 0.264732
-0.448220 -0.581514
-1.342866 -1.124888
-1.126839 0.641851
1.782040 -0.198125
-0.183951 1.183048
1.248986 -0.641137
-1.676457 -0.604173
-1.109345 -0.049034
-1.570032 0.542731
-0.114860 0.444166
0.820210 -0.597822
-0.345578 0.816852
2.347994 1.183893
-0.818920 1.145552
-0.799538 0.088160
-1.222849 -0.891346
-1.629769 -0.280864
1.409270 0.147671
-0.807637 1.805323
0.432161 1.268304
-0.168797 1.092406
2.123434 -0.475304
2.132358 -0.118755
1.815925 0.171212
-0.374213 -0.813059
-1.191355 -0.582437
1.693528 1.305827
-1.040347 -0.138904
0.211503 1.015973
-0.414179 0.376925
-0.582886 1.246276
2.122844 -0.463844
-0.668414 0.300007
2.314126 -0.310160
-0.677851 0.196335
1.533806 0.003853
-1.008794 0.541745
-0.596831 0.484708
0.777870 -0.807818
-1.359987 0.241675
1.998938 -0.492759
1.912562 -0.420169
-0.663885 0.087692
2.388223 -0.226992
-0.286615 -0.338528
-0.255163 -0.076841
-1.061384 -0.217013
-0.473008 0.338224
-0.853188 -0.164497
-1.374007 -0.184587
1.431142 -0.158046
-0.989737 0.436140
-0.816604 -0.562563
0.304355 0.894266
0.334952 1.771881
1.810396 -0.495873
-1.451486 -0.768377
2.102119 0.277328
1.054438 -0.924513
-0.757917 -0.017368
0.880080 -0.964733
-0.322555 0.929085
-0.321944 0.577105
-1.839955 -1.429436
-0.897095 0.237969
-0.920302 0.380634
1.722394 -0.092966
0.641212 0.559344
0.257531 1.987943
1.768466 -0.164279
-1.070878 1.032865
2.514849 -0.776264
2.098591 -0.352053
1.908904 0.122579
2.114743 -0.285778
1.934554 -0.295685
0.265313 -0.549419
1.331282 0.082980
-0.275087 -0.527989
-0.661727 0.035531
-1.629700 -0.955236
-1.409125 -0.834846
2.236074 -0.259203
-1.147536 0.998876
-1.026703 -0.177475
1.011629 -0.378650
2.226826 -0.197289
1.673786 -0.549850
1.579194 -0.287959
-0.859375 -0.309411
1.542743 0.387183
-1.257211 0.913970
-0.417624 1.023589
0.103686 0.660927
0.231934 1.610796
1.466629 -0.012093
2.037056 -0.419916
-1.010727 -0.951508
-0.443873 0.916551
-1.079969 -0.066466
0.226593 1.023772
2.068421 -0.334318
-0.202861 0.345354
-1.798317 -0.597023
1.178947 0.304364
-0.747649 -0.815753
-1.360774 -0.963175
-0.333587 -0.468556
-0.989133 0.684606
1.350002 -0.608717
-0.200395 0.990253
0.324806 -0.162047
-0.116400 -0.396277
1.773913 0.076487
0.992415 -0.477655
-0.721929 -0.448192
-0.503805 0.027048
-0.841559 -0.695571
2.388223 -0.226992
-0.303013 -0.213680
-0.694895 0.144509
0.908460 0.111734
-1.292760 -0.395806
-1.342537 -0.288578
1.913281 -0.279829
-0.939278 -0.260361
1.903560 -0.340736
-0.923075 -0.220555
-1.378923 -0.341257
-0.056085 -0.424597
2.092763 0.413298
0.278422 1.935755
1.598825 0.077898
-0.521944 0.225673
-1.338698 -0.476789
-0.786947 1.069179
-1.255265 -0.855521
-0.827088 -0.026587
2.057344 -0.497903
1.702774 -0.155086
-1.393386 -0.863015
-1.122926 -0.655274
-1.051725 1.847104
2.096907 0.051197
-1.109631 -1.295747
-0.034267 -0.164899
0.012744 2.163738
2.179023 0.192474
0.710275 -0.086934
-0.022305 -0.748898
-0.928452 0.165593
-1.149416 -0.865510
-0.667684 1.674899
-1.110536 -0.952203
-1.061762 -0.072967
1.309986 -0.281828
0.438998 -0.835759
1.280668 -1.153430
-0.650786 -0.033830
-0.705973 -0.381194
-1.293745 0.454874
-0.993053 0.426125
-0.558212 1.087542
-0.850178 0.595912
-0.467970 1.745952
-0.252906 0.268176
1.999444 -0.623230
-0.837100 1.890571
0.061418 1.687176
1.445014 -0.612149
-0.189118 -1.131319
-1.180626 -0.934985
-0.369703 -1.129711
-0.123747 0.011513
-1.467233 -0.534604
-0.882319 1.109698
-1.116698 -0.308942
-0.853129 -0.079789
2.362509 -0.221492
-2.169744 -1.231628
1.420952 -0.848377
2.362509 -0.221492
1.600256 0.364619
-1.666064 -0.078734
1.969733 -0.030205
-0.772363 0.845278
-1.439866 0.618123
1.779696 0.919236
-0.705685 -1.066342
-0.589807 0.524146
-0.227777 -0.465957
-0.815180 -0.868974
1.270883 -0.861338
1.275551 0.024641
-0.349678 2.770027
1.618256 -0.189301
-0.815397 0.270692
-1.596067 -0.854545
-0.566554 0.737040
-0.803034 -0.326735
1.785826 0.076067
1.087875 0.251415
-0.228332 -0.099162
1.166940 -0.572849
-0.532525 -1.154568
-0.598387 0.049939
-1.382630 0.855867
-0.342569 -0.055837
-1.124723 -0.454431
0.968518 1.648463
-0.869337 -0.347221
-0.075607 -0.097550
-1.508095 -1.027985
1.296099 1.629993
-1.184554 -0.987103
-0.548166 -0.212368
-0.935786 -0.662167
2.259678 -0.211562
-0.838742 1.422304
-0.792119 -0.869534
-1.809176 -0.723108
-0.842479 0.276245
-1.075877 -0.956048
-0.883391 -0.979184
-0.688775 0.385438
0.971261 -0.138909
-0.705053 0.212461
-0.303105 -0.291664
-0.328840 1.564052
1.865296 0.211678
-1.113659 -0.549484
-0.935936 -0.824275
1.898359 -0.554872
1.730879 -0.127361
1.683024 -0.979796
-0.834065 -0.489683
1.967265 -0.518296
-0.657729 -0.191714
0.143097 1.615125
2.292740 -0.213882
-0.709557 0.259468
1.457525 -0.602917
-1.084417 -0.488209
-0.364566 0.405058
1.799532 -0.062033
-0.637764 0.775413
0.702041 -0.801751
-0.205904 0.533134
-1.426443 1.151375
-0.675770 0.887308
-0.841527 -1.285768
-0.988121 -0.751095
-0.657405 1.217674
-0.306704 1.156596
-1.394277 0.432183
3.023436 -0.448807
-1.437286 0.538156
1.613146 -1.257875
-0.570510 0.526182
-0.292375 0.985592
1.211960 0.620736
-1.188792 -0.392536
-1.186863 -1.004806
2.183080 -0.364130
-0.974816 -0.420818
0.799770 -0.626834
1.711462 -0.225121
-0.823203 -0.303010
0.885040 -0.196983
-1.108522 -0.255565
1.988689 -0.114195
-0.641462 0.108787
-0.936434 0.955731
1.507243 -0.435126
-0.537151 0.809272
1.780016 -0.778490
-0.757044 -0.042150
2.088579 -0.253908
1.581899 -0.722137
2.925601 -0.423998
-0.725805 1.277170
-0.740400 1.353120
-1.146633 -0.605148
-0.336977 -0.703754
-1.136242 -0.127973
-0.969252 1.653276
2.046708 0.091752
-1.056936 0.551348
1.622847 -0.501562
0.329315 -1.163461
-1.093745 -0.524536
1.851950 -0.400828
1.889049 -0.095083
1.899951 -0.572592
-0.820533 -1.314091
2.179796 -0.333806
1.838371 0.658485
-1.203668 -0.766007
1.725208 -0.205768
-0.862383 -0.032646
-0.061373 1.535677
-0.701902 1.437856
-0.546787 0.428543
1.484908 0.234096
0.913434 0.006824
-1.341949 -1.208952
-0.495809 -0.096324
1.945203 -0.034481
0.993532 0.380998
2.004561 -0.316796
-1.098871 -0.999523
0.100333 -0.853388
1.946987 -1.016026
1.274617 -0.076403
-0.153547 0.912741
1.831894 -0.183663
0.348758 -1.141951
1.337563 1.151654
0.687522 -0.015110
1.204203 -0.083550
0.191934 2.204034
-0.300784 -0.343812
-0.120754 1.964588
-1.145978 0.242657
-0.576454 -0.417923
0.742207 -0.858896
-1.173694 -0.489917
1.059189 -0.227913
1.812232 -1.484951
2.040182 -0.007703
-0.282782 0.762675
-0.417898 1.231942
0.592994 -1.396447
-0.534718 1.076954
-1.177530 -0.450343
-0.903682 0.506167
-0.834598 -0.250847
-1.219803 1.777348
0.599150 0.540366
-1.030477 -0.520200
-0.300100 2.350737
0.384890 -0.677131
1.006552 0.542352
0.845836 -0.297702
-0.601668 -2.089127
-0.614185 -0.110995
-1.582224 0.471543
2.106170 -0.213762
2.103700 -0.001959
-1.890367 -0.876186
1.814355 -0.279612
-0.411518 -0.688598
3.399248 0.593159
1.796589 -0.461355
2.513135 -0.753658
1.553126 -0.497865
1.685158 -0.562044
-0.593871 0.358313
1.461695 -0.698241
-0.471248 0.878125
-0.295325 -1.973701
0.780208 -0.614681
-0.843606 1.022894
-0.955630 -0.562862
-1.013488 -0.480360
1.853318 0.350604
1.851482 -1.311107
-0.547353 0.190985
1.614674 -0.615585
-1.428071 -0.208178
-0.508460 -0.561176
-1.031171 0.123519
2.347944 -0.164033
-1.216017 -0.208427
1.399912 -0.286146
0.228665 0.640107
-0.361310 2.117668
-0.912309 -0.186637
-0.868010 0.202985
-1.112484 -0.041460
-0.518206 1.416846
1.615948 -0.262171
1.394044 -0.672097
-0.834915 -0.291608
-0.311822 -0.357385
-0.085328 -0.631506
1.334006 0.109045
2.132667 -0.333345
-0.567450 -1.397005
-0.652222 -0.165289
1.109381 -0.961223
-0.438748 1.923954
-1.114491 -0.365779
-0.247134 -0.276862
1.333414 0.931656
-1.455722 -1.087668
1.998096 -0.130307
-0.011685 -0.267564
2.195565 -0.345718
-1.289818 -0.898150
-0.431944 1.372257
-0.940492 -0.117683
-0.827885 -0.853468
2.248996 -1.079905
0.359483 0.344443
-0.060783 -1.093993
0.112098 2.172213
0.465959 -0.709145
-0.552459 2.205642
-0.346172 1.406005
-0.814996 -0.282019
-0.420657 -0.726924
-0.994991 -0.709007
1.720851 -0.542998
-0.630809 0.933342
-1.286983 -0.644028
2.073819 -0.284291
-0.665417 -0.108635
-0.444835 -0.175556
1.614497 -0.406040
-1.651379 -1.258477
0.522728 -1.915423
-1.225675 -0.303373
1.710876 -0.454238
0.887522 -0.031945
1.213012 -0.858803
-1.062099 0.137025
1.305694 -0.490293
-0.728073 -1.164504
-0.891778 -0.600663
1.530806 0.093172
1.624450 -0.267539
2.362509 -0.221492
-0.510941 -0.787898
-0.463140 1.366953
-0.584363 0.621956
2.255726 -0.286140
1.594553 0.706203
2.186213 0.374948
-1.255705 -0.395794
0.518884 0.432817
1.187735 0.136342
-1.478078 -0.857067
-1.056565 0.009448
-1.109367 -0.693487
-1.521363 -0.620832
-0.797207 -0.303446
-0.518991 -0.502506
-1.236222 -0.061572
-0.732090 -0.553484
-1.345935 -0.112171
-1.093338 -0.217123
-0.878722 -0.534883
-0.510308 1.088040
-1.012393 0.034917
-0.888052 0.077115
-0.935984 -0.588476
0.074218 0.802716
-1.186895 -0.086665
-0.872814 1.200304
-1.142393 1.024772
1.351314 -0.218931
-0.298379 1.288185
1.982033 -0.113619
-1.047523 -0.654010
-0.321289 -0.198680
0.851498 -1.403115
1.458235 0.079477
-0.689435 1.052562
1.540498 -0.159680
1.979330 -0.558592
-1.038506 -0.834960
2.463245 -0.229120
1.040189 -0.171204
-0.841431 0.273243
2.149351 0.401540
-0.415078 2.153926
-0.611944 -0.151550
0.028224 2.561478
-1.247842 0.846304
-0.969295 -0.062190
-0.465342 1.548824
-0.664958 1.957075
-1.783329 -1.550520
2.301274 -0.139986
-0.505198 0.060987
1.991424 -0.068586
-1.160196 -0.392881
2.033699 -0.248694
-0.872371 -0.992872
-1.222787 0.236285
-1.186234 0.636962
2.388223 -0.226992
0.976506 1.751280
0.398378 1.450681
-1.218009 0.182032
1.457189 -0.773808
-1.403848 -0.984486
2.231244 -0.359839
-1.018255 -0.009220
1.742941 0.069634
0.790508 -1.134987
0.000459 0.533613
1.211682 -0.788700
-0.491122 -0.976279
1.509727 -0.721156
1.277990 -0.448640
-0.134132 1.461009
0.099295 -0.464855
-0.923540 1.677579
1.537384 -0.263632
-0.882401 0.012539
-1.109219 0.819207
-0.662845 -0.524692
1.864693 0.280251
0.839016 -0.330794
1.013134 0.732716
-0.831285 1.186922
1.752444 1.523014
2.060903 -0.050664
0.419930 2.004436
-0.398854 -0.367371
-1.097139 0.240474
-0.183672 -0.497015
0.369000 1.682389
-1.338887 -0.776088
2.178536 -0.355923
-0.939986 -0.560480
0.659495 2.270765
-1.633710 -0.709501
1.984493 0.096921
2.094568 -0.205675
-0.343053 0.714091
-0.173497 -0.901383
-1.047196 -0.040681
2.362752 -0.032526
-0.917842 0.425635
-0.463974 -0.371551
-1.044602 0.836436
-1.395828 -0.707785
-1.109687 0.398966
0.937873 0.291613
2.982450 -0.896728
-0.588077 -0.184619
2.107448 0.423808
-0.165422 -0.261622
-1.207958 -1.269091
-0.859041 0.764831
-1.132648 -0.936157
-1.309065 0.192100
0.270978 1.514136
-0.009315 -0.508599
-0.187421 0.328557
1.528557 -0.277283
-0.998416 -0.170149
-1.019467 -0.214484
0.798280 -0.664703
-0.246123 -1.395913
1.384129 -0.238361
-1.189049 0.160949
-0.373721 0.665326
-1.010738 -0.083366
-0.398606 0.026703
-0.456937 1.701297
-0.232142 1.464063
2.325413 -0.275602
-1.470611 -0.129341
0.406174 2.105254
2.010760 -0.377407
1.156878 0.689484
-1.148010 0.137020
0.264922 1.508706
-1.113427 -0.466396
-0.658317 0.161493
0.061785 0.413597
0.723632 -1.365837
-0.274866 0.411430
-1.283456 -1.137369
1.420796 -0.537159
-0.763897 -0.686727
-1.324090 -0.399695
0.684414 0.324197
-0.271820 0.372562
2.207270 -0.294067
1.594284 -0.772469
-0.653293 0.575994
-0.663406 0.989490
-0.646142 0.072343
2.324245 -0.231912
-1.401821 0.714624
2.371812 -0.078390
1.048779 0.178475
1.380780 -0.284561
-0.184175 -0.626924
-0.216856 -0.294241
1.149508 0.151627
-0.119543 1.051848
1.839031 -0.685121
-1.073124 -0.893000
1.027020 -0.495859
-0.539606 -0.117640
-0.735393 1.367867
-1.261015 0.508141
-1.519104 -0.723860
0.919153 0.473625
-0.422447 -0.163221
0.096836 0.849042
-0.285522 -1.119491
-0.100329 0.263012
1.016737 0.887377
0.396063 0.262987
0.988735 -0.440723
-0.972032 -0.411408
0.638266 -0.905010
-0.914656 -0.440526
-1.389224 -1.106346
0.832449 -1.387526
0.507847 -0.209040
-1.710187 -0.949090
-0.647794 1.574536
-1.156724 -0.911302
-1.316997 -1.264543
-0.632533 0.598822
1.873736 0.076295
0.264713 1.696211
0.096675 2.425883
0.885839 -0.046627
-0.133422 0.329400
-1.238435 -0.818874
-1.123473 -0.720854
1.240182 1.427480
1.007219 -0.302784
0.815849 -0.341017
1.968157 0.391590
-1.030937 -0.480495
1.772785 -0.973998
-0.059743 -1.460146
-0.743902 0.009091
1.757250 -0.393217
0.578376 -0.405026
0.748112 1.558296
-0.690665 -0.382131
-0.687717 -0.576789
0.031160 -0.881991
0.731408 0.770915
-0.352735 0.499818
1.567848 -0.254791
-0.234567 1.926126
1.650795 -0.813661
-1.769794 -0.514824
-0.843451 -1.325783
0.139310 -0.797025
0.689246 -0.400805
-0.106540 2.228683
-1.910792 -1.023600
1.093777 2.042699
-0.287111 -0.126884
1.099516 -0.882545
1.177986 -0.207180
-1.069362 0.529421
-0.544664 -0.000358
-0.307460 1.053821
-0.762508 1.472269
-0.015234 0.184529
1.951819 0.006065
0.169601 0.057972
-0.144765 0.434889
-1.350994 0.167279
0.588784 1.233262
-0.229971 1.039958
-1.136732 1.170300
-1.064460 0.022484
-0.329384 0.978517
1.287101 -0.593306
-1.502725 0.783378
-1.056907 0.006333
2.088780 -0.131966
0.109210 -1.672562
-0.319306 -0.614967
-0.239413 1.099893
-1.137241 -0.352708
-0.569865 1.820740
-0.180556 -0.311428
-0.058367 -1.570326
-1.020440 0.470105
-1.400205 -0.845501
-1.374777 -0.810851
-0.058913 -0.468161
0.190259 -0.901292
0.764558 -0.569812
0.693073 -1.442205
-1.215573 0.059779
-1.456373 0.611073
-0.932786 0.379759
-1.018495 -0.167979
-0.816608 -0.465612
0.455687 -1.155183
-0.746283 0.504476
1.366469 -0.094510
-0.244834 -0.625180
1.977057 -0.287196
-1.100534 0.724000
2.254267 -0.157916
-0.260709 -0.464321
-0.091638 -0.062136
-0.689460 -0.520455
-1.481499 -0.452154
-1.128435 -0.891459
2.454282 0.136837
-1.522501 -0.525196
0.008083 0.066489
1.131164 0.470319
-1.277511 0.009215
-0.160322 1.582864
-1.202145 0.494466
-0.322349 1.306057
1.483275 -0.153162
-0.839303 0.840097
-0.656610 -0.228527
-0.742570 0.291406
-0.001089 -0.886769
-0.731563 0.577660
-1.282808 -0.863853
-1.250035 -1.061152
1.536781 -0.188046
1.927049 0.409102
1.869176 -0.378940
-1.091321 -1.240534
-0.553355 1.439504
-0.889997 -1.132254
2.135042 -0.327866
-0.184830 -0.605293
-1.252155 -1.408544
-0.734061 0.332332
-0.973217 0.022517
-1.323308 -0.511224
-0.291088 0.869173
-0.479645 0.453907
-0.435129 -0.478853
1.329344 0.047329
0.915973 0.103166
-1.241873 -0.233800
-0.255776 -1.419419
-0.585708 -0.543975
-0.315353 -0.320651
1.558553 0.158028
1.466952 -0.466936
-1.000571 0.193977
-0.793029 -0.290002
-1.177501 0.004358
1.845717 -0.000637
-1.599151 -0.621217
-0.718510 0.144986
-1.347049 -1.564007
1.536411 0.587896
0.529317 -0.164715
2.053319 -0.477351
-0.936765 0.331672
-0.881726 -0.004658
-0.115196 -0.016117
0.904186 0.483972
0.130255 -0.526825
-0.683351 -0.450135
-1.167472 -0.953999
-0.854871 0.689008
-0.656499 -0.642178
-0.788403 1.452938
-0.604721 -0.626099
-1.178079 2.067272
1.847494 -0.413417
1.470018 -0.341242
-0.114413 0.280594
-0.190465 2.223127
-0.056996 0.339190
2.267737 0.116840
1.457718 -0.094722
2.127786 -0.054875
-0.340483 0.873997
-0.316292 0.628877
1.200168 -0.448762
-0.577363 1.734940
1.257596 1.355861
-1.351471 -1.075916
-0.934377 1.449216
-0.367471 -0.660735
-0.516856 -0.217186
1.995806 0.063237
0.171475 0.764892
-1.122210 -0.277161
-0.284366 2.262590
-0.564877 0.814878
-1.377038 0.530737
-1.137369 0.622904
1.472070 -0.556811
-0.501357 -1.196442
-0.682092 -0.024561
2.362509 -0.221492
-0.569430 0.387136
-0.728393 -0.032268
-0.273625 -0.796677
-0.672691 -0.842325
-0.263589 1.629225
1.354100 0.459332
-0.762995 -0.345892
2.234170 0.149631
-0.485740 0.408783
-2.195237 -1.006863
-0.407900 2.180451
-0.567125 1.354695
1.699068 0.303056
-0.867324 -0.942983
1.197803 0.144600
-0.399014 -0.643337
-0.979526 0.308604
0.721124 0.923522
-0.143394 0.495736
-1.042462 0.489662
-0.712315 -0.164866
-0.501108 -0.573800
-1.545573 -0.915465
-1.302316 -2.031452
-0.185754 0.135640
-0.778590 -0.311064
-0.199268 1.657843
1.136259 -0.641153
1.629766 -0.745992
1.414258 -0.061935
-1.229088 -0.524208
-0.663808 0.488245
-0.267459 1.630961
0.413780 1.332885
-0.377160 -0.369628
0.458322 -0.552654
1.465861 0.340314
-0.239619 1.689576
-0.128274 1.430687
-0.920547 0.087908
-0.348876 -0.497742
0.139613 0.706890
1.981308 -0.820509
-0.944532 0.091945
-1.142330 0.548162
1.488611 -0.425505
0.121653 -0.036475
-0.984223 0.385319
-1.332639 -0.828614
-0.908120 0.010479
0.594869 0.366685
-1.461852 -1.131883
1.999564 -0.236144
1.857651 -0.315652
2.278256 -0.082195
0.893500 -0.979968
-1.020437 0.777319
2.362509 -0.221492
2.128188 0.412716
0.564110 1.739918
-0.951437 0.843055
-1.106035 -0.596864
-1.382879 1.332176
-1.285880 -1.075427
1.262611 -1.317830
-0.516685 -0.556111
0.350758 2.415790
0.051251 0.054471
-0.610213 -0.215110
-0.549559 -0.253965
1.108341 -0.576133
1.688340 -0.108285
1.855535 -0.584379
1.816089 -0.282360
-0.432755 0.387661
-0.028474 1.950929
1.610985 0.244793
1.496872 -0.709596
2.362509 -0.221492
-1.228052 -0.177029
1.071201 -0.038135
-0.525660 -0.593251
-0.693747 0.007497
-1.159968 -0.403125
-0.119639 0.183641
-1.367296 1.872354
-1.260057 -0.614549
-0.883550 -0.151926
-0.373367 -0.502638
1.519215 -0.087287
-0.646658 0.937771
1.067213 2.463833
-0.320261 0.942003
-1.684019 -1.372444
-0.386081 0.538137
-0.651721 1.286878
-0.766695 -0.455488
1.413872 -0.805174
2.043720 0.210919
-0.442358 0.115067
1.277558 -0.826923
-1.084293 0.658960
-0.769044 0.864191
-1.318627 -0.340542
0.516430 1.819404
-1.037639 0.921639
-0.256214 1.950746
-0.657629 1.313375
1.954679 -0.077565
-0.825625 -0.168021
-0.084149 0.321883
-1.708128 -1.531039
-0.009837 -0.230505
-0.924463 -0.021815
-1.178562 -0.429656
1.264700 0.484297
-0.610192 0.849891
-0.220628 -0.573330
-0.988870 -0.366394
-0.624028 0.311996
0.799076 -0.233063
2.362509 -0.221492
0.363875 2.194439
-1.214943 0.881048
0.043402 1.985123
-0.445578 0.455036
1.861490 0.360071
1.704815 -0.472230
0.202349 0.618694
-1.527165 -0.657099
-1.067638 0.199653
-1.232757 0.209923
-1.151514 -0.923965
-0.811824 1.196276
0.083561 1.428482
1.466632 0.803828
0.051263 0.012600
-0.567482 0.371234
1.952076 -0.190321
-0.955637 -0.078916
-1.297483 -1.626666
1.194751 1.756899
1.457744 -0.328553
-0.559669 -0.849856
2.014326 -0.044822
-1.351670 -0.220086
-0.987379 -0.251623
-0.732261 0.783383
-1.716569 -0.261901
1.670669 0.460822
3.141557 -0.333150
0.085893 0.377012
-1.118327 -0.443501
-1.658781 -0.675320
-1.108978 0.249366
2.053763 -0.634027
-0.902915 0.526287
-1.436088 0.645188
0.467090 -0.169882
-0.980189 -0.363481
1.999888 -0.018762
-0.807316 0.118854
-0.192729 2.155687
-1.452791 -0.784657
-0.695303 1.283171
-0.008669 -0.394775
0.592967 0.366075
1.309256 -0.085031
-0.157389 1.029477
-0.129049 1.167676
-1.253822 0.872364
-1.477531 -0.845059
0.289011 -0.734197
2.207920 0.431941
2.043435 -0.018750
0.445586 -0.779277
1.253210 0.011759
-0.706594 -0.241060
-0.351742 0.207574
-0.858330 -0.004867
-1.552482 -0.394446
2.042219 -0.430843
-1.162248 0.064725
-0.319290 -0.578240
2.266030 -0.098962
-0.452423 -0.400970
1.403532 -0.482379
-0.121622 -0.447819
0.881004 0.625525
-0.699339 -1.008329
0.300239 2.428281
0.255108 1.701419
-0.415081 0.277393
2.203063 -0.135682
1.179921 -0.073165
-1.247722 -1.610717
0.214619 1.439034
-0.482607 -0.383618
-1.080695 0.254006
0.079703 -0.859734
-0.976869 -0.340497
1.718254 -1.173433
1.923657 0.267193
-1.382415 -1.127391
-0.901748 0.173553
1.421363 -0.569861
-0.882345 0.610585
1.126045 2.008092
1.865299 0.585419
-1.141092 -0.134595
-0.794567 -1.325536
-0.818203 -1.187201
1.936339 -0.516436
0.102827 2.290298
0.819493 -0.045451
-1.718187 -0.895540
-0.926531 0.456632
-0.383455 1.400652
1.527416 -0.876359
-1.141974 0.077978
1.021573 -0.422402
0.088227 1.273948
1.018260 0.293727
0.454526 -2.238034
-0.868482 1.098573
1.983113 0.257090
-0.880100 0.813701
-0.958829 -0.147025
-0.958686 -0.300535
0.866731 2.102358
-0.365230 -0.025180
-1.759174 -1.548147
-0.509489 -0.319390
-0.299104 -1.141689
2.132318 0.414706
-1.318641 -0.149399
-0.868951 0.241434
0.794480 -0.263396
-1.348924 -1.440221
-0.387131 0.381497
1.902041 0.365491
1.762128 -0.160920
-0.384605 0.014728
-0.051421 -0.071667
-0.815599 -0.827531
1.252412 0.627659
1.996045 -0.762700
-0.503761 -0.320183
0.848242 -0.101629
-0.827720 -0.269952
-0.113305 0.112142
-0.143858 -0.726017
-0.729463 0.572205
1.094816 -0.197608
-0.192124 -0.272851
-0.211223 2.112576
0.381886 -0.549833
-1.563711 -0.325816
-0.408165 -0.304387
-0.503930 -0.307626
-0.762973 0.294360
-0.326006 1.957094
0.958058 0.937106
-1.487570 2.605665
-0.688379 -0.150243
1.837125 -0.369138
1.136075 0.122844
-1.423314 -0.000267
-0.177380 0.344159
-0.790888 2.320253
0.166422 -1.246005
-1.089767 -0.561040
-0.858479 -0.581560
-1.036141 0.306625
-0.921165 1.253315
1.936712 -0.441332
-0.881575 -0.388589
2.726373 -0.892198
-0.975522 -1.212016
-0.288978 0.353691
-1.026412 0.202094
-1.139167 0.961128
-0.650307 -0.329410
-0.518232 0.038207
-1.482003 -0.065503
-0.900943 -0.024671
2.069030 -0.360877
1.371645 -0.673557
-1.731671 -0.024096
1.495596 -0.750322
2.300752 -0.410621
-0.555057 1.007261
-0.768843 1.845356
-0.726382 0.619837
-0.873557 -0.113121
-0.681182 -0.805506
-0.313375 -1.034357
-0.946904 -0.169480
1.561114 0.691353
-0.338908 -0.581197
-0.203555 -0.267201
1.502341 0.056352
0.176067 -0.533863
-1.446627 -0.803531
-0.411877 -0.740708
-0.924750 0.102033
0.438321 1.552488
0.757414 0.761763
-0.576243 -0.672370
-0.555141 2.129948
-0.464963 1.128659
0.381900 -1.493838
1.792895 0.009686
-1.081264 -0.118417
-1.230124 -1.208567
1.529897 -0.376512
-0.558148 0.299078
-0.569467 -0.110619
1.625858 0.230367
-0.448653 -0.722969
-0.405149 -0.441676
-1.073809 -1.144291
-0.906398 0.716077
-1.174495 -0.254443
-0.250365 2.330274
-1.321716 -0.613014
0.062624 -0.126259
-1.510285 -0.652206
1.499491 -0.667422
-2.035403 -0.274577
-1.175502 -1.136353
-1.065554 0.186836
-0.449546 1.514975
-1.881880 -0.530611
-1.342135 -0.502128
-1.069203 0.189555
-1.274185 0.091534
-0.186776 1.888096
1.791864 -0.043661
-1.220206 -0.271553
-0.813026 -0.142416
-0.191517 -0.060874
-0.674906 0.152514
0.575902 -0.961237
-1.292029 0.821521
-0.970274 -0.101624
2.197447 -0.204062
2.292426 0.683266
-1.336914 -0.892828
-1.036908 -0.652634
0.098781 -0.116200
1.386540 -0.243446
-0.718497 -0.461367
-0.896005 0.288482
1.965247 -0.006207
1.876197 -0.233430
-0.326049 -0.509226
-0.504717 1.390501
-0.110359 0.352880
1.914742 -0.039943
1.001924 -0.414473
1.605433 -0.072209
-0.135714 -0.761148
-0.746772 0.929279
1.844875 -0.226305
-0.238328 1.613863
-1.142240 0.675018
-0.562996 0.214716
-0.675682 -0.342020
-1.682208 -0.350140
0.280511 1.030855
-0.633165 1.271794
-0.825069 0.674331
-0.785712 1.751809
0.874089 -0.705814
-1.843612 -1.080844
-1.445897 -0.385765
-0.916511 0.245184
-0.766779 0.180046
0.192957 1.661210
0.775445 0.980036
-1.594247 -1.553272
-0.708476 0.598141
-0.916912 -0.103757
-1.155996 -1.203146
-0.269284 -0.367415
1.137657 -0.902146
0.295809 -0.211958
1.296822 0.031099
-1.044535 0.245031
1.640523 -0.410692
1.295518 -0.137114
-0.243249 1.531766
-0.708729 0.727137
1.916519 -0.362424
0.128732 -2.241240
-0.499303 2.794681
-0.086677 -0.408352
-0.835570 -0.341456
1.774225 -0.249146
-0.018238 1.840830
-1.439140 -0.320075
1.981637 1.431382
-0.191141 -0.050828
0.637510 0.753743
0.356843 0.525236
0.198476 1.612863
1.835739 2.409132
-1.505037 -1.344241
-0.744392 -0.130343
-0.183726 1.626878
2.067883 0.452863
-1.233062 -0.854295
1.297768 -1.019068
1.638596 -0.482037
-1.133335 0.573302
1.709545 -0.362808
-0.554579 0.246577
-0.495709 0.338449
-0.458410 0.538818
-1.069695 0.504082
-0.416887 -0.000958
-1.083195 -0.510434
0.988079 0.381239
-0.654585 -0.191661
0.222626 -0.378554
0.322966 2.364030
-0.402047 0.003181
-0.472041 0.414249
-0.890996 0.040620
1.987038 -0.021233
2.116150 -0.254336
-0.874896 1.193011
-0.224479 0.540801
1.613593 -0.653842
-1.742802 -1.360676
-1.162502 0.171239
-0.808157 -0.676398
-1.628216 -1.450452
2.007645 0.484501
-0.827934 0.092039
-0.448580 -0.947885
-0.323390 0.093404
-1.473227 -0.775352
-1.385051 0.456311
-0.376777 0.006625
-0.788504 -0.173659
-0.196770 -0.077244
-0.423690 1.279309
1.166058 0.389167
-0.673561 0.574355
-0.951293 0.206448
2.167030 -0.423637
1.693387 -0.542032
0.966689 -0.714262
-0.136413 0.819624
-0.812164 -0.408785
-1.325872 0.719117
-0.494476 1.118856
1.815786 -0.339736
-0.197892 -0.670293
-0.308207 -0.232729
2.079661 -0.066688
2.064109 -0.361136
-0.900807 0.096905
1.921080 -0.101303
0.809289 -0.776418
-0.811161 0.433043
2.292241 0.390362
-1.426159 -0.022503
-0.385415 -0.658215
-0.992665 -0.747815
-0.970483 -1.215049
0.550592 -0.578414
-1.488735 0.978413
-1.540965 -1.030049
-0.280956 -0.412131
2.062200 -0.229480
-0.768027 2.197087
-1.199026 -0.046650
1.363834 0.595790
-1.127257 0.203233
-1.109555 1.175492
-0.670776 -1.108365
-1.038893 0.263811
1.549016 0.476530
-1.280356 -0.272894
-0.582969 0.802507
2.025725 -0.188621
-1.308416 -0.433174
0.572914 0.119804
0.345443 0.912242
-0.734551 0.564974
-0.440078 -0.419151
-0.154636 -0.504083
0.297379 0.143126
1.869848 -0.272449
-0.249021 -1.224496
1.729751 -0.689505
0.825032 1.470594
-0.379034 1.158156
-0.047731 -0.124518
-1.095920 0.784432
1.411048 1.235611
2.189836 -0.278165
1.628775 -0.307011
0.892712 -0.404124
-0.868539 0.467888
0.814054 -0.464527
-0.771446 1.166732
1.798175 0.320219
1.333019 -0.496060
-0.786704 0.223478
1.594616 0.363663
1.675850 0.586783
-0.504823 -0.503056
-1.100430 0.160146
1.392101 -0.379759
0.718493 -1.075550
-0.904973 -0.494394
1.067049 -0.516934
-0.530812 0.489644
-1.257701 0.538036
2.181247 -0.141277
-1.029955 0.685128
2.141551 0.142926
-0.834412 -0.105334
1.630391 1.041092
-0.875543 -0.349482
-0.969740 -0.853900
-0.344526 -0.248208
-0.937215 -1.111829
0.031348 2.003060
-0.002167 -0.124793
0.770192 -1.273420
1.165801 0.166810
-0.211990 -0.471945
1.836485 -0.337456
-0.583979 -0.399645
-0.795378 -0.524014
-1.046003 -0.408843
-1.774470 -0.367328
0.274939 0.104949
2.203839 -0.151708
-0.924532 0.145399
-1.068414 0.393027
2.192148 -0.246015
-1.034799 -0.031031
-0.532396 0.231684
-0.708739 1.577224
1.626736 0.064199
1.207353 -0.442498
-0.869266 -1.039995
1.916445 0.036446
1.295753 -1.083290
-0.891687 -1.019644
1.175885 -0.693872
-0.296240 1.316974
-1.138918 0.007820
-1.090560 -1.622803
-1.843292 -1.174154
-0.628798 -0.817735
2.282197 0.034492
1.455629 -0.610651
-1.255303 -0.793508
-0.343171 0.381682
1.071560 -0.072753
2.218598 -0.326393
-0.770875 -0.674679
-0.941962 -0.096717
-0.797757 -0.337457
-0.812349 1.070044
2.141230 0.075750
-0.899167 0.365424
-0.024055 0.781267
-1.036024 0.255922
2.147021 0.440893
-0.941420 -1.310063
-0.959682 0.105047
-1.647764 0.960861
-0.550399 1.619838
1.820140 -1.504386
1.742472 -0.646264
-0.845667 -0.925847
-0.237104 0.013014
-1.107247 -0.627499
-1.120011 0.271254
-0.449441 0.632058
1.521584 0.542653
1.147775 -0.251591
-1.395765 -0.865636
-0.386550 1.238048
-0.851523 0.612314
0.471993 -0.852477
1.785402 -0.089010
1.608833 0.089479
-0.159651 1.456651
-0.030884 1.407597
-0.991699 0.588326
-1.193872 -1.307315
1.746498 -0.134204
1.784528 0.006567
-0.335906 0.258567
-0.523078 -0.368104
0.173684 -0.702114
-1.279049 0.536877
-1.029655 1.176622
1.154336 -0.027188
-1.148718 -0.358356
-0.803871 0.068192
-0.777718 0.682555
1.450843 -0.085582
-1.168517 1.219389
-1.076974 -0.179211
0.734546 -0.122320
1.372072 0.672399
2.089052 0.197646
-1.663016 -0.602132
0.660527 -0.106319
-1.581319 0.020957
2.144726 -0.235755
-0.633438 0.404684
-0.130104 0.753481
0.755288 2.118007
-0.122793 -0.711688
-0.909345 0.940600
1.482823 0.263316
2.200692 -0.220650
-0.668879 -0.324000
-1.101871 0.414718
-0.982799 -0.955164
-0.703967 0.380099
1.645272 0.715502
-1.287041 0.167942
0.715476 -0.671937
-0.367937 1.185513
1.705661 -1.116596
-0.625186 0.384151
-0.398132 -0.012629
-0.839238 -0.450804
2.326010 -0.219154
-1.515069 -1.434507
0.363309 2.052179
-0.927743 -0.410978
1.666872 -0.283397
-1.053882 0.212008
-0.502405 0.363905
-1.298402 -0.785754
-0.761828 0.022052
-0.986531 0.133579
-0.491127 1.530941
0.957625 -0.253561
1.796496 -0.285793
-0.569909 -0.533052
2.125253 -0.417536
-1.117190 -0.773416
1.084994 -0.605553
0.141143 -1.124375
0.079673 -0.434779
-0.342820 1.225962
-0.850833 1.019254
0.881285 1.387290
-0.876606 -0.020646
0.680929 -0.072658
-0.448177 0.805793
-1.077237 -0.638359
0.547934 -0.121664
-0.941784 -0.705864
0.070311 -1.684987
-0.198316 -0.875778
0.432015 0.606361
2.516340 0.169294
-0.804789 -0.749695
-0.293974 -0.604006
2.088349 0.624673
1.848605 0.360475
-1.588187 -0.118436
-1.626357 -1.094084
-0.527356 -0.064082
1.229864 0.352359
-0.633514 0.297342
-1.102847 -0.250272
2.110199 0.178627
-0.600456 1.406676
-0.810593 -0.493237
1.599451 -0.788372
0.020489 1.100916
2.296969 -0.168972
-1.493080 -0.752352
-0.614913 -0.159958
-1.100542 -0.765416
-0.576885 -0.134000
1.120873 1.608246
2.163108 0.233037
2.309311 -0.197253
-0.259303 -0.620312
0.138199 1.243441
2.161952 0.017954
2.437449 -0.314939
0.821162 -0.543169
-0.905507 0.950308
1.144660 0.217910
1.854636 -0.451088
-0.123766 0.590129
-2.174571 -1.142116
0.595738 -0.597917
-1.299095 0.839369
-2.055122 -1.448688
-1.083914 0.531199
0.722045 1.867285
-1.342330 -0.220621
-1.120105 -0.349893
-0.658804 -0.435491
0.430678 2.298934
-0.438536 0.286988
1.905518 0.029339
-0.647475 0.163251
-0.587166 -0.221435
-0.903588 -0.341768
1.902045 -0.038284
-1.239082 0.050202
-0.823111 -0.186446
-1.257974 0.112715
0.822176 1.007600
-0.260652 1.988386
0.590712 2.087502
1.453331 -0.190599
-1.093581 0.014396
-0.906721 -1.011925
2.118525 0.071304
-0.782514 0.281604
1.980142 -0.567062
1.496827 0.184983
-0.442723 -0.338921
-0.716786 0.590655
2.347944 -0.164033
-1.889114 0.431965
-1.056366 -0.590919
0.057150 0.414653
0.484624 -0.706486
-0.896585 -0.550973
-2.006071 -1.314755
-0.148135 -0.126103
-0.526581 -1.671706
-1.337535 -0.397839
1.399583 0.365363
-1.063757 -0.127737
0.285719 -0.782186
2.872788 -0.553605
-0.395368 0.031446
-0.694161 -0.078056
-1.302403 -0.856799
-0.594600 -0.493081
-1.405176 -0.106477
-0.362883 0.770963
-0.631306 -0.574174
-1.292490 -0.224903
2.195948 -0.399524
1.028284 1.890065
-0.115031 1.593798
-0.519530 -0.053765
0.848006 0.268701
-0.616853 -0.768733
1.821460 1.865676
-1.706980 -1.223955
-1.072822 1.655245
1.766741 -0.154526
1.362609 -0.871446
-0.890756 -0.518665
-0.956426 1.304933
1.754490 0.647456
-0.838886 0.039456
-1.680618 -0.632590
-0.081779 0.952856
1.999009 -0.460984
-1.072291 0.382103
-0.111861 -0.019467
0.325112 1.132462
-0.853236 0.057814
-0.816619 0.459721
2.034868 -0.125666
-0.342468 -0.175203
-1.168690 0.349275
0.185041 1.356539
2.054820 -0.166265
-0.078641 0.203376
-0.379551 -0.591043
-1.584417 -0.601177
1.272083 -0.859221
-0.634715 -1.525847
-0.782517 0.263020
2.039145 -0.302988
-0.112784 1.576434
-0.658474 -0.555777
-1.703464 -0.769997
1.475999 -0.079705
1.899506 -0.624916
-0.565758 0.306726
1.565475 -0.194565
-0.291483 1.804174
-0.623442 -1.312258
-1.393393 -0.018381
-1.915503 -1.430653
-0.943652 0.045474
1.688361 -0.375738
-0.387505 -0.485065
-0.165562 2.076620
1.659744 -0.332931
-0.846347 0.418010
1.157844 -0.324340
1.808465 -0.484387
-0.466950 0.484193
1.415795 -0.121289
1.169886 -1.107865
-0.624975 0.709106
1.473676 -0.908298
-1.060057 0.421381
-1.099656 0.380141
0.076434 0.112512
-0.525752 -0.431273
-0.830745 1.177313
2.158288 -0.171876
-1.101397 0.868630
-0.512040 0.722782
0.050583 -1.640685
-1.031856 -0.418909
1.644029 -0.440787
0.996583 1.689954
-0.221884 0.755233
1.634380 0.113143
-0.817231 -0.399316
-1.015024 0.705766
-1.384843 -0.029748
-0.308808 0.778713
1.041303 -0.394481
0.283850 -0.569820
-0.860714 0.599753
0.594497 1.450118
1.977177 -0.041063
0.142794 -0.524790
2.041749 -0.285231
-0.816830 -0.330857
-0.953893 0.795517
-0.269552 -0.755476
-0.514756 -0.356491
-0.906660 -0.677931
0.028218 -0.105278
-0.951865 -0.538326
-0.583287 -1.747477
-0.247466 -1.034472
-0.293461 -0.102016
1.909365 0.251340
1.360938 -0.787663
-0.846569 -1.035511
0.559691 -0.311991
-0.175692 2.429889
-0.306945 0.036936
1.070846 1.982343
0.844993 -0.127197
1.388081 0.455524
1.913321 0.480344
-0.868323 -0.690821
-1.290791 0.284475
-0.920177 0.037047
-1.057756 -0.665071
-1.534807 0.094321
0.995249 -0.867488
1.779684 -0.194014
-1.312246 -0.083496
-0.865613 0.280651
-0.434169 0.472391
-0.177076 0.066091
-1.305902 -0.550698
-0.102850 -1.529781
0.540732 -0.961220
-0.290096 0.754190
0.173246 1.460802
-1.405951 0.285590
-0.980670 0.753998
-0.188828 0.840428
-0.567890 0.170950
-0.571054 0.488929
-0.096000 -0.461592
-0.479239 -0.737993
0.321534 -0.752168
1.843987 2.225554
-0.457824 -0.749129
2.330972 -0.184350
-0.908282 0.686422
-0.586696 0.069318
-0.593124 1.119628
1.840917 0.889177
-0.341837 0.285477
0.747413 0.732374
1.451090 0.408145
0.128768 -0.021654
-1.157699 -1.211911
-1.096472 -0.042854
-0.530602 0.193292
1.867446 -0.056653
-0.744152 0.773275
-0.227931 1.111364
-1.078810 0.505647
-1.176982 -0.686964
-0.597170 1.289603
0.385541 -0.829722
-0.153849 1.443988
1.650404 -0.166988
-0.306804 0.236414
-0.919847 0.032819
-1.101274 -0.501407
-1.091219 -1.081667
-0.790385 -0.126658
-0.183689 -0.595287
-0.350706 1.781261
-0.247701 0.906292
-1.009637 -0.215399
2.489817 0.394849
2.829120 -0.971047
2.003704 0.149920
-0.859475 -0.697893
-1.063113 -0.030235
-0.789787 -0.418234
-0.203909 0.072660
2.126177 -0.311896
1.968082 0.392259
-0.635237 0.359234
-0.368622 -0.201821
-0.732325 0.390669
-0.936277 -0.568978
0.148918 0.810860
0.734752 -1.005121
-1.149806 -0.674091
-1.658895 0.548896
-0.896096 0.015884
0.731920 -0.619870
-1.243930 -0.014075
-0.423361 0.504063
0.894560 1.941783
-0.105306 1.204760
-0.709517 -0.028595
-0.448812 -0.059533
-1.550525 -0.664657
-1.739993 0.204868
-0.604298 -0.285952
1.842975 -0.248441
1.915363 -0.029976
1.498723 0.858217
2.220238 -0.358042
2.007960 -0.691556
2.084327 0.213362
-0.344722 1.700955
-0.763900 -0.263637
-1.045125 0.461479
0.183955 -0.259358
-0.779514 -0.005328
-0.335483 0.505493
0.104485 1.767721
-1.247790 0.009658
-0.912053 1.437115
-0.693381 -0.556122
-0.594351 -0.121043
1.456544 0.079010
1.637693 -0.511426
-0.426148 0.275764
-1.963047 -0.752013
1.701166 0.439370
1.922579 1.497388
-1.362401 -0.512461
2.238250 0.082876
-1.112372 -0.076573
-0.492907 -1.570127
-0.445291 0.690006
-0.783586 -0.076958
-0.865157 0.954922
2.280646 0.004680
-0.870323 1.027495
-0.694210 1.077884
-1.006466 0.551229
-0.930638 -0.667066
-1.965145 -1.279672
-1.128725 -0.711243
2.188508 -0.153015
-1.182506 0.196494
-0.051907 0.722582
-0.994928 -0.018488
-0.362642 -1.136915
0.175344 -0.698737
-0.230202 -0.693299
-0.956195 0.482761
-0.913937 -1.205507
2.233925 -0.118826
-0.400293 0.105390
-1.139685 -1.235820
1.735074 0.490529
2.019132 -0.585810
-1.072751 -0.539334
-0.313712 0.745296
-1.397351 -1.114613
1.742969 -0.395227
-0.616408 0.313470
2.023705 -0.416405
0.660238 2.314016
-1.519907 -0.689511
1.245150 -0.615694
-1.198764 -0.218396
3.226458 -0.661259
-1.306160 1.023976
1.673894 -0.036235
1.045617 -0.689049
0.290301 1.089713
-1.435583 0.324310
2.049170 -0.274778
0.621838 -0.111203
-0.385245 -0.251112
-0.446159 1.902055
-0.957980 -0.999534
-1.067879 0.035860
2.125139 -0.145123
1.524275 2.300425
0.681769 -0.790341
2.072096 0.399305
1.692113 0.057654
-0.371688 0.317220
2.198475 -0.243498
-0.722491 0.881619
-1.289232 -0.305734
1.883432 -0.099707
1.733886 0.462405
-0.520763 0.449654
2.326623 -0.186319
0.932710 -0.157252
-0.131697 -0.459616
0.680290 2.551826
-0.717232 -0.275070
-0.663003 0.275140
1.484292 -0.372311
2.094036 0.217351
1.645007 -0.082181
-0.432182 1.295222
0.299189 -0.849948
-0.802108 -0.329756
0.739924 -0.005852
1.443178 -0.607128
-1.452380 -0.371779
-1.730937 -0.255713
0.296171 0.366129
-1.114968 0.492807
-0.976489 -0.623094
1.818419 -0.421663
-1.214883 1.074000
0.752074 -0.540899
0.622209 0.462041
1.473973 -0.682062
1.304740 -0.097542
-1.405029 -0.498865
-0.452321 0.809485
1.230881 -0.783969
0.813641 -1.139363
-0.647044 -1.269163
1.213927 -0.229517
-0.674792 1.572275
-1.293482 -0.525116
-0.752551 -0.368254
-0.941737 -0.369443
0.122732 -0.060268
-0.885109 -0.217524
-0.026858 -0.010128
0.366869 1.872879
-0.457782 0.149847
-0.933041 -1.026236
0.773587 -1.243701
0.564369 0.061792
1.737346 -0.616187
-0.313763 -0.242970
1.740246 0.003786
-0.797904 1.309412
2.037759 0.276536
-0.239382 -0.089952
-0.915140 0.149999
1.830588 0.150597
0.773949 2.391921
-0.711994 0.713831
-0.728059 -0.494409
0.881721 -0.554387
-0.391395 0.283309
0.845333 -1.162863
-0.648560 0.488693
-1.089467 -0.370268
0.930592 -0.417043
-0.480110 -0.270430
-0.002143 -1.270028
2.846552 0.813326
-1.001882 -0.370105
-1.407151 -1.109305
1.524442 -0.608616
1.568611 -0.195987
-1.563591 -0.878755
2.081354 -0.354659
1.708087 0.030827
1.994576 -0.562933
-1.205214 0.026421
1.240756 -0.084663
1.638197 -0.229626
0.066084 -0.372863
-0.980167 0.285446
0.057379 0.823465
-1.478599 -0.008575
-0.707715 -0.711514
-0.415176 -0.758442
-0.460585 -0.348757
-0.478359 -0.280009
-0.615140 -0.862139
0.946761 1.477940
-1.180400 1.021784
-1.104875 1.100377
0.901851 1.028190
-0.627958 -0.422482
-1.851201 -0.381929
0.169208 0.481698
-0.293490 -0.912344
-0.474375 1.105670
-0.276793 0.832796
0.832375 -0.130060
-1.263723 -0.236556
-1.018097 -0.198201
-0.460187 0.461832
-0.769708 1.516056
0.652912 0.283555
-1.611924 0.037936
-0.625364 0.066248
-0.304711 1.882871
-0.198934 1.100135
-0.669266 -0.392595
-0.411939 1.365539
0.202629 -0.187359
0.484615 1.801574
-0.698428 -0.529891
-0.648577 0.719352
-1.264398 -1.396876
1.117692 1.652668
1.709351 -0.129976
-0.702095 -0.238681
-1.455304 -1.472977
-0.280579 0.049213
-1.236605 0.103052
1.957386 -0.300689
-0.901984 -0.989805
2.095621 -0.632822
-0.025154 -0.234708
1.674270 -0.717412
1.980298 -0.244407
-0.934355 0.680378
-0.805108 0.862330
-0.706880 -1.193105
1.576760 -0.105607
-0.534006 1.501341
-0.782862 -0.685355
-1.722307 -1.306893
-0.439124 0.315171
0.030545 1.051879
-0.857074 0.312146
1.291811 -0.216600
1.221053 1.342566
-0.836372 1.348001
1.916663 -0.494953
-1.546267 -0.776865
-0.972983 0.033527
-0.201610 0.090195
-0.526866 0.201529
-0.076847 1.062512
1.637482 -0.448820
-0.891615 -0.545888
-0.397676 0.200613
-0.863888 -0.461651
-0.451562 0.212989
-1.240989 -0.342137
-2.021786 -1.367618
-0.428164 1.095555
0.596351 2.448971
-0.472359 -0.356502
1.525635 -0.726184
0.441527 1.356391
-0.162037 -0.976181
-0.504147 0.376187
-0.740802 1.603433
-0.059990 -0.548308
0.911131 -0.673652
-0.681911 0.343069
-1.531647 -0.172978
-0.086976 -0.241913
-0.877498 0.215097
0.266091 -0.101282
0.672700 -1.044158
-0.530802 0.316473
-1.546084 -0.024543
0.022133 -0.839448
-1.028799 0.585460
1.466334 1.622616
0.517206 -0.591963
1.932903 -0.731228
-0.684866 -0.577577
-0.650107 -0.280801
1.670906 0.413726
0.672939 -0.948544
-0.347882 1.069147
2.388223 -0.226992
-0.371942 1.260993
-0.694447 0.673305
-0.829700 0.697415
-0.297552 -0.406921
0.889550 -0.517132
-1.070827 -0.963927
-0.126567 -0.425802
-0.581866 -0.175238
-1.399775 0.364764
-1.391119 -0.147600
-0.506821 -0.209351
-0.389729 -0.739838
1.515906 0.206844
-1.244915 0.631125
1.389733 -0.378182
-0.309720 0.099328
-0.231440 1.331082
2.277710 -0.312420
-0.234169 0.442396
-0.703218 0.621433
-1.115323 0.219183
2.179150 0.045668
-0.079608 1.425916
1.569456 1.616050
-1.185304 -0.087095
-1.011348 1.161923
-0.906294 -0.338155
-0.400101 1.824514
0.391196 -0.533310
-0.499395 0.963076
-0.582800 1.305033
-1.510131 -0.080308
0.524542 -1.484370
0.072177 -0.049957
1.801273 -0.246323
-1.167056 -1.126591
-1.137458 -0.292608
-0.928193 0.758557
-0.765425 0.138088
-0.694429 1.596929
-0.373769 0.646981
-0.532546 0.018999
-1.048313 1.351523
1.720893 -0.003670
-0.006768 1.519217
1.024200 1.675653
0.194436 -0.697374
-1.492702 -1.104423
-1.113858 -1.108175
1.918839 -0.033896
-0.592555 0.705209
1.348328 -0.698718
-0.984780 0.646450
-0.636854 -0.756382
-0.076009 2.108746
-0.620756 0.715901
-0.428933 -0.220161
-1.046467 0.331049
-0.725077 -0.590523
-1.355167 -0.349881
