7517 20267
0 0 1
4 0 1
9 0 1
14 0 1
19 0 1
24 0 1
29 0 1
34 0 1
39 0 1
44 0 1
49 0 1
54 0 1
59 0 1
64 0 1
69 0 1
74 0 1
79 0 1
84 0 1
89 0 1
94 0 1
99 0 1
104 0 1
109 0 1
114 0 1
119 0 1
124 0 1
129 0 1
134 0 1
139 0 1
144 0 1
149 0 1
154 0 1
159 0 1
164 0 1
169 0 1
174 0 1
179 0 1
184 0 1
189 0 1
194 0 1
199 0 1
204 0 1
209 0 1
214 0 1
219 0 1
224 0 1
229 0 1
234 0 1
239 0 1
244 0 1
249 0 1
254 0 1
259 0 1
264 0 1
269 0 1
274 0 1
279 0 1
284 0 1
289 0 1
294 0 1
299 0 1
304 0 1
309 0 1
314 0 1
319 0 1
324 0 1
329 0 1
334 0 1
339 0 1
344 0 1
349 0 1
354 0 1
359 0 1
364 0 1
369 0 1
374 0 1
379 0 1
384 0 1
389 0 1
394 0 1
399 0 1
404 0 1
409 0 1
414 0 1
419 0 1
424 0 1
429 0 1
434 0 1
439 0 1
444 0 1
449 0 1
454 0 1
459 0 1
464 0 1
469 0 1
474 0 1
479 0 1
484 0 1
489 0 1
494 0 1
499 0 1
504 0 1
509 0 1
514 0 1
519 0 1
524 0 1
529 0 1
534 0 1
539 0 1
544 0 1
549 0 1
554 0 1
559 0 1
564 0 1
569 0 1
574 0 1
579 0 1
584 0 1
589 0 1
594 0 1
599 0 1
604 0 1
609 0 1
614 0 1
619 0 1
624 0 1
629 0 1
634 0 1
639 0 1
644 0 1
649 0 1
654 0 1
659 0 1
664 0 1
669 0 1
674 0 1
679 0 1
684 0 1
689 0 1
694 0 1
699 0 1
704 0 1
709 0 1
714 0 1
719 0 1
724 0 1
729 0 1
734 0 1
739 0 1
744 0 1
749 0 1
754 0 1
759 0 1
764 0 1
769 0 1
774 0 1
779 0 1
784 0 1
789 0 1
794 0 1
799 0 1
804 0 1
809 0 1
814 0 1
819 0 1
824 0 1
829 0 1
834 0 1
839 0 1
844 0 1
849 0 1
854 0 1
859 0 1
864 0 1
869 0 1
874 0 1
879 0 1
884 0 1
889 0 1
894 0 1
899 0 1
904 0 1
909 0 1
914 0 1
919 0 1
924 0 1
929 0 1
934 0 1
939 0 1
944 0 1
949 0 1
954 0 1
959 0 1
964 0 1
969 0 1
974 0 1
979 0 1
984 0 1
989 0 1
994 0 1
999 0 1
1004 0 1
1009 0 1
1014 0 1
1019 0 1
1024 0 1
1029 0 1
1034 0 1
1039 0 1
1044 0 1
1049 0 1
1054 0 1
1059 0 1
1064 0 1
1069 0 1
1074 0 1
1079 0 1
1084 0 1
1089 0 1
1094 0 1
1099 0 1
1104 0 1
1109 0 1
1114 0 1
1119 0 1
1124 0 1
1129 0 1
1134 0 1
1139 0 1
1144 0 1
1149 0 1
1154 0 1
1159 0 1
1164 0 1
1169 0 1
1174 0 1
1179 0 1
1184 0 1
1189 0 1
1194 0 1
1199 0 1
1204 0 1
1209 0 1
1214 0 1
1219 0 1
1224 0 1
1229 0 1
1234 0 1
1239 0 1
1244 0 1
1249 0 1
1254 0 1
1259 0 1
1264 0 1
1269 0 1
1274 0 1
1279 0 1
1284 0 1
1289 0 1
1294 0 1
1299 0 1
1304 0 1
1309 0 1
1314 0 1
1319 0 1
1324 0 1
1329 0 1
1334 0 1
1339 0 1
1344 0 1
1349 0 1
1354 0 1
1359 0 1
1364 0 1
1369 0 1
1374 0 1
1379 0 1
1384 0 1
1389 0 1
1394 0 1
1399 0 1
1404 0 1
1409 0 1
1414 0 1
1419 0 1
1424 0 1
1429 0 1
1434 0 1
1439 0 1
1444 0 1
1449 0 1
1454 0 1
1459 0 1
1464 0 1
1469 0 1
1474 0 1
1479 0 1
1484 0 1
1489 0 1
1494 0 1
1499 0 1
1504 0 1
1509 0 1
1514 0 1
1519 0 1
1524 0 1
1529 0 1
1534 0 1
1539 0 1
1544 0 1
1549 0 1
1554 0 1
1559 0 1
1564 0 1
1569 0 1
1574 0 1
1579 0 1
1584 0 1
1589 0 1
1594 0 1
1599 0 1
1604 0 1
1609 0 1
1614 0 1
1619 0 1
1624 0 1
1629 0 1
1634 0 1
1639 0 1
1644 0 1
1649 0 1
1654 0 1
1659 0 1
1664 0 1
1669 0 1
1674 0 1
1679 0 1
1684 0 1
1689 0 1
1694 0 1
1699 0 1
1704 0 1
1709 0 1
1714 0 1
1719 0 1
1724 0 1
1729 0 1
1734 0 1
1739 0 1
1744 0 1
1749 0 1
1754 0 1
1759 0 1
1764 0 1
1769 0 1
1774 0 1
1779 0 1
1784 0 1
1789 0 1
1794 0 1
1799 0 1
1804 0 1
1809 0 1
1814 0 1
1819 0 1
1824 0 1
1829 0 1
1834 0 1
1839 0 1
1844 0 1
1849 0 1
1854 0 1
1859 0 1
1864 0 1
1869 0 1
1874 0 1
1879 0 1
1884 0 1
1889 0 1
1894 0 1
1899 0 1
1904 0 1
1909 0 1
1914 0 1
1919 0 1
1924 0 1
1929 0 1
1934 0 1
1939 0 1
1944 0 1
1949 0 1
1954 0 1
1959 0 1
1964 0 1
1969 0 1
1974 0 1
1979 0 1
1984 0 1
1989 0 1
1994 0 1
1999 0 1
2004 0 1
2009 0 1
2014 0 1
2019 0 1
2024 0 1
2029 0 1
2034 0 1
2039 0 1
2044 0 1
2049 0 1
2054 0 1
2059 0 1
2064 0 1
2069 0 1
2074 0 1
2079 0 1
2084 0 1
2089 0 1
2094 0 1
2099 0 1
2104 0 1
2109 0 1
2114 0 1
2119 0 1
2124 0 1
2129 0 1
2134 0 1
2139 0 1
2144 0 1
2149 0 1
2154 0 1
2159 0 1
2164 0 1
2169 0 1
2174 0 1
2179 0 1
2184 0 1
2189 0 1
2194 0 1
2199 0 1
2204 0 1
2209 0 1
2214 0 1
2219 0 1
2224 0 1
2229 0 1
2234 0 1
2239 0 1
2244 0 1
2249 0 1
2254 0 1
2259 0 1
2264 0 1
2269 0 1
2274 0 1
2279 0 1
2284 0 1
2289 0 1
2294 0 1
2299 0 1
2304 0 1
2309 0 1
2314 0 1
2319 0 1
2324 0 1
2329 0 1
2334 0 1
2339 0 1
2344 0 1
2349 0 1
2354 0 1
2359 0 1
2364 0 1
2369 0 1
2374 0 1
2379 0 1
2384 0 1
2389 0 1
2394 0 1
2399 0 1
2404 0 1
2409 0 1
2414 0 1
2419 0 1
2424 0 1
2429 0 1
2434 0 1
2439 0 1
2444 0 1
2449 0 1
2454 0 1
2459 0 1
2464 0 1
2469 0 1
2474 0 1
2479 0 1
2484 0 1
2489 0 1
2494 0 1
2499 0 1
2504 0 1
2509 0 1
2514 0 1
2519 0 1
2524 0 1
2529 0 1
2534 0 1
2539 0 1
2544 0 1
2549 0 1
2554 0 1
2559 0 1
2564 0 1
2569 0 1
2574 0 1
2579 0 1
2584 0 1
2589 0 1
2594 0 1
2599 0 1
2604 0 1
2609 0 1
2614 0 1
2619 0 1
2624 0 1
2629 0 1
2634 0 1
2639 0 1
2644 0 1
2649 0 1
2654 0 1
2659 0 1
2664 0 1
2669 0 1
2674 0 1
2679 0 1
2684 0 1
2689 0 1
2694 0 1
2699 0 1
2704 0 1
2709 0 1
2714 0 1
2719 0 1
2724 0 1
2729 0 1
2734 0 1
2739 0 1
2744 0 1
2749 0 1
2754 0 1
2759 0 1
2764 0 1
2769 0 1
2774 0 1
2779 0 1
2784 0 1
2789 0 1
2794 0 1
2799 0 1
2804 0 1
2809 0 1
2814 0 1
2819 0 1
2824 0 1
2829 0 1
2834 0 1
2839 0 1
2844 0 1
2849 0 1
2854 0 1
2859 0 1
2864 0 1
2869 0 1
2874 0 1
2879 0 1
2884 0 1
2889 0 1
2894 0 1
2899 0 1
2904 0 1
2909 0 1
2914 0 1
2919 0 1
2924 0 1
2929 0 1
2934 0 1
2939 0 1
2944 0 1
2949 0 1
2954 0 1
2959 0 1
2964 0 1
2969 0 1
2974 0 1
2979 0 1
2984 0 1
2989 0 1
2994 0 1
2999 0 1
3004 0 1
3009 0 1
3014 0 1
3019 0 1
3024 0 1
3029 0 1
3034 0 1
3039 0 1
3044 0 1
3049 0 1
3054 0 1
3059 0 1
3064 0 1
3069 0 1
3074 0 1
3079 0 1
3084 0 1
3089 0 1
3094 0 1
3099 0 1
3104 0 1
3109 0 1
3114 0 1
3119 0 1
3124 0 1
3129 0 1
3134 0 1
3139 0 1
3144 0 1
3149 0 1
3154 0 1
3159 0 1
3164 0 1
3169 0 1
3174 0 1
3179 0 1
3184 0 1
3189 0 1
3194 0 1
3199 0 1
3204 0 1
3209 0 1
3214 0 1
3219 0 1
3224 0 1
3229 0 1
3234 0 1
3239 0 1
3244 0 1
3249 0 1
3254 0 1
3259 0 1
3264 0 1
3269 0 1
3274 0 1
3279 0 1
3284 0 1
3289 0 1
3294 0 1
3299 0 1
3304 0 1
3309 0 1
3314 0 1
3319 0 1
3324 0 1
3329 0 1
3334 0 1
3339 0 1
3344 0 1
3349 0 1
3354 0 1
3359 0 1
3364 0 1
3369 0 1
3374 0 1
3379 0 1
3384 0 1
3389 0 1
3394 0 1
3399 0 1
3404 0 1
3409 0 1
3414 0 1
3419 0 1
3424 0 1
3429 0 1
3434 0 1
3439 0 1
3444 0 1
3449 0 1
3454 0 1
3459 0 1
3464 0 1
3469 0 1
3474 0 1
3479 0 1
3484 0 1
3489 0 1
3494 0 1
3499 0 1
3504 0 1
3509 0 1
3514 0 1
3519 0 1
3524 0 1
3529 0 1
3534 0 1
3539 0 1
3544 0 1
3549 0 1
3554 0 1
3559 0 1
3564 0 1
3569 0 1
3574 0 1
3579 0 1
3584 0 1
3589 0 1
3594 0 1
3599 0 1
3604 0 1
3609 0 1
3614 0 1
3619 0 1
3624 0 1
3629 0 1
3634 0 1
3639 0 1
3644 0 1
3649 0 1
3654 0 1
3659 0 1
3664 0 1
3669 0 1
3674 0 1
3679 0 1
3684 0 1
3689 0 1
3694 0 1
3699 0 1
3704 0 1
3709 0 1
3714 0 1
3719 0 1
3724 0 1
3729 0 1
3734 0 1
3739 0 1
3744 0 1
3749 0 1
0 1 1
5 1 1
10 1 1
15 1 1
20 1 1
25 1 1
30 1 1
35 1 1
40 1 1
45 1 1
50 1 1
55 1 1
60 1 1
65 1 1
70 1 1
75 1 1
80 1 1
85 1 1
90 1 1
95 1 1
100 1 1
105 1 1
110 1 1
115 1 1
120 1 1
125 1 1
130 1 1
135 1 1
140 1 1
145 1 1
150 1 1
155 1 1
160 1 1
165 1 1
170 1 1
175 1 1
180 1 1
185 1 1
190 1 1
195 1 1
200 1 1
205 1 1
210 1 1
215 1 1
220 1 1
225 1 1
230 1 1
235 1 1
240 1 1
245 1 1
250 1 1
255 1 1
260 1 1
265 1 1
270 1 1
275 1 1
280 1 1
285 1 1
290 1 1
295 1 1
300 1 1
305 1 1
310 1 1
315 1 1
320 1 1
325 1 1
330 1 1
335 1 1
340 1 1
345 1 1
350 1 1
355 1 1
360 1 1
365 1 1
370 1 1
375 1 1
380 1 1
385 1 1
390 1 1
395 1 1
400 1 1
405 1 1
410 1 1
415 1 1
420 1 1
425 1 1
430 1 1
435 1 1
440 1 1
445 1 1
450 1 1
455 1 1
460 1 1
465 1 1
470 1 1
475 1 1
480 1 1
485 1 1
490 1 1
495 1 1
500 1 1
505 1 1
510 1 1
515 1 1
520 1 1
525 1 1
530 1 1
535 1 1
540 1 1
545 1 1
550 1 1
555 1 1
560 1 1
565 1 1
570 1 1
575 1 1
580 1 1
585 1 1
590 1 1
595 1 1
600 1 1
605 1 1
610 1 1
615 1 1
620 1 1
625 1 1
630 1 1
635 1 1
640 1 1
645 1 1
650 1 1
655 1 1
660 1 1
665 1 1
670 1 1
675 1 1
680 1 1
685 1 1
690 1 1
695 1 1
700 1 1
705 1 1
710 1 1
715 1 1
720 1 1
725 1 1
730 1 1
735 1 1
740 1 1
745 1 1
750 1 1
755 1 1
760 1 1
765 1 1
770 1 1
775 1 1
780 1 1
785 1 1
790 1 1
795 1 1
800 1 1
805 1 1
810 1 1
815 1 1
820 1 1
825 1 1
830 1 1
835 1 1
840 1 1
845 1 1
850 1 1
855 1 1
860 1 1
865 1 1
870 1 1
875 1 1
880 1 1
885 1 1
890 1 1
895 1 1
900 1 1
905 1 1
910 1 1
915 1 1
920 1 1
925 1 1
930 1 1
935 1 1
940 1 1
945 1 1
950 1 1
955 1 1
960 1 1
965 1 1
970 1 1
975 1 1
980 1 1
985 1 1
990 1 1
995 1 1
1000 1 1
1005 1 1
1010 1 1
1015 1 1
1020 1 1
1025 1 1
1030 1 1
1035 1 1
1040 1 1
1045 1 1
1050 1 1
1055 1 1
1060 1 1
1065 1 1
1070 1 1
1075 1 1
1080 1 1
1085 1 1
1090 1 1
1095 1 1
1100 1 1
1105 1 1
1110 1 1
1115 1 1
1120 1 1
1125 1 1
1130 1 1
1135 1 1
1140 1 1
1145 1 1
1150 1 1
1155 1 1
1160 1 1
1165 1 1
1170 1 1
1175 1 1
1180 1 1
1185 1 1
1190 1 1
1195 1 1
1200 1 1
1205 1 1
1210 1 1
1215 1 1
1220 1 1
1225 1 1
1230 1 1
1235 1 1
1240 1 1
1245 1 1
1250 1 1
1255 1 1
1260 1 1
1265 1 1
1270 1 1
1275 1 1
1280 1 1
1285 1 1
1290 1 1
1295 1 1
1300 1 1
1305 1 1
1310 1 1
1315 1 1
1320 1 1
1325 1 1
1330 1 1
1335 1 1
1340 1 1
1345 1 1
1350 1 1
1355 1 1
1360 1 1
1365 1 1
1370 1 1
1375 1 1
1380 1 1
1385 1 1
1390 1 1
1395 1 1
1400 1 1
1405 1 1
1410 1 1
1415 1 1
1420 1 1
1425 1 1
1430 1 1
1435 1 1
1440 1 1
1445 1 1
1450 1 1
1455 1 1
1460 1 1
1465 1 1
1470 1 1
1475 1 1
1480 1 1
1485 1 1
1490 1 1
1495 1 1
1500 1 1
1505 1 1
1510 1 1
1515 1 1
1520 1 1
1525 1 1
1530 1 1
1535 1 1
1540 1 1
1545 1 1
1550 1 1
1555 1 1
1560 1 1
1565 1 1
1570 1 1
1575 1 1
1580 1 1
1585 1 1
1590 1 1
1595 1 1
1600 1 1
1605 1 1
1610 1 1
1615 1 1
1620 1 1
1625 1 1
1630 1 1
1635 1 1
1640 1 1
1645 1 1
1650 1 1
1655 1 1
1660 1 1
1665 1 1
1670 1 1
1675 1 1
1680 1 1
1685 1 1
1690 1 1
1695 1 1
1700 1 1
1705 1 1
1710 1 1
1715 1 1
1720 1 1
1725 1 1
1730 1 1
1735 1 1
1740 1 1
1745 1 1
1750 1 1
1755 1 1
1760 1 1
1765 1 1
1770 1 1
1775 1 1
1780 1 1
1785 1 1
1790 1 1
1795 1 1
1800 1 1
1805 1 1
1810 1 1
1815 1 1
1820 1 1
1825 1 1
1830 1 1
1835 1 1
1840 1 1
1845 1 1
1850 1 1
1855 1 1
1860 1 1
1865 1 1
1870 1 1
1875 1 1
1880 1 1
1885 1 1
1890 1 1
1895 1 1
1900 1 1
1905 1 1
1910 1 1
1915 1 1
1920 1 1
1925 1 1
1930 1 1
1935 1 1
1940 1 1
1945 1 1
1950 1 1
1955 1 1
1960 1 1
1965 1 1
1970 1 1
1975 1 1
1980 1 1
1985 1 1
1990 1 1
1995 1 1
2000 1 1
2005 1 1
2010 1 1
2015 1 1
2020 1 1
2025 1 1
2030 1 1
2035 1 1
2040 1 1
2045 1 1
2050 1 1
2055 1 1
2060 1 1
2065 1 1
2070 1 1
2075 1 1
2080 1 1
2085 1 1
2090 1 1
2095 1 1
2100 1 1
2105 1 1
2110 1 1
2115 1 1
2120 1 1
2125 1 1
2130 1 1
2135 1 1
2140 1 1
2145 1 1
2150 1 1
2155 1 1
2160 1 1
2165 1 1
2170 1 1
2175 1 1
2180 1 1
2185 1 1
2190 1 1
2195 1 1
2200 1 1
2205 1 1
2210 1 1
2215 1 1
2220 1 1
2225 1 1
2230 1 1
2235 1 1
2240 1 1
2245 1 1
2250 1 1
2255 1 1
2260 1 1
2265 1 1
2270 1 1
2275 1 1
2280 1 1
2285 1 1
2290 1 1
2295 1 1
2300 1 1
2305 1 1
2310 1 1
2315 1 1
2320 1 1
2325 1 1
2330 1 1
2335 1 1
2340 1 1
2345 1 1
2350 1 1
2355 1 1
2360 1 1
2365 1 1
2370 1 1
2375 1 1
2380 1 1
2385 1 1
2390 1 1
2395 1 1
2400 1 1
2405 1 1
2410 1 1
2415 1 1
2420 1 1
2425 1 1
2430 1 1
2435 1 1
2440 1 1
2445 1 1
2450 1 1
2455 1 1
2460 1 1
2465 1 1
2470 1 1
2475 1 1
2480 1 1
2485 1 1
2490 1 1
2495 1 1
2500 1 1
2505 1 1
2510 1 1
2515 1 1
2520 1 1
2525 1 1
2530 1 1
2535 1 1
2540 1 1
2545 1 1
2550 1 1
2555 1 1
2560 1 1
2565 1 1
2570 1 1
2575 1 1
2580 1 1
2585 1 1
2590 1 1
2595 1 1
2600 1 1
2605 1 1
2610 1 1
2615 1 1
2620 1 1
2625 1 1
2630 1 1
2635 1 1
2640 1 1
2645 1 1
2650 1 1
2655 1 1
2660 1 1
2665 1 1
2670 1 1
2675 1 1
2680 1 1
2685 1 1
2690 1 1
2695 1 1
2700 1 1
2705 1 1
2710 1 1
2715 1 1
2720 1 1
2725 1 1
2730 1 1
2735 1 1
2740 1 1
2745 1 1
2750 1 1
2755 1 1
2760 1 1
2765 1 1
2770 1 1
2775 1 1
2780 1 1
2785 1 1
2790 1 1
2795 1 1
2800 1 1
2805 1 1
2810 1 1
2815 1 1
2820 1 1
2825 1 1
2830 1 1
2835 1 1
2840 1 1
2845 1 1
2850 1 1
2855 1 1
2860 1 1
2865 1 1
2870 1 1
2875 1 1
2880 1 1
2885 1 1
2890 1 1
2895 1 1
2900 1 1
2905 1 1
2910 1 1
2915 1 1
2920 1 1
2925 1 1
2930 1 1
2935 1 1
2940 1 1
2945 1 1
2950 1 1
2955 1 1
2960 1 1
2965 1 1
2970 1 1
2975 1 1
2980 1 1
2985 1 1
2990 1 1
2995 1 1
3000 1 1
3005 1 1
3010 1 1
3015 1 1
3020 1 1
3025 1 1
3030 1 1
3035 1 1
3040 1 1
3045 1 1
3050 1 1
3055 1 1
3060 1 1
3065 1 1
3070 1 1
3075 1 1
3080 1 1
3085 1 1
3090 1 1
3095 1 1
3100 1 1
3105 1 1
3110 1 1
3115 1 1
3120 1 1
3125 1 1
3130 1 1
3135 1 1
3140 1 1
3145 1 1
3150 1 1
3155 1 1
3160 1 1
3165 1 1
3170 1 1
3175 1 1
3180 1 1
3185 1 1
3190 1 1
3195 1 1
3200 1 1
3205 1 1
3210 1 1
3215 1 1
3220 1 1
3225 1 1
3230 1 1
3235 1 1
3240 1 1
3245 1 1
3250 1 1
3255 1 1
3260 1 1
3265 1 1
3270 1 1
3275 1 1
3280 1 1
3285 1 1
3290 1 1
3295 1 1
3300 1 1
3305 1 1
3310 1 1
3315 1 1
3320 1 1
3325 1 1
3330 1 1
3335 1 1
3340 1 1
3345 1 1
3350 1 1
3355 1 1
3360 1 1
3365 1 1
3370 1 1
3375 1 1
3380 1 1
3385 1 1
3390 1 1
3395 1 1
3400 1 1
3405 1 1
3410 1 1
3415 1 1
3420 1 1
3425 1 1
3430 1 1
3435 1 1
3440 1 1
3445 1 1
3450 1 1
3455 1 1
3460 1 1
3465 1 1
3470 1 1
3475 1 1
3480 1 1
3485 1 1
3490 1 1
3495 1 1
3500 1 1
3505 1 1
3510 1 1
3515 1 1
3520 1 1
3525 1 1
3530 1 1
3535 1 1
3540 1 1
3545 1 1
3550 1 1
3555 1 1
3560 1 1
3565 1 1
3570 1 1
3575 1 1
3580 1 1
3585 1 1
3590 1 1
3595 1 1
3600 1 1
3605 1 1
3610 1 1
3615 1 1
3620 1 1
3625 1 1
3630 1 1
3635 1 1
3640 1 1
3645 1 1
3650 1 1
3655 1 1
3660 1 1
3665 1 1
3670 1 1
3675 1 1
3680 1 1
3685 1 1
3690 1 1
3695 1 1
3700 1 1
3705 1 1
3710 1 1
3715 1 1
3720 1 1
3725 1 1
3730 1 1
3735 1 1
3740 1 1
3745 1 1
3750 1 1
0 2 1
6 2 1
11 2 1
16 2 1
21 2 1
26 2 1
31 2 1
36 2 1
41 2 1
46 2 1
51 2 1
56 2 1
61 2 1
66 2 1
71 2 1
76 2 1
81 2 1
86 2 1
91 2 1
96 2 1
101 2 1
106 2 1
111 2 1
116 2 1
121 2 1
126 2 1
131 2 1
136 2 1
141 2 1
146 2 1
151 2 1
156 2 1
161 2 1
166 2 1
171 2 1
176 2 1
181 2 1
186 2 1
191 2 1
196 2 1
201 2 1
206 2 1
211 2 1
216 2 1
221 2 1
226 2 1
231 2 1
236 2 1
241 2 1
246 2 1
251 2 1
256 2 1
261 2 1
266 2 1
271 2 1
276 2 1
281 2 1
286 2 1
291 2 1
296 2 1
301 2 1
306 2 1
311 2 1
316 2 1
321 2 1
326 2 1
331 2 1
336 2 1
341 2 1
346 2 1
351 2 1
356 2 1
361 2 1
366 2 1
371 2 1
376 2 1
381 2 1
386 2 1
391 2 1
396 2 1
401 2 1
406 2 1
411 2 1
416 2 1
421 2 1
426 2 1
431 2 1
436 2 1
441 2 1
446 2 1
451 2 1
456 2 1
461 2 1
466 2 1
471 2 1
476 2 1
481 2 1
486 2 1
491 2 1
496 2 1
501 2 1
506 2 1
511 2 1
516 2 1
521 2 1
526 2 1
531 2 1
536 2 1
541 2 1
546 2 1
551 2 1
556 2 1
561 2 1
566 2 1
571 2 1
576 2 1
581 2 1
586 2 1
591 2 1
596 2 1
601 2 1
606 2 1
611 2 1
616 2 1
621 2 1
626 2 1
631 2 1
636 2 1
641 2 1
646 2 1
651 2 1
656 2 1
661 2 1
666 2 1
671 2 1
676 2 1
681 2 1
686 2 1
691 2 1
696 2 1
701 2 1
706 2 1
711 2 1
716 2 1
721 2 1
726 2 1
731 2 1
736 2 1
741 2 1
746 2 1
751 2 1
756 2 1
761 2 1
766 2 1
771 2 1
776 2 1
781 2 1
786 2 1
791 2 1
796 2 1
801 2 1
806 2 1
811 2 1
816 2 1
821 2 1
826 2 1
831 2 1
836 2 1
841 2 1
846 2 1
851 2 1
856 2 1
861 2 1
866 2 1
871 2 1
876 2 1
881 2 1
886 2 1
891 2 1
896 2 1
901 2 1
906 2 1
911 2 1
916 2 1
921 2 1
926 2 1
931 2 1
936 2 1
941 2 1
946 2 1
951 2 1
956 2 1
961 2 1
966 2 1
971 2 1
976 2 1
981 2 1
986 2 1
991 2 1
996 2 1
1001 2 1
1006 2 1
1011 2 1
1016 2 1
1021 2 1
1026 2 1
1031 2 1
1036 2 1
1041 2 1
1046 2 1
1051 2 1
1056 2 1
1061 2 1
1066 2 1
1071 2 1
1076 2 1
1081 2 1
1086 2 1
1091 2 1
1096 2 1
1101 2 1
1106 2 1
1111 2 1
1116 2 1
1121 2 1
1126 2 1
1131 2 1
1136 2 1
1141 2 1
1146 2 1
1151 2 1
1156 2 1
1161 2 1
1166 2 1
1171 2 1
1176 2 1
1181 2 1
1186 2 1
1191 2 1
1196 2 1
1201 2 1
1206 2 1
1211 2 1
1216 2 1
1221 2 1
1226 2 1
1231 2 1
1236 2 1
1241 2 1
1246 2 1
1251 2 1
1256 2 1
1261 2 1
1266 2 1
1271 2 1
1276 2 1
1281 2 1
1286 2 1
1291 2 1
1296 2 1
1301 2 1
1306 2 1
1311 2 1
1316 2 1
1321 2 1
1326 2 1
1331 2 1
1336 2 1
1341 2 1
1346 2 1
1351 2 1
1356 2 1
1361 2 1
1366 2 1
1371 2 1
1376 2 1
1381 2 1
1386 2 1
1391 2 1
1396 2 1
1401 2 1
1406 2 1
1411 2 1
1416 2 1
1421 2 1
1426 2 1
1431 2 1
1436 2 1
1441 2 1
1446 2 1
1451 2 1
1456 2 1
1461 2 1
1466 2 1
1471 2 1
1476 2 1
1481 2 1
1486 2 1
1491 2 1
1496 2 1
1501 2 1
1506 2 1
1511 2 1
1516 2 1
1521 2 1
1526 2 1
1531 2 1
1536 2 1
1541 2 1
1546 2 1
1551 2 1
1556 2 1
1561 2 1
1566 2 1
1571 2 1
1576 2 1
1581 2 1
1586 2 1
1591 2 1
1596 2 1
1601 2 1
1606 2 1
1611 2 1
1616 2 1
1621 2 1
1626 2 1
1631 2 1
1636 2 1
1641 2 1
1646 2 1
1651 2 1
1656 2 1
1661 2 1
1666 2 1
1671 2 1
1676 2 1
1681 2 1
1686 2 1
1691 2 1
1696 2 1
1701 2 1
1706 2 1
1711 2 1
1716 2 1
1721 2 1
1726 2 1
1731 2 1
1736 2 1
1741 2 1
1746 2 1
1751 2 1
1756 2 1
1761 2 1
1766 2 1
1771 2 1
1776 2 1
1781 2 1
1786 2 1
1791 2 1
1796 2 1
1801 2 1
1806 2 1
1811 2 1
1816 2 1
1821 2 1
1826 2 1
1831 2 1
1836 2 1
1841 2 1
1846 2 1
1851 2 1
1856 2 1
1861 2 1
1866 2 1
1871 2 1
1876 2 1
1881 2 1
1886 2 1
1891 2 1
1896 2 1
1901 2 1
1906 2 1
1911 2 1
1916 2 1
1921 2 1
1926 2 1
1931 2 1
1936 2 1
1941 2 1
1946 2 1
1951 2 1
1956 2 1
1961 2 1
1966 2 1
1971 2 1
1976 2 1
1981 2 1
1986 2 1
1991 2 1
1996 2 1
2001 2 1
2006 2 1
2011 2 1
2016 2 1
2021 2 1
2026 2 1
2031 2 1
2036 2 1
2041 2 1
2046 2 1
2051 2 1
2056 2 1
2061 2 1
2066 2 1
2071 2 1
2076 2 1
2081 2 1
2086 2 1
2091 2 1
2096 2 1
2101 2 1
2106 2 1
2111 2 1
2116 2 1
2121 2 1
2126 2 1
2131 2 1
2136 2 1
2141 2 1
2146 2 1
2151 2 1
2156 2 1
2161 2 1
2166 2 1
2171 2 1
2176 2 1
2181 2 1
2186 2 1
2191 2 1
2196 2 1
2201 2 1
2206 2 1
2211 2 1
2216 2 1
2221 2 1
2226 2 1
2231 2 1
2236 2 1
2241 2 1
2246 2 1
2251 2 1
2256 2 1
2261 2 1
2266 2 1
2271 2 1
2276 2 1
2281 2 1
2286 2 1
2291 2 1
2296 2 1
2301 2 1
2306 2 1
2311 2 1
2316 2 1
2321 2 1
2326 2 1
2331 2 1
2336 2 1
2341 2 1
2346 2 1
2351 2 1
2356 2 1
2361 2 1
2366 2 1
2371 2 1
2376 2 1
2381 2 1
2386 2 1
2391 2 1
2396 2 1
2401 2 1
2406 2 1
2411 2 1
2416 2 1
2421 2 1
2426 2 1
2431 2 1
2436 2 1
2441 2 1
2446 2 1
2451 2 1
2456 2 1
2461 2 1
2466 2 1
2471 2 1
2476 2 1
2481 2 1
2486 2 1
2491 2 1
2496 2 1
2501 2 1
2506 2 1
2511 2 1
2516 2 1
2521 2 1
2526 2 1
2531 2 1
2536 2 1
2541 2 1
2546 2 1
2551 2 1
2556 2 1
2561 2 1
2566 2 1
2571 2 1
2576 2 1
2581 2 1
2586 2 1
2591 2 1
2596 2 1
2601 2 1
2606 2 1
2611 2 1
2616 2 1
2621 2 1
2626 2 1
2631 2 1
2636 2 1
2641 2 1
2646 2 1
2651 2 1
2656 2 1
2661 2 1
2666 2 1
2671 2 1
2676 2 1
2681 2 1
2686 2 1
2691 2 1
2696 2 1
2701 2 1
2706 2 1
2711 2 1
2716 2 1
2721 2 1
2726 2 1
2731 2 1
2736 2 1
2741 2 1
2746 2 1
2751 2 1
2756 2 1
2761 2 1
2766 2 1
2771 2 1
2776 2 1
2781 2 1
2786 2 1
2791 2 1
2796 2 1
2801 2 1
2806 2 1
2811 2 1
2816 2 1
2821 2 1
2826 2 1
2831 2 1
2836 2 1
2841 2 1
2846 2 1
2851 2 1
2856 2 1
2861 2 1
2866 2 1
2871 2 1
2876 2 1
2881 2 1
2886 2 1
2891 2 1
2896 2 1
2901 2 1
2906 2 1
2911 2 1
2916 2 1
2921 2 1
2926 2 1
2931 2 1
2936 2 1
2941 2 1
2946 2 1
2951 2 1
2956 2 1
2961 2 1
2966 2 1
2971 2 1
2976 2 1
2981 2 1
2986 2 1
2991 2 1
2996 2 1
3001 2 1
3006 2 1
3011 2 1
3016 2 1
3021 2 1
3026 2 1
3031 2 1
3036 2 1
3041 2 1
3046 2 1
3051 2 1
3056 2 1
3061 2 1
3066 2 1
3071 2 1
3076 2 1
3081 2 1
3086 2 1
3091 2 1
3096 2 1
3101 2 1
3106 2 1
3111 2 1
3116 2 1
3121 2 1
3126 2 1
3131 2 1
3136 2 1
3141 2 1
3146 2 1
3151 2 1
3156 2 1
3161 2 1
3166 2 1
3171 2 1
3176 2 1
3181 2 1
3186 2 1
3191 2 1
3196 2 1
3201 2 1
3206 2 1
3211 2 1
3216 2 1
3221 2 1
3226 2 1
3231 2 1
3236 2 1
3241 2 1
3246 2 1
3251 2 1
3256 2 1
3261 2 1
3266 2 1
3271 2 1
3276 2 1
3281 2 1
3286 2 1
3291 2 1
3296 2 1
3301 2 1
3306 2 1
3311 2 1
3316 2 1
3321 2 1
3326 2 1
3331 2 1
3336 2 1
3341 2 1
3346 2 1
3351 2 1
3356 2 1
3361 2 1
3366 2 1
3371 2 1
3376 2 1
3381 2 1
3386 2 1
3391 2 1
3396 2 1
3401 2 1
3406 2 1
3411 2 1
3416 2 1
3421 2 1
3426 2 1
3431 2 1
3436 2 1
3441 2 1
3446 2 1
3451 2 1
3456 2 1
3461 2 1
3466 2 1
3471 2 1
3476 2 1
3481 2 1
3486 2 1
3491 2 1
3496 2 1
3501 2 1
3506 2 1
3511 2 1
3516 2 1
3521 2 1
3526 2 1
3531 2 1
3536 2 1
3541 2 1
3546 2 1
3551 2 1
3556 2 1
3561 2 1
3566 2 1
3571 2 1
3576 2 1
3581 2 1
3586 2 1
3591 2 1
3596 2 1
3601 2 1
3606 2 1
3611 2 1
3616 2 1
3621 2 1
3626 2 1
3631 2 1
3636 2 1
3641 2 1
3646 2 1
3651 2 1
3656 2 1
3661 2 1
3666 2 1
3671 2 1
3676 2 1
3681 2 1
3686 2 1
3691 2 1
3696 2 1
3701 2 1
3706 2 1
3711 2 1
3716 2 1
3721 2 1
3726 2 1
3731 2 1
3736 2 1
3741 2 1
3746 2 1
3751 2 1
0 3 1
7 3 1
12 3 1
17 3 1
22 3 1
27 3 1
32 3 1
37 3 1
42 3 1
47 3 1
52 3 1
57 3 1
62 3 1
67 3 1
72 3 1
77 3 1
82 3 1
87 3 1
92 3 1
97 3 1
102 3 1
107 3 1
112 3 1
117 3 1
122 3 1
127 3 1
132 3 1
137 3 1
142 3 1
147 3 1
152 3 1
157 3 1
162 3 1
167 3 1
172 3 1
177 3 1
182 3 1
187 3 1
192 3 1
197 3 1
202 3 1
207 3 1
212 3 1
217 3 1
222 3 1
227 3 1
232 3 1
237 3 1
242 3 1
247 3 1
252 3 1
257 3 1
262 3 1
267 3 1
272 3 1
277 3 1
282 3 1
287 3 1
292 3 1
297 3 1
302 3 1
307 3 1
312 3 1
317 3 1
322 3 1
327 3 1
332 3 1
337 3 1
342 3 1
347 3 1
352 3 1
357 3 1
362 3 1
367 3 1
372 3 1
377 3 1
382 3 1
387 3 1
392 3 1
397 3 1
402 3 1
407 3 1
412 3 1
417 3 1
422 3 1
427 3 1
432 3 1
437 3 1
442 3 1
447 3 1
452 3 1
457 3 1
462 3 1
467 3 1
472 3 1
477 3 1
482 3 1
487 3 1
492 3 1
497 3 1
502 3 1
507 3 1
512 3 1
517 3 1
522 3 1
527 3 1
532 3 1
537 3 1
542 3 1
547 3 1
552 3 1
557 3 1
562 3 1
567 3 1
572 3 1
577 3 1
582 3 1
587 3 1
592 3 1
597 3 1
602 3 1
607 3 1
612 3 1
617 3 1
622 3 1
627 3 1
632 3 1
637 3 1
642 3 1
647 3 1
652 3 1
657 3 1
662 3 1
667 3 1
672 3 1
677 3 1
682 3 1
687 3 1
692 3 1
697 3 1
702 3 1
707 3 1
712 3 1
717 3 1
722 3 1
727 3 1
732 3 1
737 3 1
742 3 1
747 3 1
752 3 1
757 3 1
762 3 1
767 3 1
772 3 1
777 3 1
782 3 1
787 3 1
792 3 1
797 3 1
802 3 1
807 3 1
812 3 1
817 3 1
822 3 1
827 3 1
832 3 1
837 3 1
842 3 1
847 3 1
852 3 1
857 3 1
862 3 1
867 3 1
872 3 1
877 3 1
882 3 1
887 3 1
892 3 1
897 3 1
902 3 1
907 3 1
912 3 1
917 3 1
922 3 1
927 3 1
932 3 1
937 3 1
942 3 1
947 3 1
952 3 1
957 3 1
962 3 1
967 3 1
972 3 1
977 3 1
982 3 1
987 3 1
992 3 1
997 3 1
1002 3 1
1007 3 1
1012 3 1
1017 3 1
1022 3 1
1027 3 1
1032 3 1
1037 3 1
1042 3 1
1047 3 1
1052 3 1
1057 3 1
1062 3 1
1067 3 1
1072 3 1
1077 3 1
1082 3 1
1087 3 1
1092 3 1
1097 3 1
1102 3 1
1107 3 1
1112 3 1
1117 3 1
1122 3 1
1127 3 1
1132 3 1
1137 3 1
1142 3 1
1147 3 1
1152 3 1
1157 3 1
1162 3 1
1167 3 1
1172 3 1
1177 3 1
1182 3 1
1187 3 1
1192 3 1
1197 3 1
1202 3 1
1207 3 1
1212 3 1
1217 3 1
1222 3 1
1227 3 1
1232 3 1
1237 3 1
1242 3 1
1247 3 1
1252 3 1
1257 3 1
1262 3 1
1267 3 1
1272 3 1
1277 3 1
1282 3 1
1287 3 1
1292 3 1
1297 3 1
1302 3 1
1307 3 1
1312 3 1
1317 3 1
1322 3 1
1327 3 1
1332 3 1
1337 3 1
1342 3 1
1347 3 1
1352 3 1
1357 3 1
1362 3 1
1367 3 1
1372 3 1
1377 3 1
1382 3 1
1387 3 1
1392 3 1
1397 3 1
1402 3 1
1407 3 1
1412 3 1
1417 3 1
1422 3 1
1427 3 1
1432 3 1
1437 3 1
1442 3 1
1447 3 1
1452 3 1
1457 3 1
1462 3 1
1467 3 1
1472 3 1
1477 3 1
1482 3 1
1487 3 1
1492 3 1
1497 3 1
1502 3 1
1507 3 1
1512 3 1
1517 3 1
1522 3 1
1527 3 1
1532 3 1
1537 3 1
1542 3 1
1547 3 1
1552 3 1
1557 3 1
1562 3 1
1567 3 1
1572 3 1
1577 3 1
1582 3 1
1587 3 1
1592 3 1
1597 3 1
1602 3 1
1607 3 1
1612 3 1
1617 3 1
1622 3 1
1627 3 1
1632 3 1
1637 3 1
1642 3 1
1647 3 1
1652 3 1
1657 3 1
1662 3 1
1667 3 1
1672 3 1
1677 3 1
1682 3 1
1687 3 1
1692 3 1
1697 3 1
1702 3 1
1707 3 1
1712 3 1
1717 3 1
1722 3 1
1727 3 1
1732 3 1
1737 3 1
1742 3 1
1747 3 1
1752 3 1
1757 3 1
1762 3 1
1767 3 1
1772 3 1
1777 3 1
1782 3 1
1787 3 1
1792 3 1
1797 3 1
1802 3 1
1807 3 1
1812 3 1
1817 3 1
1822 3 1
1827 3 1
1832 3 1
1837 3 1
1842 3 1
1847 3 1
1852 3 1
1857 3 1
1862 3 1
1867 3 1
1872 3 1
1877 3 1
1882 3 1
1887 3 1
1892 3 1
1897 3 1
1902 3 1
1907 3 1
1912 3 1
1917 3 1
1922 3 1
1927 3 1
1932 3 1
1937 3 1
1942 3 1
1947 3 1
1952 3 1
1957 3 1
1962 3 1
1967 3 1
1972 3 1
1977 3 1
1982 3 1
1987 3 1
1992 3 1
1997 3 1
2002 3 1
2007 3 1
2012 3 1
2017 3 1
2022 3 1
2027 3 1
2032 3 1
2037 3 1
2042 3 1
2047 3 1
2052 3 1
2057 3 1
2062 3 1
2067 3 1
2072 3 1
2077 3 1
2082 3 1
2087 3 1
2092 3 1
2097 3 1
2102 3 1
2107 3 1
2112 3 1
2117 3 1
2122 3 1
2127 3 1
2132 3 1
2137 3 1
2142 3 1
2147 3 1
2152 3 1
2157 3 1
2162 3 1
2167 3 1
2172 3 1
2177 3 1
2182 3 1
2187 3 1
2192 3 1
2197 3 1
2202 3 1
2207 3 1
2212 3 1
2217 3 1
2222 3 1
2227 3 1
2232 3 1
2237 3 1
2242 3 1
2247 3 1
2252 3 1
2257 3 1
2262 3 1
2267 3 1
2272 3 1
2277 3 1
2282 3 1
2287 3 1
2292 3 1
2297 3 1
2302 3 1
2307 3 1
2312 3 1
2317 3 1
2322 3 1
2327 3 1
2332 3 1
2337 3 1
2342 3 1
2347 3 1
2352 3 1
2357 3 1
2362 3 1
2367 3 1
2372 3 1
2377 3 1
2382 3 1
2387 3 1
2392 3 1
2397 3 1
2402 3 1
2407 3 1
2412 3 1
2417 3 1
2422 3 1
2427 3 1
2432 3 1
2437 3 1
2442 3 1
2447 3 1
2452 3 1
2457 3 1
2462 3 1
2467 3 1
2472 3 1
2477 3 1
2482 3 1
2487 3 1
2492 3 1
2497 3 1
2502 3 1
2507 3 1
2512 3 1
2517 3 1
2522 3 1
2527 3 1
2532 3 1
2537 3 1
2542 3 1
2547 3 1
2552 3 1
2557 3 1
2562 3 1
2567 3 1
2572 3 1
2577 3 1
2582 3 1
2587 3 1
2592 3 1
2597 3 1
2602 3 1
2607 3 1
2612 3 1
2617 3 1
2622 3 1
2627 3 1
2632 3 1
2637 3 1
2642 3 1
2647 3 1
2652 3 1
2657 3 1
2662 3 1
2667 3 1
2672 3 1
2677 3 1
2682 3 1
2687 3 1
2692 3 1
2697 3 1
2702 3 1
2707 3 1
2712 3 1
2717 3 1
2722 3 1
2727 3 1
2732 3 1
2737 3 1
2742 3 1
2747 3 1
2752 3 1
2757 3 1
2762 3 1
2767 3 1
2772 3 1
2777 3 1
2782 3 1
2787 3 1
2792 3 1
2797 3 1
2802 3 1
2807 3 1
2812 3 1
2817 3 1
2822 3 1
2827 3 1
2832 3 1
2837 3 1
2842 3 1
2847 3 1
2852 3 1
2857 3 1
2862 3 1
2867 3 1
2872 3 1
2877 3 1
2882 3 1
2887 3 1
2892 3 1
2897 3 1
2902 3 1
2907 3 1
2912 3 1
2917 3 1
2922 3 1
2927 3 1
2932 3 1
2937 3 1
2942 3 1
2947 3 1
2952 3 1
2957 3 1
2962 3 1
2967 3 1
2972 3 1
2977 3 1
2982 3 1
2987 3 1
2992 3 1
2997 3 1
3002 3 1
3007 3 1
3012 3 1
3017 3 1
3022 3 1
3027 3 1
3032 3 1
3037 3 1
3042 3 1
3047 3 1
3052 3 1
3057 3 1
3062 3 1
3067 3 1
3072 3 1
3077 3 1
3082 3 1
3087 3 1
3092 3 1
3097 3 1
3102 3 1
3107 3 1
3112 3 1
3117 3 1
3122 3 1
3127 3 1
3132 3 1
3137 3 1
3142 3 1
3147 3 1
3152 3 1
3157 3 1
3162 3 1
3167 3 1
3172 3 1
3177 3 1
3182 3 1
3187 3 1
3192 3 1
3197 3 1
3202 3 1
3207 3 1
3212 3 1
3217 3 1
3222 3 1
3227 3 1
3232 3 1
3237 3 1
3242 3 1
3247 3 1
3252 3 1
3257 3 1
3262 3 1
3267 3 1
3272 3 1
3277 3 1
3282 3 1
3287 3 1
3292 3 1
3297 3 1
3302 3 1
3307 3 1
3312 3 1
3317 3 1
3322 3 1
3327 3 1
3332 3 1
3337 3 1
3342 3 1
3347 3 1
3352 3 1
3357 3 1
3362 3 1
3367 3 1
3372 3 1
3377 3 1
3382 3 1
3387 3 1
3392 3 1
3397 3 1
3402 3 1
3407 3 1
3412 3 1
3417 3 1
3422 3 1
3427 3 1
3432 3 1
3437 3 1
3442 3 1
3447 3 1
3452 3 1
3457 3 1
3462 3 1
3467 3 1
3472 3 1
3477 3 1
3482 3 1
3487 3 1
3492 3 1
3497 3 1
3502 3 1
3507 3 1
3512 3 1
3517 3 1
3522 3 1
3527 3 1
3532 3 1
3537 3 1
3542 3 1
3547 3 1
3552 3 1
3557 3 1
3562 3 1
3567 3 1
3572 3 1
3577 3 1
3582 3 1
3587 3 1
3592 3 1
3597 3 1
3602 3 1
3607 3 1
3612 3 1
3617 3 1
3622 3 1
3627 3 1
3632 3 1
3637 3 1
3642 3 1
3647 3 1
3652 3 1
3657 3 1
3662 3 1
3667 3 1
3672 3 1
3677 3 1
3682 3 1
3687 3 1
3692 3 1
3697 3 1
3702 3 1
3707 3 1
3712 3 1
3717 3 1
3722 3 1
3727 3 1
3732 3 1
3737 3 1
3742 3 1
3747 3 1
3752 3 1
0 4 1
8 4 1
13 4 1
18 4 1
23 4 1
28 4 1
33 4 1
38 4 1
43 4 1
48 4 1
53 4 1
58 4 1
63 4 1
68 4 1
73 4 1
78 4 1
83 4 1
88 4 1
93 4 1
98 4 1
103 4 1
108 4 1
113 4 1
118 4 1
123 4 1
128 4 1
133 4 1
138 4 1
143 4 1
148 4 1
153 4 1
158 4 1
163 4 1
168 4 1
173 4 1
178 4 1
183 4 1
188 4 1
193 4 1
198 4 1
203 4 1
208 4 1
213 4 1
218 4 1
223 4 1
228 4 1
233 4 1
238 4 1
243 4 1
248 4 1
253 4 1
258 4 1
263 4 1
268 4 1
273 4 1
278 4 1
283 4 1
288 4 1
293 4 1
298 4 1
303 4 1
308 4 1
313 4 1
318 4 1
323 4 1
328 4 1
333 4 1
338 4 1
343 4 1
348 4 1
353 4 1
358 4 1
363 4 1
368 4 1
373 4 1
378 4 1
383 4 1
388 4 1
393 4 1
398 4 1
403 4 1
408 4 1
413 4 1
418 4 1
423 4 1
428 4 1
433 4 1
438 4 1
443 4 1
448 4 1
453 4 1
458 4 1
463 4 1
468 4 1
473 4 1
478 4 1
483 4 1
488 4 1
493 4 1
498 4 1
503 4 1
508 4 1
513 4 1
518 4 1
523 4 1
528 4 1
533 4 1
538 4 1
543 4 1
548 4 1
553 4 1
558 4 1
563 4 1
568 4 1
573 4 1
578 4 1
583 4 1
588 4 1
593 4 1
598 4 1
603 4 1
608 4 1
613 4 1
618 4 1
623 4 1
628 4 1
633 4 1
638 4 1
643 4 1
648 4 1
653 4 1
658 4 1
663 4 1
668 4 1
673 4 1
678 4 1
683 4 1
688 4 1
693 4 1
698 4 1
703 4 1
708 4 1
713 4 1
718 4 1
723 4 1
728 4 1
733 4 1
738 4 1
743 4 1
748 4 1
753 4 1
758 4 1
763 4 1
768 4 1
773 4 1
778 4 1
783 4 1
788 4 1
793 4 1
798 4 1
803 4 1
808 4 1
813 4 1
818 4 1
823 4 1
828 4 1
833 4 1
838 4 1
843 4 1
848 4 1
853 4 1
858 4 1
863 4 1
868 4 1
873 4 1
878 4 1
883 4 1
888 4 1
893 4 1
898 4 1
903 4 1
908 4 1
913 4 1
918 4 1
923 4 1
928 4 1
933 4 1
938 4 1
943 4 1
948 4 1
953 4 1
958 4 1
963 4 1
968 4 1
973 4 1
978 4 1
983 4 1
988 4 1
993 4 1
998 4 1
1003 4 1
1008 4 1
1013 4 1
1018 4 1
1023 4 1
1028 4 1
1033 4 1
1038 4 1
1043 4 1
1048 4 1
1053 4 1
1058 4 1
1063 4 1
1068 4 1
1073 4 1
1078 4 1
1083 4 1
1088 4 1
1093 4 1
1098 4 1
1103 4 1
1108 4 1
1113 4 1
1118 4 1
1123 4 1
1128 4 1
1133 4 1
1138 4 1
1143 4 1
1148 4 1
1153 4 1
1158 4 1
1163 4 1
1168 4 1
1173 4 1
1178 4 1
1183 4 1
1188 4 1
1193 4 1
1198 4 1
1203 4 1
1208 4 1
1213 4 1
1218 4 1
1223 4 1
1228 4 1
1233 4 1
1238 4 1
1243 4 1
1248 4 1
1253 4 1
1258 4 1
1263 4 1
1268 4 1
1273 4 1
1278 4 1
1283 4 1
1288 4 1
1293 4 1
1298 4 1
1303 4 1
1308 4 1
1313 4 1
1318 4 1
1323 4 1
1328 4 1
1333 4 1
1338 4 1
1343 4 1
1348 4 1
1353 4 1
1358 4 1
1363 4 1
1368 4 1
1373 4 1
1378 4 1
1383 4 1
1388 4 1
1393 4 1
1398 4 1
1403 4 1
1408 4 1
1413 4 1
1418 4 1
1423 4 1
1428 4 1
1433 4 1
1438 4 1
1443 4 1
1448 4 1
1453 4 1
1458 4 1
1463 4 1
1468 4 1
1473 4 1
1478 4 1
1483 4 1
1488 4 1
1493 4 1
1498 4 1
1503 4 1
1508 4 1
1513 4 1
1518 4 1
1523 4 1
1528 4 1
1533 4 1
1538 4 1
1543 4 1
1548 4 1
1553 4 1
1558 4 1
1563 4 1
1568 4 1
1573 4 1
1578 4 1
1583 4 1
1588 4 1
1593 4 1
1598 4 1
1603 4 1
1608 4 1
1613 4 1
1618 4 1
1623 4 1
1628 4 1
1633 4 1
1638 4 1
1643 4 1
1648 4 1
1653 4 1
1658 4 1
1663 4 1
1668 4 1
1673 4 1
1678 4 1
1683 4 1
1688 4 1
1693 4 1
1698 4 1
1703 4 1
1708 4 1
1713 4 1
1718 4 1
1723 4 1
1728 4 1
1733 4 1
1738 4 1
1743 4 1
1748 4 1
1753 4 1
1758 4 1
1763 4 1
1768 4 1
1773 4 1
1778 4 1
1783 4 1
1788 4 1
1793 4 1
1798 4 1
1803 4 1
1808 4 1
1813 4 1
1818 4 1
1823 4 1
1828 4 1
1833 4 1
1838 4 1
1843 4 1
1848 4 1
1853 4 1
1858 4 1
1863 4 1
1868 4 1
1873 4 1
1878 4 1
1883 4 1
1888 4 1
1893 4 1
1898 4 1
1903 4 1
1908 4 1
1913 4 1
1918 4 1
1923 4 1
1928 4 1
1933 4 1
1938 4 1
1943 4 1
1948 4 1
1953 4 1
1958 4 1
1963 4 1
1968 4 1
1973 4 1
1978 4 1
1983 4 1
1988 4 1
1993 4 1
1998 4 1
2003 4 1
2008 4 1
2013 4 1
2018 4 1
2023 4 1
2028 4 1
2033 4 1
2038 4 1
2043 4 1
2048 4 1
2053 4 1
2058 4 1
2063 4 1
2068 4 1
2073 4 1
2078 4 1
2083 4 1
2088 4 1
2093 4 1
2098 4 1
2103 4 1
2108 4 1
2113 4 1
2118 4 1
2123 4 1
2128 4 1
2133 4 1
2138 4 1
2143 4 1
2148 4 1
2153 4 1
2158 4 1
2163 4 1
2168 4 1
2173 4 1
2178 4 1
2183 4 1
2188 4 1
2193 4 1
2198 4 1
2203 4 1
2208 4 1
2213 4 1
2218 4 1
2223 4 1
2228 4 1
2233 4 1
2238 4 1
2243 4 1
2248 4 1
2253 4 1
2258 4 1
2263 4 1
2268 4 1
2273 4 1
2278 4 1
2283 4 1
2288 4 1
2293 4 1
2298 4 1
2303 4 1
2308 4 1
2313 4 1
2318 4 1
2323 4 1
2328 4 1
2333 4 1
2338 4 1
2343 4 1
2348 4 1
2353 4 1
2358 4 1
2363 4 1
2368 4 1
2373 4 1
2378 4 1
2383 4 1
2388 4 1
2393 4 1
2398 4 1
2403 4 1
2408 4 1
2413 4 1
2418 4 1
2423 4 1
2428 4 1
2433 4 1
2438 4 1
2443 4 1
2448 4 1
2453 4 1
2458 4 1
2463 4 1
2468 4 1
2473 4 1
2478 4 1
2483 4 1
2488 4 1
2493 4 1
2498 4 1
2503 4 1
2508 4 1
2513 4 1
2518 4 1
2523 4 1
2528 4 1
2533 4 1
2538 4 1
2543 4 1
2548 4 1
2553 4 1
2558 4 1
2563 4 1
2568 4 1
2573 4 1
2578 4 1
2583 4 1
2588 4 1
2593 4 1
2598 4 1
2603 4 1
2608 4 1
2613 4 1
2618 4 1
2623 4 1
2628 4 1
2633 4 1
2638 4 1
2643 4 1
2648 4 1
2653 4 1
2658 4 1
2663 4 1
2668 4 1
2673 4 1
2678 4 1
2683 4 1
2688 4 1
2693 4 1
2698 4 1
2703 4 1
2708 4 1
2713 4 1
2718 4 1
2723 4 1
2728 4 1
2733 4 1
2738 4 1
2743 4 1
2748 4 1
2753 4 1
2758 4 1
2763 4 1
2768 4 1
2773 4 1
2778 4 1
2783 4 1
2788 4 1
2793 4 1
2798 4 1
2803 4 1
2808 4 1
2813 4 1
2818 4 1
2823 4 1
2828 4 1
2833 4 1
2838 4 1
2843 4 1
2848 4 1
2853 4 1
2858 4 1
2863 4 1
2868 4 1
2873 4 1
2878 4 1
2883 4 1
2888 4 1
2893 4 1
2898 4 1
2903 4 1
2908 4 1
2913 4 1
2918 4 1
2923 4 1
2928 4 1
2933 4 1
2938 4 1
2943 4 1
2948 4 1
2953 4 1
2958 4 1
2963 4 1
2968 4 1
2973 4 1
2978 4 1
2983 4 1
2988 4 1
2993 4 1
2998 4 1
3003 4 1
3008 4 1
3013 4 1
3018 4 1
3023 4 1
3028 4 1
3033 4 1
3038 4 1
3043 4 1
3048 4 1
3053 4 1
3058 4 1
3063 4 1
3068 4 1
3073 4 1
3078 4 1
3083 4 1
3088 4 1
3093 4 1
3098 4 1
3103 4 1
3108 4 1
3113 4 1
3118 4 1
3123 4 1
3128 4 1
3133 4 1
3138 4 1
3143 4 1
3148 4 1
3153 4 1
3158 4 1
3163 4 1
3168 4 1
3173 4 1
3178 4 1
3183 4 1
3188 4 1
3193 4 1
3198 4 1
3203 4 1
3208 4 1
3213 4 1
3218 4 1
3223 4 1
3228 4 1
3233 4 1
3238 4 1
3243 4 1
3248 4 1
3253 4 1
3258 4 1
3263 4 1
3268 4 1
3273 4 1
3278 4 1
3283 4 1
3288 4 1
3293 4 1
3298 4 1
3303 4 1
3308 4 1
3313 4 1
3318 4 1
3323 4 1
3328 4 1
3333 4 1
3338 4 1
3343 4 1
3348 4 1
3353 4 1
3358 4 1
3363 4 1
3368 4 1
3373 4 1
3378 4 1
3383 4 1
3388 4 1
3393 4 1
3398 4 1
3403 4 1
3408 4 1
3413 4 1
3418 4 1
3423 4 1
3428 4 1
3433 4 1
3438 4 1
3443 4 1
3448 4 1
3453 4 1
3458 4 1
3463 4 1
3468 4 1
3473 4 1
3478 4 1
3483 4 1
3488 4 1
3493 4 1
3498 4 1
3503 4 1
3508 4 1
3513 4 1
3518 4 1
3523 4 1
3528 4 1
3533 4 1
3538 4 1
3543 4 1
3548 4 1
3553 4 1
3558 4 1
3563 4 1
3568 4 1
3573 4 1
3578 4 1
3583 4 1
3588 4 1
3593 4 1
3598 4 1
3603 4 1
3608 4 1
3613 4 1
3618 4 1
3623 4 1
3628 4 1
3633 4 1
3638 4 1
3643 4 1
3648 4 1
3653 4 1
3658 4 1
3663 4 1
3668 4 1
3673 4 1
3678 4 1
3683 4 1
3688 4 1
3693 4 1
3698 4 1
3703 4 1
3708 4 1
3713 4 1
3718 4 1
3723 4 1
3728 4 1
3733 4 1
3738 4 1
3743 4 1
3748 4 1
3753 4 1
1 5 1
5 5 1
10 5 1
15 5 1
20 5 1
25 5 1
30 5 1
35 5 1
40 5 1
45 5 1
50 5 1
55 5 1
60 5 1
65 5 1
70 5 1
75 5 1
80 5 1
85 5 1
90 5 1
95 5 1
100 5 1
105 5 1
110 5 1
115 5 1
120 5 1
125 5 1
130 5 1
135 5 1
140 5 1
145 5 1
150 5 1
155 5 1
160 5 1
165 5 1
170 5 1
175 5 1
180 5 1
185 5 1
190 5 1
195 5 1
200 5 1
205 5 1
210 5 1
215 5 1
220 5 1
225 5 1
230 5 1
235 5 1
240 5 1
245 5 1
250 5 1
255 5 1
260 5 1
265 5 1
270 5 1
275 5 1
280 5 1
285 5 1
290 5 1
295 5 1
300 5 1
305 5 1
310 5 1
315 5 1
320 5 1
325 5 1
330 5 1
335 5 1
340 5 1
345 5 1
350 5 1
355 5 1
360 5 1
365 5 1
370 5 1
375 5 1
380 5 1
385 5 1
390 5 1
395 5 1
400 5 1
405 5 1
410 5 1
415 5 1
420 5 1
425 5 1
430 5 1
435 5 1
440 5 1
445 5 1
450 5 1
455 5 1
460 5 1
465 5 1
470 5 1
475 5 1
480 5 1
485 5 1
490 5 1
495 5 1
500 5 1
505 5 1
510 5 1
515 5 1
520 5 1
525 5 1
530 5 1
535 5 1
540 5 1
545 5 1
550 5 1
555 5 1
560 5 1
565 5 1
570 5 1
575 5 1
580 5 1
585 5 1
590 5 1
595 5 1
600 5 1
605 5 1
610 5 1
615 5 1
620 5 1
625 5 1
630 5 1
635 5 1
640 5 1
645 5 1
650 5 1
655 5 1
660 5 1
665 5 1
670 5 1
675 5 1
680 5 1
685 5 1
690 5 1
695 5 1
700 5 1
705 5 1
710 5 1
715 5 1
720 5 1
725 5 1
730 5 1
735 5 1
740 5 1
745 5 1
750 5 1
755 5 1
760 5 1
765 5 1
770 5 1
775 5 1
780 5 1
785 5 1
790 5 1
795 5 1
800 5 1
805 5 1
810 5 1
815 5 1
820 5 1
825 5 1
830 5 1
835 5 1
840 5 1
845 5 1
850 5 1
855 5 1
860 5 1
865 5 1
870 5 1
875 5 1
880 5 1
885 5 1
890 5 1
895 5 1
900 5 1
905 5 1
910 5 1
915 5 1
920 5 1
925 5 1
930 5 1
935 5 1
940 5 1
945 5 1
950 5 1
955 5 1
960 5 1
965 5 1
970 5 1
975 5 1
980 5 1
985 5 1
990 5 1
995 5 1
1000 5 1
1005 5 1
1010 5 1
1015 5 1
1020 5 1
1025 5 1
1030 5 1
1035 5 1
1040 5 1
1045 5 1
1050 5 1
1055 5 1
1060 5 1
1065 5 1
1070 5 1
1075 5 1
1080 5 1
1085 5 1
1090 5 1
1095 5 1
1100 5 1
1105 5 1
1110 5 1
1115 5 1
1120 5 1
1125 5 1
1130 5 1
1135 5 1
1140 5 1
1145 5 1
1150 5 1
1155 5 1
1160 5 1
1165 5 1
1170 5 1
1175 5 1
1180 5 1
1185 5 1
1190 5 1
1195 5 1
1200 5 1
1205 5 1
1210 5 1
1215 5 1
1220 5 1
1225 5 1
1230 5 1
1235 5 1
1240 5 1
1245 5 1
1250 5 1
1255 5 1
1260 5 1
1265 5 1
1270 5 1
1275 5 1
1280 5 1
1285 5 1
1290 5 1
1295 5 1
1300 5 1
1305 5 1
1310 5 1
1315 5 1
1320 5 1
1325 5 1
1330 5 1
1335 5 1
1340 5 1
1345 5 1
1350 5 1
1355 5 1
1360 5 1
1365 5 1
1370 5 1
1375 5 1
1380 5 1
1385 5 1
1390 5 1
1395 5 1
1400 5 1
1405 5 1
1410 5 1
1415 5 1
1420 5 1
1425 5 1
1430 5 1
1435 5 1
1440 5 1
1445 5 1
1450 5 1
1455 5 1
1460 5 1
1465 5 1
1470 5 1
1475 5 1
1480 5 1
1485 5 1
1490 5 1
1495 5 1
1500 5 1
1505 5 1
1510 5 1
1515 5 1
1520 5 1
1525 5 1
1530 5 1
1535 5 1
1540 5 1
1545 5 1
1550 5 1
1555 5 1
1560 5 1
1565 5 1
1570 5 1
1575 5 1
1580 5 1
1585 5 1
1590 5 1
1595 5 1
1600 5 1
1605 5 1
1610 5 1
1615 5 1
1620 5 1
1625 5 1
1630 5 1
1635 5 1
1640 5 1
1645 5 1
1650 5 1
1655 5 1
1660 5 1
1665 5 1
1670 5 1
1675 5 1
1680 5 1
1685 5 1
1690 5 1
1695 5 1
1700 5 1
1705 5 1
1710 5 1
1715 5 1
1720 5 1
1725 5 1
1730 5 1
1735 5 1
1740 5 1
1745 5 1
1750 5 1
1755 5 1
1760 5 1
1765 5 1
1770 5 1
1775 5 1
1780 5 1
1785 5 1
1790 5 1
1795 5 1
1800 5 1
1805 5 1
1810 5 1
1815 5 1
1820 5 1
1825 5 1
1830 5 1
1835 5 1
1840 5 1
1845 5 1
1850 5 1
1855 5 1
1860 5 1
1865 5 1
1870 5 1
1875 5 1
1880 5 1
1885 5 1
1890 5 1
1895 5 1
1900 5 1
1905 5 1
1910 5 1
1915 5 1
1920 5 1
1925 5 1
1930 5 1
1935 5 1
1940 5 1
1945 5 1
1950 5 1
1955 5 1
1960 5 1
1965 5 1
1970 5 1
1975 5 1
1980 5 1
1985 5 1
1990 5 1
1995 5 1
2000 5 1
2005 5 1
2010 5 1
2015 5 1
2020 5 1
2025 5 1
2030 5 1
2035 5 1
2040 5 1
2045 5 1
2050 5 1
2055 5 1
2060 5 1
2065 5 1
2070 5 1
2075 5 1
2080 5 1
2085 5 1
2090 5 1
2095 5 1
2100 5 1
2105 5 1
2110 5 1
2115 5 1
2120 5 1
2125 5 1
2130 5 1
2135 5 1
2140 5 1
2145 5 1
2150 5 1
2155 5 1
2160 5 1
2165 5 1
2170 5 1
2175 5 1
2180 5 1
2185 5 1
2190 5 1
2195 5 1
2200 5 1
2205 5 1
2210 5 1
2215 5 1
2220 5 1
2225 5 1
2230 5 1
2235 5 1
2240 5 1
2245 5 1
2250 5 1
2255 5 1
2260 5 1
2265 5 1
2270 5 1
2275 5 1
2280 5 1
2285 5 1
2290 5 1
2295 5 1
2300 5 1
2305 5 1
2310 5 1
2315 5 1
2320 5 1
2325 5 1
2330 5 1
2335 5 1
2340 5 1
2345 5 1
2350 5 1
2355 5 1
2360 5 1
2365 5 1
2370 5 1
2375 5 1
2380 5 1
2385 5 1
2390 5 1
2395 5 1
2400 5 1
2405 5 1
2410 5 1
2415 5 1
2420 5 1
2425 5 1
2430 5 1
2435 5 1
2440 5 1
2445 5 1
2450 5 1
2455 5 1
2460 5 1
2465 5 1
2470 5 1
2475 5 1
2480 5 1
2485 5 1
2490 5 1
2495 5 1
2500 5 1
2505 5 1
2510 5 1
2515 5 1
2520 5 1
2525 5 1
2530 5 1
2535 5 1
2540 5 1
2545 5 1
2550 5 1
2555 5 1
2560 5 1
2565 5 1
2570 5 1
2575 5 1
2580 5 1
2585 5 1
2590 5 1
2595 5 1
2600 5 1
2605 5 1
2610 5 1
2615 5 1
2620 5 1
2625 5 1
2630 5 1
2635 5 1
2640 5 1
2645 5 1
2650 5 1
2655 5 1
2660 5 1
2665 5 1
2670 5 1
2675 5 1
2680 5 1
2685 5 1
2690 5 1
2695 5 1
2700 5 1
2705 5 1
2710 5 1
2715 5 1
2720 5 1
2725 5 1
2730 5 1
2735 5 1
2740 5 1
2745 5 1
2750 5 1
2755 5 1
2760 5 1
2765 5 1
2770 5 1
2775 5 1
2780 5 1
2785 5 1
2790 5 1
2795 5 1
2800 5 1
2805 5 1
2810 5 1
2815 5 1
2820 5 1
2825 5 1
2830 5 1
2835 5 1
2840 5 1
2845 5 1
2850 5 1
2855 5 1
2860 5 1
2865 5 1
2870 5 1
2875 5 1
2880 5 1
2885 5 1
2890 5 1
2895 5 1
2900 5 1
2905 5 1
2910 5 1
2915 5 1
2920 5 1
2925 5 1
2930 5 1
2935 5 1
2940 5 1
2945 5 1
2950 5 1
2955 5 1
2960 5 1
2965 5 1
2970 5 1
2975 5 1
2980 5 1
2985 5 1
2990 5 1
2995 5 1
3000 5 1
3005 5 1
3010 5 1
3015 5 1
3020 5 1
3025 5 1
3030 5 1
3035 5 1
3040 5 1
3045 5 1
3050 5 1
3055 5 1
3060 5 1
3065 5 1
3070 5 1
3075 5 1
3080 5 1
3085 5 1
3090 5 1
3095 5 1
3100 5 1
3105 5 1
3110 5 1
3115 5 1
3120 5 1
3125 5 1
3130 5 1
3135 5 1
3140 5 1
3145 5 1
3150 5 1
3155 5 1
3160 5 1
3165 5 1
3170 5 1
3175 5 1
3180 5 1
3185 5 1
3190 5 1
3195 5 1
3200 5 1
3205 5 1
3210 5 1
3215 5 1
3220 5 1
3225 5 1
3230 5 1
3235 5 1
3240 5 1
3245 5 1
3250 5 1
3255 5 1
3260 5 1
3265 5 1
3270 5 1
3275 5 1
3280 5 1
3285 5 1
3290 5 1
3295 5 1
3300 5 1
3305 5 1
3310 5 1
3315 5 1
3320 5 1
3325 5 1
3330 5 1
3335 5 1
3340 5 1
3345 5 1
3350 5 1
3355 5 1
3360 5 1
3365 5 1
3370 5 1
3375 5 1
3380 5 1
3385 5 1
3390 5 1
3395 5 1
3400 5 1
3405 5 1
3410 5 1
3415 5 1
3420 5 1
3425 5 1
3430 5 1
3435 5 1
3440 5 1
3445 5 1
3450 5 1
3455 5 1
3460 5 1
3465 5 1
3470 5 1
3475 5 1
3480 5 1
3485 5 1
3490 5 1
3495 5 1
3500 5 1
3505 5 1
3510 5 1
3515 5 1
3520 5 1
3525 5 1
3530 5 1
3535 5 1
3540 5 1
3545 5 1
3550 5 1
3555 5 1
3560 5 1
3565 5 1
3570 5 1
3575 5 1
3580 5 1
3585 5 1
3590 5 1
3595 5 1
3600 5 1
3605 5 1
3610 5 1
3615 5 1
3620 5 1
3625 5 1
3630 5 1
3635 5 1
3640 5 1
3645 5 1
3650 5 1
3655 5 1
3660 5 1
3665 5 1
3670 5 1
3675 5 1
3680 5 1
3685 5 1
3690 5 1
3695 5 1
3700 5 1
3705 5 1
3710 5 1
3715 5 1
3720 5 1
3725 5 1
3730 5 1
3735 5 1
3740 5 1
3745 5 1
3750 5 1
1 6 1
6 6 1
11 6 1
16 6 1
21 6 1
26 6 1
31 6 1
36 6 1
41 6 1
46 6 1
51 6 1
56 6 1
61 6 1
66 6 1
71 6 1
76 6 1
81 6 1
86 6 1
91 6 1
96 6 1
101 6 1
106 6 1
111 6 1
116 6 1
121 6 1
126 6 1
131 6 1
136 6 1
141 6 1
146 6 1
151 6 1
156 6 1
161 6 1
166 6 1
171 6 1
176 6 1
181 6 1
186 6 1
191 6 1
196 6 1
201 6 1
206 6 1
211 6 1
216 6 1
221 6 1
226 6 1
231 6 1
236 6 1
241 6 1
246 6 1
251 6 1
256 6 1
261 6 1
266 6 1
271 6 1
276 6 1
281 6 1
286 6 1
291 6 1
296 6 1
301 6 1
306 6 1
311 6 1
316 6 1
321 6 1
326 6 1
331 6 1
336 6 1
341 6 1
346 6 1
351 6 1
356 6 1
361 6 1
366 6 1
371 6 1
376 6 1
381 6 1
386 6 1
391 6 1
396 6 1
401 6 1
406 6 1
411 6 1
416 6 1
421 6 1
426 6 1
431 6 1
436 6 1
441 6 1
446 6 1
451 6 1
456 6 1
461 6 1
466 6 1
471 6 1
476 6 1
481 6 1
486 6 1
491 6 1
496 6 1
501 6 1
506 6 1
511 6 1
516 6 1
521 6 1
526 6 1
531 6 1
536 6 1
541 6 1
546 6 1
551 6 1
556 6 1
561 6 1
566 6 1
571 6 1
576 6 1
581 6 1
586 6 1
591 6 1
596 6 1
601 6 1
606 6 1
611 6 1
616 6 1
621 6 1
626 6 1
631 6 1
636 6 1
641 6 1
646 6 1
651 6 1
656 6 1
661 6 1
666 6 1
671 6 1
676 6 1
681 6 1
686 6 1
691 6 1
696 6 1
701 6 1
706 6 1
711 6 1
716 6 1
721 6 1
726 6 1
731 6 1
736 6 1
741 6 1
746 6 1
751 6 1
756 6 1
761 6 1
766 6 1
771 6 1
776 6 1
781 6 1
786 6 1
791 6 1
796 6 1
801 6 1
806 6 1
811 6 1
816 6 1
821 6 1
826 6 1
831 6 1
836 6 1
841 6 1
846 6 1
851 6 1
856 6 1
861 6 1
866 6 1
871 6 1
876 6 1
881 6 1
886 6 1
891 6 1
896 6 1
901 6 1
906 6 1
911 6 1
916 6 1
921 6 1
926 6 1
931 6 1
936 6 1
941 6 1
946 6 1
951 6 1
956 6 1
961 6 1
966 6 1
971 6 1
976 6 1
981 6 1
986 6 1
991 6 1
996 6 1
1001 6 1
1006 6 1
1011 6 1
1016 6 1
1021 6 1
1026 6 1
1031 6 1
1036 6 1
1041 6 1
1046 6 1
1051 6 1
1056 6 1
1061 6 1
1066 6 1
1071 6 1
1076 6 1
1081 6 1
1086 6 1
1091 6 1
1096 6 1
1101 6 1
1106 6 1
1111 6 1
1116 6 1
1121 6 1
1126 6 1
1131 6 1
1136 6 1
1141 6 1
1146 6 1
1151 6 1
1156 6 1
1161 6 1
1166 6 1
1171 6 1
1176 6 1
1181 6 1
1186 6 1
1191 6 1
1196 6 1
1201 6 1
1206 6 1
1211 6 1
1216 6 1
1221 6 1
1226 6 1
1231 6 1
1236 6 1
1241 6 1
1246 6 1
1251 6 1
1256 6 1
1261 6 1
1266 6 1
1271 6 1
1276 6 1
1281 6 1
1286 6 1
1291 6 1
1296 6 1
1301 6 1
1306 6 1
1311 6 1
1316 6 1
1321 6 1
1326 6 1
1331 6 1
1336 6 1
1341 6 1
1346 6 1
1351 6 1
1356 6 1
1361 6 1
1366 6 1
1371 6 1
1376 6 1
1381 6 1
1386 6 1
1391 6 1
1396 6 1
1401 6 1
1406 6 1
1411 6 1
1416 6 1
1421 6 1
1426 6 1
1431 6 1
1436 6 1
1441 6 1
1446 6 1
1451 6 1
1456 6 1
1461 6 1
1466 6 1
1471 6 1
1476 6 1
1481 6 1
1486 6 1
1491 6 1
1496 6 1
1501 6 1
1506 6 1
1511 6 1
1516 6 1
1521 6 1
1526 6 1
1531 6 1
1536 6 1
1541 6 1
1546 6 1
1551 6 1
1556 6 1
1561 6 1
1566 6 1
1571 6 1
1576 6 1
1581 6 1
1586 6 1
1591 6 1
1596 6 1
1601 6 1
1606 6 1
1611 6 1
1616 6 1
1621 6 1
1626 6 1
1631 6 1
1636 6 1
1641 6 1
1646 6 1
1651 6 1
1656 6 1
1661 6 1
1666 6 1
1671 6 1
1676 6 1
1681 6 1
1686 6 1
1691 6 1
1696 6 1
1701 6 1
1706 6 1
1711 6 1
1716 6 1
1721 6 1
1726 6 1
1731 6 1
1736 6 1
1741 6 1
1746 6 1
1751 6 1
1756 6 1
1761 6 1
1766 6 1
1771 6 1
1776 6 1
1781 6 1
1786 6 1
1791 6 1
1796 6 1
1801 6 1
1806 6 1
1811 6 1
1816 6 1
1821 6 1
1826 6 1
1831 6 1
1836 6 1
1841 6 1
1846 6 1
1851 6 1
1856 6 1
1861 6 1
1866 6 1
1871 6 1
1876 6 1
1881 6 1
1886 6 1
1891 6 1
1896 6 1
1901 6 1
1906 6 1
1911 6 1
1916 6 1
1921 6 1
1926 6 1
1931 6 1
1936 6 1
1941 6 1
1946 6 1
1951 6 1
1956 6 1
1961 6 1
1966 6 1
1971 6 1
1976 6 1
1981 6 1
1986 6 1
1991 6 1
1996 6 1
2001 6 1
2006 6 1
2011 6 1
2016 6 1
2021 6 1
2026 6 1
2031 6 1
2036 6 1
2041 6 1
2046 6 1
2051 6 1
2056 6 1
2061 6 1
2066 6 1
2071 6 1
2076 6 1
2081 6 1
2086 6 1
2091 6 1
2096 6 1
2101 6 1
2106 6 1
2111 6 1
2116 6 1
2121 6 1
2126 6 1
2131 6 1
2136 6 1
2141 6 1
2146 6 1
2151 6 1
2156 6 1
2161 6 1
2166 6 1
2171 6 1
2176 6 1
2181 6 1
2186 6 1
2191 6 1
2196 6 1
2201 6 1
2206 6 1
2211 6 1
2216 6 1
2221 6 1
2226 6 1
2231 6 1
2236 6 1
2241 6 1
2246 6 1
2251 6 1
2256 6 1
2261 6 1
2266 6 1
2271 6 1
2276 6 1
2281 6 1
2286 6 1
2291 6 1
2296 6 1
2301 6 1
2306 6 1
2311 6 1
2316 6 1
2321 6 1
2326 6 1
2331 6 1
2336 6 1
2341 6 1
2346 6 1
2351 6 1
2356 6 1
2361 6 1
2366 6 1
2371 6 1
2376 6 1
2381 6 1
2386 6 1
2391 6 1
2396 6 1
2401 6 1
2406 6 1
2411 6 1
2416 6 1
2421 6 1
2426 6 1
2431 6 1
2436 6 1
2441 6 1
2446 6 1
2451 6 1
2456 6 1
2461 6 1
2466 6 1
2471 6 1
2476 6 1
2481 6 1
2486 6 1
2491 6 1
2496 6 1
2501 6 1
2506 6 1
2511 6 1
2516 6 1
2521 6 1
2526 6 1
2531 6 1
2536 6 1
2541 6 1
2546 6 1
2551 6 1
2556 6 1
2561 6 1
2566 6 1
2571 6 1
2576 6 1
2581 6 1
2586 6 1
2591 6 1
2596 6 1
2601 6 1
2606 6 1
2611 6 1
2616 6 1
2621 6 1
2626 6 1
2631 6 1
2636 6 1
2641 6 1
2646 6 1
2651 6 1
2656 6 1
2661 6 1
2666 6 1
2671 6 1
2676 6 1
2681 6 1
2686 6 1
2691 6 1
2696 6 1
2701 6 1
2706 6 1
2711 6 1
2716 6 1
2721 6 1
2726 6 1
2731 6 1
2736 6 1
2741 6 1
2746 6 1
2751 6 1
2756 6 1
2761 6 1
2766 6 1
2771 6 1
2776 6 1
2781 6 1
2786 6 1
2791 6 1
2796 6 1
2801 6 1
2806 6 1
2811 6 1
2816 6 1
2821 6 1
2826 6 1
2831 6 1
2836 6 1
2841 6 1
2846 6 1
2851 6 1
2856 6 1
2861 6 1
2866 6 1
2871 6 1
2876 6 1
2881 6 1
2886 6 1
2891 6 1
2896 6 1
2901 6 1
2906 6 1
2911 6 1
2916 6 1
2921 6 1
2926 6 1
2931 6 1
2936 6 1
2941 6 1
2946 6 1
2951 6 1
2956 6 1
2961 6 1
2966 6 1
2971 6 1
2976 6 1
2981 6 1
2986 6 1
2991 6 1
2996 6 1
3001 6 1
3006 6 1
3011 6 1
3016 6 1
3021 6 1
3026 6 1
3031 6 1
3036 6 1
3041 6 1
3046 6 1
3051 6 1
3056 6 1
3061 6 1
3066 6 1
3071 6 1
3076 6 1
3081 6 1
3086 6 1
3091 6 1
3096 6 1
3101 6 1
3106 6 1
3111 6 1
3116 6 1
3121 6 1
3126 6 1
3131 6 1
3136 6 1
3141 6 1
3146 6 1
3151 6 1
3156 6 1
3161 6 1
3166 6 1
3171 6 1
3176 6 1
3181 6 1
3186 6 1
3191 6 1
3196 6 1
3201 6 1
3206 6 1
3211 6 1
3216 6 1
3221 6 1
3226 6 1
3231 6 1
3236 6 1
3241 6 1
3246 6 1
3251 6 1
3256 6 1
3261 6 1
3266 6 1
3271 6 1
3276 6 1
3281 6 1
3286 6 1
3291 6 1
3296 6 1
3301 6 1
3306 6 1
3311 6 1
3316 6 1
3321 6 1
3326 6 1
3331 6 1
3336 6 1
3341 6 1
3346 6 1
3351 6 1
3356 6 1
3361 6 1
3366 6 1
3371 6 1
3376 6 1
3381 6 1
3386 6 1
3391 6 1
3396 6 1
3401 6 1
3406 6 1
3411 6 1
3416 6 1
3421 6 1
3426 6 1
3431 6 1
3436 6 1
3441 6 1
3446 6 1
3451 6 1
3456 6 1
3461 6 1
3466 6 1
3471 6 1
3476 6 1
3481 6 1
3486 6 1
3491 6 1
3496 6 1
3501 6 1
3506 6 1
3511 6 1
3516 6 1
3521 6 1
3526 6 1
3531 6 1
3536 6 1
3541 6 1
3546 6 1
3551 6 1
3556 6 1
3561 6 1
3566 6 1
3571 6 1
3576 6 1
3581 6 1
3586 6 1
3591 6 1
3596 6 1
3601 6 1
3606 6 1
3611 6 1
3616 6 1
3621 6 1
3626 6 1
3631 6 1
3636 6 1
3641 6 1
3646 6 1
3651 6 1
3656 6 1
3661 6 1
3666 6 1
3671 6 1
3676 6 1
3681 6 1
3686 6 1
3691 6 1
3696 6 1
3701 6 1
3706 6 1
3711 6 1
3716 6 1
3721 6 1
3726 6 1
3731 6 1
3736 6 1
3741 6 1
3746 6 1
3751 6 1
1 7 1
7 7 1
12 7 1
17 7 1
22 7 1
27 7 1
32 7 1
37 7 1
42 7 1
47 7 1
52 7 1
57 7 1
62 7 1
67 7 1
72 7 1
77 7 1
82 7 1
87 7 1
92 7 1
97 7 1
102 7 1
107 7 1
112 7 1
117 7 1
122 7 1
127 7 1
132 7 1
137 7 1
142 7 1
147 7 1
152 7 1
157 7 1
162 7 1
167 7 1
172 7 1
177 7 1
182 7 1
187 7 1
192 7 1
197 7 1
202 7 1
207 7 1
212 7 1
217 7 1
222 7 1
227 7 1
232 7 1
237 7 1
242 7 1
247 7 1
252 7 1
257 7 1
262 7 1
267 7 1
272 7 1
277 7 1
282 7 1
287 7 1
292 7 1
297 7 1
302 7 1
307 7 1
312 7 1
317 7 1
322 7 1
327 7 1
332 7 1
337 7 1
342 7 1
347 7 1
352 7 1
357 7 1
362 7 1
367 7 1
372 7 1
377 7 1
382 7 1
387 7 1
392 7 1
397 7 1
402 7 1
407 7 1
412 7 1
417 7 1
422 7 1
427 7 1
432 7 1
437 7 1
442 7 1
447 7 1
452 7 1
457 7 1
462 7 1
467 7 1
472 7 1
477 7 1
482 7 1
487 7 1
492 7 1
497 7 1
502 7 1
507 7 1
512 7 1
517 7 1
522 7 1
527 7 1
532 7 1
537 7 1
542 7 1
547 7 1
552 7 1
557 7 1
562 7 1
567 7 1
572 7 1
577 7 1
582 7 1
587 7 1
592 7 1
597 7 1
602 7 1
607 7 1
612 7 1
617 7 1
622 7 1
627 7 1
632 7 1
637 7 1
642 7 1
647 7 1
652 7 1
657 7 1
662 7 1
667 7 1
672 7 1
677 7 1
682 7 1
687 7 1
692 7 1
697 7 1
702 7 1
707 7 1
712 7 1
717 7 1
722 7 1
727 7 1
732 7 1
737 7 1
742 7 1
747 7 1
752 7 1
757 7 1
762 7 1
767 7 1
772 7 1
777 7 1
782 7 1
787 7 1
792 7 1
797 7 1
802 7 1
807 7 1
812 7 1
817 7 1
822 7 1
827 7 1
832 7 1
837 7 1
842 7 1
847 7 1
852 7 1
857 7 1
862 7 1
867 7 1
872 7 1
877 7 1
882 7 1
887 7 1
892 7 1
897 7 1
902 7 1
907 7 1
912 7 1
917 7 1
922 7 1
927 7 1
932 7 1
937 7 1
942 7 1
947 7 1
952 7 1
957 7 1
962 7 1
967 7 1
972 7 1
977 7 1
982 7 1
987 7 1
992 7 1
997 7 1
1002 7 1
1007 7 1
1012 7 1
1017 7 1
1022 7 1
1027 7 1
1032 7 1
1037 7 1
1042 7 1
1047 7 1
1052 7 1
1057 7 1
1062 7 1
1067 7 1
1072 7 1
1077 7 1
1082 7 1
1087 7 1
1092 7 1
1097 7 1
1102 7 1
1107 7 1
1112 7 1
1117 7 1
1122 7 1
1127 7 1
1132 7 1
1137 7 1
1142 7 1
1147 7 1
1152 7 1
1157 7 1
1162 7 1
1167 7 1
1172 7 1
1177 7 1
1182 7 1
1187 7 1
1192 7 1
1197 7 1
1202 7 1
1207 7 1
1212 7 1
1217 7 1
1222 7 1
1227 7 1
1232 7 1
1237 7 1
1242 7 1
1247 7 1
1252 7 1
1257 7 1
1262 7 1
1267 7 1
1272 7 1
1277 7 1
1282 7 1
1287 7 1
1292 7 1
1297 7 1
1302 7 1
1307 7 1
1312 7 1
1317 7 1
1322 7 1
1327 7 1
1332 7 1
1337 7 1
1342 7 1
1347 7 1
1352 7 1
1357 7 1
1362 7 1
1367 7 1
1372 7 1
1377 7 1
1382 7 1
1387 7 1
1392 7 1
1397 7 1
1402 7 1
1407 7 1
1412 7 1
1417 7 1
1422 7 1
1427 7 1
1432 7 1
1437 7 1
1442 7 1
1447 7 1
1452 7 1
1457 7 1
1462 7 1
1467 7 1
1472 7 1
1477 7 1
1482 7 1
1487 7 1
1492 7 1
1497 7 1
1502 7 1
1507 7 1
1512 7 1
1517 7 1
1522 7 1
1527 7 1
1532 7 1
1537 7 1
1542 7 1
1547 7 1
1552 7 1
1557 7 1
1562 7 1
1567 7 1
1572 7 1
1577 7 1
1582 7 1
1587 7 1
1592 7 1
1597 7 1
1602 7 1
1607 7 1
1612 7 1
1617 7 1
1622 7 1
1627 7 1
1632 7 1
1637 7 1
1642 7 1
1647 7 1
1652 7 1
1657 7 1
1662 7 1
1667 7 1
1672 7 1
1677 7 1
1682 7 1
1687 7 1
1692 7 1
1697 7 1
1702 7 1
1707 7 1
1712 7 1
1717 7 1
1722 7 1
1727 7 1
1732 7 1
1737 7 1
1742 7 1
1747 7 1
1752 7 1
1757 7 1
1762 7 1
1767 7 1
1772 7 1
1777 7 1
1782 7 1
1787 7 1
1792 7 1
1797 7 1
1802 7 1
1807 7 1
1812 7 1
1817 7 1
1822 7 1
1827 7 1
1832 7 1
1837 7 1
1842 7 1
1847 7 1
1852 7 1
1857 7 1
1862 7 1
1867 7 1
1872 7 1
1877 7 1
1882 7 1
1887 7 1
1892 7 1
1897 7 1
1902 7 1
1907 7 1
1912 7 1
1917 7 1
1922 7 1
1927 7 1
1932 7 1
1937 7 1
1942 7 1
1947 7 1
1952 7 1
1957 7 1
1962 7 1
1967 7 1
1972 7 1
1977 7 1
1982 7 1
1987 7 1
1992 7 1
1997 7 1
2002 7 1
2007 7 1
2012 7 1
2017 7 1
2022 7 1
2027 7 1
2032 7 1
2037 7 1
2042 7 1
2047 7 1
2052 7 1
2057 7 1
2062 7 1
2067 7 1
2072 7 1
2077 7 1
2082 7 1
2087 7 1
2092 7 1
2097 7 1
2102 7 1
2107 7 1
2112 7 1
2117 7 1
2122 7 1
2127 7 1
2132 7 1
2137 7 1
2142 7 1
2147 7 1
2152 7 1
2157 7 1
2162 7 1
2167 7 1
2172 7 1
2177 7 1
2182 7 1
2187 7 1
2192 7 1
2197 7 1
2202 7 1
2207 7 1
2212 7 1
2217 7 1
2222 7 1
2227 7 1
2232 7 1
2237 7 1
2242 7 1
2247 7 1
2252 7 1
2257 7 1
2262 7 1
2267 7 1
2272 7 1
2277 7 1
2282 7 1
2287 7 1
2292 7 1
2297 7 1
2302 7 1
2307 7 1
2312 7 1
2317 7 1
2322 7 1
2327 7 1
2332 7 1
2337 7 1
2342 7 1
2347 7 1
2352 7 1
2357 7 1
2362 7 1
2367 7 1
2372 7 1
2377 7 1
2382 7 1
2387 7 1
2392 7 1
2397 7 1
2402 7 1
2407 7 1
2412 7 1
2417 7 1
2422 7 1
2427 7 1
2432 7 1
2437 7 1
2442 7 1
2447 7 1
2452 7 1
2457 7 1
2462 7 1
2467 7 1
2472 7 1
2477 7 1
2482 7 1
2487 7 1
2492 7 1
2497 7 1
2502 7 1
2507 7 1
2512 7 1
2517 7 1
2522 7 1
2527 7 1
2532 7 1
2537 7 1
2542 7 1
2547 7 1
2552 7 1
2557 7 1
2562 7 1
2567 7 1
2572 7 1
2577 7 1
2582 7 1
2587 7 1
2592 7 1
2597 7 1
2602 7 1
2607 7 1
2612 7 1
2617 7 1
2622 7 1
2627 7 1
2632 7 1
2637 7 1
2642 7 1
2647 7 1
2652 7 1
2657 7 1
2662 7 1
2667 7 1
2672 7 1
2677 7 1
2682 7 1
2687 7 1
2692 7 1
2697 7 1
2702 7 1
2707 7 1
2712 7 1
2717 7 1
2722 7 1
2727 7 1
2732 7 1
2737 7 1
2742 7 1
2747 7 1
2752 7 1
2757 7 1
2762 7 1
2767 7 1
2772 7 1
2777 7 1
2782 7 1
2787 7 1
2792 7 1
2797 7 1
2802 7 1
2807 7 1
2812 7 1
2817 7 1
2822 7 1
2827 7 1
2832 7 1
2837 7 1
2842 7 1
2847 7 1
2852 7 1
2857 7 1
2862 7 1
2867 7 1
2872 7 1
2877 7 1
2882 7 1
2887 7 1
2892 7 1
2897 7 1
2902 7 1
2907 7 1
2912 7 1
2917 7 1
2922 7 1
2927 7 1
2932 7 1
2937 7 1
2942 7 1
2947 7 1
2952 7 1
2957 7 1
2962 7 1
2967 7 1
2972 7 1
2977 7 1
2982 7 1
2987 7 1
2992 7 1
2997 7 1
3002 7 1
3007 7 1
3012 7 1
3017 7 1
3022 7 1
3027 7 1
3032 7 1
3037 7 1
3042 7 1
3047 7 1
3052 7 1
3057 7 1
3062 7 1
3067 7 1
3072 7 1
3077 7 1
3082 7 1
3087 7 1
3092 7 1
3097 7 1
3102 7 1
3107 7 1
3112 7 1
3117 7 1
3122 7 1
3127 7 1
3132 7 1
3137 7 1
3142 7 1
3147 7 1
3152 7 1
3157 7 1
3162 7 1
3167 7 1
3172 7 1
3177 7 1
3182 7 1
3187 7 1
3192 7 1
3197 7 1
3202 7 1
3207 7 1
3212 7 1
3217 7 1
3222 7 1
3227 7 1
3232 7 1
3237 7 1
3242 7 1
3247 7 1
3252 7 1
3257 7 1
3262 7 1
3267 7 1
3272 7 1
3277 7 1
3282 7 1
3287 7 1
3292 7 1
3297 7 1
3302 7 1
3307 7 1
3312 7 1
3317 7 1
3322 7 1
3327 7 1
3332 7 1
3337 7 1
3342 7 1
3347 7 1
3352 7 1
3357 7 1
3362 7 1
3367 7 1
3372 7 1
3377 7 1
3382 7 1
3387 7 1
3392 7 1
3397 7 1
3402 7 1
3407 7 1
3412 7 1
3417 7 1
3422 7 1
3427 7 1
3432 7 1
3437 7 1
3442 7 1
3447 7 1
3452 7 1
3457 7 1
3462 7 1
3467 7 1
3472 7 1
3477 7 1
3482 7 1
3487 7 1
3492 7 1
3497 7 1
3502 7 1
3507 7 1
3512 7 1
3517 7 1
3522 7 1
3527 7 1
3532 7 1
3537 7 1
3542 7 1
3547 7 1
3552 7 1
3557 7 1
3562 7 1
3567 7 1
3572 7 1
3577 7 1
3582 7 1
3587 7 1
3592 7 1
3597 7 1
3602 7 1
3607 7 1
3612 7 1
3617 7 1
3622 7 1
3627 7 1
3632 7 1
3637 7 1
3642 7 1
3647 7 1
3652 7 1
3657 7 1
3662 7 1
3667 7 1
3672 7 1
3677 7 1
3682 7 1
3687 7 1
3692 7 1
3697 7 1
3702 7 1
3707 7 1
3712 7 1
3717 7 1
3722 7 1
3727 7 1
3732 7 1
3737 7 1
3742 7 1
3747 7 1
3752 7 1
1 8 1
8 8 1
13 8 1
18 8 1
23 8 1
28 8 1
33 8 1
38 8 1
43 8 1
48 8 1
53 8 1
58 8 1
63 8 1
68 8 1
73 8 1
78 8 1
83 8 1
88 8 1
93 8 1
98 8 1
103 8 1
108 8 1
113 8 1
118 8 1
123 8 1
128 8 1
133 8 1
138 8 1
143 8 1
148 8 1
153 8 1
158 8 1
163 8 1
168 8 1
173 8 1
178 8 1
183 8 1
188 8 1
193 8 1
198 8 1
203 8 1
208 8 1
213 8 1
218 8 1
223 8 1
228 8 1
233 8 1
238 8 1
243 8 1
248 8 1
253 8 1
258 8 1
263 8 1
268 8 1
273 8 1
278 8 1
283 8 1
288 8 1
293 8 1
298 8 1
303 8 1
308 8 1
313 8 1
318 8 1
323 8 1
328 8 1
333 8 1
338 8 1
343 8 1
348 8 1
353 8 1
358 8 1
363 8 1
368 8 1
373 8 1
378 8 1
383 8 1
388 8 1
393 8 1
398 8 1
403 8 1
408 8 1
413 8 1
418 8 1
423 8 1
428 8 1
433 8 1
438 8 1
443 8 1
448 8 1
453 8 1
458 8 1
463 8 1
468 8 1
473 8 1
478 8 1
483 8 1
488 8 1
493 8 1
498 8 1
503 8 1
508 8 1
513 8 1
518 8 1
523 8 1
528 8 1
533 8 1
538 8 1
543 8 1
548 8 1
553 8 1
558 8 1
563 8 1
568 8 1
573 8 1
578 8 1
583 8 1
588 8 1
593 8 1
598 8 1
603 8 1
608 8 1
613 8 1
618 8 1
623 8 1
628 8 1
633 8 1
638 8 1
643 8 1
648 8 1
653 8 1
658 8 1
663 8 1
668 8 1
673 8 1
678 8 1
683 8 1
688 8 1
693 8 1
698 8 1
703 8 1
708 8 1
713 8 1
718 8 1
723 8 1
728 8 1
733 8 1
738 8 1
743 8 1
748 8 1
753 8 1
758 8 1
763 8 1
768 8 1
773 8 1
778 8 1
783 8 1
788 8 1
793 8 1
798 8 1
803 8 1
808 8 1
813 8 1
818 8 1
823 8 1
828 8 1
833 8 1
838 8 1
843 8 1
848 8 1
853 8 1
858 8 1
863 8 1
868 8 1
873 8 1
878 8 1
883 8 1
888 8 1
893 8 1
898 8 1
903 8 1
908 8 1
913 8 1
918 8 1
923 8 1
928 8 1
933 8 1
938 8 1
943 8 1
948 8 1
953 8 1
958 8 1
963 8 1
968 8 1
973 8 1
978 8 1
983 8 1
988 8 1
993 8 1
998 8 1
1003 8 1
1008 8 1
1013 8 1
1018 8 1
1023 8 1
1028 8 1
1033 8 1
1038 8 1
1043 8 1
1048 8 1
1053 8 1
1058 8 1
1063 8 1
1068 8 1
1073 8 1
1078 8 1
1083 8 1
1088 8 1
1093 8 1
1098 8 1
1103 8 1
1108 8 1
1113 8 1
1118 8 1
1123 8 1
1128 8 1
1133 8 1
1138 8 1
1143 8 1
1148 8 1
1153 8 1
1158 8 1
1163 8 1
1168 8 1
1173 8 1
1178 8 1
1183 8 1
1188 8 1
1193 8 1
1198 8 1
1203 8 1
1208 8 1
1213 8 1
1218 8 1
1223 8 1
1228 8 1
1233 8 1
1238 8 1
1243 8 1
1248 8 1
1253 8 1
1258 8 1
1263 8 1
1268 8 1
1273 8 1
1278 8 1
1283 8 1
1288 8 1
1293 8 1
1298 8 1
1303 8 1
1308 8 1
1313 8 1
1318 8 1
1323 8 1
1328 8 1
1333 8 1
1338 8 1
1343 8 1
1348 8 1
1353 8 1
1358 8 1
1363 8 1
1368 8 1
1373 8 1
1378 8 1
1383 8 1
1388 8 1
1393 8 1
1398 8 1
1403 8 1
1408 8 1
1413 8 1
1418 8 1
1423 8 1
1428 8 1
1433 8 1
1438 8 1
1443 8 1
1448 8 1
1453 8 1
1458 8 1
1463 8 1
1468 8 1
1473 8 1
1478 8 1
1483 8 1
1488 8 1
1493 8 1
1498 8 1
1503 8 1
1508 8 1
1513 8 1
1518 8 1
1523 8 1
1528 8 1
1533 8 1
1538 8 1
1543 8 1
1548 8 1
1553 8 1
1558 8 1
1563 8 1
1568 8 1
1573 8 1
1578 8 1
1583 8 1
1588 8 1
1593 8 1
1598 8 1
1603 8 1
1608 8 1
1613 8 1
1618 8 1
1623 8 1
1628 8 1
1633 8 1
1638 8 1
1643 8 1
1648 8 1
1653 8 1
1658 8 1
1663 8 1
1668 8 1
1673 8 1
1678 8 1
1683 8 1
1688 8 1
1693 8 1
1698 8 1
1703 8 1
1708 8 1
1713 8 1
1718 8 1
1723 8 1
1728 8 1
1733 8 1
1738 8 1
1743 8 1
1748 8 1
1753 8 1
1758 8 1
1763 8 1
1768 8 1
1773 8 1
1778 8 1
1783 8 1
1788 8 1
1793 8 1
1798 8 1
1803 8 1
1808 8 1
1813 8 1
1818 8 1
1823 8 1
1828 8 1
1833 8 1
1838 8 1
1843 8 1
1848 8 1
1853 8 1
1858 8 1
1863 8 1
1868 8 1
1873 8 1
1878 8 1
1883 8 1
1888 8 1
1893 8 1
1898 8 1
1903 8 1
1908 8 1
1913 8 1
1918 8 1
1923 8 1
1928 8 1
1933 8 1
1938 8 1
1943 8 1
1948 8 1
1953 8 1
1958 8 1
1963 8 1
1968 8 1
1973 8 1
1978 8 1
1983 8 1
1988 8 1
1993 8 1
1998 8 1
2003 8 1
2008 8 1
2013 8 1
2018 8 1
2023 8 1
2028 8 1
2033 8 1
2038 8 1
2043 8 1
2048 8 1
2053 8 1
2058 8 1
2063 8 1
2068 8 1
2073 8 1
2078 8 1
2083 8 1
2088 8 1
2093 8 1
2098 8 1
2103 8 1
2108 8 1
2113 8 1
2118 8 1
2123 8 1
2128 8 1
2133 8 1
2138 8 1
2143 8 1
2148 8 1
2153 8 1
2158 8 1
2163 8 1
2168 8 1
2173 8 1
2178 8 1
2183 8 1
2188 8 1
2193 8 1
2198 8 1
2203 8 1
2208 8 1
2213 8 1
2218 8 1
2223 8 1
2228 8 1
2233 8 1
2238 8 1
2243 8 1
2248 8 1
2253 8 1
2258 8 1
2263 8 1
2268 8 1
2273 8 1
2278 8 1
2283 8 1
2288 8 1
2293 8 1
2298 8 1
2303 8 1
2308 8 1
2313 8 1
2318 8 1
2323 8 1
2328 8 1
2333 8 1
2338 8 1
2343 8 1
2348 8 1
2353 8 1
2358 8 1
2363 8 1
2368 8 1
2373 8 1
2378 8 1
2383 8 1
2388 8 1
2393 8 1
2398 8 1
2403 8 1
2408 8 1
2413 8 1
2418 8 1
2423 8 1
2428 8 1
2433 8 1
2438 8 1
2443 8 1
2448 8 1
2453 8 1
2458 8 1
2463 8 1
2468 8 1
2473 8 1
2478 8 1
2483 8 1
2488 8 1
2493 8 1
2498 8 1
2503 8 1
2508 8 1
2513 8 1
2518 8 1
2523 8 1
2528 8 1
2533 8 1
2538 8 1
2543 8 1
2548 8 1
2553 8 1
2558 8 1
2563 8 1
2568 8 1
2573 8 1
2578 8 1
2583 8 1
2588 8 1
2593 8 1
2598 8 1
2603 8 1
2608 8 1
2613 8 1
2618 8 1
2623 8 1
2628 8 1
2633 8 1
2638 8 1
2643 8 1
2648 8 1
2653 8 1
2658 8 1
2663 8 1
2668 8 1
2673 8 1
2678 8 1
2683 8 1
2688 8 1
2693 8 1
2698 8 1
2703 8 1
2708 8 1
2713 8 1
2718 8 1
2723 8 1
2728 8 1
2733 8 1
2738 8 1
2743 8 1
2748 8 1
2753 8 1
2758 8 1
2763 8 1
2768 8 1
2773 8 1
2778 8 1
2783 8 1
2788 8 1
2793 8 1
2798 8 1
2803 8 1
2808 8 1
2813 8 1
2818 8 1
2823 8 1
2828 8 1
2833 8 1
2838 8 1
2843 8 1
2848 8 1
2853 8 1
2858 8 1
2863 8 1
2868 8 1
2873 8 1
2878 8 1
2883 8 1
2888 8 1
2893 8 1
2898 8 1
2903 8 1
2908 8 1
2913 8 1
2918 8 1
2923 8 1
2928 8 1
2933 8 1
2938 8 1
2943 8 1
2948 8 1
2953 8 1
2958 8 1
2963 8 1
2968 8 1
2973 8 1
2978 8 1
2983 8 1
2988 8 1
2993 8 1
2998 8 1
3003 8 1
3008 8 1
3013 8 1
3018 8 1
3023 8 1
3028 8 1
3033 8 1
3038 8 1
3043 8 1
3048 8 1
3053 8 1
3058 8 1
3063 8 1
3068 8 1
3073 8 1
3078 8 1
3083 8 1
3088 8 1
3093 8 1
3098 8 1
3103 8 1
3108 8 1
3113 8 1
3118 8 1
3123 8 1
3128 8 1
3133 8 1
3138 8 1
3143 8 1
3148 8 1
3153 8 1
3158 8 1
3163 8 1
3168 8 1
3173 8 1
3178 8 1
3183 8 1
3188 8 1
3193 8 1
3198 8 1
3203 8 1
3208 8 1
3213 8 1
3218 8 1
3223 8 1
3228 8 1
3233 8 1
3238 8 1
3243 8 1
3248 8 1
3253 8 1
3258 8 1
3263 8 1
3268 8 1
3273 8 1
3278 8 1
3283 8 1
3288 8 1
3293 8 1
3298 8 1
3303 8 1
3308 8 1
3313 8 1
3318 8 1
3323 8 1
3328 8 1
3333 8 1
3338 8 1
3343 8 1
3348 8 1
3353 8 1
3358 8 1
3363 8 1
3368 8 1
3373 8 1
3378 8 1
3383 8 1
3388 8 1
3393 8 1
3398 8 1
3403 8 1
3408 8 1
3413 8 1
3418 8 1
3423 8 1
3428 8 1
3433 8 1
3438 8 1
3443 8 1
3448 8 1
3453 8 1
3458 8 1
3463 8 1
3468 8 1
3473 8 1
3478 8 1
3483 8 1
3488 8 1
3493 8 1
3498 8 1
3503 8 1
3508 8 1
3513 8 1
3518 8 1
3523 8 1
3528 8 1
3533 8 1
3538 8 1
3543 8 1
3548 8 1
3553 8 1
3558 8 1
3563 8 1
3568 8 1
3573 8 1
3578 8 1
3583 8 1
3588 8 1
3593 8 1
3598 8 1
3603 8 1
3608 8 1
3613 8 1
3618 8 1
3623 8 1
3628 8 1
3633 8 1
3638 8 1
3643 8 1
3648 8 1
3653 8 1
3658 8 1
3663 8 1
3668 8 1
3673 8 1
3678 8 1
3683 8 1
3688 8 1
3693 8 1
3698 8 1
3703 8 1
3708 8 1
3713 8 1
3718 8 1
3723 8 1
3728 8 1
3733 8 1
3738 8 1
3743 8 1
3748 8 1
3753 8 1
2 9 1
5 9 1
10 9 1
15 9 1
20 9 1
25 9 1
30 9 1
35 9 1
40 9 1
45 9 1
50 9 1
55 9 1
60 9 1
65 9 1
70 9 1
75 9 1
80 9 1
85 9 1
90 9 1
95 9 1
100 9 1
105 9 1
110 9 1
115 9 1
120 9 1
125 9 1
130 9 1
135 9 1
140 9 1
145 9 1
150 9 1
155 9 1
160 9 1
165 9 1
170 9 1
175 9 1
180 9 1
185 9 1
190 9 1
195 9 1
200 9 1
205 9 1
210 9 1
215 9 1
220 9 1
225 9 1
230 9 1
235 9 1
240 9 1
245 9 1
250 9 1
255 9 1
260 9 1
265 9 1
270 9 1
275 9 1
280 9 1
285 9 1
290 9 1
295 9 1
300 9 1
305 9 1
310 9 1
315 9 1
320 9 1
325 9 1
330 9 1
335 9 1
340 9 1
345 9 1
350 9 1
355 9 1
360 9 1
365 9 1
370 9 1
375 9 1
380 9 1
385 9 1
390 9 1
395 9 1
400 9 1
405 9 1
410 9 1
415 9 1
420 9 1
425 9 1
430 9 1
435 9 1
440 9 1
445 9 1
450 9 1
455 9 1
460 9 1
465 9 1
470 9 1
475 9 1
480 9 1
485 9 1
490 9 1
495 9 1
500 9 1
505 9 1
510 9 1
515 9 1
520 9 1
525 9 1
530 9 1
535 9 1
540 9 1
545 9 1
550 9 1
555 9 1
560 9 1
565 9 1
570 9 1
575 9 1
580 9 1
585 9 1
590 9 1
595 9 1
600 9 1
605 9 1
610 9 1
615 9 1
620 9 1
625 9 1
630 9 1
635 9 1
640 9 1
645 9 1
650 9 1
655 9 1
660 9 1
665 9 1
670 9 1
675 9 1
680 9 1
685 9 1
690 9 1
695 9 1
700 9 1
705 9 1
710 9 1
715 9 1
720 9 1
725 9 1
730 9 1
735 9 1
740 9 1
745 9 1
750 9 1
755 9 1
760 9 1
765 9 1
770 9 1
775 9 1
780 9 1
785 9 1
790 9 1
795 9 1
800 9 1
805 9 1
810 9 1
815 9 1
820 9 1
825 9 1
830 9 1
835 9 1
840 9 1
845 9 1
850 9 1
855 9 1
860 9 1
865 9 1
870 9 1
875 9 1
880 9 1
885 9 1
890 9 1
895 9 1
900 9 1
905 9 1
910 9 1
915 9 1
920 9 1
925 9 1
930 9 1
935 9 1
940 9 1
945 9 1
950 9 1
955 9 1
960 9 1
965 9 1
970 9 1
975 9 1
980 9 1
985 9 1
990 9 1
995 9 1
1000 9 1
1005 9 1
1010 9 1
1015 9 1
1020 9 1
1025 9 1
1030 9 1
1035 9 1
1040 9 1
1045 9 1
1050 9 1
1055 9 1
1060 9 1
1065 9 1
1070 9 1
1075 9 1
1080 9 1
1085 9 1
1090 9 1
1095 9 1
1100 9 1
1105 9 1
1110 9 1
1115 9 1
1120 9 1
1125 9 1
1130 9 1
1135 9 1
1140 9 1
1145 9 1
1150 9 1
1155 9 1
1160 9 1
1165 9 1
1170 9 1
1175 9 1
1180 9 1
1185 9 1
1190 9 1
1195 9 1
1200 9 1
1205 9 1
1210 9 1
1215 9 1
1220 9 1
1225 9 1
1230 9 1
1235 9 1
1240 9 1
1245 9 1
1250 9 1
1255 9 1
1260 9 1
1265 9 1
1270 9 1
1275 9 1
1280 9 1
1285 9 1
1290 9 1
1295 9 1
1300 9 1
1305 9 1
1310 9 1
1315 9 1
1320 9 1
1325 9 1
1330 9 1
1335 9 1
1340 9 1
1345 9 1
1350 9 1
1355 9 1
1360 9 1
1365 9 1
1370 9 1
1375 9 1
1380 9 1
1385 9 1
1390 9 1
1395 9 1
1400 9 1
1405 9 1
1410 9 1
1415 9 1
1420 9 1
1425 9 1
1430 9 1
1435 9 1
1440 9 1
1445 9 1
1450 9 1
1455 9 1
1460 9 1
1465 9 1
1470 9 1
1475 9 1
1480 9 1
1485 9 1
1490 9 1
1495 9 1
1500 9 1
1505 9 1
1510 9 1
1515 9 1
1520 9 1
1525 9 1
1530 9 1
1535 9 1
1540 9 1
1545 9 1
1550 9 1
1555 9 1
1560 9 1
1565 9 1
1570 9 1
1575 9 1
1580 9 1
1585 9 1
1590 9 1
1595 9 1
1600 9 1
1605 9 1
1610 9 1
1615 9 1
1620 9 1
1625 9 1
1630 9 1
1635 9 1
1640 9 1
1645 9 1
1650 9 1
1655 9 1
1660 9 1
1665 9 1
1670 9 1
1675 9 1
1680 9 1
1685 9 1
1690 9 1
1695 9 1
1700 9 1
1705 9 1
1710 9 1
1715 9 1
1720 9 1
1725 9 1
1730 9 1
1735 9 1
1740 9 1
1745 9 1
1750 9 1
1755 9 1
1760 9 1
1765 9 1
1770 9 1
1775 9 1
1780 9 1
1785 9 1
1790 9 1
1795 9 1
1800 9 1
1805 9 1
1810 9 1
1815 9 1
1820 9 1
1825 9 1
1830 9 1
1835 9 1
1840 9 1
1845 9 1
1850 9 1
1855 9 1
1860 9 1
1865 9 1
1870 9 1
1875 9 1
1880 9 1
1885 9 1
1890 9 1
1895 9 1
1900 9 1
1905 9 1
1910 9 1
1915 9 1
1920 9 1
1925 9 1
1930 9 1
1935 9 1
1940 9 1
1945 9 1
1950 9 1
1955 9 1
1960 9 1
1965 9 1
1970 9 1
1975 9 1
1980 9 1
1985 9 1
1990 9 1
1995 9 1
2000 9 1
2005 9 1
2010 9 1
2015 9 1
2020 9 1
2025 9 1
2030 9 1
2035 9 1
2040 9 1
2045 9 1
2050 9 1
2055 9 1
2060 9 1
2065 9 1
2070 9 1
2075 9 1
2080 9 1
2085 9 1
2090 9 1
2095 9 1
2100 9 1
2105 9 1
2110 9 1
2115 9 1
2120 9 1
2125 9 1
2130 9 1
2135 9 1
2140 9 1
2145 9 1
2150 9 1
2155 9 1
2160 9 1
2165 9 1
2170 9 1
2175 9 1
2180 9 1
2185 9 1
2190 9 1
2195 9 1
2200 9 1
2205 9 1
2210 9 1
2215 9 1
2220 9 1
2225 9 1
2230 9 1
2235 9 1
2240 9 1
2245 9 1
2250 9 1
2255 9 1
2260 9 1
2265 9 1
2270 9 1
2275 9 1
2280 9 1
2285 9 1
2290 9 1
2295 9 1
2300 9 1
2305 9 1
2310 9 1
2315 9 1
2320 9 1
2325 9 1
2330 9 1
2335 9 1
2340 9 1
2345 9 1
2350 9 1
2355 9 1
2360 9 1
2365 9 1
2370 9 1
2375 9 1
2380 9 1
2385 9 1
2390 9 1
2395 9 1
2400 9 1
2405 9 1
2410 9 1
2415 9 1
2420 9 1
2425 9 1
2430 9 1
2435 9 1
2440 9 1
2445 9 1
2450 9 1
2455 9 1
2460 9 1
2465 9 1
2470 9 1
2475 9 1
2480 9 1
2485 9 1
2490 9 1
2495 9 1
2500 9 1
2505 9 1
2510 9 1
2515 9 1
2520 9 1
2525 9 1
2530 9 1
2535 9 1
2540 9 1
2545 9 1
2550 9 1
2555 9 1
2560 9 1
2565 9 1
2570 9 1
2575 9 1
2580 9 1
2585 9 1
2590 9 1
2595 9 1
2600 9 1
2605 9 1
2610 9 1
2615 9 1
2620 9 1
2625 9 1
2630 9 1
2635 9 1
2640 9 1
2645 9 1
2650 9 1
2655 9 1
2660 9 1
2665 9 1
2670 9 1
2675 9 1
2680 9 1
2685 9 1
2690 9 1
2695 9 1
2700 9 1
2705 9 1
2710 9 1
2715 9 1
2720 9 1
2725 9 1
2730 9 1
2735 9 1
2740 9 1
2745 9 1
2750 9 1
2755 9 1
2760 9 1
2765 9 1
2770 9 1
2775 9 1
2780 9 1
2785 9 1
2790 9 1
2795 9 1
2800 9 1
2805 9 1
2810 9 1
2815 9 1
2820 9 1
2825 9 1
2830 9 1
2835 9 1
2840 9 1
2845 9 1
2850 9 1
2855 9 1
2860 9 1
2865 9 1
2870 9 1
2875 9 1
2880 9 1
2885 9 1
2890 9 1
2895 9 1
2900 9 1
2905 9 1
2910 9 1
2915 9 1
2920 9 1
2925 9 1
2930 9 1
2935 9 1
2940 9 1
2945 9 1
2950 9 1
2955 9 1
2960 9 1
2965 9 1
2970 9 1
2975 9 1
2980 9 1
2985 9 1
2990 9 1
2995 9 1
3000 9 1
3005 9 1
3010 9 1
3015 9 1
3020 9 1
3025 9 1
3030 9 1
3035 9 1
3040 9 1
3045 9 1
3050 9 1
3055 9 1
3060 9 1
3065 9 1
3070 9 1
3075 9 1
3080 9 1
3085 9 1
3090 9 1
3095 9 1
3100 9 1
3105 9 1
3110 9 1
3115 9 1
3120 9 1
3125 9 1
3130 9 1
3135 9 1
3140 9 1
3145 9 1
3150 9 1
3155 9 1
3160 9 1
3165 9 1
3170 9 1
3175 9 1
3180 9 1
3185 9 1
3190 9 1
3195 9 1
3200 9 1
3205 9 1
3210 9 1
3215 9 1
3220 9 1
3225 9 1
3230 9 1
3235 9 1
3240 9 1
3245 9 1
3250 9 1
3255 9 1
3260 9 1
3265 9 1
3270 9 1
3275 9 1
3280 9 1
3285 9 1
3290 9 1
3295 9 1
3300 9 1
3305 9 1
3310 9 1
3315 9 1
3320 9 1
3325 9 1
3330 9 1
3335 9 1
3340 9 1
3345 9 1
3350 9 1
3355 9 1
3360 9 1
3365 9 1
3370 9 1
3375 9 1
3380 9 1
3385 9 1
3390 9 1
3395 9 1
3400 9 1
3405 9 1
3410 9 1
3415 9 1
3420 9 1
3425 9 1
3430 9 1
3435 9 1
3440 9 1
3445 9 1
3450 9 1
3455 9 1
3460 9 1
3465 9 1
3470 9 1
3475 9 1
3480 9 1
3485 9 1
3490 9 1
3495 9 1
3500 9 1
3505 9 1
3510 9 1
3515 9 1
3520 9 1
3525 9 1
3530 9 1
3535 9 1
3540 9 1
3545 9 1
3550 9 1
3555 9 1
3560 9 1
3565 9 1
3570 9 1
3575 9 1
3580 9 1
3585 9 1
3590 9 1
3595 9 1
3600 9 1
3605 9 1
3610 9 1
3615 9 1
3620 9 1
3625 9 1
3630 9 1
3635 9 1
3640 9 1
3645 9 1
3650 9 1
3655 9 1
3660 9 1
3665 9 1
3670 9 1
3675 9 1
3680 9 1
3685 9 1
3690 9 1
3695 9 1
3700 9 1
3705 9 1
3710 9 1
3715 9 1
3720 9 1
3725 9 1
3730 9 1
3735 9 1
3740 9 1
3745 9 1
3750 9 1
2 10 1
7 10 1
12 10 1
17 10 1
22 10 1
27 10 1
32 10 1
37 10 1
42 10 1
47 10 1
52 10 1
57 10 1
62 10 1
67 10 1
72 10 1
77 10 1
82 10 1
87 10 1
92 10 1
97 10 1
102 10 1
107 10 1
112 10 1
117 10 1
122 10 1
127 10 1
132 10 1
137 10 1
142 10 1
147 10 1
152 10 1
157 10 1
162 10 1
167 10 1
172 10 1
177 10 1
182 10 1
187 10 1
192 10 1
197 10 1
202 10 1
207 10 1
212 10 1
217 10 1
222 10 1
227 10 1
232 10 1
237 10 1
242 10 1
247 10 1
252 10 1
257 10 1
262 10 1
267 10 1
272 10 1
277 10 1
282 10 1
287 10 1
292 10 1
297 10 1
302 10 1
307 10 1
312 10 1
317 10 1
322 10 1
327 10 1
332 10 1
337 10 1
342 10 1
347 10 1
352 10 1
357 10 1
362 10 1
367 10 1
372 10 1
377 10 1
382 10 1
387 10 1
392 10 1
397 10 1
402 10 1
407 10 1
412 10 1
417 10 1
422 10 1
427 10 1
432 10 1
437 10 1
442 10 1
447 10 1
452 10 1
457 10 1
462 10 1
467 10 1
472 10 1
477 10 1
482 10 1
487 10 1
492 10 1
497 10 1
502 10 1
507 10 1
512 10 1
517 10 1
522 10 1
527 10 1
532 10 1
537 10 1
542 10 1
547 10 1
552 10 1
557 10 1
562 10 1
567 10 1
572 10 1
577 10 1
582 10 1
587 10 1
592 10 1
597 10 1
602 10 1
607 10 1
612 10 1
617 10 1
622 10 1
627 10 1
632 10 1
637 10 1
642 10 1
647 10 1
652 10 1
657 10 1
662 10 1
667 10 1
672 10 1
677 10 1
682 10 1
687 10 1
692 10 1
697 10 1
702 10 1
707 10 1
712 10 1
717 10 1
722 10 1
727 10 1
732 10 1
737 10 1
742 10 1
747 10 1
752 10 1
757 10 1
762 10 1
767 10 1
772 10 1
777 10 1
782 10 1
787 10 1
792 10 1
797 10 1
802 10 1
807 10 1
812 10 1
817 10 1
822 10 1
827 10 1
832 10 1
837 10 1
842 10 1
847 10 1
852 10 1
857 10 1
862 10 1
867 10 1
872 10 1
877 10 1
882 10 1
887 10 1
892 10 1
897 10 1
902 10 1
907 10 1
912 10 1
917 10 1
922 10 1
927 10 1
932 10 1
937 10 1
942 10 1
947 10 1
952 10 1
957 10 1
962 10 1
967 10 1
972 10 1
977 10 1
982 10 1
987 10 1
992 10 1
997 10 1
1002 10 1
1007 10 1
1012 10 1
1017 10 1
1022 10 1
1027 10 1
1032 10 1
1037 10 1
1042 10 1
1047 10 1
1052 10 1
1057 10 1
1062 10 1
1067 10 1
1072 10 1
1077 10 1
1082 10 1
1087 10 1
1092 10 1
1097 10 1
1102 10 1
1107 10 1
1112 10 1
1117 10 1
1122 10 1
1127 10 1
1132 10 1
1137 10 1
1142 10 1
1147 10 1
1152 10 1
1157 10 1
1162 10 1
1167 10 1
1172 10 1
1177 10 1
1182 10 1
1187 10 1
1192 10 1
1197 10 1
1202 10 1
1207 10 1
1212 10 1
1217 10 1
1222 10 1
1227 10 1
1232 10 1
1237 10 1
1242 10 1
1247 10 1
1252 10 1
1257 10 1
1262 10 1
1267 10 1
1272 10 1
1277 10 1
1282 10 1
1287 10 1
1292 10 1
1297 10 1
1302 10 1
1307 10 1
1312 10 1
1317 10 1
1322 10 1
1327 10 1
1332 10 1
1337 10 1
1342 10 1
1347 10 1
1352 10 1
1357 10 1
1362 10 1
1367 10 1
1372 10 1
1377 10 1
1382 10 1
1387 10 1
1392 10 1
1397 10 1
1402 10 1
1407 10 1
1412 10 1
1417 10 1
1422 10 1
1427 10 1
1432 10 1
1437 10 1
1442 10 1
1447 10 1
1452 10 1
1457 10 1
1462 10 1
1467 10 1
1472 10 1
1477 10 1
1482 10 1
1487 10 1
1492 10 1
1497 10 1
1502 10 1
1507 10 1
1512 10 1
1517 10 1
1522 10 1
1527 10 1
1532 10 1
1537 10 1
1542 10 1
1547 10 1
1552 10 1
1557 10 1
1562 10 1
1567 10 1
1572 10 1
1577 10 1
1582 10 1
1587 10 1
1592 10 1
1597 10 1
1602 10 1
1607 10 1
1612 10 1
1617 10 1
1622 10 1
1627 10 1
1632 10 1
1637 10 1
1642 10 1
1647 10 1
1652 10 1
1657 10 1
1662 10 1
1667 10 1
1672 10 1
1677 10 1
1682 10 1
1687 10 1
1692 10 1
1697 10 1
1702 10 1
1707 10 1
1712 10 1
1717 10 1
1722 10 1
1727 10 1
1732 10 1
1737 10 1
1742 10 1
1747 10 1
1752 10 1
1757 10 1
1762 10 1
1767 10 1
1772 10 1
1777 10 1
1782 10 1
1787 10 1
1792 10 1
1797 10 1
1802 10 1
1807 10 1
1812 10 1
1817 10 1
1822 10 1
1827 10 1
1832 10 1
1837 10 1
1842 10 1
1847 10 1
1852 10 1
1857 10 1
1862 10 1
1867 10 1
1872 10 1
1877 10 1
1882 10 1
1887 10 1
1892 10 1
1897 10 1
1902 10 1
1907 10 1
1912 10 1
1917 10 1
1922 10 1
1927 10 1
1932 10 1
1937 10 1
1942 10 1
1947 10 1
1952 10 1
1957 10 1
1962 10 1
1967 10 1
1972 10 1
1977 10 1
1982 10 1
1987 10 1
1992 10 1
1997 10 1
2002 10 1
2007 10 1
2012 10 1
2017 10 1
2022 10 1
2027 10 1
2032 10 1
2037 10 1
2042 10 1
2047 10 1
2052 10 1
2057 10 1
2062 10 1
2067 10 1
2072 10 1
2077 10 1
2082 10 1
2087 10 1
2092 10 1
2097 10 1
2102 10 1
2107 10 1
2112 10 1
2117 10 1
2122 10 1
2127 10 1
2132 10 1
2137 10 1
2142 10 1
2147 10 1
2152 10 1
2157 10 1
2162 10 1
2167 10 1
2172 10 1
2177 10 1
2182 10 1
2187 10 1
2192 10 1
2197 10 1
2202 10 1
2207 10 1
2212 10 1
2217 10 1
2222 10 1
2227 10 1
2232 10 1
2237 10 1
2242 10 1
2247 10 1
2252 10 1
2257 10 1
2262 10 1
2267 10 1
2272 10 1
2277 10 1
2282 10 1
2287 10 1
2292 10 1
2297 10 1
2302 10 1
2307 10 1
2312 10 1
2317 10 1
2322 10 1
2327 10 1
2332 10 1
2337 10 1
2342 10 1
2347 10 1
2352 10 1
2357 10 1
2362 10 1
2367 10 1
2372 10 1
2377 10 1
2382 10 1
2387 10 1
2392 10 1
2397 10 1
2402 10 1
2407 10 1
2412 10 1
2417 10 1
2422 10 1
2427 10 1
2432 10 1
2437 10 1
2442 10 1
2447 10 1
2452 10 1
2457 10 1
2462 10 1
2467 10 1
2472 10 1
2477 10 1
2482 10 1
2487 10 1
2492 10 1
2497 10 1
2502 10 1
2507 10 1
2512 10 1
2517 10 1
2522 10 1
2527 10 1
2532 10 1
2537 10 1
2542 10 1
2547 10 1
2552 10 1
2557 10 1
2562 10 1
2567 10 1
2572 10 1
2577 10 1
2582 10 1
2587 10 1
2592 10 1
2597 10 1
2602 10 1
2607 10 1
2612 10 1
2617 10 1
2622 10 1
2627 10 1
2632 10 1
2637 10 1
2642 10 1
2647 10 1
2652 10 1
2657 10 1
2662 10 1
2667 10 1
2672 10 1
2677 10 1
2682 10 1
2687 10 1
2692 10 1
2697 10 1
2702 10 1
2707 10 1
2712 10 1
2717 10 1
2722 10 1
2727 10 1
2732 10 1
2737 10 1
2742 10 1
2747 10 1
2752 10 1
2757 10 1
2762 10 1
2767 10 1
2772 10 1
2777 10 1
2782 10 1
2787 10 1
2792 10 1
2797 10 1
2802 10 1
2807 10 1
2812 10 1
2817 10 1
2822 10 1
2827 10 1
2832 10 1
2837 10 1
2842 10 1
2847 10 1
2852 10 1
2857 10 1
2862 10 1
2867 10 1
2872 10 1
2877 10 1
2882 10 1
2887 10 1
2892 10 1
2897 10 1
2902 10 1
2907 10 1
2912 10 1
2917 10 1
2922 10 1
2927 10 1
2932 10 1
2937 10 1
2942 10 1
2947 10 1
2952 10 1
2957 10 1
2962 10 1
2967 10 1
2972 10 1
2977 10 1
2982 10 1
2987 10 1
2992 10 1
2997 10 1
3002 10 1
3007 10 1
3012 10 1
3017 10 1
3022 10 1
3027 10 1
3032 10 1
3037 10 1
3042 10 1
3047 10 1
3052 10 1
3057 10 1
3062 10 1
3067 10 1
3072 10 1
3077 10 1
3082 10 1
3087 10 1
3092 10 1
3097 10 1
3102 10 1
3107 10 1
3112 10 1
3117 10 1
3122 10 1
3127 10 1
3132 10 1
3137 10 1
3142 10 1
3147 10 1
3152 10 1
3157 10 1
3162 10 1
3167 10 1
3172 10 1
3177 10 1
3182 10 1
3187 10 1
3192 10 1
3197 10 1
3202 10 1
3207 10 1
3212 10 1
3217 10 1
3222 10 1
3227 10 1
3232 10 1
3237 10 1
3242 10 1
3247 10 1
3252 10 1
3257 10 1
3262 10 1
3267 10 1
3272 10 1
3277 10 1
3282 10 1
3287 10 1
3292 10 1
3297 10 1
3302 10 1
3307 10 1
3312 10 1
3317 10 1
3322 10 1
3327 10 1
3332 10 1
3337 10 1
3342 10 1
3347 10 1
3352 10 1
3357 10 1
3362 10 1
3367 10 1
3372 10 1
3377 10 1
3382 10 1
3387 10 1
3392 10 1
3397 10 1
3402 10 1
3407 10 1
3412 10 1
3417 10 1
3422 10 1
3427 10 1
3432 10 1
3437 10 1
3442 10 1
3447 10 1
3452 10 1
3457 10 1
3462 10 1
3467 10 1
3472 10 1
3477 10 1
3482 10 1
3487 10 1
3492 10 1
3497 10 1
3502 10 1
3507 10 1
3512 10 1
3517 10 1
3522 10 1
3527 10 1
3532 10 1
3537 10 1
3542 10 1
3547 10 1
3552 10 1
3557 10 1
3562 10 1
3567 10 1
3572 10 1
3577 10 1
3582 10 1
3587 10 1
3592 10 1
3597 10 1
3602 10 1
3607 10 1
3612 10 1
3617 10 1
3622 10 1
3627 10 1
3632 10 1
3637 10 1
3642 10 1
3647 10 1
3652 10 1
3657 10 1
3662 10 1
3667 10 1
3672 10 1
3677 10 1
3682 10 1
3687 10 1
3692 10 1
3697 10 1
3702 10 1
3707 10 1
3712 10 1
3717 10 1
3722 10 1
3727 10 1
3732 10 1
3737 10 1
3742 10 1
3747 10 1
3752 10 1
2 11 1
8 11 1
13 11 1
18 11 1
23 11 1
28 11 1
33 11 1
38 11 1
43 11 1
48 11 1
53 11 1
58 11 1
63 11 1
68 11 1
73 11 1
78 11 1
83 11 1
88 11 1
93 11 1
98 11 1
103 11 1
108 11 1
113 11 1
118 11 1
123 11 1
128 11 1
133 11 1
138 11 1
143 11 1
148 11 1
153 11 1
158 11 1
163 11 1
168 11 1
173 11 1
178 11 1
183 11 1
188 11 1
193 11 1
198 11 1
203 11 1
208 11 1
213 11 1
218 11 1
223 11 1
228 11 1
233 11 1
238 11 1
243 11 1
248 11 1
253 11 1
258 11 1
263 11 1
268 11 1
273 11 1
278 11 1
283 11 1
288 11 1
293 11 1
298 11 1
303 11 1
308 11 1
313 11 1
318 11 1
323 11 1
328 11 1
333 11 1
338 11 1
343 11 1
348 11 1
353 11 1
358 11 1
363 11 1
368 11 1
373 11 1
378 11 1
383 11 1
388 11 1
393 11 1
398 11 1
403 11 1
408 11 1
413 11 1
418 11 1
423 11 1
428 11 1
433 11 1
438 11 1
443 11 1
448 11 1
453 11 1
458 11 1
463 11 1
468 11 1
473 11 1
478 11 1
483 11 1
488 11 1
493 11 1
498 11 1
503 11 1
508 11 1
513 11 1
518 11 1
523 11 1
528 11 1
533 11 1
538 11 1
543 11 1
548 11 1
553 11 1
558 11 1
563 11 1
568 11 1
573 11 1
578 11 1
583 11 1
588 11 1
593 11 1
598 11 1
603 11 1
608 11 1
613 11 1
618 11 1
623 11 1
628 11 1
633 11 1
638 11 1
643 11 1
648 11 1
653 11 1
658 11 1
663 11 1
668 11 1
673 11 1
678 11 1
683 11 1
688 11 1
693 11 1
698 11 1
703 11 1
708 11 1
713 11 1
718 11 1
723 11 1
728 11 1
733 11 1
738 11 1
743 11 1
748 11 1
753 11 1
758 11 1
763 11 1
768 11 1
773 11 1
778 11 1
783 11 1
788 11 1
793 11 1
798 11 1
803 11 1
808 11 1
813 11 1
818 11 1
823 11 1
828 11 1
833 11 1
838 11 1
843 11 1
848 11 1
853 11 1
858 11 1
863 11 1
868 11 1
873 11 1
878 11 1
883 11 1
888 11 1
893 11 1
898 11 1
903 11 1
908 11 1
913 11 1
918 11 1
923 11 1
928 11 1
933 11 1
938 11 1
943 11 1
948 11 1
953 11 1
958 11 1
963 11 1
968 11 1
973 11 1
978 11 1
983 11 1
988 11 1
993 11 1
998 11 1
1003 11 1
1008 11 1
1013 11 1
1018 11 1
1023 11 1
1028 11 1
1033 11 1
1038 11 1
1043 11 1
1048 11 1
1053 11 1
1058 11 1
1063 11 1
1068 11 1
1073 11 1
1078 11 1
1083 11 1
1088 11 1
1093 11 1
1098 11 1
1103 11 1
1108 11 1
1113 11 1
1118 11 1
1123 11 1
1128 11 1
1133 11 1
1138 11 1
1143 11 1
1148 11 1
1153 11 1
1158 11 1
1163 11 1
1168 11 1
1173 11 1
1178 11 1
1183 11 1
1188 11 1
1193 11 1
1198 11 1
1203 11 1
1208 11 1
1213 11 1
1218 11 1
1223 11 1
1228 11 1
1233 11 1
1238 11 1
1243 11 1
1248 11 1
1253 11 1
1258 11 1
1263 11 1
1268 11 1
1273 11 1
1278 11 1
1283 11 1
1288 11 1
1293 11 1
1298 11 1
1303 11 1
1308 11 1
1313 11 1
1318 11 1
1323 11 1
1328 11 1
1333 11 1
1338 11 1
1343 11 1
1348 11 1
1353 11 1
1358 11 1
1363 11 1
1368 11 1
1373 11 1
1378 11 1
1383 11 1
1388 11 1
1393 11 1
1398 11 1
1403 11 1
1408 11 1
1413 11 1
1418 11 1
1423 11 1
1428 11 1
1433 11 1
1438 11 1
1443 11 1
1448 11 1
1453 11 1
1458 11 1
1463 11 1
1468 11 1
1473 11 1
1478 11 1
1483 11 1
1488 11 1
1493 11 1
1498 11 1
1503 11 1
1508 11 1
1513 11 1
1518 11 1
1523 11 1
1528 11 1
1533 11 1
1538 11 1
1543 11 1
1548 11 1
1553 11 1
1558 11 1
1563 11 1
1568 11 1
1573 11 1
1578 11 1
1583 11 1
1588 11 1
1593 11 1
1598 11 1
1603 11 1
1608 11 1
1613 11 1
1618 11 1
1623 11 1
1628 11 1
1633 11 1
1638 11 1
1643 11 1
1648 11 1
1653 11 1
1658 11 1
1663 11 1
1668 11 1
1673 11 1
1678 11 1
1683 11 1
1688 11 1
1693 11 1
1698 11 1
1703 11 1
1708 11 1
1713 11 1
1718 11 1
1723 11 1
1728 11 1
1733 11 1
1738 11 1
1743 11 1
1748 11 1
1753 11 1
1758 11 1
1763 11 1
1768 11 1
1773 11 1
1778 11 1
1783 11 1
1788 11 1
1793 11 1
1798 11 1
1803 11 1
1808 11 1
1813 11 1
1818 11 1
1823 11 1
1828 11 1
1833 11 1
1838 11 1
1843 11 1
1848 11 1
1853 11 1
1858 11 1
1863 11 1
1868 11 1
1873 11 1
1878 11 1
1883 11 1
1888 11 1
1893 11 1
1898 11 1
1903 11 1
1908 11 1
1913 11 1
1918 11 1
1923 11 1
1928 11 1
1933 11 1
1938 11 1
1943 11 1
1948 11 1
1953 11 1
1958 11 1
1963 11 1
1968 11 1
1973 11 1
1978 11 1
1983 11 1
1988 11 1
1993 11 1
1998 11 1
2003 11 1
2008 11 1
2013 11 1
2018 11 1
2023 11 1
2028 11 1
2033 11 1
2038 11 1
2043 11 1
2048 11 1
2053 11 1
2058 11 1
2063 11 1
2068 11 1
2073 11 1
2078 11 1
2083 11 1
2088 11 1
2093 11 1
2098 11 1
2103 11 1
2108 11 1
2113 11 1
2118 11 1
2123 11 1
2128 11 1
2133 11 1
2138 11 1
2143 11 1
2148 11 1
2153 11 1
2158 11 1
2163 11 1
2168 11 1
2173 11 1
2178 11 1
2183 11 1
2188 11 1
2193 11 1
2198 11 1
2203 11 1
2208 11 1
2213 11 1
2218 11 1
2223 11 1
2228 11 1
2233 11 1
2238 11 1
2243 11 1
2248 11 1
2253 11 1
2258 11 1
2263 11 1
2268 11 1
2273 11 1
2278 11 1
2283 11 1
2288 11 1
2293 11 1
2298 11 1
2303 11 1
2308 11 1
2313 11 1
2318 11 1
2323 11 1
2328 11 1
2333 11 1
2338 11 1
2343 11 1
2348 11 1
2353 11 1
2358 11 1
2363 11 1
2368 11 1
2373 11 1
2378 11 1
2383 11 1
2388 11 1
2393 11 1
2398 11 1
2403 11 1
2408 11 1
2413 11 1
2418 11 1
2423 11 1
2428 11 1
2433 11 1
2438 11 1
2443 11 1
2448 11 1
2453 11 1
2458 11 1
2463 11 1
2468 11 1
2473 11 1
2478 11 1
2483 11 1
2488 11 1
2493 11 1
2498 11 1
2503 11 1
2508 11 1
2513 11 1
2518 11 1
2523 11 1
2528 11 1
2533 11 1
2538 11 1
2543 11 1
2548 11 1
2553 11 1
2558 11 1
2563 11 1
2568 11 1
2573 11 1
2578 11 1
2583 11 1
2588 11 1
2593 11 1
2598 11 1
2603 11 1
2608 11 1
2613 11 1
2618 11 1
2623 11 1
2628 11 1
2633 11 1
2638 11 1
2643 11 1
2648 11 1
2653 11 1
2658 11 1
2663 11 1
2668 11 1
2673 11 1
2678 11 1
2683 11 1
2688 11 1
2693 11 1
2698 11 1
2703 11 1
2708 11 1
2713 11 1
2718 11 1
2723 11 1
2728 11 1
2733 11 1
2738 11 1
2743 11 1
2748 11 1
2753 11 1
2758 11 1
2763 11 1
2768 11 1
2773 11 1
2778 11 1
2783 11 1
2788 11 1
2793 11 1
2798 11 1
2803 11 1
2808 11 1
2813 11 1
2818 11 1
2823 11 1
2828 11 1
2833 11 1
2838 11 1
2843 11 1
2848 11 1
2853 11 1
2858 11 1
2863 11 1
2868 11 1
2873 11 1
2878 11 1
2883 11 1
2888 11 1
2893 11 1
2898 11 1
2903 11 1
2908 11 1
2913 11 1
2918 11 1
2923 11 1
2928 11 1
2933 11 1
2938 11 1
2943 11 1
2948 11 1
2953 11 1
2958 11 1
2963 11 1
2968 11 1
2973 11 1
2978 11 1
2983 11 1
2988 11 1
2993 11 1
2998 11 1
3003 11 1
3008 11 1
3013 11 1
3018 11 1
3023 11 1
3028 11 1
3033 11 1
3038 11 1
3043 11 1
3048 11 1
3053 11 1
3058 11 1
3063 11 1
3068 11 1
3073 11 1
3078 11 1
3083 11 1
3088 11 1
3093 11 1
3098 11 1
3103 11 1
3108 11 1
3113 11 1
3118 11 1
3123 11 1
3128 11 1
3133 11 1
3138 11 1
3143 11 1
3148 11 1
3153 11 1
3158 11 1
3163 11 1
3168 11 1
3173 11 1
3178 11 1
3183 11 1
3188 11 1
3193 11 1
3198 11 1
3203 11 1
3208 11 1
3213 11 1
3218 11 1
3223 11 1
3228 11 1
3233 11 1
3238 11 1
3243 11 1
3248 11 1
3253 11 1
3258 11 1
3263 11 1
3268 11 1
3273 11 1
3278 11 1
3283 11 1
3288 11 1
3293 11 1
3298 11 1
3303 11 1
3308 11 1
3313 11 1
3318 11 1
3323 11 1
3328 11 1
3333 11 1
3338 11 1
3343 11 1
3348 11 1
3353 11 1
3358 11 1
3363 11 1
3368 11 1
3373 11 1
3378 11 1
3383 11 1
3388 11 1
3393 11 1
3398 11 1
3403 11 1
3408 11 1
3413 11 1
3418 11 1
3423 11 1
3428 11 1
3433 11 1
3438 11 1
3443 11 1
3448 11 1
3453 11 1
3458 11 1
3463 11 1
3468 11 1
3473 11 1
3478 11 1
3483 11 1
3488 11 1
3493 11 1
3498 11 1
3503 11 1
3508 11 1
3513 11 1
3518 11 1
3523 11 1
3528 11 1
3533 11 1
3538 11 1
3543 11 1
3548 11 1
3553 11 1
3558 11 1
3563 11 1
3568 11 1
3573 11 1
3578 11 1
3583 11 1
3588 11 1
3593 11 1
3598 11 1
3603 11 1
3608 11 1
3613 11 1
3618 11 1
3623 11 1
3628 11 1
3633 11 1
3638 11 1
3643 11 1
3648 11 1
3653 11 1
3658 11 1
3663 11 1
3668 11 1
3673 11 1
3678 11 1
3683 11 1
3688 11 1
3693 11 1
3698 11 1
3703 11 1
3708 11 1
3713 11 1
3718 11 1
3723 11 1
3728 11 1
3733 11 1
3738 11 1
3743 11 1
3748 11 1
3753 11 1
3 12 1
4 12 1
9 12 1
14 12 1
19 12 1
24 12 1
29 12 1
34 12 1
39 12 1
44 12 1
49 12 1
54 12 1
59 12 1
64 12 1
69 12 1
74 12 1
79 12 1
84 12 1
89 12 1
94 12 1
99 12 1
104 12 1
109 12 1
114 12 1
119 12 1
124 12 1
129 12 1
134 12 1
139 12 1
144 12 1
149 12 1
154 12 1
159 12 1
164 12 1
169 12 1
174 12 1
179 12 1
184 12 1
189 12 1
194 12 1
199 12 1
204 12 1
209 12 1
214 12 1
219 12 1
224 12 1
229 12 1
234 12 1
239 12 1
244 12 1
249 12 1
254 12 1
259 12 1
264 12 1
269 12 1
274 12 1
279 12 1
284 12 1
289 12 1
294 12 1
299 12 1
304 12 1
309 12 1
314 12 1
319 12 1
324 12 1
329 12 1
334 12 1
339 12 1
344 12 1
349 12 1
354 12 1
359 12 1
364 12 1
369 12 1
374 12 1
379 12 1
384 12 1
389 12 1
394 12 1
399 12 1
404 12 1
409 12 1
414 12 1
419 12 1
424 12 1
429 12 1
434 12 1
439 12 1
444 12 1
449 12 1
454 12 1
459 12 1
464 12 1
469 12 1
474 12 1
479 12 1
484 12 1
489 12 1
494 12 1
499 12 1
504 12 1
509 12 1
514 12 1
519 12 1
524 12 1
529 12 1
534 12 1
539 12 1
544 12 1
549 12 1
554 12 1
559 12 1
564 12 1
569 12 1
574 12 1
579 12 1
584 12 1
589 12 1
594 12 1
599 12 1
604 12 1
609 12 1
614 12 1
619 12 1
624 12 1
629 12 1
634 12 1
639 12 1
644 12 1
649 12 1
654 12 1
659 12 1
664 12 1
669 12 1
674 12 1
679 12 1
684 12 1
689 12 1
694 12 1
699 12 1
704 12 1
709 12 1
714 12 1
719 12 1
724 12 1
729 12 1
734 12 1
739 12 1
744 12 1
749 12 1
754 12 1
759 12 1
764 12 1
769 12 1
774 12 1
779 12 1
784 12 1
789 12 1
794 12 1
799 12 1
804 12 1
809 12 1
814 12 1
819 12 1
824 12 1
829 12 1
834 12 1
839 12 1
844 12 1
849 12 1
854 12 1
859 12 1
864 12 1
869 12 1
874 12 1
879 12 1
884 12 1
889 12 1
894 12 1
899 12 1
904 12 1
909 12 1
914 12 1
919 12 1
924 12 1
929 12 1
934 12 1
939 12 1
944 12 1
949 12 1
954 12 1
959 12 1
964 12 1
969 12 1
974 12 1
979 12 1
984 12 1
989 12 1
994 12 1
999 12 1
1004 12 1
1009 12 1
1014 12 1
1019 12 1
1024 12 1
1029 12 1
1034 12 1
1039 12 1
1044 12 1
1049 12 1
1054 12 1
1059 12 1
1064 12 1
1069 12 1
1074 12 1
1079 12 1
1084 12 1
1089 12 1
1094 12 1
1099 12 1
1104 12 1
1109 12 1
1114 12 1
1119 12 1
1124 12 1
1129 12 1
1134 12 1
1139 12 1
1144 12 1
1149 12 1
1154 12 1
1159 12 1
1164 12 1
1169 12 1
1174 12 1
1179 12 1
1184 12 1
1189 12 1
1194 12 1
1199 12 1
1204 12 1
1209 12 1
1214 12 1
1219 12 1
1224 12 1
1229 12 1
1234 12 1
1239 12 1
1244 12 1
1249 12 1
1254 12 1
1259 12 1
1264 12 1
1269 12 1
1274 12 1
1279 12 1
1284 12 1
1289 12 1
1294 12 1
1299 12 1
1304 12 1
1309 12 1
1314 12 1
1319 12 1
1324 12 1
1329 12 1
1334 12 1
1339 12 1
1344 12 1
1349 12 1
1354 12 1
1359 12 1
1364 12 1
1369 12 1
1374 12 1
1379 12 1
1384 12 1
1389 12 1
1394 12 1
1399 12 1
1404 12 1
1409 12 1
1414 12 1
1419 12 1
1424 12 1
1429 12 1
1434 12 1
1439 12 1
1444 12 1
1449 12 1
1454 12 1
1459 12 1
1464 12 1
1469 12 1
1474 12 1
1479 12 1
1484 12 1
1489 12 1
1494 12 1
1499 12 1
1504 12 1
1509 12 1
1514 12 1
1519 12 1
1524 12 1
1529 12 1
1534 12 1
1539 12 1
1544 12 1
1549 12 1
1554 12 1
1559 12 1
1564 12 1
1569 12 1
1574 12 1
1579 12 1
1584 12 1
1589 12 1
1594 12 1
1599 12 1
1604 12 1
1609 12 1
1614 12 1
1619 12 1
1624 12 1
1629 12 1
1634 12 1
1639 12 1
1644 12 1
1649 12 1
1654 12 1
1659 12 1
1664 12 1
1669 12 1
1674 12 1
1679 12 1
1684 12 1
1689 12 1
1694 12 1
1699 12 1
1704 12 1
1709 12 1
1714 12 1
1719 12 1
1724 12 1
1729 12 1
1734 12 1
1739 12 1
1744 12 1
1749 12 1
1754 12 1
1759 12 1
1764 12 1
1769 12 1
1774 12 1
1779 12 1
1784 12 1
1789 12 1
1794 12 1
1799 12 1
1804 12 1
1809 12 1
1814 12 1
1819 12 1
1824 12 1
1829 12 1
1834 12 1
1839 12 1
1844 12 1
1849 12 1
1854 12 1
1859 12 1
1864 12 1
1869 12 1
1874 12 1
1879 12 1
1884 12 1
1889 12 1
1894 12 1
1899 12 1
1904 12 1
1909 12 1
1914 12 1
1919 12 1
1924 12 1
1929 12 1
1934 12 1
1939 12 1
1944 12 1
1949 12 1
1954 12 1
1959 12 1
1964 12 1
1969 12 1
1974 12 1
1979 12 1
1984 12 1
1989 12 1
1994 12 1
1999 12 1
2004 12 1
2009 12 1
2014 12 1
2019 12 1
2024 12 1
2029 12 1
2034 12 1
2039 12 1
2044 12 1
2049 12 1
2054 12 1
2059 12 1
2064 12 1
2069 12 1
2074 12 1
2079 12 1
2084 12 1
2089 12 1
2094 12 1
2099 12 1
2104 12 1
2109 12 1
2114 12 1
2119 12 1
2124 12 1
2129 12 1
2134 12 1
2139 12 1
2144 12 1
2149 12 1
2154 12 1
2159 12 1
2164 12 1
2169 12 1
2174 12 1
2179 12 1
2184 12 1
2189 12 1
2194 12 1
2199 12 1
2204 12 1
2209 12 1
2214 12 1
2219 12 1
2224 12 1
2229 12 1
2234 12 1
2239 12 1
2244 12 1
2249 12 1
2254 12 1
2259 12 1
2264 12 1
2269 12 1
2274 12 1
2279 12 1
2284 12 1
2289 12 1
2294 12 1
2299 12 1
2304 12 1
2309 12 1
2314 12 1
2319 12 1
2324 12 1
2329 12 1
2334 12 1
2339 12 1
2344 12 1
2349 12 1
2354 12 1
2359 12 1
2364 12 1
2369 12 1
2374 12 1
2379 12 1
2384 12 1
2389 12 1
2394 12 1
2399 12 1
2404 12 1
2409 12 1
2414 12 1
2419 12 1
2424 12 1
2429 12 1
2434 12 1
2439 12 1
2444 12 1
2449 12 1
2454 12 1
2459 12 1
2464 12 1
2469 12 1
2474 12 1
2479 12 1
2484 12 1
2489 12 1
2494 12 1
2499 12 1
2504 12 1
2509 12 1
2514 12 1
2519 12 1
2524 12 1
2529 12 1
2534 12 1
2539 12 1
2544 12 1
2549 12 1
2554 12 1
2559 12 1
2564 12 1
2569 12 1
2574 12 1
2579 12 1
2584 12 1
2589 12 1
2594 12 1
2599 12 1
2604 12 1
2609 12 1
2614 12 1
2619 12 1
2624 12 1
2629 12 1
2634 12 1
2639 12 1
2644 12 1
2649 12 1
2654 12 1
2659 12 1
2664 12 1
2669 12 1
2674 12 1
2679 12 1
2684 12 1
2689 12 1
2694 12 1
2699 12 1
2704 12 1
2709 12 1
2714 12 1
2719 12 1
2724 12 1
2729 12 1
2734 12 1
2739 12 1
2744 12 1
2749 12 1
2754 12 1
2759 12 1
2764 12 1
2769 12 1
2774 12 1
2779 12 1
2784 12 1
2789 12 1
2794 12 1
2799 12 1
2804 12 1
2809 12 1
2814 12 1
2819 12 1
2824 12 1
2829 12 1
2834 12 1
2839 12 1
2844 12 1
2849 12 1
2854 12 1
2859 12 1
2864 12 1
2869 12 1
2874 12 1
2879 12 1
2884 12 1
2889 12 1
2894 12 1
2899 12 1
2904 12 1
2909 12 1
2914 12 1
2919 12 1
2924 12 1
2929 12 1
2934 12 1
2939 12 1
2944 12 1
2949 12 1
2954 12 1
2959 12 1
2964 12 1
2969 12 1
2974 12 1
2979 12 1
2984 12 1
2989 12 1
2994 12 1
2999 12 1
3004 12 1
3009 12 1
3014 12 1
3019 12 1
3024 12 1
3029 12 1
3034 12 1
3039 12 1
3044 12 1
3049 12 1
3054 12 1
3059 12 1
3064 12 1
3069 12 1
3074 12 1
3079 12 1
3084 12 1
3089 12 1
3094 12 1
3099 12 1
3104 12 1
3109 12 1
3114 12 1
3119 12 1
3124 12 1
3129 12 1
3134 12 1
3139 12 1
3144 12 1
3149 12 1
3154 12 1
3159 12 1
3164 12 1
3169 12 1
3174 12 1
3179 12 1
3184 12 1
3189 12 1
3194 12 1
3199 12 1
3204 12 1
3209 12 1
3214 12 1
3219 12 1
3224 12 1
3229 12 1
3234 12 1
3239 12 1
3244 12 1
3249 12 1
3254 12 1
3259 12 1
3264 12 1
3269 12 1
3274 12 1
3279 12 1
3284 12 1
3289 12 1
3294 12 1
3299 12 1
3304 12 1
3309 12 1
3314 12 1
3319 12 1
3324 12 1
3329 12 1
3334 12 1
3339 12 1
3344 12 1
3349 12 1
3354 12 1
3359 12 1
3364 12 1
3369 12 1
3374 12 1
3379 12 1
3384 12 1
3389 12 1
3394 12 1
3399 12 1
3404 12 1
3409 12 1
3414 12 1
3419 12 1
3424 12 1
3429 12 1
3434 12 1
3439 12 1
3444 12 1
3449 12 1
3454 12 1
3459 12 1
3464 12 1
3469 12 1
3474 12 1
3479 12 1
3484 12 1
3489 12 1
3494 12 1
3499 12 1
3504 12 1
3509 12 1
3514 12 1
3519 12 1
3524 12 1
3529 12 1
3534 12 1
3539 12 1
3544 12 1
3549 12 1
3554 12 1
3559 12 1
3564 12 1
3569 12 1
3574 12 1
3579 12 1
3584 12 1
3589 12 1
3594 12 1
3599 12 1
3604 12 1
3609 12 1
3614 12 1
3619 12 1
3624 12 1
3629 12 1
3634 12 1
3639 12 1
3644 12 1
3649 12 1
3654 12 1
3659 12 1
3664 12 1
3669 12 1
3674 12 1
3679 12 1
3684 12 1
3689 12 1
3694 12 1
3699 12 1
3704 12 1
3709 12 1
3714 12 1
3719 12 1
3724 12 1
3729 12 1
3734 12 1
3739 12 1
3744 12 1
3749 12 1
3 13 1
5 13 1
10 13 1
15 13 1
20 13 1
25 13 1
30 13 1
35 13 1
40 13 1
45 13 1
50 13 1
55 13 1
60 13 1
65 13 1
70 13 1
75 13 1
80 13 1
85 13 1
90 13 1
95 13 1
100 13 1
105 13 1
110 13 1
115 13 1
120 13 1
125 13 1
130 13 1
135 13 1
140 13 1
145 13 1
150 13 1
155 13 1
160 13 1
165 13 1
170 13 1
175 13 1
180 13 1
185 13 1
190 13 1
195 13 1
200 13 1
205 13 1
210 13 1
215 13 1
220 13 1
225 13 1
230 13 1
235 13 1
240 13 1
245 13 1
250 13 1
255 13 1
260 13 1
265 13 1
270 13 1
275 13 1
280 13 1
285 13 1
290 13 1
295 13 1
300 13 1
305 13 1
310 13 1
315 13 1
320 13 1
325 13 1
330 13 1
335 13 1
340 13 1
345 13 1
350 13 1
355 13 1
360 13 1
365 13 1
370 13 1
375 13 1
380 13 1
385 13 1
390 13 1
395 13 1
400 13 1
405 13 1
410 13 1
415 13 1
420 13 1
425 13 1
430 13 1
435 13 1
440 13 1
445 13 1
450 13 1
455 13 1
460 13 1
465 13 1
470 13 1
475 13 1
480 13 1
485 13 1
490 13 1
495 13 1
500 13 1
505 13 1
510 13 1
515 13 1
520 13 1
525 13 1
530 13 1
535 13 1
540 13 1
545 13 1
550 13 1
555 13 1
560 13 1
565 13 1
570 13 1
575 13 1
580 13 1
585 13 1
590 13 1
595 13 1
600 13 1
605 13 1
610 13 1
615 13 1
620 13 1
625 13 1
630 13 1
635 13 1
640 13 1
645 13 1
650 13 1
655 13 1
660 13 1
665 13 1
670 13 1
675 13 1
680 13 1
685 13 1
690 13 1
695 13 1
700 13 1
705 13 1
710 13 1
715 13 1
720 13 1
725 13 1
730 13 1
735 13 1
740 13 1
745 13 1
750 13 1
755 13 1
760 13 1
765 13 1
770 13 1
775 13 1
780 13 1
785 13 1
790 13 1
795 13 1
800 13 1
805 13 1
810 13 1
815 13 1
820 13 1
825 13 1
830 13 1
835 13 1
840 13 1
845 13 1
850 13 1
855 13 1
860 13 1
865 13 1
870 13 1
875 13 1
880 13 1
885 13 1
890 13 1
895 13 1
900 13 1
905 13 1
910 13 1
915 13 1
920 13 1
925 13 1
930 13 1
935 13 1
940 13 1
945 13 1
950 13 1
955 13 1
960 13 1
965 13 1
970 13 1
975 13 1
980 13 1
985 13 1
990 13 1
995 13 1
1000 13 1
1005 13 1
1010 13 1
1015 13 1
1020 13 1
1025 13 1
1030 13 1
1035 13 1
1040 13 1
1045 13 1
1050 13 1
1055 13 1
1060 13 1
1065 13 1
1070 13 1
1075 13 1
1080 13 1
1085 13 1
1090 13 1
1095 13 1
1100 13 1
1105 13 1
1110 13 1
1115 13 1
1120 13 1
1125 13 1
1130 13 1
1135 13 1
1140 13 1
1145 13 1
1150 13 1
1155 13 1
1160 13 1
1165 13 1
1170 13 1
1175 13 1
1180 13 1
1185 13 1
1190 13 1
1195 13 1
1200 13 1
1205 13 1
1210 13 1
1215 13 1
1220 13 1
1225 13 1
1230 13 1
1235 13 1
1240 13 1
1245 13 1
1250 13 1
1255 13 1
1260 13 1
1265 13 1
1270 13 1
1275 13 1
1280 13 1
1285 13 1
1290 13 1
1295 13 1
1300 13 1
1305 13 1
1310 13 1
1315 13 1
1320 13 1
1325 13 1
1330 13 1
1335 13 1
1340 13 1
1345 13 1
1350 13 1
1355 13 1
1360 13 1
1365 13 1
1370 13 1
1375 13 1
1380 13 1
1385 13 1
1390 13 1
1395 13 1
1400 13 1
1405 13 1
1410 13 1
1415 13 1
1420 13 1
1425 13 1
1430 13 1
1435 13 1
1440 13 1
1445 13 1
1450 13 1
1455 13 1
1460 13 1
1465 13 1
1470 13 1
1475 13 1
1480 13 1
1485 13 1
1490 13 1
1495 13 1
1500 13 1
1505 13 1
1510 13 1
1515 13 1
1520 13 1
1525 13 1
1530 13 1
1535 13 1
1540 13 1
1545 13 1
1550 13 1
1555 13 1
1560 13 1
1565 13 1
1570 13 1
1575 13 1
1580 13 1
1585 13 1
1590 13 1
1595 13 1
1600 13 1
1605 13 1
1610 13 1
1615 13 1
1620 13 1
1625 13 1
1630 13 1
1635 13 1
1640 13 1
1645 13 1
1650 13 1
1655 13 1
1660 13 1
1665 13 1
1670 13 1
1675 13 1
1680 13 1
1685 13 1
1690 13 1
1695 13 1
1700 13 1
1705 13 1
1710 13 1
1715 13 1
1720 13 1
1725 13 1
1730 13 1
1735 13 1
1740 13 1
1745 13 1
1750 13 1
1755 13 1
1760 13 1
1765 13 1
1770 13 1
1775 13 1
1780 13 1
1785 13 1
1790 13 1
1795 13 1
1800 13 1
1805 13 1
1810 13 1
1815 13 1
1820 13 1
1825 13 1
1830 13 1
1835 13 1
1840 13 1
1845 13 1
1850 13 1
1855 13 1
1860 13 1
1865 13 1
1870 13 1
1875 13 1
1880 13 1
1885 13 1
1890 13 1
1895 13 1
1900 13 1
1905 13 1
1910 13 1
1915 13 1
1920 13 1
1925 13 1
1930 13 1
1935 13 1
1940 13 1
1945 13 1
1950 13 1
1955 13 1
1960 13 1
1965 13 1
1970 13 1
1975 13 1
1980 13 1
1985 13 1
1990 13 1
1995 13 1
2000 13 1
2005 13 1
2010 13 1
2015 13 1
2020 13 1
2025 13 1
2030 13 1
2035 13 1
2040 13 1
2045 13 1
2050 13 1
2055 13 1
2060 13 1
2065 13 1
2070 13 1
2075 13 1
2080 13 1
2085 13 1
2090 13 1
2095 13 1
2100 13 1
2105 13 1
2110 13 1
2115 13 1
2120 13 1
2125 13 1
2130 13 1
2135 13 1
2140 13 1
2145 13 1
2150 13 1
2155 13 1
2160 13 1
2165 13 1
2170 13 1
2175 13 1
2180 13 1
2185 13 1
2190 13 1
2195 13 1
2200 13 1
2205 13 1
2210 13 1
2215 13 1
2220 13 1
2225 13 1
2230 13 1
2235 13 1
2240 13 1
2245 13 1
2250 13 1
2255 13 1
2260 13 1
2265 13 1
2270 13 1
2275 13 1
2280 13 1
2285 13 1
2290 13 1
2295 13 1
2300 13 1
2305 13 1
2310 13 1
2315 13 1
2320 13 1
2325 13 1
2330 13 1
2335 13 1
2340 13 1
2345 13 1
2350 13 1
2355 13 1
2360 13 1
2365 13 1
2370 13 1
2375 13 1
2380 13 1
2385 13 1
2390 13 1
2395 13 1
2400 13 1
2405 13 1
2410 13 1
2415 13 1
2420 13 1
2425 13 1
2430 13 1
2435 13 1
2440 13 1
2445 13 1
2450 13 1
2455 13 1
2460 13 1
2465 13 1
2470 13 1
2475 13 1
2480 13 1
2485 13 1
2490 13 1
2495 13 1
2500 13 1
2505 13 1
2510 13 1
2515 13 1
2520 13 1
2525 13 1
2530 13 1
2535 13 1
2540 13 1
2545 13 1
2550 13 1
2555 13 1
2560 13 1
2565 13 1
2570 13 1
2575 13 1
2580 13 1
2585 13 1
2590 13 1
2595 13 1
2600 13 1
2605 13 1
2610 13 1
2615 13 1
2620 13 1
2625 13 1
2630 13 1
2635 13 1
2640 13 1
2645 13 1
2650 13 1
2655 13 1
2660 13 1
2665 13 1
2670 13 1
2675 13 1
2680 13 1
2685 13 1
2690 13 1
2695 13 1
2700 13 1
2705 13 1
2710 13 1
2715 13 1
2720 13 1
2725 13 1
2730 13 1
2735 13 1
2740 13 1
2745 13 1
2750 13 1
2755 13 1
2760 13 1
2765 13 1
2770 13 1
2775 13 1
2780 13 1
2785 13 1
2790 13 1
2795 13 1
2800 13 1
2805 13 1
2810 13 1
2815 13 1
2820 13 1
2825 13 1
2830 13 1
2835 13 1
2840 13 1
2845 13 1
2850 13 1
2855 13 1
2860 13 1
2865 13 1
2870 13 1
2875 13 1
2880 13 1
2885 13 1
2890 13 1
2895 13 1
2900 13 1
2905 13 1
2910 13 1
2915 13 1
2920 13 1
2925 13 1
2930 13 1
2935 13 1
2940 13 1
2945 13 1
2950 13 1
2955 13 1
2960 13 1
2965 13 1
2970 13 1
2975 13 1
2980 13 1
2985 13 1
2990 13 1
2995 13 1
3000 13 1
3005 13 1
3010 13 1
3015 13 1
3020 13 1
3025 13 1
3030 13 1
3035 13 1
3040 13 1
3045 13 1
3050 13 1
3055 13 1
3060 13 1
3065 13 1
3070 13 1
3075 13 1
3080 13 1
3085 13 1
3090 13 1
3095 13 1
3100 13 1
3105 13 1
3110 13 1
3115 13 1
3120 13 1
3125 13 1
3130 13 1
3135 13 1
3140 13 1
3145 13 1
3150 13 1
3155 13 1
3160 13 1
3165 13 1
3170 13 1
3175 13 1
3180 13 1
3185 13 1
3190 13 1
3195 13 1
3200 13 1
3205 13 1
3210 13 1
3215 13 1
3220 13 1
3225 13 1
3230 13 1
3235 13 1
3240 13 1
3245 13 1
3250 13 1
3255 13 1
3260 13 1
3265 13 1
3270 13 1
3275 13 1
3280 13 1
3285 13 1
3290 13 1
3295 13 1
3300 13 1
3305 13 1
3310 13 1
3315 13 1
3320 13 1
3325 13 1
3330 13 1
3335 13 1
3340 13 1
3345 13 1
3350 13 1
3355 13 1
3360 13 1
3365 13 1
3370 13 1
3375 13 1
3380 13 1
3385 13 1
3390 13 1
3395 13 1
3400 13 1
3405 13 1
3410 13 1
3415 13 1
3420 13 1
3425 13 1
3430 13 1
3435 13 1
3440 13 1
3445 13 1
3450 13 1
3455 13 1
3460 13 1
3465 13 1
3470 13 1
3475 13 1
3480 13 1
3485 13 1
3490 13 1
3495 13 1
3500 13 1
3505 13 1
3510 13 1
3515 13 1
3520 13 1
3525 13 1
3530 13 1
3535 13 1
3540 13 1
3545 13 1
3550 13 1
3555 13 1
3560 13 1
3565 13 1
3570 13 1
3575 13 1
3580 13 1
3585 13 1
3590 13 1
3595 13 1
3600 13 1
3605 13 1
3610 13 1
3615 13 1
3620 13 1
3625 13 1
3630 13 1
3635 13 1
3640 13 1
3645 13 1
3650 13 1
3655 13 1
3660 13 1
3665 13 1
3670 13 1
3675 13 1
3680 13 1
3685 13 1
3690 13 1
3695 13 1
3700 13 1
3705 13 1
3710 13 1
3715 13 1
3720 13 1
3725 13 1
3730 13 1
3735 13 1
3740 13 1
3745 13 1
3750 13 1
3 14 1
6 14 1
11 14 1
16 14 1
21 14 1
26 14 1
31 14 1
36 14 1
41 14 1
46 14 1
51 14 1
56 14 1
61 14 1
66 14 1
71 14 1
76 14 1
81 14 1
86 14 1
91 14 1
96 14 1
101 14 1
106 14 1
111 14 1
116 14 1
121 14 1
126 14 1
131 14 1
136 14 1
141 14 1
146 14 1
151 14 1
156 14 1
161 14 1
166 14 1
171 14 1
176 14 1
181 14 1
186 14 1
191 14 1
196 14 1
201 14 1
206 14 1
211 14 1
216 14 1
221 14 1
226 14 1
231 14 1
236 14 1
241 14 1
246 14 1
251 14 1
256 14 1
261 14 1
266 14 1
271 14 1
276 14 1
281 14 1
286 14 1
291 14 1
296 14 1
301 14 1
306 14 1
311 14 1
316 14 1
321 14 1
326 14 1
331 14 1
336 14 1
341 14 1
346 14 1
351 14 1
356 14 1
361 14 1
366 14 1
371 14 1
376 14 1
381 14 1
386 14 1
391 14 1
396 14 1
401 14 1
406 14 1
411 14 1
416 14 1
421 14 1
426 14 1
431 14 1
436 14 1
441 14 1
446 14 1
451 14 1
456 14 1
461 14 1
466 14 1
471 14 1
476 14 1
481 14 1
486 14 1
491 14 1
496 14 1
501 14 1
506 14 1
511 14 1
516 14 1
521 14 1
526 14 1
531 14 1
536 14 1
541 14 1
546 14 1
551 14 1
556 14 1
561 14 1
566 14 1
571 14 1
576 14 1
581 14 1
586 14 1
591 14 1
596 14 1
601 14 1
606 14 1
611 14 1
616 14 1
621 14 1
626 14 1
631 14 1
636 14 1
641 14 1
646 14 1
651 14 1
656 14 1
661 14 1
666 14 1
671 14 1
676 14 1
681 14 1
686 14 1
691 14 1
696 14 1
701 14 1
706 14 1
711 14 1
716 14 1
721 14 1
726 14 1
731 14 1
736 14 1
741 14 1
746 14 1
751 14 1
756 14 1
761 14 1
766 14 1
771 14 1
776 14 1
781 14 1
786 14 1
791 14 1
796 14 1
801 14 1
806 14 1
811 14 1
816 14 1
821 14 1
826 14 1
831 14 1
836 14 1
841 14 1
846 14 1
851 14 1
856 14 1
861 14 1
866 14 1
871 14 1
876 14 1
881 14 1
886 14 1
891 14 1
896 14 1
901 14 1
906 14 1
911 14 1
916 14 1
921 14 1
926 14 1
931 14 1
936 14 1
941 14 1
946 14 1
951 14 1
956 14 1
961 14 1
966 14 1
971 14 1
976 14 1
981 14 1
986 14 1
991 14 1
996 14 1
1001 14 1
1006 14 1
1011 14 1
1016 14 1
1021 14 1
1026 14 1
1031 14 1
1036 14 1
1041 14 1
1046 14 1
1051 14 1
1056 14 1
1061 14 1
1066 14 1
1071 14 1
1076 14 1
1081 14 1
1086 14 1
1091 14 1
1096 14 1
1101 14 1
1106 14 1
1111 14 1
1116 14 1
1121 14 1
1126 14 1
1131 14 1
1136 14 1
1141 14 1
1146 14 1
1151 14 1
1156 14 1
1161 14 1
1166 14 1
1171 14 1
1176 14 1
1181 14 1
1186 14 1
1191 14 1
1196 14 1
1201 14 1
1206 14 1
1211 14 1
1216 14 1
1221 14 1
1226 14 1
1231 14 1
1236 14 1
1241 14 1
1246 14 1
1251 14 1
1256 14 1
1261 14 1
1266 14 1
1271 14 1
1276 14 1
1281 14 1
1286 14 1
1291 14 1
1296 14 1
1301 14 1
1306 14 1
1311 14 1
1316 14 1
1321 14 1
1326 14 1
1331 14 1
1336 14 1
1341 14 1
1346 14 1
1351 14 1
1356 14 1
1361 14 1
1366 14 1
1371 14 1
1376 14 1
1381 14 1
1386 14 1
1391 14 1
1396 14 1
1401 14 1
1406 14 1
1411 14 1
1416 14 1
1421 14 1
1426 14 1
1431 14 1
1436 14 1
1441 14 1
1446 14 1
1451 14 1
1456 14 1
1461 14 1
1466 14 1
1471 14 1
1476 14 1
1481 14 1
1486 14 1
1491 14 1
1496 14 1
1501 14 1
1506 14 1
1511 14 1
1516 14 1
1521 14 1
1526 14 1
1531 14 1
1536 14 1
1541 14 1
1546 14 1
1551 14 1
1556 14 1
1561 14 1
1566 14 1
1571 14 1
1576 14 1
1581 14 1
1586 14 1
1591 14 1
1596 14 1
1601 14 1
1606 14 1
1611 14 1
1616 14 1
1621 14 1
1626 14 1
1631 14 1
1636 14 1
1641 14 1
1646 14 1
1651 14 1
1656 14 1
1661 14 1
1666 14 1
1671 14 1
1676 14 1
1681 14 1
1686 14 1
1691 14 1
1696 14 1
1701 14 1
1706 14 1
1711 14 1
1716 14 1
1721 14 1
1726 14 1
1731 14 1
1736 14 1
1741 14 1
1746 14 1
1751 14 1
1756 14 1
1761 14 1
1766 14 1
1771 14 1
1776 14 1
1781 14 1
1786 14 1
1791 14 1
1796 14 1
1801 14 1
1806 14 1
1811 14 1
1816 14 1
1821 14 1
1826 14 1
1831 14 1
1836 14 1
1841 14 1
1846 14 1
1851 14 1
1856 14 1
1861 14 1
1866 14 1
1871 14 1
1876 14 1
1881 14 1
1886 14 1
1891 14 1
1896 14 1
1901 14 1
1906 14 1
1911 14 1
1916 14 1
1921 14 1
1926 14 1
1931 14 1
1936 14 1
1941 14 1
1946 14 1
1951 14 1
1956 14 1
1961 14 1
1966 14 1
1971 14 1
1976 14 1
1981 14 1
1986 14 1
1991 14 1
1996 14 1
2001 14 1
2006 14 1
2011 14 1
2016 14 1
2021 14 1
2026 14 1
2031 14 1
2036 14 1
2041 14 1
2046 14 1
2051 14 1
2056 14 1
2061 14 1
2066 14 1
2071 14 1
2076 14 1
2081 14 1
2086 14 1
2091 14 1
2096 14 1
2101 14 1
2106 14 1
2111 14 1
2116 14 1
2121 14 1
2126 14 1
2131 14 1
2136 14 1
2141 14 1
2146 14 1
2151 14 1
2156 14 1
2161 14 1
2166 14 1
2171 14 1
2176 14 1
2181 14 1
2186 14 1
2191 14 1
2196 14 1
2201 14 1
2206 14 1
2211 14 1
2216 14 1
2221 14 1
2226 14 1
2231 14 1
2236 14 1
2241 14 1
2246 14 1
2251 14 1
2256 14 1
2261 14 1
2266 14 1
2271 14 1
2276 14 1
2281 14 1
2286 14 1
2291 14 1
2296 14 1
2301 14 1
2306 14 1
2311 14 1
2316 14 1
2321 14 1
2326 14 1
2331 14 1
2336 14 1
2341 14 1
2346 14 1
2351 14 1
2356 14 1
2361 14 1
2366 14 1
2371 14 1
2376 14 1
2381 14 1
2386 14 1
2391 14 1
2396 14 1
2401 14 1
2406 14 1
2411 14 1
2416 14 1
2421 14 1
2426 14 1
2431 14 1
2436 14 1
2441 14 1
2446 14 1
2451 14 1
2456 14 1
2461 14 1
2466 14 1
2471 14 1
2476 14 1
2481 14 1
2486 14 1
2491 14 1
2496 14 1
2501 14 1
2506 14 1
2511 14 1
2516 14 1
2521 14 1
2526 14 1
2531 14 1
2536 14 1
2541 14 1
2546 14 1
2551 14 1
2556 14 1
2561 14 1
2566 14 1
2571 14 1
2576 14 1
2581 14 1
2586 14 1
2591 14 1
2596 14 1
2601 14 1
2606 14 1
2611 14 1
2616 14 1
2621 14 1
2626 14 1
2631 14 1
2636 14 1
2641 14 1
2646 14 1
2651 14 1
2656 14 1
2661 14 1
2666 14 1
2671 14 1
2676 14 1
2681 14 1
2686 14 1
2691 14 1
2696 14 1
2701 14 1
2706 14 1
2711 14 1
2716 14 1
2721 14 1
2726 14 1
2731 14 1
2736 14 1
2741 14 1
2746 14 1
2751 14 1
2756 14 1
2761 14 1
2766 14 1
2771 14 1
2776 14 1
2781 14 1
2786 14 1
2791 14 1
2796 14 1
2801 14 1
2806 14 1
2811 14 1
2816 14 1
2821 14 1
2826 14 1
2831 14 1
2836 14 1
2841 14 1
2846 14 1
2851 14 1
2856 14 1
2861 14 1
2866 14 1
2871 14 1
2876 14 1
2881 14 1
2886 14 1
2891 14 1
2896 14 1
2901 14 1
2906 14 1
2911 14 1
2916 14 1
2921 14 1
2926 14 1
2931 14 1
2936 14 1
2941 14 1
2946 14 1
2951 14 1
2956 14 1
2961 14 1
2966 14 1
2971 14 1
2976 14 1
2981 14 1
2986 14 1
2991 14 1
2996 14 1
3001 14 1
3006 14 1
3011 14 1
3016 14 1
3021 14 1
3026 14 1
3031 14 1
3036 14 1
3041 14 1
3046 14 1
3051 14 1
3056 14 1
3061 14 1
3066 14 1
3071 14 1
3076 14 1
3081 14 1
3086 14 1
3091 14 1
3096 14 1
3101 14 1
3106 14 1
3111 14 1
3116 14 1
3121 14 1
3126 14 1
3131 14 1
3136 14 1
3141 14 1
3146 14 1
3151 14 1
3156 14 1
3161 14 1
3166 14 1
3171 14 1
3176 14 1
3181 14 1
3186 14 1
3191 14 1
3196 14 1
3201 14 1
3206 14 1
3211 14 1
3216 14 1
3221 14 1
3226 14 1
3231 14 1
3236 14 1
3241 14 1
3246 14 1
3251 14 1
3256 14 1
3261 14 1
3266 14 1
3271 14 1
3276 14 1
3281 14 1
3286 14 1
3291 14 1
3296 14 1
3301 14 1
3306 14 1
3311 14 1
3316 14 1
3321 14 1
3326 14 1
3331 14 1
3336 14 1
3341 14 1
3346 14 1
3351 14 1
3356 14 1
3361 14 1
3366 14 1
3371 14 1
3376 14 1
3381 14 1
3386 14 1
3391 14 1
3396 14 1
3401 14 1
3406 14 1
3411 14 1
3416 14 1
3421 14 1
3426 14 1
3431 14 1
3436 14 1
3441 14 1
3446 14 1
3451 14 1
3456 14 1
3461 14 1
3466 14 1
3471 14 1
3476 14 1
3481 14 1
3486 14 1
3491 14 1
3496 14 1
3501 14 1
3506 14 1
3511 14 1
3516 14 1
3521 14 1
3526 14 1
3531 14 1
3536 14 1
3541 14 1
3546 14 1
3551 14 1
3556 14 1
3561 14 1
3566 14 1
3571 14 1
3576 14 1
3581 14 1
3586 14 1
3591 14 1
3596 14 1
3601 14 1
3606 14 1
3611 14 1
3616 14 1
3621 14 1
3626 14 1
3631 14 1
3636 14 1
3641 14 1
3646 14 1
3651 14 1
3656 14 1
3661 14 1
3666 14 1
3671 14 1
3676 14 1
3681 14 1
3686 14 1
3691 14 1
3696 14 1
3701 14 1
3706 14 1
3711 14 1
3716 14 1
3721 14 1
3726 14 1
3731 14 1
3736 14 1
3741 14 1
3746 14 1
3751 14 1
3 15 1
7 15 1
12 15 1
17 15 1
22 15 1
27 15 1
32 15 1
37 15 1
42 15 1
47 15 1
52 15 1
57 15 1
62 15 1
67 15 1
72 15 1
77 15 1
82 15 1
87 15 1
92 15 1
97 15 1
102 15 1
107 15 1
112 15 1
117 15 1
122 15 1
127 15 1
132 15 1
137 15 1
142 15 1
147 15 1
152 15 1
157 15 1
162 15 1
167 15 1
172 15 1
177 15 1
182 15 1
187 15 1
192 15 1
197 15 1
202 15 1
207 15 1
212 15 1
217 15 1
222 15 1
227 15 1
232 15 1
237 15 1
242 15 1
247 15 1
252 15 1
257 15 1
262 15 1
267 15 1
272 15 1
277 15 1
282 15 1
287 15 1
292 15 1
297 15 1
302 15 1
307 15 1
312 15 1
317 15 1
322 15 1
327 15 1
332 15 1
337 15 1
342 15 1
347 15 1
352 15 1
357 15 1
362 15 1
367 15 1
372 15 1
377 15 1
382 15 1
387 15 1
392 15 1
397 15 1
402 15 1
407 15 1
412 15 1
417 15 1
422 15 1
427 15 1
432 15 1
437 15 1
442 15 1
447 15 1
452 15 1
457 15 1
462 15 1
467 15 1
472 15 1
477 15 1
482 15 1
487 15 1
492 15 1
497 15 1
502 15 1
507 15 1
512 15 1
517 15 1
522 15 1
527 15 1
532 15 1
537 15 1
542 15 1
547 15 1
552 15 1
557 15 1
562 15 1
567 15 1
572 15 1
577 15 1
582 15 1
587 15 1
592 15 1
597 15 1
602 15 1
607 15 1
612 15 1
617 15 1
622 15 1
627 15 1
632 15 1
637 15 1
642 15 1
647 15 1
652 15 1
657 15 1
662 15 1
667 15 1
672 15 1
677 15 1
682 15 1
687 15 1
692 15 1
697 15 1
702 15 1
707 15 1
712 15 1
717 15 1
722 15 1
727 15 1
732 15 1
737 15 1
742 15 1
747 15 1
752 15 1
757 15 1
762 15 1
767 15 1
772 15 1
777 15 1
782 15 1
787 15 1
792 15 1
797 15 1
802 15 1
807 15 1
812 15 1
817 15 1
822 15 1
827 15 1
832 15 1
837 15 1
842 15 1
847 15 1
852 15 1
857 15 1
862 15 1
867 15 1
872 15 1
877 15 1
882 15 1
887 15 1
892 15 1
897 15 1
902 15 1
907 15 1
912 15 1
917 15 1
922 15 1
927 15 1
932 15 1
937 15 1
942 15 1
947 15 1
952 15 1
957 15 1
962 15 1
967 15 1
972 15 1
977 15 1
982 15 1
987 15 1
992 15 1
997 15 1
1002 15 1
1007 15 1
1012 15 1
1017 15 1
1022 15 1
1027 15 1
1032 15 1
1037 15 1
1042 15 1
1047 15 1
1052 15 1
1057 15 1
1062 15 1
1067 15 1
1072 15 1
1077 15 1
1082 15 1
1087 15 1
1092 15 1
1097 15 1
1102 15 1
1107 15 1
1112 15 1
1117 15 1
1122 15 1
1127 15 1
1132 15 1
1137 15 1
1142 15 1
1147 15 1
1152 15 1
1157 15 1
1162 15 1
1167 15 1
1172 15 1
1177 15 1
1182 15 1
1187 15 1
1192 15 1
1197 15 1
1202 15 1
1207 15 1
1212 15 1
1217 15 1
1222 15 1
1227 15 1
1232 15 1
1237 15 1
1242 15 1
1247 15 1
1252 15 1
1257 15 1
1262 15 1
1267 15 1
1272 15 1
1277 15 1
1282 15 1
1287 15 1
1292 15 1
1297 15 1
1302 15 1
1307 15 1
1312 15 1
1317 15 1
1322 15 1
1327 15 1
1332 15 1
1337 15 1
1342 15 1
1347 15 1
1352 15 1
1357 15 1
1362 15 1
1367 15 1
1372 15 1
1377 15 1
1382 15 1
1387 15 1
1392 15 1
1397 15 1
1402 15 1
1407 15 1
1412 15 1
1417 15 1
1422 15 1
1427 15 1
1432 15 1
1437 15 1
1442 15 1
1447 15 1
1452 15 1
1457 15 1
1462 15 1
1467 15 1
1472 15 1
1477 15 1
1482 15 1
1487 15 1
1492 15 1
1497 15 1
1502 15 1
1507 15 1
1512 15 1
1517 15 1
1522 15 1
1527 15 1
1532 15 1
1537 15 1
1542 15 1
1547 15 1
1552 15 1
1557 15 1
1562 15 1
1567 15 1
1572 15 1
1577 15 1
1582 15 1
1587 15 1
1592 15 1
1597 15 1
1602 15 1
1607 15 1
1612 15 1
1617 15 1
1622 15 1
1627 15 1
1632 15 1
1637 15 1
1642 15 1
1647 15 1
1652 15 1
1657 15 1
1662 15 1
1667 15 1
1672 15 1
1677 15 1
1682 15 1
1687 15 1
1692 15 1
1697 15 1
1702 15 1
1707 15 1
1712 15 1
1717 15 1
1722 15 1
1727 15 1
1732 15 1
1737 15 1
1742 15 1
1747 15 1
1752 15 1
1757 15 1
1762 15 1
1767 15 1
1772 15 1
1777 15 1
1782 15 1
1787 15 1
1792 15 1
1797 15 1
1802 15 1
1807 15 1
1812 15 1
1817 15 1
1822 15 1
1827 15 1
1832 15 1
1837 15 1
1842 15 1
1847 15 1
1852 15 1
1857 15 1
1862 15 1
1867 15 1
1872 15 1
1877 15 1
1882 15 1
1887 15 1
1892 15 1
1897 15 1
1902 15 1
1907 15 1
1912 15 1
1917 15 1
1922 15 1
1927 15 1
1932 15 1
1937 15 1
1942 15 1
1947 15 1
1952 15 1
1957 15 1
1962 15 1
1967 15 1
1972 15 1
1977 15 1
1982 15 1
1987 15 1
1992 15 1
1997 15 1
2002 15 1
2007 15 1
2012 15 1
2017 15 1
2022 15 1
2027 15 1
2032 15 1
2037 15 1
2042 15 1
2047 15 1
2052 15 1
2057 15 1
2062 15 1
2067 15 1
2072 15 1
2077 15 1
2082 15 1
2087 15 1
2092 15 1
2097 15 1
2102 15 1
2107 15 1
2112 15 1
2117 15 1
2122 15 1
2127 15 1
2132 15 1
2137 15 1
2142 15 1
2147 15 1
2152 15 1
2157 15 1
2162 15 1
2167 15 1
2172 15 1
2177 15 1
2182 15 1
2187 15 1
2192 15 1
2197 15 1
2202 15 1
2207 15 1
2212 15 1
2217 15 1
2222 15 1
2227 15 1
2232 15 1
2237 15 1
2242 15 1
2247 15 1
2252 15 1
2257 15 1
2262 15 1
2267 15 1
2272 15 1
2277 15 1
2282 15 1
2287 15 1
2292 15 1
2297 15 1
2302 15 1
2307 15 1
2312 15 1
2317 15 1
2322 15 1
2327 15 1
2332 15 1
2337 15 1
2342 15 1
2347 15 1
2352 15 1
2357 15 1
2362 15 1
2367 15 1
2372 15 1
2377 15 1
2382 15 1
2387 15 1
2392 15 1
2397 15 1
2402 15 1
2407 15 1
2412 15 1
2417 15 1
2422 15 1
2427 15 1
2432 15 1
2437 15 1
2442 15 1
2447 15 1
2452 15 1
2457 15 1
2462 15 1
2467 15 1
2472 15 1
2477 15 1
2482 15 1
2487 15 1
2492 15 1
2497 15 1
2502 15 1
2507 15 1
2512 15 1
2517 15 1
2522 15 1
2527 15 1
2532 15 1
2537 15 1
2542 15 1
2547 15 1
2552 15 1
2557 15 1
2562 15 1
2567 15 1
2572 15 1
2577 15 1
2582 15 1
2587 15 1
2592 15 1
2597 15 1
2602 15 1
2607 15 1
2612 15 1
2617 15 1
2622 15 1
2627 15 1
2632 15 1
2637 15 1
2642 15 1
2647 15 1
2652 15 1
2657 15 1
2662 15 1
2667 15 1
2672 15 1
2677 15 1
2682 15 1
2687 15 1
2692 15 1
2697 15 1
2702 15 1
2707 15 1
2712 15 1
2717 15 1
2722 15 1
2727 15 1
2732 15 1
2737 15 1
2742 15 1
2747 15 1
2752 15 1
2757 15 1
2762 15 1
2767 15 1
2772 15 1
2777 15 1
2782 15 1
2787 15 1
2792 15 1
2797 15 1
2802 15 1
2807 15 1
2812 15 1
2817 15 1
2822 15 1
2827 15 1
2832 15 1
2837 15 1
2842 15 1
2847 15 1
2852 15 1
2857 15 1
2862 15 1
2867 15 1
2872 15 1
2877 15 1
2882 15 1
2887 15 1
2892 15 1
2897 15 1
2902 15 1
2907 15 1
2912 15 1
2917 15 1
2922 15 1
2927 15 1
2932 15 1
2937 15 1
2942 15 1
2947 15 1
2952 15 1
2957 15 1
2962 15 1
2967 15 1
2972 15 1
2977 15 1
2982 15 1
2987 15 1
2992 15 1
2997 15 1
3002 15 1
3007 15 1
3012 15 1
3017 15 1
3022 15 1
3027 15 1
3032 15 1
3037 15 1
3042 15 1
3047 15 1
3052 15 1
3057 15 1
3062 15 1
3067 15 1
3072 15 1
3077 15 1
3082 15 1
3087 15 1
3092 15 1
3097 15 1
3102 15 1
3107 15 1
3112 15 1
3117 15 1
3122 15 1
3127 15 1
3132 15 1
3137 15 1
3142 15 1
3147 15 1
3152 15 1
3157 15 1
3162 15 1
3167 15 1
3172 15 1
3177 15 1
3182 15 1
3187 15 1
3192 15 1
3197 15 1
3202 15 1
3207 15 1
3212 15 1
3217 15 1
3222 15 1
3227 15 1
3232 15 1
3237 15 1
3242 15 1
3247 15 1
3252 15 1
3257 15 1
3262 15 1
3267 15 1
3272 15 1
3277 15 1
3282 15 1
3287 15 1
3292 15 1
3297 15 1
3302 15 1
3307 15 1
3312 15 1
3317 15 1
3322 15 1
3327 15 1
3332 15 1
3337 15 1
3342 15 1
3347 15 1
3352 15 1
3357 15 1
3362 15 1
3367 15 1
3372 15 1
3377 15 1
3382 15 1
3387 15 1
3392 15 1
3397 15 1
3402 15 1
3407 15 1
3412 15 1
3417 15 1
3422 15 1
3427 15 1
3432 15 1
3437 15 1
3442 15 1
3447 15 1
3452 15 1
3457 15 1
3462 15 1
3467 15 1
3472 15 1
3477 15 1
3482 15 1
3487 15 1
3492 15 1
3497 15 1
3502 15 1
3507 15 1
3512 15 1
3517 15 1
3522 15 1
3527 15 1
3532 15 1
3537 15 1
3542 15 1
3547 15 1
3552 15 1
3557 15 1
3562 15 1
3567 15 1
3572 15 1
3577 15 1
3582 15 1
3587 15 1
3592 15 1
3597 15 1
3602 15 1
3607 15 1
3612 15 1
3617 15 1
3622 15 1
3627 15 1
3632 15 1
3637 15 1
3642 15 1
3647 15 1
3652 15 1
3657 15 1
3662 15 1
3667 15 1
3672 15 1
3677 15 1
3682 15 1
3687 15 1
3692 15 1
3697 15 1
3702 15 1
3707 15 1
3712 15 1
3717 15 1
3722 15 1
3727 15 1
3732 15 1
3737 15 1
3742 15 1
3747 15 1
3752 15 1
3 16 1
8 16 1
13 16 1
18 16 1
23 16 1
28 16 1
33 16 1
38 16 1
43 16 1
48 16 1
53 16 1
58 16 1
63 16 1
68 16 1
73 16 1
78 16 1
83 16 1
88 16 1
93 16 1
98 16 1
103 16 1
108 16 1
113 16 1
118 16 1
123 16 1
128 16 1
133 16 1
138 16 1
143 16 1
148 16 1
153 16 1
158 16 1
163 16 1
168 16 1
173 16 1
178 16 1
183 16 1
188 16 1
193 16 1
198 16 1
203 16 1
208 16 1
213 16 1
218 16 1
223 16 1
228 16 1
233 16 1
238 16 1
243 16 1
248 16 1
253 16 1
258 16 1
263 16 1
268 16 1
273 16 1
278 16 1
283 16 1
288 16 1
293 16 1
298 16 1
303 16 1
308 16 1
313 16 1
318 16 1
323 16 1
328 16 1
333 16 1
338 16 1
343 16 1
348 16 1
353 16 1
358 16 1
363 16 1
368 16 1
373 16 1
378 16 1
383 16 1
388 16 1
393 16 1
398 16 1
403 16 1
408 16 1
413 16 1
418 16 1
423 16 1
428 16 1
433 16 1
438 16 1
443 16 1
448 16 1
453 16 1
458 16 1
463 16 1
468 16 1
473 16 1
478 16 1
483 16 1
488 16 1
493 16 1
498 16 1
503 16 1
508 16 1
513 16 1
518 16 1
523 16 1
528 16 1
533 16 1
538 16 1
543 16 1
548 16 1
553 16 1
558 16 1
563 16 1
568 16 1
573 16 1
578 16 1
583 16 1
588 16 1
593 16 1
598 16 1
603 16 1
608 16 1
613 16 1
618 16 1
623 16 1
628 16 1
633 16 1
638 16 1
643 16 1
648 16 1
653 16 1
658 16 1
663 16 1
668 16 1
673 16 1
678 16 1
683 16 1
688 16 1
693 16 1
698 16 1
703 16 1
708 16 1
713 16 1
718 16 1
723 16 1
728 16 1
733 16 1
738 16 1
743 16 1
748 16 1
753 16 1
758 16 1
763 16 1
768 16 1
773 16 1
778 16 1
783 16 1
788 16 1
793 16 1
798 16 1
803 16 1
808 16 1
813 16 1
818 16 1
823 16 1
828 16 1
833 16 1
838 16 1
843 16 1
848 16 1
853 16 1
858 16 1
863 16 1
868 16 1
873 16 1
878 16 1
883 16 1
888 16 1
893 16 1
898 16 1
903 16 1
908 16 1
913 16 1
918 16 1
923 16 1
928 16 1
933 16 1
938 16 1
943 16 1
948 16 1
953 16 1
958 16 1
963 16 1
968 16 1
973 16 1
978 16 1
983 16 1
988 16 1
993 16 1
998 16 1
1003 16 1
1008 16 1
1013 16 1
1018 16 1
1023 16 1
1028 16 1
1033 16 1
1038 16 1
1043 16 1
1048 16 1
1053 16 1
1058 16 1
1063 16 1
1068 16 1
1073 16 1
1078 16 1
1083 16 1
1088 16 1
1093 16 1
1098 16 1
1103 16 1
1108 16 1
1113 16 1
1118 16 1
1123 16 1
1128 16 1
1133 16 1
1138 16 1
1143 16 1
1148 16 1
1153 16 1
1158 16 1
1163 16 1
1168 16 1
1173 16 1
1178 16 1
1183 16 1
1188 16 1
1193 16 1
1198 16 1
1203 16 1
1208 16 1
1213 16 1
1218 16 1
1223 16 1
1228 16 1
1233 16 1
1238 16 1
1243 16 1
1248 16 1
1253 16 1
1258 16 1
1263 16 1
1268 16 1
1273 16 1
1278 16 1
1283 16 1
1288 16 1
1293 16 1
1298 16 1
1303 16 1
1308 16 1
1313 16 1
1318 16 1
1323 16 1
1328 16 1
1333 16 1
1338 16 1
1343 16 1
1348 16 1
1353 16 1
1358 16 1
1363 16 1
1368 16 1
1373 16 1
1378 16 1
1383 16 1
1388 16 1
1393 16 1
1398 16 1
1403 16 1
1408 16 1
1413 16 1
1418 16 1
1423 16 1
1428 16 1
1433 16 1
1438 16 1
1443 16 1
1448 16 1
1453 16 1
1458 16 1
1463 16 1
1468 16 1
1473 16 1
1478 16 1
1483 16 1
1488 16 1
1493 16 1
1498 16 1
1503 16 1
1508 16 1
1513 16 1
1518 16 1
1523 16 1
1528 16 1
1533 16 1
1538 16 1
1543 16 1
1548 16 1
1553 16 1
1558 16 1
1563 16 1
1568 16 1
1573 16 1
1578 16 1
1583 16 1
1588 16 1
1593 16 1
1598 16 1
1603 16 1
1608 16 1
1613 16 1
1618 16 1
1623 16 1
1628 16 1
1633 16 1
1638 16 1
1643 16 1
1648 16 1
1653 16 1
1658 16 1
1663 16 1
1668 16 1
1673 16 1
1678 16 1
1683 16 1
1688 16 1
1693 16 1
1698 16 1
1703 16 1
1708 16 1
1713 16 1
1718 16 1
1723 16 1
1728 16 1
1733 16 1
1738 16 1
1743 16 1
1748 16 1
1753 16 1
1758 16 1
1763 16 1
1768 16 1
1773 16 1
1778 16 1
1783 16 1
1788 16 1
1793 16 1
1798 16 1
1803 16 1
1808 16 1
1813 16 1
1818 16 1
1823 16 1
1828 16 1
1833 16 1
1838 16 1
1843 16 1
1848 16 1
1853 16 1
1858 16 1
1863 16 1
1868 16 1
1873 16 1
1878 16 1
1883 16 1
1888 16 1
1893 16 1
1898 16 1
1903 16 1
1908 16 1
1913 16 1
1918 16 1
1923 16 1
1928 16 1
1933 16 1
1938 16 1
1943 16 1
1948 16 1
1953 16 1
1958 16 1
1963 16 1
1968 16 1
1973 16 1
1978 16 1
1983 16 1
1988 16 1
1993 16 1
1998 16 1
2003 16 1
2008 16 1
2013 16 1
2018 16 1
2023 16 1
2028 16 1
2033 16 1
2038 16 1
2043 16 1
2048 16 1
2053 16 1
2058 16 1
2063 16 1
2068 16 1
2073 16 1
2078 16 1
2083 16 1
2088 16 1
2093 16 1
2098 16 1
2103 16 1
2108 16 1
2113 16 1
2118 16 1
2123 16 1
2128 16 1
2133 16 1
2138 16 1
2143 16 1
2148 16 1
2153 16 1
2158 16 1
2163 16 1
2168 16 1
2173 16 1
2178 16 1
2183 16 1
2188 16 1
2193 16 1
2198 16 1
2203 16 1
2208 16 1
2213 16 1
2218 16 1
2223 16 1
2228 16 1
2233 16 1
2238 16 1
2243 16 1
2248 16 1
2253 16 1
2258 16 1
2263 16 1
2268 16 1
2273 16 1
2278 16 1
2283 16 1
2288 16 1
2293 16 1
2298 16 1
2303 16 1
2308 16 1
2313 16 1
2318 16 1
2323 16 1
2328 16 1
2333 16 1
2338 16 1
2343 16 1
2348 16 1
2353 16 1
2358 16 1
2363 16 1
2368 16 1
2373 16 1
2378 16 1
2383 16 1
2388 16 1
2393 16 1
2398 16 1
2403 16 1
2408 16 1
2413 16 1
2418 16 1
2423 16 1
2428 16 1
2433 16 1
2438 16 1
2443 16 1
2448 16 1
2453 16 1
2458 16 1
2463 16 1
2468 16 1
2473 16 1
2478 16 1
2483 16 1
2488 16 1
2493 16 1
2498 16 1
2503 16 1
2508 16 1
2513 16 1
2518 16 1
2523 16 1
2528 16 1
2533 16 1
2538 16 1
2543 16 1
2548 16 1
2553 16 1
2558 16 1
2563 16 1
2568 16 1
2573 16 1
2578 16 1
2583 16 1
2588 16 1
2593 16 1
2598 16 1
2603 16 1
2608 16 1
2613 16 1
2618 16 1
2623 16 1
2628 16 1
2633 16 1
2638 16 1
2643 16 1
2648 16 1
2653 16 1
2658 16 1
2663 16 1
2668 16 1
2673 16 1
2678 16 1
2683 16 1
2688 16 1
2693 16 1
2698 16 1
2703 16 1
2708 16 1
2713 16 1
2718 16 1
2723 16 1
2728 16 1
2733 16 1
2738 16 1
2743 16 1
2748 16 1
2753 16 1
2758 16 1
2763 16 1
2768 16 1
2773 16 1
2778 16 1
2783 16 1
2788 16 1
2793 16 1
2798 16 1
2803 16 1
2808 16 1
2813 16 1
2818 16 1
2823 16 1
2828 16 1
2833 16 1
2838 16 1
2843 16 1
2848 16 1
2853 16 1
2858 16 1
2863 16 1
2868 16 1
2873 16 1
2878 16 1
2883 16 1
2888 16 1
2893 16 1
2898 16 1
2903 16 1
2908 16 1
2913 16 1
2918 16 1
2923 16 1
2928 16 1
2933 16 1
2938 16 1
2943 16 1
2948 16 1
2953 16 1
2958 16 1
2963 16 1
2968 16 1
2973 16 1
2978 16 1
2983 16 1
2988 16 1
2993 16 1
2998 16 1
3003 16 1
3008 16 1
3013 16 1
3018 16 1
3023 16 1
3028 16 1
3033 16 1
3038 16 1
3043 16 1
3048 16 1
3053 16 1
3058 16 1
3063 16 1
3068 16 1
3073 16 1
3078 16 1
3083 16 1
3088 16 1
3093 16 1
3098 16 1
3103 16 1
3108 16 1
3113 16 1
3118 16 1
3123 16 1
3128 16 1
3133 16 1
3138 16 1
3143 16 1
3148 16 1
3153 16 1
3158 16 1
3163 16 1
3168 16 1
3173 16 1
3178 16 1
3183 16 1
3188 16 1
3193 16 1
3198 16 1
3203 16 1
3208 16 1
3213 16 1
3218 16 1
3223 16 1
3228 16 1
3233 16 1
3238 16 1
3243 16 1
3248 16 1
3253 16 1
3258 16 1
3263 16 1
3268 16 1
3273 16 1
3278 16 1
3283 16 1
3288 16 1
3293 16 1
3298 16 1
3303 16 1
3308 16 1
3313 16 1
3318 16 1
3323 16 1
3328 16 1
3333 16 1
3338 16 1
3343 16 1
3348 16 1
3353 16 1
3358 16 1
3363 16 1
3368 16 1
3373 16 1
3378 16 1
3383 16 1
3388 16 1
3393 16 1
3398 16 1
3403 16 1
3408 16 1
3413 16 1
3418 16 1
3423 16 1
3428 16 1
3433 16 1
3438 16 1
3443 16 1
3448 16 1
3453 16 1
3458 16 1
3463 16 1
3468 16 1
3473 16 1
3478 16 1
3483 16 1
3488 16 1
3493 16 1
3498 16 1
3503 16 1
3508 16 1
3513 16 1
3518 16 1
3523 16 1
3528 16 1
3533 16 1
3538 16 1
3543 16 1
3548 16 1
3553 16 1
3558 16 1
3563 16 1
3568 16 1
3573 16 1
3578 16 1
3583 16 1
3588 16 1
3593 16 1
3598 16 1
3603 16 1
3608 16 1
3613 16 1
3618 16 1
3623 16 1
3628 16 1
3633 16 1
3638 16 1
3643 16 1
3648 16 1
3653 16 1
3658 16 1
3663 16 1
3668 16 1
3673 16 1
3678 16 1
3683 16 1
3688 16 1
3693 16 1
3698 16 1
3703 16 1
3708 16 1
3713 16 1
3718 16 1
3723 16 1
3728 16 1
3733 16 1
3738 16 1
3743 16 1
3748 16 1
3753 16 1
4 17 1
5 18 1
6 19 1
7 20 1
8 21 1
4 22 1
5 23 1
6 24 1
7 25 1
8 26 1
9 27 1
10 28 1
11 29 1
12 30 1
13 31 1
9 32 1
10 33 1
11 34 1
12 35 1
13 36 1
14 37 1
15 38 1
16 39 1
17 40 1
18 41 1
14 42 1
15 43 1
16 44 1
17 45 1
18 46 1
19 47 1
20 48 1
21 49 1
22 50 1
23 51 1
19 52 1
20 53 1
21 54 1
22 55 1
23 56 1
24 57 1
25 58 1
26 59 1
27 60 1
28 61 1
24 62 1
25 63 1
26 64 1
27 65 1
28 66 1
29 67 1
30 68 1
31 69 1
32 70 1
33 71 1
29 72 1
30 73 1
31 74 1
32 75 1
33 76 1
34 77 1
35 78 1
36 79 1
37 80 1
38 81 1
34 82 1
35 83 1
36 84 1
37 85 1
38 86 1
39 87 1
40 88 1
41 89 1
42 90 1
43 91 1
39 92 1
40 93 1
41 94 1
42 95 1
43 96 1
44 97 1
45 98 1
46 99 1
47 100 1
48 101 1
44 102 1
45 103 1
46 104 1
47 105 1
48 106 1
49 107 1
50 108 1
51 109 1
52 110 1
53 111 1
49 112 1
50 113 1
51 114 1
52 115 1
53 116 1
54 117 1
55 118 1
56 119 1
57 120 1
58 121 1
54 122 1
55 123 1
56 124 1
57 125 1
58 126 1
59 127 1
60 128 1
61 129 1
62 130 1
63 131 1
59 132 1
60 133 1
61 134 1
62 135 1
63 136 1
64 137 1
65 138 1
66 139 1
67 140 1
68 141 1
64 142 1
65 143 1
66 144 1
67 145 1
68 146 1
69 147 1
70 148 1
71 149 1
72 150 1
73 151 1
69 152 1
70 153 1
71 154 1
72 155 1
73 156 1
74 157 1
75 158 1
76 159 1
77 160 1
78 161 1
74 162 1
75 163 1
76 164 1
77 165 1
78 166 1
79 167 1
80 168 1
81 169 1
82 170 1
83 171 1
79 172 1
80 173 1
81 174 1
82 175 1
83 176 1
84 177 1
85 178 1
86 179 1
87 180 1
88 181 1
84 182 1
85 183 1
86 184 1
87 185 1
88 186 1
89 187 1
90 188 1
91 189 1
92 190 1
93 191 1
89 192 1
90 193 1
91 194 1
92 195 1
93 196 1
94 197 1
95 198 1
96 199 1
97 200 1
98 201 1
94 202 1
95 203 1
96 204 1
97 205 1
98 206 1
99 207 1
100 208 1
101 209 1
102 210 1
103 211 1
99 212 1
100 213 1
101 214 1
102 215 1
103 216 1
104 217 1
105 218 1
106 219 1
107 220 1
108 221 1
104 222 1
105 223 1
106 224 1
107 225 1
108 226 1
109 227 1
110 228 1
111 229 1
112 230 1
113 231 1
109 232 1
110 233 1
111 234 1
112 235 1
113 236 1
114 237 1
115 238 1
116 239 1
117 240 1
118 241 1
114 242 1
115 243 1
116 244 1
117 245 1
118 246 1
119 247 1
120 248 1
121 249 1
122 250 1
123 251 1
119 252 1
120 253 1
121 254 1
122 255 1
123 256 1
124 257 1
125 258 1
126 259 1
127 260 1
128 261 1
124 262 1
125 263 1
126 264 1
127 265 1
128 266 1
129 267 1
130 268 1
131 269 1
132 270 1
133 271 1
129 272 1
130 273 1
131 274 1
132 275 1
133 276 1
134 277 1
135 278 1
136 279 1
137 280 1
138 281 1
134 282 1
135 283 1
136 284 1
137 285 1
138 286 1
139 287 1
140 288 1
141 289 1
142 290 1
143 291 1
139 292 1
140 293 1
141 294 1
142 295 1
143 296 1
144 297 1
145 298 1
146 299 1
147 300 1
148 301 1
144 302 1
145 303 1
146 304 1
147 305 1
148 306 1
149 307 1
150 308 1
151 309 1
152 310 1
153 311 1
149 312 1
150 313 1
151 314 1
152 315 1
153 316 1
154 317 1
155 318 1
156 319 1
157 320 1
158 321 1
154 322 1
155 323 1
156 324 1
157 325 1
158 326 1
159 327 1
160 328 1
161 329 1
162 330 1
163 331 1
159 332 1
160 333 1
161 334 1
162 335 1
163 336 1
164 337 1
165 338 1
166 339 1
167 340 1
168 341 1
164 342 1
165 343 1
166 344 1
167 345 1
168 346 1
169 347 1
170 348 1
171 349 1
172 350 1
173 351 1
169 352 1
170 353 1
171 354 1
172 355 1
173 356 1
174 357 1
175 358 1
176 359 1
177 360 1
178 361 1
174 362 1
175 363 1
176 364 1
177 365 1
178 366 1
179 367 1
180 368 1
181 369 1
182 370 1
183 371 1
179 372 1
180 373 1
181 374 1
182 375 1
183 376 1
184 377 1
185 378 1
186 379 1
187 380 1
188 381 1
184 382 1
185 383 1
186 384 1
187 385 1
188 386 1
189 387 1
190 388 1
191 389 1
192 390 1
193 391 1
189 392 1
190 393 1
191 394 1
192 395 1
193 396 1
194 397 1
195 398 1
196 399 1
197 400 1
198 401 1
194 402 1
195 403 1
196 404 1
197 405 1
198 406 1
199 407 1
200 408 1
201 409 1
202 410 1
203 411 1
199 412 1
200 413 1
201 414 1
202 415 1
203 416 1
204 417 1
205 418 1
206 419 1
207 420 1
208 421 1
204 422 1
205 423 1
206 424 1
207 425 1
208 426 1
209 427 1
210 428 1
211 429 1
212 430 1
213 431 1
209 432 1
210 433 1
211 434 1
212 435 1
213 436 1
214 437 1
215 438 1
216 439 1
217 440 1
218 441 1
214 442 1
215 443 1
216 444 1
217 445 1
218 446 1
219 447 1
220 448 1
221 449 1
222 450 1
223 451 1
219 452 1
220 453 1
221 454 1
222 455 1
223 456 1
224 457 1
225 458 1
226 459 1
227 460 1
228 461 1
224 462 1
225 463 1
226 464 1
227 465 1
228 466 1
229 467 1
230 468 1
231 469 1
232 470 1
233 471 1
229 472 1
230 473 1
231 474 1
232 475 1
233 476 1
234 477 1
235 478 1
236 479 1
237 480 1
238 481 1
234 482 1
235 483 1
236 484 1
237 485 1
238 486 1
239 487 1
240 488 1
241 489 1
242 490 1
243 491 1
239 492 1
240 493 1
241 494 1
242 495 1
243 496 1
244 497 1
245 498 1
246 499 1
247 500 1
248 501 1
244 502 1
245 503 1
246 504 1
247 505 1
248 506 1
249 507 1
250 508 1
251 509 1
252 510 1
253 511 1
249 512 1
250 513 1
251 514 1
252 515 1
253 516 1
254 517 1
255 518 1
256 519 1
257 520 1
258 521 1
254 522 1
255 523 1
256 524 1
257 525 1
258 526 1
259 527 1
260 528 1
261 529 1
262 530 1
263 531 1
259 532 1
260 533 1
261 534 1
262 535 1
263 536 1
264 537 1
265 538 1
266 539 1
267 540 1
268 541 1
264 542 1
265 543 1
266 544 1
267 545 1
268 546 1
269 547 1
270 548 1
271 549 1
272 550 1
273 551 1
269 552 1
270 553 1
271 554 1
272 555 1
273 556 1
274 557 1
275 558 1
276 559 1
277 560 1
278 561 1
274 562 1
275 563 1
276 564 1
277 565 1
278 566 1
279 567 1
280 568 1
281 569 1
282 570 1
283 571 1
279 572 1
280 573 1
281 574 1
282 575 1
283 576 1
284 577 1
285 578 1
286 579 1
287 580 1
288 581 1
284 582 1
285 583 1
286 584 1
287 585 1
288 586 1
289 587 1
290 588 1
291 589 1
292 590 1
293 591 1
289 592 1
290 593 1
291 594 1
292 595 1
293 596 1
294 597 1
295 598 1
296 599 1
297 600 1
298 601 1
294 602 1
295 603 1
296 604 1
297 605 1
298 606 1
299 607 1
300 608 1
301 609 1
302 610 1
303 611 1
299 612 1
300 613 1
301 614 1
302 615 1
303 616 1
304 617 1
305 618 1
306 619 1
307 620 1
308 621 1
304 622 1
305 623 1
306 624 1
307 625 1
308 626 1
309 627 1
310 628 1
311 629 1
312 630 1
313 631 1
309 632 1
310 633 1
311 634 1
312 635 1
313 636 1
314 637 1
315 638 1
316 639 1
317 640 1
318 641 1
314 642 1
315 643 1
316 644 1
317 645 1
318 646 1
319 647 1
320 648 1
321 649 1
322 650 1
323 651 1
319 652 1
320 653 1
321 654 1
322 655 1
323 656 1
324 657 1
325 658 1
326 659 1
327 660 1
328 661 1
324 662 1
325 663 1
326 664 1
327 665 1
328 666 1
329 667 1
330 668 1
331 669 1
332 670 1
333 671 1
329 672 1
330 673 1
331 674 1
332 675 1
333 676 1
334 677 1
335 678 1
336 679 1
337 680 1
338 681 1
334 682 1
335 683 1
336 684 1
337 685 1
338 686 1
339 687 1
340 688 1
341 689 1
342 690 1
343 691 1
339 692 1
340 693 1
341 694 1
342 695 1
343 696 1
344 697 1
345 698 1
346 699 1
347 700 1
348 701 1
344 702 1
345 703 1
346 704 1
347 705 1
348 706 1
349 707 1
350 708 1
351 709 1
352 710 1
353 711 1
349 712 1
350 713 1
351 714 1
352 715 1
353 716 1
354 717 1
355 718 1
356 719 1
357 720 1
358 721 1
354 722 1
355 723 1
356 724 1
357 725 1
358 726 1
359 727 1
360 728 1
361 729 1
362 730 1
363 731 1
359 732 1
360 733 1
361 734 1
362 735 1
363 736 1
364 737 1
365 738 1
366 739 1
367 740 1
368 741 1
364 742 1
365 743 1
366 744 1
367 745 1
368 746 1
369 747 1
370 748 1
371 749 1
372 750 1
373 751 1
369 752 1
370 753 1
371 754 1
372 755 1
373 756 1
374 757 1
375 758 1
376 759 1
377 760 1
378 761 1
374 762 1
375 763 1
376 764 1
377 765 1
378 766 1
379 767 1
380 768 1
381 769 1
382 770 1
383 771 1
379 772 1
380 773 1
381 774 1
382 775 1
383 776 1
384 777 1
385 778 1
386 779 1
387 780 1
388 781 1
384 782 1
385 783 1
386 784 1
387 785 1
388 786 1
389 787 1
390 788 1
391 789 1
392 790 1
393 791 1
389 792 1
390 793 1
391 794 1
392 795 1
393 796 1
394 797 1
395 798 1
396 799 1
397 800 1
398 801 1
394 802 1
395 803 1
396 804 1
397 805 1
398 806 1
399 807 1
400 808 1
401 809 1
402 810 1
403 811 1
399 812 1
400 813 1
401 814 1
402 815 1
403 816 1
404 817 1
405 818 1
406 819 1
407 820 1
408 821 1
404 822 1
405 823 1
406 824 1
407 825 1
408 826 1
409 827 1
410 828 1
411 829 1
412 830 1
413 831 1
409 832 1
410 833 1
411 834 1
412 835 1
413 836 1
414 837 1
415 838 1
416 839 1
417 840 1
418 841 1
414 842 1
415 843 1
416 844 1
417 845 1
418 846 1
419 847 1
420 848 1
421 849 1
422 850 1
423 851 1
419 852 1
420 853 1
421 854 1
422 855 1
423 856 1
424 857 1
425 858 1
426 859 1
427 860 1
428 861 1
424 862 1
425 863 1
426 864 1
427 865 1
428 866 1
429 867 1
430 868 1
431 869 1
432 870 1
433 871 1
429 872 1
430 873 1
431 874 1
432 875 1
433 876 1
434 877 1
435 878 1
436 879 1
437 880 1
438 881 1
434 882 1
435 883 1
436 884 1
437 885 1
438 886 1
439 887 1
440 888 1
441 889 1
442 890 1
443 891 1
439 892 1
440 893 1
441 894 1
442 895 1
443 896 1
444 897 1
445 898 1
446 899 1
447 900 1
448 901 1
444 902 1
445 903 1
446 904 1
447 905 1
448 906 1
449 907 1
450 908 1
451 909 1
452 910 1
453 911 1
449 912 1
450 913 1
451 914 1
452 915 1
453 916 1
454 917 1
455 918 1
456 919 1
457 920 1
458 921 1
454 922 1
455 923 1
456 924 1
457 925 1
458 926 1
459 927 1
460 928 1
461 929 1
462 930 1
463 931 1
459 932 1
460 933 1
461 934 1
462 935 1
463 936 1
464 937 1
465 938 1
466 939 1
467 940 1
468 941 1
464 942 1
465 943 1
466 944 1
467 945 1
468 946 1
469 947 1
470 948 1
471 949 1
472 950 1
473 951 1
469 952 1
470 953 1
471 954 1
472 955 1
473 956 1
474 957 1
475 958 1
476 959 1
477 960 1
478 961 1
474 962 1
475 963 1
476 964 1
477 965 1
478 966 1
479 967 1
480 968 1
481 969 1
482 970 1
483 971 1
479 972 1
480 973 1
481 974 1
482 975 1
483 976 1
484 977 1
485 978 1
486 979 1
487 980 1
488 981 1
484 982 1
485 983 1
486 984 1
487 985 1
488 986 1
489 987 1
490 988 1
491 989 1
492 990 1
493 991 1
489 992 1
490 993 1
491 994 1
492 995 1
493 996 1
494 997 1
495 998 1
496 999 1
497 1000 1
498 1001 1
494 1002 1
495 1003 1
496 1004 1
497 1005 1
498 1006 1
499 1007 1
500 1008 1
501 1009 1
502 1010 1
503 1011 1
499 1012 1
500 1013 1
501 1014 1
502 1015 1
503 1016 1
504 1017 1
505 1018 1
506 1019 1
507 1020 1
508 1021 1
504 1022 1
505 1023 1
506 1024 1
507 1025 1
508 1026 1
509 1027 1
510 1028 1
511 1029 1
512 1030 1
513 1031 1
509 1032 1
510 1033 1
511 1034 1
512 1035 1
513 1036 1
514 1037 1
515 1038 1
516 1039 1
517 1040 1
518 1041 1
514 1042 1
515 1043 1
516 1044 1
517 1045 1
518 1046 1
519 1047 1
520 1048 1
521 1049 1
522 1050 1
523 1051 1
519 1052 1
520 1053 1
521 1054 1
522 1055 1
523 1056 1
524 1057 1
525 1058 1
526 1059 1
527 1060 1
528 1061 1
524 1062 1
525 1063 1
526 1064 1
527 1065 1
528 1066 1
529 1067 1
530 1068 1
531 1069 1
532 1070 1
533 1071 1
529 1072 1
530 1073 1
531 1074 1
532 1075 1
533 1076 1
534 1077 1
535 1078 1
536 1079 1
537 1080 1
538 1081 1
534 1082 1
535 1083 1
536 1084 1
537 1085 1
538 1086 1
539 1087 1
540 1088 1
541 1089 1
542 1090 1
543 1091 1
539 1092 1
540 1093 1
541 1094 1
542 1095 1
543 1096 1
544 1097 1
545 1098 1
546 1099 1
547 1100 1
548 1101 1
544 1102 1
545 1103 1
546 1104 1
547 1105 1
548 1106 1
549 1107 1
550 1108 1
551 1109 1
552 1110 1
553 1111 1
549 1112 1
550 1113 1
551 1114 1
552 1115 1
553 1116 1
554 1117 1
555 1118 1
556 1119 1
557 1120 1
558 1121 1
554 1122 1
555 1123 1
556 1124 1
557 1125 1
558 1126 1
559 1127 1
560 1128 1
561 1129 1
562 1130 1
563 1131 1
559 1132 1
560 1133 1
561 1134 1
562 1135 1
563 1136 1
564 1137 1
565 1138 1
566 1139 1
567 1140 1
568 1141 1
564 1142 1
565 1143 1
566 1144 1
567 1145 1
568 1146 1
569 1147 1
570 1148 1
571 1149 1
572 1150 1
573 1151 1
569 1152 1
570 1153 1
571 1154 1
572 1155 1
573 1156 1
574 1157 1
575 1158 1
576 1159 1
577 1160 1
578 1161 1
574 1162 1
575 1163 1
576 1164 1
577 1165 1
578 1166 1
579 1167 1
580 1168 1
581 1169 1
582 1170 1
583 1171 1
579 1172 1
580 1173 1
581 1174 1
582 1175 1
583 1176 1
584 1177 1
585 1178 1
586 1179 1
587 1180 1
588 1181 1
584 1182 1
585 1183 1
586 1184 1
587 1185 1
588 1186 1
589 1187 1
590 1188 1
591 1189 1
592 1190 1
593 1191 1
589 1192 1
590 1193 1
591 1194 1
592 1195 1
593 1196 1
594 1197 1
595 1198 1
596 1199 1
597 1200 1
598 1201 1
594 1202 1
595 1203 1
596 1204 1
597 1205 1
598 1206 1
599 1207 1
600 1208 1
601 1209 1
602 1210 1
603 1211 1
599 1212 1
600 1213 1
601 1214 1
602 1215 1
603 1216 1
604 1217 1
605 1218 1
606 1219 1
607 1220 1
608 1221 1
604 1222 1
605 1223 1
606 1224 1
607 1225 1
608 1226 1
609 1227 1
610 1228 1
611 1229 1
612 1230 1
613 1231 1
609 1232 1
610 1233 1
611 1234 1
612 1235 1
613 1236 1
614 1237 1
615 1238 1
616 1239 1
617 1240 1
618 1241 1
614 1242 1
615 1243 1
616 1244 1
617 1245 1
618 1246 1
619 1247 1
620 1248 1
621 1249 1
622 1250 1
623 1251 1
619 1252 1
620 1253 1
621 1254 1
622 1255 1
623 1256 1
624 1257 1
625 1258 1
626 1259 1
627 1260 1
628 1261 1
624 1262 1
625 1263 1
626 1264 1
627 1265 1
628 1266 1
629 1267 1
630 1268 1
631 1269 1
632 1270 1
633 1271 1
629 1272 1
630 1273 1
631 1274 1
632 1275 1
633 1276 1
634 1277 1
635 1278 1
636 1279 1
637 1280 1
638 1281 1
634 1282 1
635 1283 1
636 1284 1
637 1285 1
638 1286 1
639 1287 1
640 1288 1
641 1289 1
642 1290 1
643 1291 1
639 1292 1
640 1293 1
641 1294 1
642 1295 1
643 1296 1
644 1297 1
645 1298 1
646 1299 1
647 1300 1
648 1301 1
644 1302 1
645 1303 1
646 1304 1
647 1305 1
648 1306 1
649 1307 1
650 1308 1
651 1309 1
652 1310 1
653 1311 1
649 1312 1
650 1313 1
651 1314 1
652 1315 1
653 1316 1
654 1317 1
655 1318 1
656 1319 1
657 1320 1
658 1321 1
654 1322 1
655 1323 1
656 1324 1
657 1325 1
658 1326 1
659 1327 1
660 1328 1
661 1329 1
662 1330 1
663 1331 1
659 1332 1
660 1333 1
661 1334 1
662 1335 1
663 1336 1
664 1337 1
665 1338 1
666 1339 1
667 1340 1
668 1341 1
664 1342 1
665 1343 1
666 1344 1
667 1345 1
668 1346 1
669 1347 1
670 1348 1
671 1349 1
672 1350 1
673 1351 1
669 1352 1
670 1353 1
671 1354 1
672 1355 1
673 1356 1
674 1357 1
675 1358 1
676 1359 1
677 1360 1
678 1361 1
674 1362 1
675 1363 1
676 1364 1
677 1365 1
678 1366 1
679 1367 1
680 1368 1
681 1369 1
682 1370 1
683 1371 1
679 1372 1
680 1373 1
681 1374 1
682 1375 1
683 1376 1
684 1377 1
685 1378 1
686 1379 1
687 1380 1
688 1381 1
684 1382 1
685 1383 1
686 1384 1
687 1385 1
688 1386 1
689 1387 1
690 1388 1
691 1389 1
692 1390 1
693 1391 1
689 1392 1
690 1393 1
691 1394 1
692 1395 1
693 1396 1
694 1397 1
695 1398 1
696 1399 1
697 1400 1
698 1401 1
694 1402 1
695 1403 1
696 1404 1
697 1405 1
698 1406 1
699 1407 1
700 1408 1
701 1409 1
702 1410 1
703 1411 1
699 1412 1
700 1413 1
701 1414 1
702 1415 1
703 1416 1
704 1417 1
705 1418 1
706 1419 1
707 1420 1
708 1421 1
704 1422 1
705 1423 1
706 1424 1
707 1425 1
708 1426 1
709 1427 1
710 1428 1
711 1429 1
712 1430 1
713 1431 1
709 1432 1
710 1433 1
711 1434 1
712 1435 1
713 1436 1
714 1437 1
715 1438 1
716 1439 1
717 1440 1
718 1441 1
714 1442 1
715 1443 1
716 1444 1
717 1445 1
718 1446 1
719 1447 1
720 1448 1
721 1449 1
722 1450 1
723 1451 1
719 1452 1
720 1453 1
721 1454 1
722 1455 1
723 1456 1
724 1457 1
725 1458 1
726 1459 1
727 1460 1
728 1461 1
724 1462 1
725 1463 1
726 1464 1
727 1465 1
728 1466 1
729 1467 1
730 1468 1
731 1469 1
732 1470 1
733 1471 1
729 1472 1
730 1473 1
731 1474 1
732 1475 1
733 1476 1
734 1477 1
735 1478 1
736 1479 1
737 1480 1
738 1481 1
734 1482 1
735 1483 1
736 1484 1
737 1485 1
738 1486 1
739 1487 1
740 1488 1
741 1489 1
742 1490 1
743 1491 1
739 1492 1
740 1493 1
741 1494 1
742 1495 1
743 1496 1
744 1497 1
745 1498 1
746 1499 1
747 1500 1
748 1501 1
744 1502 1
745 1503 1
746 1504 1
747 1505 1
748 1506 1
749 1507 1
750 1508 1
751 1509 1
752 1510 1
753 1511 1
749 1512 1
750 1513 1
751 1514 1
752 1515 1
753 1516 1
754 1517 1
755 1518 1
756 1519 1
757 1520 1
758 1521 1
754 1522 1
755 1523 1
756 1524 1
757 1525 1
758 1526 1
759 1527 1
760 1528 1
761 1529 1
762 1530 1
763 1531 1
759 1532 1
760 1533 1
761 1534 1
762 1535 1
763 1536 1
764 1537 1
765 1538 1
766 1539 1
767 1540 1
768 1541 1
764 1542 1
765 1543 1
766 1544 1
767 1545 1
768 1546 1
769 1547 1
770 1548 1
771 1549 1
772 1550 1
773 1551 1
769 1552 1
770 1553 1
771 1554 1
772 1555 1
773 1556 1
774 1557 1
775 1558 1
776 1559 1
777 1560 1
778 1561 1
774 1562 1
775 1563 1
776 1564 1
777 1565 1
778 1566 1
779 1567 1
780 1568 1
781 1569 1
782 1570 1
783 1571 1
779 1572 1
780 1573 1
781 1574 1
782 1575 1
783 1576 1
784 1577 1
785 1578 1
786 1579 1
787 1580 1
788 1581 1
784 1582 1
785 1583 1
786 1584 1
787 1585 1
788 1586 1
789 1587 1
790 1588 1
791 1589 1
792 1590 1
793 1591 1
789 1592 1
790 1593 1
791 1594 1
792 1595 1
793 1596 1
794 1597 1
795 1598 1
796 1599 1
797 1600 1
798 1601 1
794 1602 1
795 1603 1
796 1604 1
797 1605 1
798 1606 1
799 1607 1
800 1608 1
801 1609 1
802 1610 1
803 1611 1
799 1612 1
800 1613 1
801 1614 1
802 1615 1
803 1616 1
804 1617 1
805 1618 1
806 1619 1
807 1620 1
808 1621 1
804 1622 1
805 1623 1
806 1624 1
807 1625 1
808 1626 1
809 1627 1
810 1628 1
811 1629 1
812 1630 1
813 1631 1
809 1632 1
810 1633 1
811 1634 1
812 1635 1
813 1636 1
814 1637 1
815 1638 1
816 1639 1
817 1640 1
818 1641 1
814 1642 1
815 1643 1
816 1644 1
817 1645 1
818 1646 1
819 1647 1
820 1648 1
821 1649 1
822 1650 1
823 1651 1
819 1652 1
820 1653 1
821 1654 1
822 1655 1
823 1656 1
824 1657 1
825 1658 1
826 1659 1
827 1660 1
828 1661 1
824 1662 1
825 1663 1
826 1664 1
827 1665 1
828 1666 1
829 1667 1
830 1668 1
831 1669 1
832 1670 1
833 1671 1
829 1672 1
830 1673 1
831 1674 1
832 1675 1
833 1676 1
834 1677 1
835 1678 1
836 1679 1
837 1680 1
838 1681 1
834 1682 1
835 1683 1
836 1684 1
837 1685 1
838 1686 1
839 1687 1
840 1688 1
841 1689 1
842 1690 1
843 1691 1
839 1692 1
840 1693 1
841 1694 1
842 1695 1
843 1696 1
844 1697 1
845 1698 1
846 1699 1
847 1700 1
848 1701 1
844 1702 1
845 1703 1
846 1704 1
847 1705 1
848 1706 1
849 1707 1
850 1708 1
851 1709 1
852 1710 1
853 1711 1
849 1712 1
850 1713 1
851 1714 1
852 1715 1
853 1716 1
854 1717 1
855 1718 1
856 1719 1
857 1720 1
858 1721 1
854 1722 1
855 1723 1
856 1724 1
857 1725 1
858 1726 1
859 1727 1
860 1728 1
861 1729 1
862 1730 1
863 1731 1
859 1732 1
860 1733 1
861 1734 1
862 1735 1
863 1736 1
864 1737 1
865 1738 1
866 1739 1
867 1740 1
868 1741 1
864 1742 1
865 1743 1
866 1744 1
867 1745 1
868 1746 1
869 1747 1
870 1748 1
871 1749 1
872 1750 1
873 1751 1
869 1752 1
870 1753 1
871 1754 1
872 1755 1
873 1756 1
874 1757 1
875 1758 1
876 1759 1
877 1760 1
878 1761 1
874 1762 1
875 1763 1
876 1764 1
877 1765 1
878 1766 1
879 1767 1
880 1768 1
881 1769 1
882 1770 1
883 1771 1
879 1772 1
880 1773 1
881 1774 1
882 1775 1
883 1776 1
884 1777 1
885 1778 1
886 1779 1
887 1780 1
888 1781 1
884 1782 1
885 1783 1
886 1784 1
887 1785 1
888 1786 1
889 1787 1
890 1788 1
891 1789 1
892 1790 1
893 1791 1
889 1792 1
890 1793 1
891 1794 1
892 1795 1
893 1796 1
894 1797 1
895 1798 1
896 1799 1
897 1800 1
898 1801 1
894 1802 1
895 1803 1
896 1804 1
897 1805 1
898 1806 1
899 1807 1
900 1808 1
901 1809 1
902 1810 1
903 1811 1
899 1812 1
900 1813 1
901 1814 1
902 1815 1
903 1816 1
904 1817 1
905 1818 1
906 1819 1
907 1820 1
908 1821 1
904 1822 1
905 1823 1
906 1824 1
907 1825 1
908 1826 1
909 1827 1
910 1828 1
911 1829 1
912 1830 1
913 1831 1
909 1832 1
910 1833 1
911 1834 1
912 1835 1
913 1836 1
914 1837 1
915 1838 1
916 1839 1
917 1840 1
918 1841 1
914 1842 1
915 1843 1
916 1844 1
917 1845 1
918 1846 1
919 1847 1
920 1848 1
921 1849 1
922 1850 1
923 1851 1
919 1852 1
920 1853 1
921 1854 1
922 1855 1
923 1856 1
924 1857 1
925 1858 1
926 1859 1
927 1860 1
928 1861 1
924 1862 1
925 1863 1
926 1864 1
927 1865 1
928 1866 1
929 1867 1
930 1868 1
931 1869 1
932 1870 1
933 1871 1
929 1872 1
930 1873 1
931 1874 1
932 1875 1
933 1876 1
934 1877 1
935 1878 1
936 1879 1
937 1880 1
938 1881 1
934 1882 1
935 1883 1
936 1884 1
937 1885 1
938 1886 1
939 1887 1
940 1888 1
941 1889 1
942 1890 1
943 1891 1
939 1892 1
940 1893 1
941 1894 1
942 1895 1
943 1896 1
944 1897 1
945 1898 1
946 1899 1
947 1900 1
948 1901 1
944 1902 1
945 1903 1
946 1904 1
947 1905 1
948 1906 1
949 1907 1
950 1908 1
951 1909 1
952 1910 1
953 1911 1
949 1912 1
950 1913 1
951 1914 1
952 1915 1
953 1916 1
954 1917 1
955 1918 1
956 1919 1
957 1920 1
958 1921 1
954 1922 1
955 1923 1
956 1924 1
957 1925 1
958 1926 1
959 1927 1
960 1928 1
961 1929 1
962 1930 1
963 1931 1
959 1932 1
960 1933 1
961 1934 1
962 1935 1
963 1936 1
964 1937 1
965 1938 1
966 1939 1
967 1940 1
968 1941 1
964 1942 1
965 1943 1
966 1944 1
967 1945 1
968 1946 1
969 1947 1
970 1948 1
971 1949 1
972 1950 1
973 1951 1
969 1952 1
970 1953 1
971 1954 1
972 1955 1
973 1956 1
974 1957 1
975 1958 1
976 1959 1
977 1960 1
978 1961 1
974 1962 1
975 1963 1
976 1964 1
977 1965 1
978 1966 1
979 1967 1
980 1968 1
981 1969 1
982 1970 1
983 1971 1
979 1972 1
980 1973 1
981 1974 1
982 1975 1
983 1976 1
984 1977 1
985 1978 1
986 1979 1
987 1980 1
988 1981 1
984 1982 1
985 1983 1
986 1984 1
987 1985 1
988 1986 1
989 1987 1
990 1988 1
991 1989 1
992 1990 1
993 1991 1
989 1992 1
990 1993 1
991 1994 1
992 1995 1
993 1996 1
994 1997 1
995 1998 1
996 1999 1
997 2000 1
998 2001 1
994 2002 1
995 2003 1
996 2004 1
997 2005 1
998 2006 1
999 2007 1
1000 2008 1
1001 2009 1
1002 2010 1
1003 2011 1
999 2012 1
1000 2013 1
1001 2014 1
1002 2015 1
1003 2016 1
1004 2017 1
1005 2018 1
1006 2019 1
1007 2020 1
1008 2021 1
1004 2022 1
1005 2023 1
1006 2024 1
1007 2025 1
1008 2026 1
1009 2027 1
1010 2028 1
1011 2029 1
1012 2030 1
1013 2031 1
1009 2032 1
1010 2033 1
1011 2034 1
1012 2035 1
1013 2036 1
1014 2037 1
1015 2038 1
1016 2039 1
1017 2040 1
1018 2041 1
1014 2042 1
1015 2043 1
1016 2044 1
1017 2045 1
1018 2046 1
1019 2047 1
1020 2048 1
1021 2049 1
1022 2050 1
1023 2051 1
1019 2052 1
1020 2053 1
1021 2054 1
1022 2055 1
1023 2056 1
1024 2057 1
1025 2058 1
1026 2059 1
1027 2060 1
1028 2061 1
1024 2062 1
1025 2063 1
1026 2064 1
1027 2065 1
1028 2066 1
1029 2067 1
1030 2068 1
1031 2069 1
1032 2070 1
1033 2071 1
1029 2072 1
1030 2073 1
1031 2074 1
1032 2075 1
1033 2076 1
1034 2077 1
1035 2078 1
1036 2079 1
1037 2080 1
1038 2081 1
1034 2082 1
1035 2083 1
1036 2084 1
1037 2085 1
1038 2086 1
1039 2087 1
1040 2088 1
1041 2089 1
1042 2090 1
1043 2091 1
1039 2092 1
1040 2093 1
1041 2094 1
1042 2095 1
1043 2096 1
1044 2097 1
1045 2098 1
1046 2099 1
1047 2100 1
1048 2101 1
1044 2102 1
1045 2103 1
1046 2104 1
1047 2105 1
1048 2106 1
1049 2107 1
1050 2108 1
1051 2109 1
1052 2110 1
1053 2111 1
1049 2112 1
1050 2113 1
1051 2114 1
1052 2115 1
1053 2116 1
1054 2117 1
1055 2118 1
1056 2119 1
1057 2120 1
1058 2121 1
1054 2122 1
1055 2123 1
1056 2124 1
1057 2125 1
1058 2126 1
1059 2127 1
1060 2128 1
1061 2129 1
1062 2130 1
1063 2131 1
1059 2132 1
1060 2133 1
1061 2134 1
1062 2135 1
1063 2136 1
1064 2137 1
1065 2138 1
1066 2139 1
1067 2140 1
1068 2141 1
1064 2142 1
1065 2143 1
1066 2144 1
1067 2145 1
1068 2146 1
1069 2147 1
1070 2148 1
1071 2149 1
1072 2150 1
1073 2151 1
1069 2152 1
1070 2153 1
1071 2154 1
1072 2155 1
1073 2156 1
1074 2157 1
1075 2158 1
1076 2159 1
1077 2160 1
1078 2161 1
1074 2162 1
1075 2163 1
1076 2164 1
1077 2165 1
1078 2166 1
1079 2167 1
1080 2168 1
1081 2169 1
1082 2170 1
1083 2171 1
1079 2172 1
1080 2173 1
1081 2174 1
1082 2175 1
1083 2176 1
1084 2177 1
1085 2178 1
1086 2179 1
1087 2180 1
1088 2181 1
1084 2182 1
1085 2183 1
1086 2184 1
1087 2185 1
1088 2186 1
1089 2187 1
1090 2188 1
1091 2189 1
1092 2190 1
1093 2191 1
1089 2192 1
1090 2193 1
1091 2194 1
1092 2195 1
1093 2196 1
1094 2197 1
1095 2198 1
1096 2199 1
1097 2200 1
1098 2201 1
1094 2202 1
1095 2203 1
1096 2204 1
1097 2205 1
1098 2206 1
1099 2207 1
1100 2208 1
1101 2209 1
1102 2210 1
1103 2211 1
1099 2212 1
1100 2213 1
1101 2214 1
1102 2215 1
1103 2216 1
1104 2217 1
1105 2218 1
1106 2219 1
1107 2220 1
1108 2221 1
1104 2222 1
1105 2223 1
1106 2224 1
1107 2225 1
1108 2226 1
1109 2227 1
1110 2228 1
1111 2229 1
1112 2230 1
1113 2231 1
1109 2232 1
1110 2233 1
1111 2234 1
1112 2235 1
1113 2236 1
1114 2237 1
1115 2238 1
1116 2239 1
1117 2240 1
1118 2241 1
1114 2242 1
1115 2243 1
1116 2244 1
1117 2245 1
1118 2246 1
1119 2247 1
1120 2248 1
1121 2249 1
1122 2250 1
1123 2251 1
1119 2252 1
1120 2253 1
1121 2254 1
1122 2255 1
1123 2256 1
1124 2257 1
1125 2258 1
1126 2259 1
1127 2260 1
1128 2261 1
1124 2262 1
1125 2263 1
1126 2264 1
1127 2265 1
1128 2266 1
1129 2267 1
1130 2268 1
1131 2269 1
1132 2270 1
1133 2271 1
1129 2272 1
1130 2273 1
1131 2274 1
1132 2275 1
1133 2276 1
1134 2277 1
1135 2278 1
1136 2279 1
1137 2280 1
1138 2281 1
1134 2282 1
1135 2283 1
1136 2284 1
1137 2285 1
1138 2286 1
1139 2287 1
1140 2288 1
1141 2289 1
1142 2290 1
1143 2291 1
1139 2292 1
1140 2293 1
1141 2294 1
1142 2295 1
1143 2296 1
1144 2297 1
1145 2298 1
1146 2299 1
1147 2300 1
1148 2301 1
1144 2302 1
1145 2303 1
1146 2304 1
1147 2305 1
1148 2306 1
1149 2307 1
1150 2308 1
1151 2309 1
1152 2310 1
1153 2311 1
1149 2312 1
1150 2313 1
1151 2314 1
1152 2315 1
1153 2316 1
1154 2317 1
1155 2318 1
1156 2319 1
1157 2320 1
1158 2321 1
1154 2322 1
1155 2323 1
1156 2324 1
1157 2325 1
1158 2326 1
1159 2327 1
1160 2328 1
1161 2329 1
1162 2330 1
1163 2331 1
1159 2332 1
1160 2333 1
1161 2334 1
1162 2335 1
1163 2336 1
1164 2337 1
1165 2338 1
1166 2339 1
1167 2340 1
1168 2341 1
1164 2342 1
1165 2343 1
1166 2344 1
1167 2345 1
1168 2346 1
1169 2347 1
1170 2348 1
1171 2349 1
1172 2350 1
1173 2351 1
1169 2352 1
1170 2353 1
1171 2354 1
1172 2355 1
1173 2356 1
1174 2357 1
1175 2358 1
1176 2359 1
1177 2360 1
1178 2361 1
1174 2362 1
1175 2363 1
1176 2364 1
1177 2365 1
1178 2366 1
1179 2367 1
1180 2368 1
1181 2369 1
1182 2370 1
1183 2371 1
1179 2372 1
1180 2373 1
1181 2374 1
1182 2375 1
1183 2376 1
1184 2377 1
1185 2378 1
1186 2379 1
1187 2380 1
1188 2381 1
1184 2382 1
1185 2383 1
1186 2384 1
1187 2385 1
1188 2386 1
1189 2387 1
1190 2388 1
1191 2389 1
1192 2390 1
1193 2391 1
1189 2392 1
1190 2393 1
1191 2394 1
1192 2395 1
1193 2396 1
1194 2397 1
1195 2398 1
1196 2399 1
1197 2400 1
1198 2401 1
1194 2402 1
1195 2403 1
1196 2404 1
1197 2405 1
1198 2406 1
1199 2407 1
1200 2408 1
1201 2409 1
1202 2410 1
1203 2411 1
1199 2412 1
1200 2413 1
1201 2414 1
1202 2415 1
1203 2416 1
1204 2417 1
1205 2418 1
1206 2419 1
1207 2420 1
1208 2421 1
1204 2422 1
1205 2423 1
1206 2424 1
1207 2425 1
1208 2426 1
1209 2427 1
1210 2428 1
1211 2429 1
1212 2430 1
1213 2431 1
1209 2432 1
1210 2433 1
1211 2434 1
1212 2435 1
1213 2436 1
1214 2437 1
1215 2438 1
1216 2439 1
1217 2440 1
1218 2441 1
1214 2442 1
1215 2443 1
1216 2444 1
1217 2445 1
1218 2446 1
1219 2447 1
1220 2448 1
1221 2449 1
1222 2450 1
1223 2451 1
1219 2452 1
1220 2453 1
1221 2454 1
1222 2455 1
1223 2456 1
1224 2457 1
1225 2458 1
1226 2459 1
1227 2460 1
1228 2461 1
1224 2462 1
1225 2463 1
1226 2464 1
1227 2465 1
1228 2466 1
1229 2467 1
1230 2468 1
1231 2469 1
1232 2470 1
1233 2471 1
1229 2472 1
1230 2473 1
1231 2474 1
1232 2475 1
1233 2476 1
1234 2477 1
1235 2478 1
1236 2479 1
1237 2480 1
1238 2481 1
1234 2482 1
1235 2483 1
1236 2484 1
1237 2485 1
1238 2486 1
1239 2487 1
1240 2488 1
1241 2489 1
1242 2490 1
1243 2491 1
1239 2492 1
1240 2493 1
1241 2494 1
1242 2495 1
1243 2496 1
1244 2497 1
1245 2498 1
1246 2499 1
1247 2500 1
1248 2501 1
1244 2502 1
1245 2503 1
1246 2504 1
1247 2505 1
1248 2506 1
1249 2507 1
1250 2508 1
1251 2509 1
1252 2510 1
1253 2511 1
1249 2512 1
1250 2513 1
1251 2514 1
1252 2515 1
1253 2516 1
1254 2517 1
1255 2518 1
1256 2519 1
1257 2520 1
1258 2521 1
1254 2522 1
1255 2523 1
1256 2524 1
1257 2525 1
1258 2526 1
1259 2527 1
1260 2528 1
1261 2529 1
1262 2530 1
1263 2531 1
1259 2532 1
1260 2533 1
1261 2534 1
1262 2535 1
1263 2536 1
1264 2537 1
1265 2538 1
1266 2539 1
1267 2540 1
1268 2541 1
1264 2542 1
1265 2543 1
1266 2544 1
1267 2545 1
1268 2546 1
1269 2547 1
1270 2548 1
1271 2549 1
1272 2550 1
1273 2551 1
1269 2552 1
1270 2553 1
1271 2554 1
1272 2555 1
1273 2556 1
1274 2557 1
1275 2558 1
1276 2559 1
1277 2560 1
1278 2561 1
1274 2562 1
1275 2563 1
1276 2564 1
1277 2565 1
1278 2566 1
1279 2567 1
1280 2568 1
1281 2569 1
1282 2570 1
1283 2571 1
1279 2572 1
1280 2573 1
1281 2574 1
1282 2575 1
1283 2576 1
1284 2577 1
1285 2578 1
1286 2579 1
1287 2580 1
1288 2581 1
1284 2582 1
1285 2583 1
1286 2584 1
1287 2585 1
1288 2586 1
1289 2587 1
1290 2588 1
1291 2589 1
1292 2590 1
1293 2591 1
1289 2592 1
1290 2593 1
1291 2594 1
1292 2595 1
1293 2596 1
1294 2597 1
1295 2598 1
1296 2599 1
1297 2600 1
1298 2601 1
1294 2602 1
1295 2603 1
1296 2604 1
1297 2605 1
1298 2606 1
1299 2607 1
1300 2608 1
1301 2609 1
1302 2610 1
1303 2611 1
1299 2612 1
1300 2613 1
1301 2614 1
1302 2615 1
1303 2616 1
1304 2617 1
1305 2618 1
1306 2619 1
1307 2620 1
1308 2621 1
1304 2622 1
1305 2623 1
1306 2624 1
1307 2625 1
1308 2626 1
1309 2627 1
1310 2628 1
1311 2629 1
1312 2630 1
1313 2631 1
1309 2632 1
1310 2633 1
1311 2634 1
1312 2635 1
1313 2636 1
1314 2637 1
1315 2638 1
1316 2639 1
1317 2640 1
1318 2641 1
1314 2642 1
1315 2643 1
1316 2644 1
1317 2645 1
1318 2646 1
1319 2647 1
1320 2648 1
1321 2649 1
1322 2650 1
1323 2651 1
1319 2652 1
1320 2653 1
1321 2654 1
1322 2655 1
1323 2656 1
1324 2657 1
1325 2658 1
1326 2659 1
1327 2660 1
1328 2661 1
1324 2662 1
1325 2663 1
1326 2664 1
1327 2665 1
1328 2666 1
1329 2667 1
1330 2668 1
1331 2669 1
1332 2670 1
1333 2671 1
1329 2672 1
1330 2673 1
1331 2674 1
1332 2675 1
1333 2676 1
1334 2677 1
1335 2678 1
1336 2679 1
1337 2680 1
1338 2681 1
1334 2682 1
1335 2683 1
1336 2684 1
1337 2685 1
1338 2686 1
1339 2687 1
1340 2688 1
1341 2689 1
1342 2690 1
1343 2691 1
1339 2692 1
1340 2693 1
1341 2694 1
1342 2695 1
1343 2696 1
1344 2697 1
1345 2698 1
1346 2699 1
1347 2700 1
1348 2701 1
1344 2702 1
1345 2703 1
1346 2704 1
1347 2705 1
1348 2706 1
1349 2707 1
1350 2708 1
1351 2709 1
1352 2710 1
1353 2711 1
1349 2712 1
1350 2713 1
1351 2714 1
1352 2715 1
1353 2716 1
1354 2717 1
1355 2718 1
1356 2719 1
1357 2720 1
1358 2721 1
1354 2722 1
1355 2723 1
1356 2724 1
1357 2725 1
1358 2726 1
1359 2727 1
1360 2728 1
1361 2729 1
1362 2730 1
1363 2731 1
1359 2732 1
1360 2733 1
1361 2734 1
1362 2735 1
1363 2736 1
1364 2737 1
1365 2738 1
1366 2739 1
1367 2740 1
1368 2741 1
1364 2742 1
1365 2743 1
1366 2744 1
1367 2745 1
1368 2746 1
1369 2747 1
1370 2748 1
1371 2749 1
1372 2750 1
1373 2751 1
1369 2752 1
1370 2753 1
1371 2754 1
1372 2755 1
1373 2756 1
1374 2757 1
1375 2758 1
1376 2759 1
1377 2760 1
1378 2761 1
1374 2762 1
1375 2763 1
1376 2764 1
1377 2765 1
1378 2766 1
1379 2767 1
1380 2768 1
1381 2769 1
1382 2770 1
1383 2771 1
1379 2772 1
1380 2773 1
1381 2774 1
1382 2775 1
1383 2776 1
1384 2777 1
1385 2778 1
1386 2779 1
1387 2780 1
1388 2781 1
1384 2782 1
1385 2783 1
1386 2784 1
1387 2785 1
1388 2786 1
1389 2787 1
1390 2788 1
1391 2789 1
1392 2790 1
1393 2791 1
1389 2792 1
1390 2793 1
1391 2794 1
1392 2795 1
1393 2796 1
1394 2797 1
1395 2798 1
1396 2799 1
1397 2800 1
1398 2801 1
1394 2802 1
1395 2803 1
1396 2804 1
1397 2805 1
1398 2806 1
1399 2807 1
1400 2808 1
1401 2809 1
1402 2810 1
1403 2811 1
1399 2812 1
1400 2813 1
1401 2814 1
1402 2815 1
1403 2816 1
1404 2817 1
1405 2818 1
1406 2819 1
1407 2820 1
1408 2821 1
1404 2822 1
1405 2823 1
1406 2824 1
1407 2825 1
1408 2826 1
1409 2827 1
1410 2828 1
1411 2829 1
1412 2830 1
1413 2831 1
1409 2832 1
1410 2833 1
1411 2834 1
1412 2835 1
1413 2836 1
1414 2837 1
1415 2838 1
1416 2839 1
1417 2840 1
1418 2841 1
1414 2842 1
1415 2843 1
1416 2844 1
1417 2845 1
1418 2846 1
1419 2847 1
1420 2848 1
1421 2849 1
1422 2850 1
1423 2851 1
1419 2852 1
1420 2853 1
1421 2854 1
1422 2855 1
1423 2856 1
1424 2857 1
1425 2858 1
1426 2859 1
1427 2860 1
1428 2861 1
1424 2862 1
1425 2863 1
1426 2864 1
1427 2865 1
1428 2866 1
1429 2867 1
1430 2868 1
1431 2869 1
1432 2870 1
1433 2871 1
1429 2872 1
1430 2873 1
1431 2874 1
1432 2875 1
1433 2876 1
1434 2877 1
1435 2878 1
1436 2879 1
1437 2880 1
1438 2881 1
1434 2882 1
1435 2883 1
1436 2884 1
1437 2885 1
1438 2886 1
1439 2887 1
1440 2888 1
1441 2889 1
1442 2890 1
1443 2891 1
1439 2892 1
1440 2893 1
1441 2894 1
1442 2895 1
1443 2896 1
1444 2897 1
1445 2898 1
1446 2899 1
1447 2900 1
1448 2901 1
1444 2902 1
1445 2903 1
1446 2904 1
1447 2905 1
1448 2906 1
1449 2907 1
1450 2908 1
1451 2909 1
1452 2910 1
1453 2911 1
1449 2912 1
1450 2913 1
1451 2914 1
1452 2915 1
1453 2916 1
1454 2917 1
1455 2918 1
1456 2919 1
1457 2920 1
1458 2921 1
1454 2922 1
1455 2923 1
1456 2924 1
1457 2925 1
1458 2926 1
1459 2927 1
1460 2928 1
1461 2929 1
1462 2930 1
1463 2931 1
1459 2932 1
1460 2933 1
1461 2934 1
1462 2935 1
1463 2936 1
1464 2937 1
1465 2938 1
1466 2939 1
1467 2940 1
1468 2941 1
1464 2942 1
1465 2943 1
1466 2944 1
1467 2945 1
1468 2946 1
1469 2947 1
1470 2948 1
1471 2949 1
1472 2950 1
1473 2951 1
1469 2952 1
1470 2953 1
1471 2954 1
1472 2955 1
1473 2956 1
1474 2957 1
1475 2958 1
1476 2959 1
1477 2960 1
1478 2961 1
1474 2962 1
1475 2963 1
1476 2964 1
1477 2965 1
1478 2966 1
1479 2967 1
1480 2968 1
1481 2969 1
1482 2970 1
1483 2971 1
1479 2972 1
1480 2973 1
1481 2974 1
1482 2975 1
1483 2976 1
1484 2977 1
1485 2978 1
1486 2979 1
1487 2980 1
1488 2981 1
1484 2982 1
1485 2983 1
1486 2984 1
1487 2985 1
1488 2986 1
1489 2987 1
1490 2988 1
1491 2989 1
1492 2990 1
1493 2991 1
1489 2992 1
1490 2993 1
1491 2994 1
1492 2995 1
1493 2996 1
1494 2997 1
1495 2998 1
1496 2999 1
1497 3000 1
1498 3001 1
1494 3002 1
1495 3003 1
1496 3004 1
1497 3005 1
1498 3006 1
1499 3007 1
1500 3008 1
1501 3009 1
1502 3010 1
1503 3011 1
1499 3012 1
1500 3013 1
1501 3014 1
1502 3015 1
1503 3016 1
1504 3017 1
1505 3018 1
1506 3019 1
1507 3020 1
1508 3021 1
1504 3022 1
1505 3023 1
1506 3024 1
1507 3025 1
1508 3026 1
1509 3027 1
1510 3028 1
1511 3029 1
1512 3030 1
1513 3031 1
1509 3032 1
1510 3033 1
1511 3034 1
1512 3035 1
1513 3036 1
1514 3037 1
1515 3038 1
1516 3039 1
1517 3040 1
1518 3041 1
1514 3042 1
1515 3043 1
1516 3044 1
1517 3045 1
1518 3046 1
1519 3047 1
1520 3048 1
1521 3049 1
1522 3050 1
1523 3051 1
1519 3052 1
1520 3053 1
1521 3054 1
1522 3055 1
1523 3056 1
1524 3057 1
1525 3058 1
1526 3059 1
1527 3060 1
1528 3061 1
1524 3062 1
1525 3063 1
1526 3064 1
1527 3065 1
1528 3066 1
1529 3067 1
1530 3068 1
1531 3069 1
1532 3070 1
1533 3071 1
1529 3072 1
1530 3073 1
1531 3074 1
1532 3075 1
1533 3076 1
1534 3077 1
1535 3078 1
1536 3079 1
1537 3080 1
1538 3081 1
1534 3082 1
1535 3083 1
1536 3084 1
1537 3085 1
1538 3086 1
1539 3087 1
1540 3088 1
1541 3089 1
1542 3090 1
1543 3091 1
1539 3092 1
1540 3093 1
1541 3094 1
1542 3095 1
1543 3096 1
1544 3097 1
1545 3098 1
1546 3099 1
1547 3100 1
1548 3101 1
1544 3102 1
1545 3103 1
1546 3104 1
1547 3105 1
1548 3106 1
1549 3107 1
1550 3108 1
1551 3109 1
1552 3110 1
1553 3111 1
1549 3112 1
1550 3113 1
1551 3114 1
1552 3115 1
1553 3116 1
1554 3117 1
1555 3118 1
1556 3119 1
1557 3120 1
1558 3121 1
1554 3122 1
1555 3123 1
1556 3124 1
1557 3125 1
1558 3126 1
1559 3127 1
1560 3128 1
1561 3129 1
1562 3130 1
1563 3131 1
1559 3132 1
1560 3133 1
1561 3134 1
1562 3135 1
1563 3136 1
1564 3137 1
1565 3138 1
1566 3139 1
1567 3140 1
1568 3141 1
1564 3142 1
1565 3143 1
1566 3144 1
1567 3145 1
1568 3146 1
1569 3147 1
1570 3148 1
1571 3149 1
1572 3150 1
1573 3151 1
1569 3152 1
1570 3153 1
1571 3154 1
1572 3155 1
1573 3156 1
1574 3157 1
1575 3158 1
1576 3159 1
1577 3160 1
1578 3161 1
1574 3162 1
1575 3163 1
1576 3164 1
1577 3165 1
1578 3166 1
1579 3167 1
1580 3168 1
1581 3169 1
1582 3170 1
1583 3171 1
1579 3172 1
1580 3173 1
1581 3174 1
1582 3175 1
1583 3176 1
1584 3177 1
1585 3178 1
1586 3179 1
1587 3180 1
1588 3181 1
1584 3182 1
1585 3183 1
1586 3184 1
1587 3185 1
1588 3186 1
1589 3187 1
1590 3188 1
1591 3189 1
1592 3190 1
1593 3191 1
1589 3192 1
1590 3193 1
1591 3194 1
1592 3195 1
1593 3196 1
1594 3197 1
1595 3198 1
1596 3199 1
1597 3200 1
1598 3201 1
1594 3202 1
1595 3203 1
1596 3204 1
1597 3205 1
1598 3206 1
1599 3207 1
1600 3208 1
1601 3209 1
1602 3210 1
1603 3211 1
1599 3212 1
1600 3213 1
1601 3214 1
1602 3215 1
1603 3216 1
1604 3217 1
1605 3218 1
1606 3219 1
1607 3220 1
1608 3221 1
1604 3222 1
1605 3223 1
1606 3224 1
1607 3225 1
1608 3226 1
1609 3227 1
1610 3228 1
1611 3229 1
1612 3230 1
1613 3231 1
1609 3232 1
1610 3233 1
1611 3234 1
1612 3235 1
1613 3236 1
1614 3237 1
1615 3238 1
1616 3239 1
1617 3240 1
1618 3241 1
1614 3242 1
1615 3243 1
1616 3244 1
1617 3245 1
1618 3246 1
1619 3247 1
1620 3248 1
1621 3249 1
1622 3250 1
1623 3251 1
1619 3252 1
1620 3253 1
1621 3254 1
1622 3255 1
1623 3256 1
1624 3257 1
1625 3258 1
1626 3259 1
1627 3260 1
1628 3261 1
1624 3262 1
1625 3263 1
1626 3264 1
1627 3265 1
1628 3266 1
1629 3267 1
1630 3268 1
1631 3269 1
1632 3270 1
1633 3271 1
1629 3272 1
1630 3273 1
1631 3274 1
1632 3275 1
1633 3276 1
1634 3277 1
1635 3278 1
1636 3279 1
1637 3280 1
1638 3281 1
1634 3282 1
1635 3283 1
1636 3284 1
1637 3285 1
1638 3286 1
1639 3287 1
1640 3288 1
1641 3289 1
1642 3290 1
1643 3291 1
1639 3292 1
1640 3293 1
1641 3294 1
1642 3295 1
1643 3296 1
1644 3297 1
1645 3298 1
1646 3299 1
1647 3300 1
1648 3301 1
1644 3302 1
1645 3303 1
1646 3304 1
1647 3305 1
1648 3306 1
1649 3307 1
1650 3308 1
1651 3309 1
1652 3310 1
1653 3311 1
1649 3312 1
1650 3313 1
1651 3314 1
1652 3315 1
1653 3316 1
1654 3317 1
1655 3318 1
1656 3319 1
1657 3320 1
1658 3321 1
1654 3322 1
1655 3323 1
1656 3324 1
1657 3325 1
1658 3326 1
1659 3327 1
1660 3328 1
1661 3329 1
1662 3330 1
1663 3331 1
1659 3332 1
1660 3333 1
1661 3334 1
1662 3335 1
1663 3336 1
1664 3337 1
1665 3338 1
1666 3339 1
1667 3340 1
1668 3341 1
1664 3342 1
1665 3343 1
1666 3344 1
1667 3345 1
1668 3346 1
1669 3347 1
1670 3348 1
1671 3349 1
1672 3350 1
1673 3351 1
1669 3352 1
1670 3353 1
1671 3354 1
1672 3355 1
1673 3356 1
1674 3357 1
1675 3358 1
1676 3359 1
1677 3360 1
1678 3361 1
1674 3362 1
1675 3363 1
1676 3364 1
1677 3365 1
1678 3366 1
1679 3367 1
1680 3368 1
1681 3369 1
1682 3370 1
1683 3371 1
1679 3372 1
1680 3373 1
1681 3374 1
1682 3375 1
1683 3376 1
1684 3377 1
1685 3378 1
1686 3379 1
1687 3380 1
1688 3381 1
1684 3382 1
1685 3383 1
1686 3384 1
1687 3385 1
1688 3386 1
1689 3387 1
1690 3388 1
1691 3389 1
1692 3390 1
1693 3391 1
1689 3392 1
1690 3393 1
1691 3394 1
1692 3395 1
1693 3396 1
1694 3397 1
1695 3398 1
1696 3399 1
1697 3400 1
1698 3401 1
1694 3402 1
1695 3403 1
1696 3404 1
1697 3405 1
1698 3406 1
1699 3407 1
1700 3408 1
1701 3409 1
1702 3410 1
1703 3411 1
1699 3412 1
1700 3413 1
1701 3414 1
1702 3415 1
1703 3416 1
1704 3417 1
1705 3418 1
1706 3419 1
1707 3420 1
1708 3421 1
1704 3422 1
1705 3423 1
1706 3424 1
1707 3425 1
1708 3426 1
1709 3427 1
1710 3428 1
1711 3429 1
1712 3430 1
1713 3431 1
1709 3432 1
1710 3433 1
1711 3434 1
1712 3435 1
1713 3436 1
1714 3437 1
1715 3438 1
1716 3439 1
1717 3440 1
1718 3441 1
1714 3442 1
1715 3443 1
1716 3444 1
1717 3445 1
1718 3446 1
1719 3447 1
1720 3448 1
1721 3449 1
1722 3450 1
1723 3451 1
1719 3452 1
1720 3453 1
1721 3454 1
1722 3455 1
1723 3456 1
1724 3457 1
1725 3458 1
1726 3459 1
1727 3460 1
1728 3461 1
1724 3462 1
1725 3463 1
1726 3464 1
1727 3465 1
1728 3466 1
1729 3467 1
1730 3468 1
1731 3469 1
1732 3470 1
1733 3471 1
1729 3472 1
1730 3473 1
1731 3474 1
1732 3475 1
1733 3476 1
1734 3477 1
1735 3478 1
1736 3479 1
1737 3480 1
1738 3481 1
1734 3482 1
1735 3483 1
1736 3484 1
1737 3485 1
1738 3486 1
1739 3487 1
1740 3488 1
1741 3489 1
1742 3490 1
1743 3491 1
1739 3492 1
1740 3493 1
1741 3494 1
1742 3495 1
1743 3496 1
1744 3497 1
1745 3498 1
1746 3499 1
1747 3500 1
1748 3501 1
1744 3502 1
1745 3503 1
1746 3504 1
1747 3505 1
1748 3506 1
1749 3507 1
1750 3508 1
1751 3509 1
1752 3510 1
1753 3511 1
1749 3512 1
1750 3513 1
1751 3514 1
1752 3515 1
1753 3516 1
1754 3517 1
1755 3518 1
1756 3519 1
1757 3520 1
1758 3521 1
1754 3522 1
1755 3523 1
1756 3524 1
1757 3525 1
1758 3526 1
1759 3527 1
1760 3528 1
1761 3529 1
1762 3530 1
1763 3531 1
1759 3532 1
1760 3533 1
1761 3534 1
1762 3535 1
1763 3536 1
1764 3537 1
1765 3538 1
1766 3539 1
1767 3540 1
1768 3541 1
1764 3542 1
1765 3543 1
1766 3544 1
1767 3545 1
1768 3546 1
1769 3547 1
1770 3548 1
1771 3549 1
1772 3550 1
1773 3551 1
1769 3552 1
1770 3553 1
1771 3554 1
1772 3555 1
1773 3556 1
1774 3557 1
1775 3558 1
1776 3559 1
1777 3560 1
1778 3561 1
1774 3562 1
1775 3563 1
1776 3564 1
1777 3565 1
1778 3566 1
1779 3567 1
1780 3568 1
1781 3569 1
1782 3570 1
1783 3571 1
1779 3572 1
1780 3573 1
1781 3574 1
1782 3575 1
1783 3576 1
1784 3577 1
1785 3578 1
1786 3579 1
1787 3580 1
1788 3581 1
1784 3582 1
1785 3583 1
1786 3584 1
1787 3585 1
1788 3586 1
1789 3587 1
1790 3588 1
1791 3589 1
1792 3590 1
1793 3591 1
1789 3592 1
1790 3593 1
1791 3594 1
1792 3595 1
1793 3596 1
1794 3597 1
1795 3598 1
1796 3599 1
1797 3600 1
1798 3601 1
1794 3602 1
1795 3603 1
1796 3604 1
1797 3605 1
1798 3606 1
1799 3607 1
1800 3608 1
1801 3609 1
1802 3610 1
1803 3611 1
1799 3612 1
1800 3613 1
1801 3614 1
1802 3615 1
1803 3616 1
1804 3617 1
1805 3618 1
1806 3619 1
1807 3620 1
1808 3621 1
1804 3622 1
1805 3623 1
1806 3624 1
1807 3625 1
1808 3626 1
1809 3627 1
1810 3628 1
1811 3629 1
1812 3630 1
1813 3631 1
1809 3632 1
1810 3633 1
1811 3634 1
1812 3635 1
1813 3636 1
1814 3637 1
1815 3638 1
1816 3639 1
1817 3640 1
1818 3641 1
1814 3642 1
1815 3643 1
1816 3644 1
1817 3645 1
1818 3646 1
1819 3647 1
1820 3648 1
1821 3649 1
1822 3650 1
1823 3651 1
1819 3652 1
1820 3653 1
1821 3654 1
1822 3655 1
1823 3656 1
1824 3657 1
1825 3658 1
1826 3659 1
1827 3660 1
1828 3661 1
1824 3662 1
1825 3663 1
1826 3664 1
1827 3665 1
1828 3666 1
1829 3667 1
1830 3668 1
1831 3669 1
1832 3670 1
1833 3671 1
1829 3672 1
1830 3673 1
1831 3674 1
1832 3675 1
1833 3676 1
1834 3677 1
1835 3678 1
1836 3679 1
1837 3680 1
1838 3681 1
1834 3682 1
1835 3683 1
1836 3684 1
1837 3685 1
1838 3686 1
1839 3687 1
1840 3688 1
1841 3689 1
1842 3690 1
1843 3691 1
1839 3692 1
1840 3693 1
1841 3694 1
1842 3695 1
1843 3696 1
1844 3697 1
1845 3698 1
1846 3699 1
1847 3700 1
1848 3701 1
1844 3702 1
1845 3703 1
1846 3704 1
1847 3705 1
1848 3706 1
1849 3707 1
1850 3708 1
1851 3709 1
1852 3710 1
1853 3711 1
1849 3712 1
1850 3713 1
1851 3714 1
1852 3715 1
1853 3716 1
1854 3717 1
1855 3718 1
1856 3719 1
1857 3720 1
1858 3721 1
1854 3722 1
1855 3723 1
1856 3724 1
1857 3725 1
1858 3726 1
1859 3727 1
1860 3728 1
1861 3729 1
1862 3730 1
1863 3731 1
1859 3732 1
1860 3733 1
1861 3734 1
1862 3735 1
1863 3736 1
1864 3737 1
1865 3738 1
1866 3739 1
1867 3740 1
1868 3741 1
1864 3742 1
1865 3743 1
1866 3744 1
1867 3745 1
1868 3746 1
1869 3747 1
1870 3748 1
1871 3749 1
1872 3750 1
1873 3751 1
1869 3752 1
1870 3753 1
1871 3754 1
1872 3755 1
1873 3756 1
1874 3757 1
1875 3758 1
1876 3759 1
1877 3760 1
1878 3761 1
1874 3762 1
1875 3763 1
1876 3764 1
1877 3765 1
1878 3766 1
1879 3767 1
1880 3768 1
1881 3769 1
1882 3770 1
1883 3771 1
1879 3772 1
1880 3773 1
1881 3774 1
1882 3775 1
1883 3776 1
1884 3777 1
1885 3778 1
1886 3779 1
1887 3780 1
1888 3781 1
1884 3782 1
1885 3783 1
1886 3784 1
1887 3785 1
1888 3786 1
1889 3787 1
1890 3788 1
1891 3789 1
1892 3790 1
1893 3791 1
1889 3792 1
1890 3793 1
1891 3794 1
1892 3795 1
1893 3796 1
1894 3797 1
1895 3798 1
1896 3799 1
1897 3800 1
1898 3801 1
1894 3802 1
1895 3803 1
1896 3804 1
1897 3805 1
1898 3806 1
1899 3807 1
1900 3808 1
1901 3809 1
1902 3810 1
1903 3811 1
1899 3812 1
1900 3813 1
1901 3814 1
1902 3815 1
1903 3816 1
1904 3817 1
1905 3818 1
1906 3819 1
1907 3820 1
1908 3821 1
1904 3822 1
1905 3823 1
1906 3824 1
1907 3825 1
1908 3826 1
1909 3827 1
1910 3828 1
1911 3829 1
1912 3830 1
1913 3831 1
1909 3832 1
1910 3833 1
1911 3834 1
1912 3835 1
1913 3836 1
1914 3837 1
1915 3838 1
1916 3839 1
1917 3840 1
1918 3841 1
1914 3842 1
1915 3843 1
1916 3844 1
1917 3845 1
1918 3846 1
1919 3847 1
1920 3848 1
1921 3849 1
1922 3850 1
1923 3851 1
1919 3852 1
1920 3853 1
1921 3854 1
1922 3855 1
1923 3856 1
1924 3857 1
1925 3858 1
1926 3859 1
1927 3860 1
1928 3861 1
1924 3862 1
1925 3863 1
1926 3864 1
1927 3865 1
1928 3866 1
1929 3867 1
1930 3868 1
1931 3869 1
1932 3870 1
1933 3871 1
1929 3872 1
1930 3873 1
1931 3874 1
1932 3875 1
1933 3876 1
1934 3877 1
1935 3878 1
1936 3879 1
1937 3880 1
1938 3881 1
1934 3882 1
1935 3883 1
1936 3884 1
1937 3885 1
1938 3886 1
1939 3887 1
1940 3888 1
1941 3889 1
1942 3890 1
1943 3891 1
1939 3892 1
1940 3893 1
1941 3894 1
1942 3895 1
1943 3896 1
1944 3897 1
1945 3898 1
1946 3899 1
1947 3900 1
1948 3901 1
1944 3902 1
1945 3903 1
1946 3904 1
1947 3905 1
1948 3906 1
1949 3907 1
1950 3908 1
1951 3909 1
1952 3910 1
1953 3911 1
1949 3912 1
1950 3913 1
1951 3914 1
1952 3915 1
1953 3916 1
1954 3917 1
1955 3918 1
1956 3919 1
1957 3920 1
1958 3921 1
1954 3922 1
1955 3923 1
1956 3924 1
1957 3925 1
1958 3926 1
1959 3927 1
1960 3928 1
1961 3929 1
1962 3930 1
1963 3931 1
1959 3932 1
1960 3933 1
1961 3934 1
1962 3935 1
1963 3936 1
1964 3937 1
1965 3938 1
1966 3939 1
1967 3940 1
1968 3941 1
1964 3942 1
1965 3943 1
1966 3944 1
1967 3945 1
1968 3946 1
1969 3947 1
1970 3948 1
1971 3949 1
1972 3950 1
1973 3951 1
1969 3952 1
1970 3953 1
1971 3954 1
1972 3955 1
1973 3956 1
1974 3957 1
1975 3958 1
1976 3959 1
1977 3960 1
1978 3961 1
1974 3962 1
1975 3963 1
1976 3964 1
1977 3965 1
1978 3966 1
1979 3967 1
1980 3968 1
1981 3969 1
1982 3970 1
1983 3971 1
1979 3972 1
1980 3973 1
1981 3974 1
1982 3975 1
1983 3976 1
1984 3977 1
1985 3978 1
1986 3979 1
1987 3980 1
1988 3981 1
1984 3982 1
1985 3983 1
1986 3984 1
1987 3985 1
1988 3986 1
1989 3987 1
1990 3988 1
1991 3989 1
1992 3990 1
1993 3991 1
1989 3992 1
1990 3993 1
1991 3994 1
1992 3995 1
1993 3996 1
1994 3997 1
1995 3998 1
1996 3999 1
1997 4000 1
1998 4001 1
1994 4002 1
1995 4003 1
1996 4004 1
1997 4005 1
1998 4006 1
1999 4007 1
2000 4008 1
2001 4009 1
2002 4010 1
2003 4011 1
1999 4012 1
2000 4013 1
2001 4014 1
2002 4015 1
2003 4016 1
2004 4017 1
2005 4018 1
2006 4019 1
2007 4020 1
2008 4021 1
2004 4022 1
2005 4023 1
2006 4024 1
2007 4025 1
2008 4026 1
2009 4027 1
2010 4028 1
2011 4029 1
2012 4030 1
2013 4031 1
2009 4032 1
2010 4033 1
2011 4034 1
2012 4035 1
2013 4036 1
2014 4037 1
2015 4038 1
2016 4039 1
2017 4040 1
2018 4041 1
2014 4042 1
2015 4043 1
2016 4044 1
2017 4045 1
2018 4046 1
2019 4047 1
2020 4048 1
2021 4049 1
2022 4050 1
2023 4051 1
2019 4052 1
2020 4053 1
2021 4054 1
2022 4055 1
2023 4056 1
2024 4057 1
2025 4058 1
2026 4059 1
2027 4060 1
2028 4061 1
2024 4062 1
2025 4063 1
2026 4064 1
2027 4065 1
2028 4066 1
2029 4067 1
2030 4068 1
2031 4069 1
2032 4070 1
2033 4071 1
2029 4072 1
2030 4073 1
2031 4074 1
2032 4075 1
2033 4076 1
2034 4077 1
2035 4078 1
2036 4079 1
2037 4080 1
2038 4081 1
2034 4082 1
2035 4083 1
2036 4084 1
2037 4085 1
2038 4086 1
2039 4087 1
2040 4088 1
2041 4089 1
2042 4090 1
2043 4091 1
2039 4092 1
2040 4093 1
2041 4094 1
2042 4095 1
2043 4096 1
2044 4097 1
2045 4098 1
2046 4099 1
2047 4100 1
2048 4101 1
2044 4102 1
2045 4103 1
2046 4104 1
2047 4105 1
2048 4106 1
2049 4107 1
2050 4108 1
2051 4109 1
2052 4110 1
2053 4111 1
2049 4112 1
2050 4113 1
2051 4114 1
2052 4115 1
2053 4116 1
2054 4117 1
2055 4118 1
2056 4119 1
2057 4120 1
2058 4121 1
2054 4122 1
2055 4123 1
2056 4124 1
2057 4125 1
2058 4126 1
2059 4127 1
2060 4128 1
2061 4129 1
2062 4130 1
2063 4131 1
2059 4132 1
2060 4133 1
2061 4134 1
2062 4135 1
2063 4136 1
2064 4137 1
2065 4138 1
2066 4139 1
2067 4140 1
2068 4141 1
2064 4142 1
2065 4143 1
2066 4144 1
2067 4145 1
2068 4146 1
2069 4147 1
2070 4148 1
2071 4149 1
2072 4150 1
2073 4151 1
2069 4152 1
2070 4153 1
2071 4154 1
2072 4155 1
2073 4156 1
2074 4157 1
2075 4158 1
2076 4159 1
2077 4160 1
2078 4161 1
2074 4162 1
2075 4163 1
2076 4164 1
2077 4165 1
2078 4166 1
2079 4167 1
2080 4168 1
2081 4169 1
2082 4170 1
2083 4171 1
2079 4172 1
2080 4173 1
2081 4174 1
2082 4175 1
2083 4176 1
2084 4177 1
2085 4178 1
2086 4179 1
2087 4180 1
2088 4181 1
2084 4182 1
2085 4183 1
2086 4184 1
2087 4185 1
2088 4186 1
2089 4187 1
2090 4188 1
2091 4189 1
2092 4190 1
2093 4191 1
2089 4192 1
2090 4193 1
2091 4194 1
2092 4195 1
2093 4196 1
2094 4197 1
2095 4198 1
2096 4199 1
2097 4200 1
2098 4201 1
2094 4202 1
2095 4203 1
2096 4204 1
2097 4205 1
2098 4206 1
2099 4207 1
2100 4208 1
2101 4209 1
2102 4210 1
2103 4211 1
2099 4212 1
2100 4213 1
2101 4214 1
2102 4215 1
2103 4216 1
2104 4217 1
2105 4218 1
2106 4219 1
2107 4220 1
2108 4221 1
2104 4222 1
2105 4223 1
2106 4224 1
2107 4225 1
2108 4226 1
2109 4227 1
2110 4228 1
2111 4229 1
2112 4230 1
2113 4231 1
2109 4232 1
2110 4233 1
2111 4234 1
2112 4235 1
2113 4236 1
2114 4237 1
2115 4238 1
2116 4239 1
2117 4240 1
2118 4241 1
2114 4242 1
2115 4243 1
2116 4244 1
2117 4245 1
2118 4246 1
2119 4247 1
2120 4248 1
2121 4249 1
2122 4250 1
2123 4251 1
2119 4252 1
2120 4253 1
2121 4254 1
2122 4255 1
2123 4256 1
2124 4257 1
2125 4258 1
2126 4259 1
2127 4260 1
2128 4261 1
2124 4262 1
2125 4263 1
2126 4264 1
2127 4265 1
2128 4266 1
2129 4267 1
2130 4268 1
2131 4269 1
2132 4270 1
2133 4271 1
2129 4272 1
2130 4273 1
2131 4274 1
2132 4275 1
2133 4276 1
2134 4277 1
2135 4278 1
2136 4279 1
2137 4280 1
2138 4281 1
2134 4282 1
2135 4283 1
2136 4284 1
2137 4285 1
2138 4286 1
2139 4287 1
2140 4288 1
2141 4289 1
2142 4290 1
2143 4291 1
2139 4292 1
2140 4293 1
2141 4294 1
2142 4295 1
2143 4296 1
2144 4297 1
2145 4298 1
2146 4299 1
2147 4300 1
2148 4301 1
2144 4302 1
2145 4303 1
2146 4304 1
2147 4305 1
2148 4306 1
2149 4307 1
2150 4308 1
2151 4309 1
2152 4310 1
2153 4311 1
2149 4312 1
2150 4313 1
2151 4314 1
2152 4315 1
2153 4316 1
2154 4317 1
2155 4318 1
2156 4319 1
2157 4320 1
2158 4321 1
2154 4322 1
2155 4323 1
2156 4324 1
2157 4325 1
2158 4326 1
2159 4327 1
2160 4328 1
2161 4329 1
2162 4330 1
2163 4331 1
2159 4332 1
2160 4333 1
2161 4334 1
2162 4335 1
2163 4336 1
2164 4337 1
2165 4338 1
2166 4339 1
2167 4340 1
2168 4341 1
2164 4342 1
2165 4343 1
2166 4344 1
2167 4345 1
2168 4346 1
2169 4347 1
2170 4348 1
2171 4349 1
2172 4350 1
2173 4351 1
2169 4352 1
2170 4353 1
2171 4354 1
2172 4355 1
2173 4356 1
2174 4357 1
2175 4358 1
2176 4359 1
2177 4360 1
2178 4361 1
2174 4362 1
2175 4363 1
2176 4364 1
2177 4365 1
2178 4366 1
2179 4367 1
2180 4368 1
2181 4369 1
2182 4370 1
2183 4371 1
2179 4372 1
2180 4373 1
2181 4374 1
2182 4375 1
2183 4376 1
2184 4377 1
2185 4378 1
2186 4379 1
2187 4380 1
2188 4381 1
2184 4382 1
2185 4383 1
2186 4384 1
2187 4385 1
2188 4386 1
2189 4387 1
2190 4388 1
2191 4389 1
2192 4390 1
2193 4391 1
2189 4392 1
2190 4393 1
2191 4394 1
2192 4395 1
2193 4396 1
2194 4397 1
2195 4398 1
2196 4399 1
2197 4400 1
2198 4401 1
2194 4402 1
2195 4403 1
2196 4404 1
2197 4405 1
2198 4406 1
2199 4407 1
2200 4408 1
2201 4409 1
2202 4410 1
2203 4411 1
2199 4412 1
2200 4413 1
2201 4414 1
2202 4415 1
2203 4416 1
2204 4417 1
2205 4418 1
2206 4419 1
2207 4420 1
2208 4421 1
2204 4422 1
2205 4423 1
2206 4424 1
2207 4425 1
2208 4426 1
2209 4427 1
2210 4428 1
2211 4429 1
2212 4430 1
2213 4431 1
2209 4432 1
2210 4433 1
2211 4434 1
2212 4435 1
2213 4436 1
2214 4437 1
2215 4438 1
2216 4439 1
2217 4440 1
2218 4441 1
2214 4442 1
2215 4443 1
2216 4444 1
2217 4445 1
2218 4446 1
2219 4447 1
2220 4448 1
2221 4449 1
2222 4450 1
2223 4451 1
2219 4452 1
2220 4453 1
2221 4454 1
2222 4455 1
2223 4456 1
2224 4457 1
2225 4458 1
2226 4459 1
2227 4460 1
2228 4461 1
2224 4462 1
2225 4463 1
2226 4464 1
2227 4465 1
2228 4466 1
2229 4467 1
2230 4468 1
2231 4469 1
2232 4470 1
2233 4471 1
2229 4472 1
2230 4473 1
2231 4474 1
2232 4475 1
2233 4476 1
2234 4477 1
2235 4478 1
2236 4479 1
2237 4480 1
2238 4481 1
2234 4482 1
2235 4483 1
2236 4484 1
2237 4485 1
2238 4486 1
2239 4487 1
2240 4488 1
2241 4489 1
2242 4490 1
2243 4491 1
2239 4492 1
2240 4493 1
2241 4494 1
2242 4495 1
2243 4496 1
2244 4497 1
2245 4498 1
2246 4499 1
2247 4500 1
2248 4501 1
2244 4502 1
2245 4503 1
2246 4504 1
2247 4505 1
2248 4506 1
2249 4507 1
2250 4508 1
2251 4509 1
2252 4510 1
2253 4511 1
2249 4512 1
2250 4513 1
2251 4514 1
2252 4515 1
2253 4516 1
2254 4517 1
2255 4518 1
2256 4519 1
2257 4520 1
2258 4521 1
2254 4522 1
2255 4523 1
2256 4524 1
2257 4525 1
2258 4526 1
2259 4527 1
2260 4528 1
2261 4529 1
2262 4530 1
2263 4531 1
2259 4532 1
2260 4533 1
2261 4534 1
2262 4535 1
2263 4536 1
2264 4537 1
2265 4538 1
2266 4539 1
2267 4540 1
2268 4541 1
2264 4542 1
2265 4543 1
2266 4544 1
2267 4545 1
2268 4546 1
2269 4547 1
2270 4548 1
2271 4549 1
2272 4550 1
2273 4551 1
2269 4552 1
2270 4553 1
2271 4554 1
2272 4555 1
2273 4556 1
2274 4557 1
2275 4558 1
2276 4559 1
2277 4560 1
2278 4561 1
2274 4562 1
2275 4563 1
2276 4564 1
2277 4565 1
2278 4566 1
2279 4567 1
2280 4568 1
2281 4569 1
2282 4570 1
2283 4571 1
2279 4572 1
2280 4573 1
2281 4574 1
2282 4575 1
2283 4576 1
2284 4577 1
2285 4578 1
2286 4579 1
2287 4580 1
2288 4581 1
2284 4582 1
2285 4583 1
2286 4584 1
2287 4585 1
2288 4586 1
2289 4587 1
2290 4588 1
2291 4589 1
2292 4590 1
2293 4591 1
2289 4592 1
2290 4593 1
2291 4594 1
2292 4595 1
2293 4596 1
2294 4597 1
2295 4598 1
2296 4599 1
2297 4600 1
2298 4601 1
2294 4602 1
2295 4603 1
2296 4604 1
2297 4605 1
2298 4606 1
2299 4607 1
2300 4608 1
2301 4609 1
2302 4610 1
2303 4611 1
2299 4612 1
2300 4613 1
2301 4614 1
2302 4615 1
2303 4616 1
2304 4617 1
2305 4618 1
2306 4619 1
2307 4620 1
2308 4621 1
2304 4622 1
2305 4623 1
2306 4624 1
2307 4625 1
2308 4626 1
2309 4627 1
2310 4628 1
2311 4629 1
2312 4630 1
2313 4631 1
2309 4632 1
2310 4633 1
2311 4634 1
2312 4635 1
2313 4636 1
2314 4637 1
2315 4638 1
2316 4639 1
2317 4640 1
2318 4641 1
2314 4642 1
2315 4643 1
2316 4644 1
2317 4645 1
2318 4646 1
2319 4647 1
2320 4648 1
2321 4649 1
2322 4650 1
2323 4651 1
2319 4652 1
2320 4653 1
2321 4654 1
2322 4655 1
2323 4656 1
2324 4657 1
2325 4658 1
2326 4659 1
2327 4660 1
2328 4661 1
2324 4662 1
2325 4663 1
2326 4664 1
2327 4665 1
2328 4666 1
2329 4667 1
2330 4668 1
2331 4669 1
2332 4670 1
2333 4671 1
2329 4672 1
2330 4673 1
2331 4674 1
2332 4675 1
2333 4676 1
2334 4677 1
2335 4678 1
2336 4679 1
2337 4680 1
2338 4681 1
2334 4682 1
2335 4683 1
2336 4684 1
2337 4685 1
2338 4686 1
2339 4687 1
2340 4688 1
2341 4689 1
2342 4690 1
2343 4691 1
2339 4692 1
2340 4693 1
2341 4694 1
2342 4695 1
2343 4696 1
2344 4697 1
2345 4698 1
2346 4699 1
2347 4700 1
2348 4701 1
2344 4702 1
2345 4703 1
2346 4704 1
2347 4705 1
2348 4706 1
2349 4707 1
2350 4708 1
2351 4709 1
2352 4710 1
2353 4711 1
2349 4712 1
2350 4713 1
2351 4714 1
2352 4715 1
2353 4716 1
2354 4717 1
2355 4718 1
2356 4719 1
2357 4720 1
2358 4721 1
2354 4722 1
2355 4723 1
2356 4724 1
2357 4725 1
2358 4726 1
2359 4727 1
2360 4728 1
2361 4729 1
2362 4730 1
2363 4731 1
2359 4732 1
2360 4733 1
2361 4734 1
2362 4735 1
2363 4736 1
2364 4737 1
2365 4738 1
2366 4739 1
2367 4740 1
2368 4741 1
2364 4742 1
2365 4743 1
2366 4744 1
2367 4745 1
2368 4746 1
2369 4747 1
2370 4748 1
2371 4749 1
2372 4750 1
2373 4751 1
2369 4752 1
2370 4753 1
2371 4754 1
2372 4755 1
2373 4756 1
2374 4757 1
2375 4758 1
2376 4759 1
2377 4760 1
2378 4761 1
2374 4762 1
2375 4763 1
2376 4764 1
2377 4765 1
2378 4766 1
2379 4767 1
2380 4768 1
2381 4769 1
2382 4770 1
2383 4771 1
2379 4772 1
2380 4773 1
2381 4774 1
2382 4775 1
2383 4776 1
2384 4777 1
2385 4778 1
2386 4779 1
2387 4780 1
2388 4781 1
2384 4782 1
2385 4783 1
2386 4784 1
2387 4785 1
2388 4786 1
2389 4787 1
2390 4788 1
2391 4789 1
2392 4790 1
2393 4791 1
2389 4792 1
2390 4793 1
2391 4794 1
2392 4795 1
2393 4796 1
2394 4797 1
2395 4798 1
2396 4799 1
2397 4800 1
2398 4801 1
2394 4802 1
2395 4803 1
2396 4804 1
2397 4805 1
2398 4806 1
2399 4807 1
2400 4808 1
2401 4809 1
2402 4810 1
2403 4811 1
2399 4812 1
2400 4813 1
2401 4814 1
2402 4815 1
2403 4816 1
2404 4817 1
2405 4818 1
2406 4819 1
2407 4820 1
2408 4821 1
2404 4822 1
2405 4823 1
2406 4824 1
2407 4825 1
2408 4826 1
2409 4827 1
2410 4828 1
2411 4829 1
2412 4830 1
2413 4831 1
2409 4832 1
2410 4833 1
2411 4834 1
2412 4835 1
2413 4836 1
2414 4837 1
2415 4838 1
2416 4839 1
2417 4840 1
2418 4841 1
2414 4842 1
2415 4843 1
2416 4844 1
2417 4845 1
2418 4846 1
2419 4847 1
2420 4848 1
2421 4849 1
2422 4850 1
2423 4851 1
2419 4852 1
2420 4853 1
2421 4854 1
2422 4855 1
2423 4856 1
2424 4857 1
2425 4858 1
2426 4859 1
2427 4860 1
2428 4861 1
2424 4862 1
2425 4863 1
2426 4864 1
2427 4865 1
2428 4866 1
2429 4867 1
2430 4868 1
2431 4869 1
2432 4870 1
2433 4871 1
2429 4872 1
2430 4873 1
2431 4874 1
2432 4875 1
2433 4876 1
2434 4877 1
2435 4878 1
2436 4879 1
2437 4880 1
2438 4881 1
2434 4882 1
2435 4883 1
2436 4884 1
2437 4885 1
2438 4886 1
2439 4887 1
2440 4888 1
2441 4889 1
2442 4890 1
2443 4891 1
2439 4892 1
2440 4893 1
2441 4894 1
2442 4895 1
2443 4896 1
2444 4897 1
2445 4898 1
2446 4899 1
2447 4900 1
2448 4901 1
2444 4902 1
2445 4903 1
2446 4904 1
2447 4905 1
2448 4906 1
2449 4907 1
2450 4908 1
2451 4909 1
2452 4910 1
2453 4911 1
2449 4912 1
2450 4913 1
2451 4914 1
2452 4915 1
2453 4916 1
2454 4917 1
2455 4918 1
2456 4919 1
2457 4920 1
2458 4921 1
2454 4922 1
2455 4923 1
2456 4924 1
2457 4925 1
2458 4926 1
2459 4927 1
2460 4928 1
2461 4929 1
2462 4930 1
2463 4931 1
2459 4932 1
2460 4933 1
2461 4934 1
2462 4935 1
2463 4936 1
2464 4937 1
2465 4938 1
2466 4939 1
2467 4940 1
2468 4941 1
2464 4942 1
2465 4943 1
2466 4944 1
2467 4945 1
2468 4946 1
2469 4947 1
2470 4948 1
2471 4949 1
2472 4950 1
2473 4951 1
2469 4952 1
2470 4953 1
2471 4954 1
2472 4955 1
2473 4956 1
2474 4957 1
2475 4958 1
2476 4959 1
2477 4960 1
2478 4961 1
2474 4962 1
2475 4963 1
2476 4964 1
2477 4965 1
2478 4966 1
2479 4967 1
2480 4968 1
2481 4969 1
2482 4970 1
2483 4971 1
2479 4972 1
2480 4973 1
2481 4974 1
2482 4975 1
2483 4976 1
2484 4977 1
2485 4978 1
2486 4979 1
2487 4980 1
2488 4981 1
2484 4982 1
2485 4983 1
2486 4984 1
2487 4985 1
2488 4986 1
2489 4987 1
2490 4988 1
2491 4989 1
2492 4990 1
2493 4991 1
2489 4992 1
2490 4993 1
2491 4994 1
2492 4995 1
2493 4996 1
2494 4997 1
2495 4998 1
2496 4999 1
2497 5000 1
2498 5001 1
2494 5002 1
2495 5003 1
2496 5004 1
2497 5005 1
2498 5006 1
2499 5007 1
2500 5008 1
2501 5009 1
2502 5010 1
2503 5011 1
2499 5012 1
2500 5013 1
2501 5014 1
2502 5015 1
2503 5016 1
2504 5017 1
2505 5018 1
2506 5019 1
2507 5020 1
2508 5021 1
2504 5022 1
2505 5023 1
2506 5024 1
2507 5025 1
2508 5026 1
2509 5027 1
2510 5028 1
2511 5029 1
2512 5030 1
2513 5031 1
2509 5032 1
2510 5033 1
2511 5034 1
2512 5035 1
2513 5036 1
2514 5037 1
2515 5038 1
2516 5039 1
2517 5040 1
2518 5041 1
2514 5042 1
2515 5043 1
2516 5044 1
2517 5045 1
2518 5046 1
2519 5047 1
2520 5048 1
2521 5049 1
2522 5050 1
2523 5051 1
2519 5052 1
2520 5053 1
2521 5054 1
2522 5055 1
2523 5056 1
2524 5057 1
2525 5058 1
2526 5059 1
2527 5060 1
2528 5061 1
2524 5062 1
2525 5063 1
2526 5064 1
2527 5065 1
2528 5066 1
2529 5067 1
2530 5068 1
2531 5069 1
2532 5070 1
2533 5071 1
2529 5072 1
2530 5073 1
2531 5074 1
2532 5075 1
2533 5076 1
2534 5077 1
2535 5078 1
2536 5079 1
2537 5080 1
2538 5081 1
2534 5082 1
2535 5083 1
2536 5084 1
2537 5085 1
2538 5086 1
2539 5087 1
2540 5088 1
2541 5089 1
2542 5090 1
2543 5091 1
2539 5092 1
2540 5093 1
2541 5094 1
2542 5095 1
2543 5096 1
2544 5097 1
2545 5098 1
2546 5099 1
2547 5100 1
2548 5101 1
2544 5102 1
2545 5103 1
2546 5104 1
2547 5105 1
2548 5106 1
2549 5107 1
2550 5108 1
2551 5109 1
2552 5110 1
2553 5111 1
2549 5112 1
2550 5113 1
2551 5114 1
2552 5115 1
2553 5116 1
2554 5117 1
2555 5118 1
2556 5119 1
2557 5120 1
2558 5121 1
2554 5122 1
2555 5123 1
2556 5124 1
2557 5125 1
2558 5126 1
2559 5127 1
2560 5128 1
2561 5129 1
2562 5130 1
2563 5131 1
2559 5132 1
2560 5133 1
2561 5134 1
2562 5135 1
2563 5136 1
2564 5137 1
2565 5138 1
2566 5139 1
2567 5140 1
2568 5141 1
2564 5142 1
2565 5143 1
2566 5144 1
2567 5145 1
2568 5146 1
2569 5147 1
2570 5148 1
2571 5149 1
2572 5150 1
2573 5151 1
2569 5152 1
2570 5153 1
2571 5154 1
2572 5155 1
2573 5156 1
2574 5157 1
2575 5158 1
2576 5159 1
2577 5160 1
2578 5161 1
2574 5162 1
2575 5163 1
2576 5164 1
2577 5165 1
2578 5166 1
2579 5167 1
2580 5168 1
2581 5169 1
2582 5170 1
2583 5171 1
2579 5172 1
2580 5173 1
2581 5174 1
2582 5175 1
2583 5176 1
2584 5177 1
2585 5178 1
2586 5179 1
2587 5180 1
2588 5181 1
2584 5182 1
2585 5183 1
2586 5184 1
2587 5185 1
2588 5186 1
2589 5187 1
2590 5188 1
2591 5189 1
2592 5190 1
2593 5191 1
2589 5192 1
2590 5193 1
2591 5194 1
2592 5195 1
2593 5196 1
2594 5197 1
2595 5198 1
2596 5199 1
2597 5200 1
2598 5201 1
2594 5202 1
2595 5203 1
2596 5204 1
2597 5205 1
2598 5206 1
2599 5207 1
2600 5208 1
2601 5209 1
2602 5210 1
2603 5211 1
2599 5212 1
2600 5213 1
2601 5214 1
2602 5215 1
2603 5216 1
2604 5217 1
2605 5218 1
2606 5219 1
2607 5220 1
2608 5221 1
2604 5222 1
2605 5223 1
2606 5224 1
2607 5225 1
2608 5226 1
2609 5227 1
2610 5228 1
2611 5229 1
2612 5230 1
2613 5231 1
2609 5232 1
2610 5233 1
2611 5234 1
2612 5235 1
2613 5236 1
2614 5237 1
2615 5238 1
2616 5239 1
2617 5240 1
2618 5241 1
2614 5242 1
2615 5243 1
2616 5244 1
2617 5245 1
2618 5246 1
2619 5247 1
2620 5248 1
2621 5249 1
2622 5250 1
2623 5251 1
2619 5252 1
2620 5253 1
2621 5254 1
2622 5255 1
2623 5256 1
2624 5257 1
2625 5258 1
2626 5259 1
2627 5260 1
2628 5261 1
2624 5262 1
2625 5263 1
2626 5264 1
2627 5265 1
2628 5266 1
2629 5267 1
2630 5268 1
2631 5269 1
2632 5270 1
2633 5271 1
2629 5272 1
2630 5273 1
2631 5274 1
2632 5275 1
2633 5276 1
2634 5277 1
2635 5278 1
2636 5279 1
2637 5280 1
2638 5281 1
2634 5282 1
2635 5283 1
2636 5284 1
2637 5285 1
2638 5286 1
2639 5287 1
2640 5288 1
2641 5289 1
2642 5290 1
2643 5291 1
2639 5292 1
2640 5293 1
2641 5294 1
2642 5295 1
2643 5296 1
2644 5297 1
2645 5298 1
2646 5299 1
2647 5300 1
2648 5301 1
2644 5302 1
2645 5303 1
2646 5304 1
2647 5305 1
2648 5306 1
2649 5307 1
2650 5308 1
2651 5309 1
2652 5310 1
2653 5311 1
2649 5312 1
2650 5313 1
2651 5314 1
2652 5315 1
2653 5316 1
2654 5317 1
2655 5318 1
2656 5319 1
2657 5320 1
2658 5321 1
2654 5322 1
2655 5323 1
2656 5324 1
2657 5325 1
2658 5326 1
2659 5327 1
2660 5328 1
2661 5329 1
2662 5330 1
2663 5331 1
2659 5332 1
2660 5333 1
2661 5334 1
2662 5335 1
2663 5336 1
2664 5337 1
2665 5338 1
2666 5339 1
2667 5340 1
2668 5341 1
2664 5342 1
2665 5343 1
2666 5344 1
2667 5345 1
2668 5346 1
2669 5347 1
2670 5348 1
2671 5349 1
2672 5350 1
2673 5351 1
2669 5352 1
2670 5353 1
2671 5354 1
2672 5355 1
2673 5356 1
2674 5357 1
2675 5358 1
2676 5359 1
2677 5360 1
2678 5361 1
2674 5362 1
2675 5363 1
2676 5364 1
2677 5365 1
2678 5366 1
2679 5367 1
2680 5368 1
2681 5369 1
2682 5370 1
2683 5371 1
2679 5372 1
2680 5373 1
2681 5374 1
2682 5375 1
2683 5376 1
2684 5377 1
2685 5378 1
2686 5379 1
2687 5380 1
2688 5381 1
2684 5382 1
2685 5383 1
2686 5384 1
2687 5385 1
2688 5386 1
2689 5387 1
2690 5388 1
2691 5389 1
2692 5390 1
2693 5391 1
2689 5392 1
2690 5393 1
2691 5394 1
2692 5395 1
2693 5396 1
2694 5397 1
2695 5398 1
2696 5399 1
2697 5400 1
2698 5401 1
2694 5402 1
2695 5403 1
2696 5404 1
2697 5405 1
2698 5406 1
2699 5407 1
2700 5408 1
2701 5409 1
2702 5410 1
2703 5411 1
2699 5412 1
2700 5413 1
2701 5414 1
2702 5415 1
2703 5416 1
2704 5417 1
2705 5418 1
2706 5419 1
2707 5420 1
2708 5421 1
2704 5422 1
2705 5423 1
2706 5424 1
2707 5425 1
2708 5426 1
2709 5427 1
2710 5428 1
2711 5429 1
2712 5430 1
2713 5431 1
2709 5432 1
2710 5433 1
2711 5434 1
2712 5435 1
2713 5436 1
2714 5437 1
2715 5438 1
2716 5439 1
2717 5440 1
2718 5441 1
2714 5442 1
2715 5443 1
2716 5444 1
2717 5445 1
2718 5446 1
2719 5447 1
2720 5448 1
2721 5449 1
2722 5450 1
2723 5451 1
2719 5452 1
2720 5453 1
2721 5454 1
2722 5455 1
2723 5456 1
2724 5457 1
2725 5458 1
2726 5459 1
2727 5460 1
2728 5461 1
2724 5462 1
2725 5463 1
2726 5464 1
2727 5465 1
2728 5466 1
2729 5467 1
2730 5468 1
2731 5469 1
2732 5470 1
2733 5471 1
2729 5472 1
2730 5473 1
2731 5474 1
2732 5475 1
2733 5476 1
2734 5477 1
2735 5478 1
2736 5479 1
2737 5480 1
2738 5481 1
2734 5482 1
2735 5483 1
2736 5484 1
2737 5485 1
2738 5486 1
2739 5487 1
2740 5488 1
2741 5489 1
2742 5490 1
2743 5491 1
2739 5492 1
2740 5493 1
2741 5494 1
2742 5495 1
2743 5496 1
2744 5497 1
2745 5498 1
2746 5499 1
2747 5500 1
2748 5501 1
2744 5502 1
2745 5503 1
2746 5504 1
2747 5505 1
2748 5506 1
2749 5507 1
2750 5508 1
2751 5509 1
2752 5510 1
2753 5511 1
2749 5512 1
2750 5513 1
2751 5514 1
2752 5515 1
2753 5516 1
2754 5517 1
2755 5518 1
2756 5519 1
2757 5520 1
2758 5521 1
2754 5522 1
2755 5523 1
2756 5524 1
2757 5525 1
2758 5526 1
2759 5527 1
2760 5528 1
2761 5529 1
2762 5530 1
2763 5531 1
2759 5532 1
2760 5533 1
2761 5534 1
2762 5535 1
2763 5536 1
2764 5537 1
2765 5538 1
2766 5539 1
2767 5540 1
2768 5541 1
2764 5542 1
2765 5543 1
2766 5544 1
2767 5545 1
2768 5546 1
2769 5547 1
2770 5548 1
2771 5549 1
2772 5550 1
2773 5551 1
2769 5552 1
2770 5553 1
2771 5554 1
2772 5555 1
2773 5556 1
2774 5557 1
2775 5558 1
2776 5559 1
2777 5560 1
2778 5561 1
2774 5562 1
2775 5563 1
2776 5564 1
2777 5565 1
2778 5566 1
2779 5567 1
2780 5568 1
2781 5569 1
2782 5570 1
2783 5571 1
2779 5572 1
2780 5573 1
2781 5574 1
2782 5575 1
2783 5576 1
2784 5577 1
2785 5578 1
2786 5579 1
2787 5580 1
2788 5581 1
2784 5582 1
2785 5583 1
2786 5584 1
2787 5585 1
2788 5586 1
2789 5587 1
2790 5588 1
2791 5589 1
2792 5590 1
2793 5591 1
2789 5592 1
2790 5593 1
2791 5594 1
2792 5595 1
2793 5596 1
2794 5597 1
2795 5598 1
2796 5599 1
2797 5600 1
2798 5601 1
2794 5602 1
2795 5603 1
2796 5604 1
2797 5605 1
2798 5606 1
2799 5607 1
2800 5608 1
2801 5609 1
2802 5610 1
2803 5611 1
2799 5612 1
2800 5613 1
2801 5614 1
2802 5615 1
2803 5616 1
2804 5617 1
2805 5618 1
2806 5619 1
2807 5620 1
2808 5621 1
2804 5622 1
2805 5623 1
2806 5624 1
2807 5625 1
2808 5626 1
2809 5627 1
2810 5628 1
2811 5629 1
2812 5630 1
2813 5631 1
2809 5632 1
2810 5633 1
2811 5634 1
2812 5635 1
2813 5636 1
2814 5637 1
2815 5638 1
2816 5639 1
2817 5640 1
2818 5641 1
2814 5642 1
2815 5643 1
2816 5644 1
2817 5645 1
2818 5646 1
2819 5647 1
2820 5648 1
2821 5649 1
2822 5650 1
2823 5651 1
2819 5652 1
2820 5653 1
2821 5654 1
2822 5655 1
2823 5656 1
2824 5657 1
2825 5658 1
2826 5659 1
2827 5660 1
2828 5661 1
2824 5662 1
2825 5663 1
2826 5664 1
2827 5665 1
2828 5666 1
2829 5667 1
2830 5668 1
2831 5669 1
2832 5670 1
2833 5671 1
2829 5672 1
2830 5673 1
2831 5674 1
2832 5675 1
2833 5676 1
2834 5677 1
2835 5678 1
2836 5679 1
2837 5680 1
2838 5681 1
2834 5682 1
2835 5683 1
2836 5684 1
2837 5685 1
2838 5686 1
2839 5687 1
2840 5688 1
2841 5689 1
2842 5690 1
2843 5691 1
2839 5692 1
2840 5693 1
2841 5694 1
2842 5695 1
2843 5696 1
2844 5697 1
2845 5698 1
2846 5699 1
2847 5700 1
2848 5701 1
2844 5702 1
2845 5703 1
2846 5704 1
2847 5705 1
2848 5706 1
2849 5707 1
2850 5708 1
2851 5709 1
2852 5710 1
2853 5711 1
2849 5712 1
2850 5713 1
2851 5714 1
2852 5715 1
2853 5716 1
2854 5717 1
2855 5718 1
2856 5719 1
2857 5720 1
2858 5721 1
2854 5722 1
2855 5723 1
2856 5724 1
2857 5725 1
2858 5726 1
2859 5727 1
2860 5728 1
2861 5729 1
2862 5730 1
2863 5731 1
2859 5732 1
2860 5733 1
2861 5734 1
2862 5735 1
2863 5736 1
2864 5737 1
2865 5738 1
2866 5739 1
2867 5740 1
2868 5741 1
2864 5742 1
2865 5743 1
2866 5744 1
2867 5745 1
2868 5746 1
2869 5747 1
2870 5748 1
2871 5749 1
2872 5750 1
2873 5751 1
2869 5752 1
2870 5753 1
2871 5754 1
2872 5755 1
2873 5756 1
2874 5757 1
2875 5758 1
2876 5759 1
2877 5760 1
2878 5761 1
2874 5762 1
2875 5763 1
2876 5764 1
2877 5765 1
2878 5766 1
2879 5767 1
2880 5768 1
2881 5769 1
2882 5770 1
2883 5771 1
2879 5772 1
2880 5773 1
2881 5774 1
2882 5775 1
2883 5776 1
2884 5777 1
2885 5778 1
2886 5779 1
2887 5780 1
2888 5781 1
2884 5782 1
2885 5783 1
2886 5784 1
2887 5785 1
2888 5786 1
2889 5787 1
2890 5788 1
2891 5789 1
2892 5790 1
2893 5791 1
2889 5792 1
2890 5793 1
2891 5794 1
2892 5795 1
2893 5796 1
2894 5797 1
2895 5798 1
2896 5799 1
2897 5800 1
2898 5801 1
2894 5802 1
2895 5803 1
2896 5804 1
2897 5805 1
2898 5806 1
2899 5807 1
2900 5808 1
2901 5809 1
2902 5810 1
2903 5811 1
2899 5812 1
2900 5813 1
2901 5814 1
2902 5815 1
2903 5816 1
2904 5817 1
2905 5818 1
2906 5819 1
2907 5820 1
2908 5821 1
2904 5822 1
2905 5823 1
2906 5824 1
2907 5825 1
2908 5826 1
2909 5827 1
2910 5828 1
2911 5829 1
2912 5830 1
2913 5831 1
2909 5832 1
2910 5833 1
2911 5834 1
2912 5835 1
2913 5836 1
2914 5837 1
2915 5838 1
2916 5839 1
2917 5840 1
2918 5841 1
2914 5842 1
2915 5843 1
2916 5844 1
2917 5845 1
2918 5846 1
2919 5847 1
2920 5848 1
2921 5849 1
2922 5850 1
2923 5851 1
2919 5852 1
2920 5853 1
2921 5854 1
2922 5855 1
2923 5856 1
2924 5857 1
2925 5858 1
2926 5859 1
2927 5860 1
2928 5861 1
2924 5862 1
2925 5863 1
2926 5864 1
2927 5865 1
2928 5866 1
2929 5867 1
2930 5868 1
2931 5869 1
2932 5870 1
2933 5871 1
2929 5872 1
2930 5873 1
2931 5874 1
2932 5875 1
2933 5876 1
2934 5877 1
2935 5878 1
2936 5879 1
2937 5880 1
2938 5881 1
2934 5882 1
2935 5883 1
2936 5884 1
2937 5885 1
2938 5886 1
2939 5887 1
2940 5888 1
2941 5889 1
2942 5890 1
2943 5891 1
2939 5892 1
2940 5893 1
2941 5894 1
2942 5895 1
2943 5896 1
2944 5897 1
2945 5898 1
2946 5899 1
2947 5900 1
2948 5901 1
2944 5902 1
2945 5903 1
2946 5904 1
2947 5905 1
2948 5906 1
2949 5907 1
2950 5908 1
2951 5909 1
2952 5910 1
2953 5911 1
2949 5912 1
2950 5913 1
2951 5914 1
2952 5915 1
2953 5916 1
2954 5917 1
2955 5918 1
2956 5919 1
2957 5920 1
2958 5921 1
2954 5922 1
2955 5923 1
2956 5924 1
2957 5925 1
2958 5926 1
2959 5927 1
2960 5928 1
2961 5929 1
2962 5930 1
2963 5931 1
2959 5932 1
2960 5933 1
2961 5934 1
2962 5935 1
2963 5936 1
2964 5937 1
2965 5938 1
2966 5939 1
2967 5940 1
2968 5941 1
2964 5942 1
2965 5943 1
2966 5944 1
2967 5945 1
2968 5946 1
2969 5947 1
2970 5948 1
2971 5949 1
2972 5950 1
2973 5951 1
2969 5952 1
2970 5953 1
2971 5954 1
2972 5955 1
2973 5956 1
2974 5957 1
2975 5958 1
2976 5959 1
2977 5960 1
2978 5961 1
2974 5962 1
2975 5963 1
2976 5964 1
2977 5965 1
2978 5966 1
2979 5967 1
2980 5968 1
2981 5969 1
2982 5970 1
2983 5971 1
2979 5972 1
2980 5973 1
2981 5974 1
2982 5975 1
2983 5976 1
2984 5977 1
2985 5978 1
2986 5979 1
2987 5980 1
2988 5981 1
2984 5982 1
2985 5983 1
2986 5984 1
2987 5985 1
2988 5986 1
2989 5987 1
2990 5988 1
2991 5989 1
2992 5990 1
2993 5991 1
2989 5992 1
2990 5993 1
2991 5994 1
2992 5995 1
2993 5996 1
2994 5997 1
2995 5998 1
2996 5999 1
2997 6000 1
2998 6001 1
2994 6002 1
2995 6003 1
2996 6004 1
2997 6005 1
2998 6006 1
2999 6007 1
3000 6008 1
3001 6009 1
3002 6010 1
3003 6011 1
2999 6012 1
3000 6013 1
3001 6014 1
3002 6015 1
3003 6016 1
3004 6017 1
3005 6018 1
3006 6019 1
3007 6020 1
3008 6021 1
3004 6022 1
3005 6023 1
3006 6024 1
3007 6025 1
3008 6026 1
3009 6027 1
3010 6028 1
3011 6029 1
3012 6030 1
3013 6031 1
3009 6032 1
3010 6033 1
3011 6034 1
3012 6035 1
3013 6036 1
3014 6037 1
3015 6038 1
3016 6039 1
3017 6040 1
3018 6041 1
3014 6042 1
3015 6043 1
3016 6044 1
3017 6045 1
3018 6046 1
3019 6047 1
3020 6048 1
3021 6049 1
3022 6050 1
3023 6051 1
3019 6052 1
3020 6053 1
3021 6054 1
3022 6055 1
3023 6056 1
3024 6057 1
3025 6058 1
3026 6059 1
3027 6060 1
3028 6061 1
3024 6062 1
3025 6063 1
3026 6064 1
3027 6065 1
3028 6066 1
3029 6067 1
3030 6068 1
3031 6069 1
3032 6070 1
3033 6071 1
3029 6072 1
3030 6073 1
3031 6074 1
3032 6075 1
3033 6076 1
3034 6077 1
3035 6078 1
3036 6079 1
3037 6080 1
3038 6081 1
3034 6082 1
3035 6083 1
3036 6084 1
3037 6085 1
3038 6086 1
3039 6087 1
3040 6088 1
3041 6089 1
3042 6090 1
3043 6091 1
3039 6092 1
3040 6093 1
3041 6094 1
3042 6095 1
3043 6096 1
3044 6097 1
3045 6098 1
3046 6099 1
3047 6100 1
3048 6101 1
3044 6102 1
3045 6103 1
3046 6104 1
3047 6105 1
3048 6106 1
3049 6107 1
3050 6108 1
3051 6109 1
3052 6110 1
3053 6111 1
3049 6112 1
3050 6113 1
3051 6114 1
3052 6115 1
3053 6116 1
3054 6117 1
3055 6118 1
3056 6119 1
3057 6120 1
3058 6121 1
3054 6122 1
3055 6123 1
3056 6124 1
3057 6125 1
3058 6126 1
3059 6127 1
3060 6128 1
3061 6129 1
3062 6130 1
3063 6131 1
3059 6132 1
3060 6133 1
3061 6134 1
3062 6135 1
3063 6136 1
3064 6137 1
3065 6138 1
3066 6139 1
3067 6140 1
3068 6141 1
3064 6142 1
3065 6143 1
3066 6144 1
3067 6145 1
3068 6146 1
3069 6147 1
3070 6148 1
3071 6149 1
3072 6150 1
3073 6151 1
3069 6152 1
3070 6153 1
3071 6154 1
3072 6155 1
3073 6156 1
3074 6157 1
3075 6158 1
3076 6159 1
3077 6160 1
3078 6161 1
3074 6162 1
3075 6163 1
3076 6164 1
3077 6165 1
3078 6166 1
3079 6167 1
3080 6168 1
3081 6169 1
3082 6170 1
3083 6171 1
3079 6172 1
3080 6173 1
3081 6174 1
3082 6175 1
3083 6176 1
3084 6177 1
3085 6178 1
3086 6179 1
3087 6180 1
3088 6181 1
3084 6182 1
3085 6183 1
3086 6184 1
3087 6185 1
3088 6186 1
3089 6187 1
3090 6188 1
3091 6189 1
3092 6190 1
3093 6191 1
3089 6192 1
3090 6193 1
3091 6194 1
3092 6195 1
3093 6196 1
3094 6197 1
3095 6198 1
3096 6199 1
3097 6200 1
3098 6201 1
3094 6202 1
3095 6203 1
3096 6204 1
3097 6205 1
3098 6206 1
3099 6207 1
3100 6208 1
3101 6209 1
3102 6210 1
3103 6211 1
3099 6212 1
3100 6213 1
3101 6214 1
3102 6215 1
3103 6216 1
3104 6217 1
3105 6218 1
3106 6219 1
3107 6220 1
3108 6221 1
3104 6222 1
3105 6223 1
3106 6224 1
3107 6225 1
3108 6226 1
3109 6227 1
3110 6228 1
3111 6229 1
3112 6230 1
3113 6231 1
3109 6232 1
3110 6233 1
3111 6234 1
3112 6235 1
3113 6236 1
3114 6237 1
3115 6238 1
3116 6239 1
3117 6240 1
3118 6241 1
3114 6242 1
3115 6243 1
3116 6244 1
3117 6245 1
3118 6246 1
3119 6247 1
3120 6248 1
3121 6249 1
3122 6250 1
3123 6251 1
3119 6252 1
3120 6253 1
3121 6254 1
3122 6255 1
3123 6256 1
3124 6257 1
3125 6258 1
3126 6259 1
3127 6260 1
3128 6261 1
3124 6262 1
3125 6263 1
3126 6264 1
3127 6265 1
3128 6266 1
3129 6267 1
3130 6268 1
3131 6269 1
3132 6270 1
3133 6271 1
3129 6272 1
3130 6273 1
3131 6274 1
3132 6275 1
3133 6276 1
3134 6277 1
3135 6278 1
3136 6279 1
3137 6280 1
3138 6281 1
3134 6282 1
3135 6283 1
3136 6284 1
3137 6285 1
3138 6286 1
3139 6287 1
3140 6288 1
3141 6289 1
3142 6290 1
3143 6291 1
3139 6292 1
3140 6293 1
3141 6294 1
3142 6295 1
3143 6296 1
3144 6297 1
3145 6298 1
3146 6299 1
3147 6300 1
3148 6301 1
3144 6302 1
3145 6303 1
3146 6304 1
3147 6305 1
3148 6306 1
3149 6307 1
3150 6308 1
3151 6309 1
3152 6310 1
3153 6311 1
3149 6312 1
3150 6313 1
3151 6314 1
3152 6315 1
3153 6316 1
3154 6317 1
3155 6318 1
3156 6319 1
3157 6320 1
3158 6321 1
3154 6322 1
3155 6323 1
3156 6324 1
3157 6325 1
3158 6326 1
3159 6327 1
3160 6328 1
3161 6329 1
3162 6330 1
3163 6331 1
3159 6332 1
3160 6333 1
3161 6334 1
3162 6335 1
3163 6336 1
3164 6337 1
3165 6338 1
3166 6339 1
3167 6340 1
3168 6341 1
3164 6342 1
3165 6343 1
3166 6344 1
3167 6345 1
3168 6346 1
3169 6347 1
3170 6348 1
3171 6349 1
3172 6350 1
3173 6351 1
3169 6352 1
3170 6353 1
3171 6354 1
3172 6355 1
3173 6356 1
3174 6357 1
3175 6358 1
3176 6359 1
3177 6360 1
3178 6361 1
3174 6362 1
3175 6363 1
3176 6364 1
3177 6365 1
3178 6366 1
3179 6367 1
3180 6368 1
3181 6369 1
3182 6370 1
3183 6371 1
3179 6372 1
3180 6373 1
3181 6374 1
3182 6375 1
3183 6376 1
3184 6377 1
3185 6378 1
3186 6379 1
3187 6380 1
3188 6381 1
3184 6382 1
3185 6383 1
3186 6384 1
3187 6385 1
3188 6386 1
3189 6387 1
3190 6388 1
3191 6389 1
3192 6390 1
3193 6391 1
3189 6392 1
3190 6393 1
3191 6394 1
3192 6395 1
3193 6396 1
3194 6397 1
3195 6398 1
3196 6399 1
3197 6400 1
3198 6401 1
3194 6402 1
3195 6403 1
3196 6404 1
3197 6405 1
3198 6406 1
3199 6407 1
3200 6408 1
3201 6409 1
3202 6410 1
3203 6411 1
3199 6412 1
3200 6413 1
3201 6414 1
3202 6415 1
3203 6416 1
3204 6417 1
3205 6418 1
3206 6419 1
3207 6420 1
3208 6421 1
3204 6422 1
3205 6423 1
3206 6424 1
3207 6425 1
3208 6426 1
3209 6427 1
3210 6428 1
3211 6429 1
3212 6430 1
3213 6431 1
3209 6432 1
3210 6433 1
3211 6434 1
3212 6435 1
3213 6436 1
3214 6437 1
3215 6438 1
3216 6439 1
3217 6440 1
3218 6441 1
3214 6442 1
3215 6443 1
3216 6444 1
3217 6445 1
3218 6446 1
3219 6447 1
3220 6448 1
3221 6449 1
3222 6450 1
3223 6451 1
3219 6452 1
3220 6453 1
3221 6454 1
3222 6455 1
3223 6456 1
3224 6457 1
3225 6458 1
3226 6459 1
3227 6460 1
3228 6461 1
3224 6462 1
3225 6463 1
3226 6464 1
3227 6465 1
3228 6466 1
3229 6467 1
3230 6468 1
3231 6469 1
3232 6470 1
3233 6471 1
3229 6472 1
3230 6473 1
3231 6474 1
3232 6475 1
3233 6476 1
3234 6477 1
3235 6478 1
3236 6479 1
3237 6480 1
3238 6481 1
3234 6482 1
3235 6483 1
3236 6484 1
3237 6485 1
3238 6486 1
3239 6487 1
3240 6488 1
3241 6489 1
3242 6490 1
3243 6491 1
3239 6492 1
3240 6493 1
3241 6494 1
3242 6495 1
3243 6496 1
3244 6497 1
3245 6498 1
3246 6499 1
3247 6500 1
3248 6501 1
3244 6502 1
3245 6503 1
3246 6504 1
3247 6505 1
3248 6506 1
3249 6507 1
3250 6508 1
3251 6509 1
3252 6510 1
3253 6511 1
3249 6512 1
3250 6513 1
3251 6514 1
3252 6515 1
3253 6516 1
3254 6517 1
3255 6518 1
3256 6519 1
3257 6520 1
3258 6521 1
3254 6522 1
3255 6523 1
3256 6524 1
3257 6525 1
3258 6526 1
3259 6527 1
3260 6528 1
3261 6529 1
3262 6530 1
3263 6531 1
3259 6532 1
3260 6533 1
3261 6534 1
3262 6535 1
3263 6536 1
3264 6537 1
3265 6538 1
3266 6539 1
3267 6540 1
3268 6541 1
3264 6542 1
3265 6543 1
3266 6544 1
3267 6545 1
3268 6546 1
3269 6547 1
3270 6548 1
3271 6549 1
3272 6550 1
3273 6551 1
3269 6552 1
3270 6553 1
3271 6554 1
3272 6555 1
3273 6556 1
3274 6557 1
3275 6558 1
3276 6559 1
3277 6560 1
3278 6561 1
3274 6562 1
3275 6563 1
3276 6564 1
3277 6565 1
3278 6566 1
3279 6567 1
3280 6568 1
3281 6569 1
3282 6570 1
3283 6571 1
3279 6572 1
3280 6573 1
3281 6574 1
3282 6575 1
3283 6576 1
3284 6577 1
3285 6578 1
3286 6579 1
3287 6580 1
3288 6581 1
3284 6582 1
3285 6583 1
3286 6584 1
3287 6585 1
3288 6586 1
3289 6587 1
3290 6588 1
3291 6589 1
3292 6590 1
3293 6591 1
3289 6592 1
3290 6593 1
3291 6594 1
3292 6595 1
3293 6596 1
3294 6597 1
3295 6598 1
3296 6599 1
3297 6600 1
3298 6601 1
3294 6602 1
3295 6603 1
3296 6604 1
3297 6605 1
3298 6606 1
3299 6607 1
3300 6608 1
3301 6609 1
3302 6610 1
3303 6611 1
3299 6612 1
3300 6613 1
3301 6614 1
3302 6615 1
3303 6616 1
3304 6617 1
3305 6618 1
3306 6619 1
3307 6620 1
3308 6621 1
3304 6622 1
3305 6623 1
3306 6624 1
3307 6625 1
3308 6626 1
3309 6627 1
3310 6628 1
3311 6629 1
3312 6630 1
3313 6631 1
3309 6632 1
3310 6633 1
3311 6634 1
3312 6635 1
3313 6636 1
3314 6637 1
3315 6638 1
3316 6639 1
3317 6640 1
3318 6641 1
3314 6642 1
3315 6643 1
3316 6644 1
3317 6645 1
3318 6646 1
3319 6647 1
3320 6648 1
3321 6649 1
3322 6650 1
3323 6651 1
3319 6652 1
3320 6653 1
3321 6654 1
3322 6655 1
3323 6656 1
3324 6657 1
3325 6658 1
3326 6659 1
3327 6660 1
3328 6661 1
3324 6662 1
3325 6663 1
3326 6664 1
3327 6665 1
3328 6666 1
3329 6667 1
3330 6668 1
3331 6669 1
3332 6670 1
3333 6671 1
3329 6672 1
3330 6673 1
3331 6674 1
3332 6675 1
3333 6676 1
3334 6677 1
3335 6678 1
3336 6679 1
3337 6680 1
3338 6681 1
3334 6682 1
3335 6683 1
3336 6684 1
3337 6685 1
3338 6686 1
3339 6687 1
3340 6688 1
3341 6689 1
3342 6690 1
3343 6691 1
3339 6692 1
3340 6693 1
3341 6694 1
3342 6695 1
3343 6696 1
3344 6697 1
3345 6698 1
3346 6699 1
3347 6700 1
3348 6701 1
3344 6702 1
3345 6703 1
3346 6704 1
3347 6705 1
3348 6706 1
3349 6707 1
3350 6708 1
3351 6709 1
3352 6710 1
3353 6711 1
3349 6712 1
3350 6713 1
3351 6714 1
3352 6715 1
3353 6716 1
3354 6717 1
3355 6718 1
3356 6719 1
3357 6720 1
3358 6721 1
3354 6722 1
3355 6723 1
3356 6724 1
3357 6725 1
3358 6726 1
3359 6727 1
3360 6728 1
3361 6729 1
3362 6730 1
3363 6731 1
3359 6732 1
3360 6733 1
3361 6734 1
3362 6735 1
3363 6736 1
3364 6737 1
3365 6738 1
3366 6739 1
3367 6740 1
3368 6741 1
3364 6742 1
3365 6743 1
3366 6744 1
3367 6745 1
3368 6746 1
3369 6747 1
3370 6748 1
3371 6749 1
3372 6750 1
3373 6751 1
3369 6752 1
3370 6753 1
3371 6754 1
3372 6755 1
3373 6756 1
3374 6757 1
3375 6758 1
3376 6759 1
3377 6760 1
3378 6761 1
3374 6762 1
3375 6763 1
3376 6764 1
3377 6765 1
3378 6766 1
3379 6767 1
3380 6768 1
3381 6769 1
3382 6770 1
3383 6771 1
3379 6772 1
3380 6773 1
3381 6774 1
3382 6775 1
3383 6776 1
3384 6777 1
3385 6778 1
3386 6779 1
3387 6780 1
3388 6781 1
3384 6782 1
3385 6783 1
3386 6784 1
3387 6785 1
3388 6786 1
3389 6787 1
3390 6788 1
3391 6789 1
3392 6790 1
3393 6791 1
3389 6792 1
3390 6793 1
3391 6794 1
3392 6795 1
3393 6796 1
3394 6797 1
3395 6798 1
3396 6799 1
3397 6800 1
3398 6801 1
3394 6802 1
3395 6803 1
3396 6804 1
3397 6805 1
3398 6806 1
3399 6807 1
3400 6808 1
3401 6809 1
3402 6810 1
3403 6811 1
3399 6812 1
3400 6813 1
3401 6814 1
3402 6815 1
3403 6816 1
3404 6817 1
3405 6818 1
3406 6819 1
3407 6820 1
3408 6821 1
3404 6822 1
3405 6823 1
3406 6824 1
3407 6825 1
3408 6826 1
3409 6827 1
3410 6828 1
3411 6829 1
3412 6830 1
3413 6831 1
3409 6832 1
3410 6833 1
3411 6834 1
3412 6835 1
3413 6836 1
3414 6837 1
3415 6838 1
3416 6839 1
3417 6840 1
3418 6841 1
3414 6842 1
3415 6843 1
3416 6844 1
3417 6845 1
3418 6846 1
3419 6847 1
3420 6848 1
3421 6849 1
3422 6850 1
3423 6851 1
3419 6852 1
3420 6853 1
3421 6854 1
3422 6855 1
3423 6856 1
3424 6857 1
3425 6858 1
3426 6859 1
3427 6860 1
3428 6861 1
3424 6862 1
3425 6863 1
3426 6864 1
3427 6865 1
3428 6866 1
3429 6867 1
3430 6868 1
3431 6869 1
3432 6870 1
3433 6871 1
3429 6872 1
3430 6873 1
3431 6874 1
3432 6875 1
3433 6876 1
3434 6877 1
3435 6878 1
3436 6879 1
3437 6880 1
3438 6881 1
3434 6882 1
3435 6883 1
3436 6884 1
3437 6885 1
3438 6886 1
3439 6887 1
3440 6888 1
3441 6889 1
3442 6890 1
3443 6891 1
3439 6892 1
3440 6893 1
3441 6894 1
3442 6895 1
3443 6896 1
3444 6897 1
3445 6898 1
3446 6899 1
3447 6900 1
3448 6901 1
3444 6902 1
3445 6903 1
3446 6904 1
3447 6905 1
3448 6906 1
3449 6907 1
3450 6908 1
3451 6909 1
3452 6910 1
3453 6911 1
3449 6912 1
3450 6913 1
3451 6914 1
3452 6915 1
3453 6916 1
3454 6917 1
3455 6918 1
3456 6919 1
3457 6920 1
3458 6921 1
3454 6922 1
3455 6923 1
3456 6924 1
3457 6925 1
3458 6926 1
3459 6927 1
3460 6928 1
3461 6929 1
3462 6930 1
3463 6931 1
3459 6932 1
3460 6933 1
3461 6934 1
3462 6935 1
3463 6936 1
3464 6937 1
3465 6938 1
3466 6939 1
3467 6940 1
3468 6941 1
3464 6942 1
3465 6943 1
3466 6944 1
3467 6945 1
3468 6946 1
3469 6947 1
3470 6948 1
3471 6949 1
3472 6950 1
3473 6951 1
3469 6952 1
3470 6953 1
3471 6954 1
3472 6955 1
3473 6956 1
3474 6957 1
3475 6958 1
3476 6959 1
3477 6960 1
3478 6961 1
3474 6962 1
3475 6963 1
3476 6964 1
3477 6965 1
3478 6966 1
3479 6967 1
3480 6968 1
3481 6969 1
3482 6970 1
3483 6971 1
3479 6972 1
3480 6973 1
3481 6974 1
3482 6975 1
3483 6976 1
3484 6977 1
3485 6978 1
3486 6979 1
3487 6980 1
3488 6981 1
3484 6982 1
3485 6983 1
3486 6984 1
3487 6985 1
3488 6986 1
3489 6987 1
3490 6988 1
3491 6989 1
3492 6990 1
3493 6991 1
3489 6992 1
3490 6993 1
3491 6994 1
3492 6995 1
3493 6996 1
3494 6997 1
3495 6998 1
3496 6999 1
3497 7000 1
3498 7001 1
3494 7002 1
3495 7003 1
3496 7004 1
3497 7005 1
3498 7006 1
3499 7007 1
3500 7008 1
3501 7009 1
3502 7010 1
3503 7011 1
3499 7012 1
3500 7013 1
3501 7014 1
3502 7015 1
3503 7016 1
3504 7017 1
3505 7018 1
3506 7019 1
3507 7020 1
3508 7021 1
3504 7022 1
3505 7023 1
3506 7024 1
3507 7025 1
3508 7026 1
3509 7027 1
3510 7028 1
3511 7029 1
3512 7030 1
3513 7031 1
3509 7032 1
3510 7033 1
3511 7034 1
3512 7035 1
3513 7036 1
3514 7037 1
3515 7038 1
3516 7039 1
3517 7040 1
3518 7041 1
3514 7042 1
3515 7043 1
3516 7044 1
3517 7045 1
3518 7046 1
3519 7047 1
3520 7048 1
3521 7049 1
3522 7050 1
3523 7051 1
3519 7052 1
3520 7053 1
3521 7054 1
3522 7055 1
3523 7056 1
3524 7057 1
3525 7058 1
3526 7059 1
3527 7060 1
3528 7061 1
3524 7062 1
3525 7063 1
3526 7064 1
3527 7065 1
3528 7066 1
3529 7067 1
3530 7068 1
3531 7069 1
3532 7070 1
3533 7071 1
3529 7072 1
3530 7073 1
3531 7074 1
3532 7075 1
3533 7076 1
3534 7077 1
3535 7078 1
3536 7079 1
3537 7080 1
3538 7081 1
3534 7082 1
3535 7083 1
3536 7084 1
3537 7085 1
3538 7086 1
3539 7087 1
3540 7088 1
3541 7089 1
3542 7090 1
3543 7091 1
3539 7092 1
3540 7093 1
3541 7094 1
3542 7095 1
3543 7096 1
3544 7097 1
3545 7098 1
3546 7099 1
3547 7100 1
3548 7101 1
3544 7102 1
3545 7103 1
3546 7104 1
3547 7105 1
3548 7106 1
3549 7107 1
3550 7108 1
3551 7109 1
3552 7110 1
3553 7111 1
3549 7112 1
3550 7113 1
3551 7114 1
3552 7115 1
3553 7116 1
3554 7117 1
3555 7118 1
3556 7119 1
3557 7120 1
3558 7121 1
3554 7122 1
3555 7123 1
3556 7124 1
3557 7125 1
3558 7126 1
3559 7127 1
3560 7128 1
3561 7129 1
3562 7130 1
3563 7131 1
3559 7132 1
3560 7133 1
3561 7134 1
3562 7135 1
3563 7136 1
3564 7137 1
3565 7138 1
3566 7139 1
3567 7140 1
3568 7141 1
3564 7142 1
3565 7143 1
3566 7144 1
3567 7145 1
3568 7146 1
3569 7147 1
3570 7148 1
3571 7149 1
3572 7150 1
3573 7151 1
3569 7152 1
3570 7153 1
3571 7154 1
3572 7155 1
3573 7156 1
3574 7157 1
3575 7158 1
3576 7159 1
3577 7160 1
3578 7161 1
3574 7162 1
3575 7163 1
3576 7164 1
3577 7165 1
3578 7166 1
3579 7167 1
3580 7168 1
3581 7169 1
3582 7170 1
3583 7171 1
3579 7172 1
3580 7173 1
3581 7174 1
3582 7175 1
3583 7176 1
3584 7177 1
3585 7178 1
3586 7179 1
3587 7180 1
3588 7181 1
3584 7182 1
3585 7183 1
3586 7184 1
3587 7185 1
3588 7186 1
3589 7187 1
3590 7188 1
3591 7189 1
3592 7190 1
3593 7191 1
3589 7192 1
3590 7193 1
3591 7194 1
3592 7195 1
3593 7196 1
3594 7197 1
3595 7198 1
3596 7199 1
3597 7200 1
3598 7201 1
3594 7202 1
3595 7203 1
3596 7204 1
3597 7205 1
3598 7206 1
3599 7207 1
3600 7208 1
3601 7209 1
3602 7210 1
3603 7211 1
3599 7212 1
3600 7213 1
3601 7214 1
3602 7215 1
3603 7216 1
3604 7217 1
3605 7218 1
3606 7219 1
3607 7220 1
3608 7221 1
3604 7222 1
3605 7223 1
3606 7224 1
3607 7225 1
3608 7226 1
3609 7227 1
3610 7228 1
3611 7229 1
3612 7230 1
3613 7231 1
3609 7232 1
3610 7233 1
3611 7234 1
3612 7235 1
3613 7236 1
3614 7237 1
3615 7238 1
3616 7239 1
3617 7240 1
3618 7241 1
3614 7242 1
3615 7243 1
3616 7244 1
3617 7245 1
3618 7246 1
3619 7247 1
3620 7248 1
3621 7249 1
3622 7250 1
3623 7251 1
3619 7252 1
3620 7253 1
3621 7254 1
3622 7255 1
3623 7256 1
3624 7257 1
3625 7258 1
3626 7259 1
3627 7260 1
3628 7261 1
3624 7262 1
3625 7263 1
3626 7264 1
3627 7265 1
3628 7266 1
3629 7267 1
3630 7268 1
3631 7269 1
3632 7270 1
3633 7271 1
3629 7272 1
3630 7273 1
3631 7274 1
3632 7275 1
3633 7276 1
3634 7277 1
3635 7278 1
3636 7279 1
3637 7280 1
3638 7281 1
3634 7282 1
3635 7283 1
3636 7284 1
3637 7285 1
3638 7286 1
3639 7287 1
3640 7288 1
3641 7289 1
3642 7290 1
3643 7291 1
3639 7292 1
3640 7293 1
3641 7294 1
3642 7295 1
3643 7296 1
3644 7297 1
3645 7298 1
3646 7299 1
3647 7300 1
3648 7301 1
3644 7302 1
3645 7303 1
3646 7304 1
3647 7305 1
3648 7306 1
3649 7307 1
3650 7308 1
3651 7309 1
3652 7310 1
3653 7311 1
3649 7312 1
3650 7313 1
3651 7314 1
3652 7315 1
3653 7316 1
3654 7317 1
3655 7318 1
3656 7319 1
3657 7320 1
3658 7321 1
3654 7322 1
3655 7323 1
3656 7324 1
3657 7325 1
3658 7326 1
3659 7327 1
3660 7328 1
3661 7329 1
3662 7330 1
3663 7331 1
3659 7332 1
3660 7333 1
3661 7334 1
3662 7335 1
3663 7336 1
3664 7337 1
3665 7338 1
3666 7339 1
3667 7340 1
3668 7341 1
3664 7342 1
3665 7343 1
3666 7344 1
3667 7345 1
3668 7346 1
3669 7347 1
3670 7348 1
3671 7349 1
3672 7350 1
3673 7351 1
3669 7352 1
3670 7353 1
3671 7354 1
3672 7355 1
3673 7356 1
3674 7357 1
3675 7358 1
3676 7359 1
3677 7360 1
3678 7361 1
3674 7362 1
3675 7363 1
3676 7364 1
3677 7365 1
3678 7366 1
3679 7367 1
3680 7368 1
3681 7369 1
3682 7370 1
3683 7371 1
3679 7372 1
3680 7373 1
3681 7374 1
3682 7375 1
3683 7376 1
3684 7377 1
3685 7378 1
3686 7379 1
3687 7380 1
3688 7381 1
3684 7382 1
3685 7383 1
3686 7384 1
3687 7385 1
3688 7386 1
3689 7387 1
3690 7388 1
3691 7389 1
3692 7390 1
3693 7391 1
3689 7392 1
3690 7393 1
3691 7394 1
3692 7395 1
3693 7396 1
3694 7397 1
3695 7398 1
3696 7399 1
3697 7400 1
3698 7401 1
3694 7402 1
3695 7403 1
3696 7404 1
3697 7405 1
3698 7406 1
3699 7407 1
3700 7408 1
3701 7409 1
3702 7410 1
3703 7411 1
3699 7412 1
3700 7413 1
3701 7414 1
3702 7415 1
3703 7416 1
3704 7417 1
3705 7418 1
3706 7419 1
3707 7420 1
3708 7421 1
3704 7422 1
3705 7423 1
3706 7424 1
3707 7425 1
3708 7426 1
3709 7427 1
3710 7428 1
3711 7429 1
3712 7430 1
3713 7431 1
3709 7432 1
3710 7433 1
3711 7434 1
3712 7435 1
3713 7436 1
3714 7437 1
3715 7438 1
3716 7439 1
3717 7440 1
3718 7441 1
3714 7442 1
3715 7443 1
3716 7444 1
3717 7445 1
3718 7446 1
3719 7447 1
3720 7448 1
3721 7449 1
3722 7450 1
3723 7451 1
3719 7452 1
3720 7453 1
3721 7454 1
3722 7455 1
3723 7456 1
3724 7457 1
3725 7458 1
3726 7459 1
3727 7460 1
3728 7461 1
3724 7462 1
3725 7463 1
3726 7464 1
3727 7465 1
3728 7466 1
3729 7467 1
3730 7468 1
3731 7469 1
3732 7470 1
3733 7471 1
3729 7472 1
3730 7473 1
3731 7474 1
3732 7475 1
3733 7476 1
3734 7477 1
3735 7478 1
3736 7479 1
3737 7480 1
3738 7481 1
3734 7482 1
3735 7483 1
3736 7484 1
3737 7485 1
3738 7486 1
3739 7487 1
3740 7488 1
3741 7489 1
3742 7490 1
3743 7491 1
3739 7492 1
3740 7493 1
3741 7494 1
3742 7495 1
3743 7496 1
3744 7497 1
3745 7498 1
3746 7499 1
3747 7500 1
3748 7501 1
3744 7502 1
3745 7503 1
3746 7504 1
3747 7505 1
3748 7506 1
3749 7507 1
3750 7508 1
3751 7509 1
3752 7510 1
3753 7511 1
3749 7512 1
3750 7513 1
3751 7514 1
3752 7515 1
3753 7516 1
