8319 32655
31 25 1
36 8 1
49 46 1
55 35 1
75 42 1
89 42 1
89 75 1
92 75 1
95 29 1
119 93 1
123 93 1
124 2 1
132 25 1
134 93 1
134 119 1
148 42 1
148 75 1
151 35 1
151 55 1
160 108 1
162 136 1
164 71 1
169 42 1
169 75 1
169 92 1
169 148 1
174 132 1
175 126 1
181 100 1
189 182 1
193 132 1
195 68 1
196 5 1
197 25 1
204 180 1
207 141 1
218 174 1
229 6 1
232 225 1
233 99 1
236 113 1
238 224 1
241 172 1
244 52 1
245 42 1
250 209 1
254 31 1
254 174 1
262 42 1
262 139 1
264 55 1
264 151 1
269 152 1
275 174 1
278 276 1
280 47 1
289 197 1
293 3 1
294 75 1
295 75 1
295 222 1
295 242 1
299 243 1
299 256 1
303 224 1
307 258 1
309 71 1
311 4 1
311 209 1
311 250 1
313 116 1
316 242 1
320 126 1
320 175 1
320 226 1
321 148 1
321 169 1
324 12 1
326 174 1
326 275 1
327 194 1
328 226 1
328 258 1
330 229 1
331 71 1
331 169 1
331 309 1
343 293 1
344 160 1
345 141 1
345 232 1
349 329 1
350 41 1
352 276 1
356 245 1
356 335 1
359 163 1
364 14 1
366 68 1
369 364 1
371 42 1
371 75 1
371 92 1
371 169 1
371 196 1
373 212 1
373 268 1
373 368 1
374 42 1
374 75 1
376 187 1
378 375 1
380 182 1
383 180 1
387 75 1
390 191 1
390 342 1
392 29 1
392 95 1
393 156 1
393 297 1
394 37 1
395 244 1
398 62 1
402 50 1
402 242 1
407 293 1
407 343 1
412 250 1
412 311 1
415 185 1
416 42 1
416 75 1
416 294 1
417 367 1
419 259 1
420 204 1
427 8 1
427 41 1
427 84 1
434 58 1
434 349 1
436 369 1
440 115 1
440 286 1
442 345 1
443 324 1
451 50 1
453 9 1
453 150 1
454 82 1
460 5 1
460 42 1
460 75 1
460 148 1
460 196 1
460 233 1
460 371 1
461 165 1
466 25 1
468 71 1
468 75 1
468 169 1
468 295 1
468 402 1
470 432 1
477 454 1
479 25 1
480 256 1
481 256 1
481 299 1
482 174 1
482 197 1
482 326 1
483 300 1
492 29 1
492 95 1
493 79 1
493 270 1
494 42 1
494 371 1
495 265 1
495 319 1
500 59 1
500 320 1
502 141 1
502 207 1
502 323 1
503 493 1
506 318 1
508 320 1
509 165 1
511 435 1
513 75 1
513 402 1
513 490 1
515 112 1
518 172 1
518 415 1
519 153 1
520 88 1
521 50 1
521 90 1
521 139 1
521 262 1
521 335 1
521 346 1
528 24 1
528 112 1
528 273 1
530 156 1
531 431 1
533 75 1
535 385 1
535 509 1
540 295 1
540 468 1
543 6 1
543 229 1
543 275 1
543 330 1
545 212 1
548 104 1
550 25 1
550 466 1
552 468 1
553 94 1
553 263 1
555 307 1
556 484 1
558 402 1
561 540 1
566 482 1
568 166 1
569 549 1
571 193 1
571 378 1
572 281 1
575 497 1
579 279 1
581 320 1
581 391 1
581 517 1
585 211 1
587 196 1
587 460 1
587 521 1
587 558 1
588 324 1
588 549 1
588 569 1
592 224 1
592 400 1
594 396 1
597 523 1
599 206 1
602 490 1
602 538 1
602 592 1
605 105 1
605 324 1
605 440 1
605 443 1
605 475 1
605 497 1
607 338 1
607 408 1
608 25 1
608 193 1
609 182 1
609 380 1
609 417 1
610 31 1
610 495 1
613 263 1
615 75 1
615 387 1
617 35 1
618 244 1
618 395 1
620 34 1
621 323 1
625 75 1
625 148 1
625 169 1
625 468 1
625 513 1
625 592 1
629 24 1
629 112 1
629 528 1
630 333 1
631 324 1
632 25 1
632 121 1
633 565 1
634 279 1
634 579 1
635 263 1
641 112 1
641 315 1
641 536 1
642 68 1
642 195 1
642 196 1
642 346 1
643 209 1
643 311 1
644 113 1
644 231 1
644 605 1
645 163 1
645 359 1
645 517 1
645 581 1
646 25 1
646 465 1
651 40 1
652 500 1
657 349 1
658 408 1
659 515 1
659 528 1
660 617 1
661 428 1
663 25 1
663 174 1
663 193 1
663 252 1
663 466 1
663 608 1
666 108 1
666 160 1
667 229 1
667 330 1
668 130 1
668 421 1
671 148 1
673 50 1
675 664 1
677 12 1
677 144 1
677 324 1
677 497 1
677 631 1
680 156 1
682 129 1
685 160 1
687 199 1
694 248 1
697 33 1
697 79 1
697 125 1
697 493 1
697 501 1
697 503 1
698 115 1
698 440 1
699 388 1
700 138 1
701 41 1
701 350 1
701 427 1
704 37 1
704 173 1
706 270 1
706 697 1
710 356 1
710 416 1
711 420 1
712 25 1
712 197 1
712 466 1
712 550 1
713 38 1
713 174 1
714 238 1
715 71 1
715 222 1
716 186 1
717 97 1
721 208 1
721 303 1
722 210 1
724 31 1
725 249 1
725 265 1
725 366 1
726 75 1
726 148 1
726 295 1
728 158 1
729 75 1
730 576 1
731 324 1
732 204 1
732 420 1
734 197 1
734 263 1
734 708 1
735 569 1
735 588 1
736 42 1
737 158 1
737 572 1
737 584 1
737 728 1
738 57 1
740 560 1
742 469 1
743 70 1
743 112 1
745 547 1
747 5 1
747 196 1
748 481 1
748 605 1
750 112 1
751 545 1
753 110 1
754 324 1
754 631 1
756 275 1
756 663 1
758 285 1
762 12 1
762 212 1
764 261 1
766 245 1
766 356 1
766 400 1
768 224 1
768 489 1
768 714 1
774 646 1
776 751 1
776 762 1
779 77 1
779 399 1
782 202 1
782 326 1
784 330 1
784 738 1
785 572 1
786 641 1
787 256 1
787 299 1
787 658 1
788 323 1
791 139 1
792 70 1
792 484 1
792 702 1
795 454 1
797 357 1
802 479 1
805 31 1
805 420 1
805 711 1
807 182 1
809 454 1
812 592 1
813 25 1
815 712 1
816 408 1
816 755 1
817 367 1
818 662 1
819 593 1
820 150 1
820 453 1
821 225 1
821 232 1
822 693 1
823 209 1
823 250 1
823 311 1
823 412 1
824 585 1
825 6 1
825 170 1
827 118 1
828 170 1
828 667 1
828 825 1
830 209 1
830 250 1
830 311 1
830 412 1
830 643 1
830 823 1
831 638 1
831 801 1
832 159 1
835 330 1
835 487 1
835 738 1
836 497 1
841 457 1
842 265 1
842 610 1
845 50 1
845 346 1
845 402 1
845 587 1
846 116 1
846 313 1
846 797 1
847 574 1
848 99 1
848 402 1
848 538 1
851 35 1
852 511 1
852 734 1
853 374 1
854 499 1
855 149 1
856 578 1
857 174 1
857 197 1
858 801 1
858 831 1
859 477 1
860 9 1
860 82 1
860 150 1
860 432 1
860 434 1
860 453 1
860 454 1
860 470 1
860 657 1
860 692 1
860 717 1
860 809 1
860 820 1
861 811 1
862 342 1
864 105 1
864 605 1
865 514 1
866 252 1
866 498 1
867 229 1
867 746 1
868 265 1
868 276 1
868 495 1
869 295 1
869 474 1
871 560 1
873 241 1
873 302 1
873 722 1
875 105 1
875 800 1
876 16 1
876 421 1
876 809 1
876 860 1
878 869 1
879 125 1
879 582 1
879 751 1
879 810 1
882 176 1
882 347 1
882 435 1
882 511 1
882 546 1
883 75 1
886 549 1
886 569 1
886 588 1
886 735 1
887 33 1
888 735 1
888 822 1
890 29 1
890 95 1
890 492 1
891 293 1
892 801 1
892 858 1
893 652 1
896 112 1
896 659 1
897 454 1
897 646 1
897 664 1
897 675 1
897 774 1
897 795 1
898 71 1
898 169 1
898 309 1
898 371 1
898 521 1
899 542 1
900 113 1
901 278 1
902 346 1
902 753 1
906 200 1
906 797 1
908 116 1
908 313 1
908 846 1
911 25 1
911 813 1
914 676 1
915 700 1
916 343 1
916 407 1
919 563 1
922 93 1
922 123 1
923 767 1
926 18 1
928 224 1
931 137 1
932 277 1
937 768 1
938 23 1
939 84 1
939 427 1
941 541 1
943 10 1
945 110 1
945 860 1
946 169 1
946 196 1
948 338 1
949 29 1
949 95 1
949 392 1
949 492 1
949 890 1
950 471 1
951 205 1
954 173 1
954 413 1
954 463 1
954 704 1
954 727 1
954 731 1
956 610 1
957 725 1
957 955 1
958 196 1
958 703 1
960 113 1
962 63 1
962 449 1
962 670 1
963 511 1
964 113 1
964 900 1
964 960 1
966 9 1
966 150 1
966 453 1
966 820 1
966 860 1
969 164 1
969 583 1
973 64 1
973 589 1
974 326 1
974 375 1
974 378 1
974 571 1
975 89 1
976 370 1
977 42 1
977 460 1
977 561 1
977 587 1
977 642 1
978 136 1
982 109 1
982 578 1
982 856 1
985 532 1
985 858 1
985 948 1
988 420 1
989 523 1
989 597 1
990 426 1
995 196 1
995 460 1
997 146 1
999 516 1
1000 40 1
1000 364 1
1000 517 1
1000 522 1
1000 651 1
1000 725 1
1001 299 1
1001 864 1
1002 561 1
1002 587 1
1004 318 1
1004 506 1
1006 801 1
1007 33 1
1008 525 1
1011 324 1
1011 549 1
1011 569 1
1011 588 1
1011 725 1
1011 735 1
1011 886 1
1011 889 1
1012 207 1
1012 232 1
1012 345 1
1012 442 1
1014 132 1
1014 389 1
1014 482 1
1014 566 1
1014 988 1
1016 640 1
1018 487 1
1018 835 1
1018 962 1
1019 272 1
1019 309 1
1019 898 1
1022 403 1
1023 454 1
1023 809 1
1025 387 1
1027 225 1
1029 881 1
1030 75 1
1030 233 1
1030 552 1
1030 671 1
1031 89 1
1031 233 1
1031 293 1
1031 342 1
1031 641 1
1033 146 1
1033 627 1
1033 997 1
1034 955 1
1035 436 1
1036 45 1
1036 610 1
1036 937 1
1037 93 1
1037 123 1
1037 810 1
1037 922 1
1038 25 1
1038 180 1
1038 383 1
1038 389 1
1038 451 1
1038 455 1
1038 476 1
1038 658 1
1038 746 1
1038 782 1
1041 71 1
1041 92 1
1042 262 1
1042 521 1
1042 587 1
1042 1030 1
1043 377 1
1044 1040 1
1046 106 1
1046 560 1
1049 388 1
1049 942 1
1052 945 1
1054 572 1
1056 658 1
1056 787 1
1057 26 1
1058 275 1
1061 3 1
1061 642 1
1061 673 1
1062 179 1
1063 89 1
1064 156 1
1065 252 1
1065 487 1
1065 498 1
1065 866 1
1067 294 1
1067 371 1
1067 398 1
1067 416 1
1067 561 1
1067 587 1
1072 142 1
1074 201 1
1074 875 1
1076 1024 1
1078 775 1
1078 895 1
1079 767 1
1080 17 1
1081 597 1
1082 654 1
1083 954 1
1085 448 1
1086 297 1
1086 725 1
1086 957 1
1088 841 1
1090 167 1
1091 502 1
1092 315 1
1092 451 1
1092 1038 1
1094 13 1
1094 98 1
1094 810 1
1095 1064 1
1098 439 1
1100 1000 1
1101 267 1
1104 169 1
1104 533 1
1105 634 1
1106 208 1
1106 753 1
1106 902 1
1106 961 1
1108 426 1
1108 897 1
1111 360 1
1112 112 1
1112 334 1
1112 606 1
1113 43 1
1113 75 1
1113 112 1
1113 169 1
1113 195 1
1113 222 1
1113 242 1
1113 321 1
1113 376 1
1113 387 1
1113 402 1
1113 468 1
1113 558 1
1113 592 1
1113 625 1
1113 898 1
1113 1067 1
1114 390 1
1115 772 1
1116 6 1
1116 461 1
1116 825 1
1119 17 1
1119 546 1
1119 672 1
1119 694 1
1119 882 1
1119 1080 1
1121 543 1
1122 149 1
1122 383 1
1122 855 1
1122 1031 1
1125 994 1
1130 300 1
1131 600 1
1133 718 1
1134 642 1
1134 1061 1
1135 471 1
1137 180 1
1137 559 1
1137 1038 1
1138 73 1
1140 901 1
1140 1070 1
1142 170 1
1142 441 1
1142 487 1
1142 667 1
1142 825 1
1142 828 1
1142 835 1
1142 1018 1
1143 182 1
1143 380 1
1143 609 1
1149 319 1
1150 1 1
1150 31 1
1150 177 1
1150 610 1
1150 956 1
1154 148 1
1155 882 1
1157 278 1
1157 901 1
1160 432 1
1160 462 1
1160 558 1
1160 777 1
1160 1131 1
1163 235 1
1165 1119 1
1166 113 1
1166 282 1
1166 531 1
1166 532 1
1166 605 1
1166 801 1
1166 831 1
1166 858 1
1166 892 1
1166 913 1
1166 948 1
1166 985 1
1166 1006 1
1169 70 1
1169 792 1
1169 1119 1
1172 562 1
1174 8 1
1174 41 1
1174 303 1
1174 427 1
1175 342 1
1177 527 1
1177 1077 1
1178 362 1
1178 937 1
1180 848 1
1183 998 1
1184 73 1
1184 564 1
1184 1083 1
1184 1138 1
1186 53 1
1186 1087 1
1188 101 1
1189 203 1
1193 987 1
1194 160 1
1194 810 1
1195 129 1
1195 400 1
1195 766 1
1195 977 1
1195 1111 1
1196 439 1
1197 31 1
1197 410 1
1197 1131 1
1198 1118 1
1202 671 1
1203 611 1
1204 77 1
1204 285 1
1204 667 1
1204 779 1
1204 877 1
1206 27 1
1206 148 1
1206 295 1
1206 460 1
1206 468 1
1206 602 1
1206 671 1
1208 321 1
1208 521 1
1208 642 1
1208 958 1
1208 1061 1
1208 1145 1
1208 1195 1
1209 31 1
1209 567 1
1209 738 1
1209 805 1
1209 1014 1
1211 740 1
1212 159 1
1213 61 1
1213 240 1
1213 256 1
1213 755 1
1213 816 1
1213 1009 1
1213 1141 1
1216 234 1
1217 468 1
1217 521 1
1217 898 1
1217 1019 1
1217 1025 1
1218 528 1
1218 561 1
1218 791 1
1218 1031 1
1218 1113 1
1218 1137 1
1219 689 1
1220 152 1
1220 269 1
1221 529 1
1222 496 1
1222 706 1
1222 833 1
1223 537 1
1224 103 1
1224 1000 1
1227 903 1
1229 282 1
1229 529 1
1229 1136 1
1229 1221 1
1230 749 1
1230 790 1
1231 552 1
1231 1212 1
1232 555 1
1232 1136 1
1234 1155 1
1236 70 1
1237 71 1
1237 92 1
1237 169 1
1237 222 1
1237 295 1
1237 321 1
1237 331 1
1237 583 1
1237 715 1
1237 747 1
1237 869 1
1238 295 1
1238 869 1
1238 1237 1
1241 1156 1
1242 848 1
1242 917 1
1242 1231 1
1243 1102 1
1249 436 1
1249 770 1
1250 1205 1
1251 129 1
1251 383 1
1252 716 1
1253 50 1
1253 848 1
1253 1180 1
1254 112 1
1254 169 1
1254 363 1
1254 768 1
1254 1031 1
1254 1067 1
1254 1089 1
1255 641 1
1256 1177 1
1257 913 1
1257 1166 1
1260 1235 1
1261 169 1
1261 196 1
1261 321 1
1261 468 1
1261 1113 1
1261 1237 1
1261 1254 1
1263 215 1
1263 295 1
1264 315 1
1264 975 1
1265 220 1
1266 76 1
1266 1131 1
1267 31 1
1267 174 1
1267 389 1
1267 420 1
1267 805 1
1267 988 1
1267 1014 1
1268 137 1
1271 225 1
1271 232 1
1271 323 1
1271 621 1
1271 788 1
1271 821 1
1272 35 1
1272 851 1
1274 357 1
1274 797 1
1275 664 1
1277 71 1
1277 75 1
1277 215 1
1277 468 1
1277 615 1
1277 726 1
1277 1237 1
1278 329 1
1278 349 1
1278 434 1
1278 454 1
1278 657 1
1278 860 1
1279 40 1
1279 725 1
1279 1000 1
1280 737 1
1282 384 1
1284 34 1
1284 1101 1
1285 329 1
1285 1278 1
1286 1186 1
1287 722 1
1288 7 1
1288 501 1
1288 612 1
1290 434 1
1291 116 1
1291 313 1
1291 770 1
1291 846 1
1291 908 1
1292 29 1
1292 95 1
1292 492 1
1292 890 1
1292 949 1
1293 22 1
1293 286 1
1293 440 1
1293 881 1
1294 377 1
1295 196 1
1295 1195 1
1295 1231 1
1298 174 1
1298 444 1
1298 1121 1
1299 1136 1
1301 363 1
1301 946 1
1301 1038 1
1302 738 1
1302 1121 1
1303 375 1
1307 672 1
1308 972 1
1308 1039 1
1311 125 1
1311 131 1
1311 243 1
1311 256 1
1311 299 1
1311 355 1
1311 879 1
1311 954 1
1312 346 1
1312 1191 1
1315 197 1
1315 974 1
1316 1150 1
1318 34 1
1318 263 1
1318 620 1
1319 242 1
1320 133 1
1320 256 1
1320 299 1
1320 481 1
1320 744 1
1320 748 1
1320 887 1
1320 1105 1
1321 75 1
1321 148 1
1323 348 1
1323 1014 1
1325 404 1
1325 533 1
1325 1031 1
1325 1186 1
1326 410 1
1326 444 1
1326 1298 1
1327 929 1
1328 835 1
1329 1084 1
1330 1240 1
1331 151 1
1331 438 1
1331 581 1
1332 1054 1
1335 587 1
1335 977 1
1335 1010 1
1335 1063 1
1336 610 1
1336 1150 1
1338 93 1
1338 123 1
1338 922 1
1338 1037 1
1339 236 1
1339 414 1
1339 1211 1
1340 174 1
1341 752 1
1342 574 1
1342 589 1
1342 973 1
1344 31 1
1344 610 1
1344 724 1
1344 1150 1
1346 40 1
1346 651 1
1346 1000 1
1347 605 1
1347 644 1
1348 338 1
1348 948 1
1350 163 1
1350 359 1
1350 645 1
1350 912 1
1351 318 1
1351 506 1
1351 1004 1
1353 175 1
1353 320 1
1354 1331 1
1355 433 1
1356 697 1
1359 279 1
1359 579 1
1359 634 1
1360 148 1
1360 460 1
1360 671 1
1361 58 1
1363 694 1
1363 1080 1
1364 93 1
1364 810 1
1364 922 1
1364 1037 1
1366 810 1
1367 750 1
1368 112 1
1368 169 1
1368 321 1
1368 402 1
1368 671 1
1368 1113 1
1368 1277 1
1370 879 1
1370 1099 1
1371 1059 1
1372 727 1
1373 323 1
1373 788 1
1375 315 1
1376 264 1
1376 808 1
1378 482 1
1380 522 1
1380 1000 1
1382 564 1
1382 1184 1
1383 1101 1
1384 1184 1
1386 1138 1
1387 1296 1
1388 153 1
1388 299 1
1388 576 1
1388 787 1
1388 864 1
1388 1001 1
1388 1053 1
1388 1366 1
1391 148 1
1391 169 1
1391 222 1
1391 295 1
1391 321 1
1391 468 1
1391 528 1
1391 552 1
1391 715 1
1391 1030 1
1391 1206 1
1391 1217 1
1391 1237 1
1391 1263 1
1392 295 1
1392 1263 1
1392 1391 1
1394 293 1
1395 751 1
1395 879 1
1395 1001 1
1395 1311 1
1397 265 1
1397 1136 1
1397 1299 1
1400 1199 1
1402 489 1
1402 768 1
1402 1050 1
1402 1107 1
1402 1278 1
1404 932 1
1405 1240 1
1407 974 1
1408 164 1
1408 295 1
1408 468 1
1408 1206 1
1408 1237 1
1408 1391 1
1410 740 1
1411 258 1
1411 803 1
1413 88 1
1413 268 1
1413 368 1
1413 373 1
1413 520 1
1414 174 1
1414 857 1
1414 924 1
1414 1323 1
1415 116 1
1415 186 1
1415 452 1
1415 716 1
1415 797 1
1415 827 1
1415 1252 1
1415 1291 1
1416 335 1
1416 402 1
1416 1113 1
1417 12 1
1417 497 1
1417 605 1
1417 677 1
1417 751 1
1417 762 1
1417 776 1
1417 831 1
1417 1006 1
1417 1044 1
1418 354 1
1418 482 1
1419 174 1
1419 857 1
1420 1300 1
1421 475 1
1421 605 1
1423 443 1
1425 715 1
1425 927 1
1425 1112 1
1428 25 1
1428 466 1
1428 663 1
1429 572 1
1433 33 1
1433 759 1
1433 1007 1
1433 1339 1
1434 1059 1
1434 1371 1
1436 483 1
1437 335 1
1438 391 1
1440 571 1
1440 620 1
1443 31 1
1443 956 1
1443 1197 1
1444 843 1
1445 141 1
1445 327 1
1445 502 1
1446 935 1
1448 307 1
1448 555 1
1449 346 1
1449 642 1
1449 766 1
1451 500 1
1451 879 1
1451 959 1
1451 1358 1
1453 1011 1
1454 122 1
1457 824 1
1459 43 1
1460 77 1
1460 779 1
1460 877 1
1460 1204 1
1460 1396 1
1461 240 1
1461 1213 1
1462 79 1
1462 125 1
1462 243 1
1462 493 1
1462 503 1
1462 697 1
1462 879 1
1462 1311 1
1463 1169 1
1464 656 1
1465 1146 1
1466 75 1
1466 242 1
1466 316 1
1466 460 1
1466 561 1
1466 726 1
1466 812 1
1466 1145 1
1466 1277 1
1466 1319 1
1467 256 1
1467 299 1
1467 1320 1
1470 215 1
1470 242 1
1470 366 1
1470 540 1
1470 561 1
1470 1277 1
1470 1368 1
1470 1459 1
1471 144 1
1471 324 1
1471 677 1
1472 410 1
1472 1032 1
1472 1150 1
1472 1197 1
1472 1344 1
1473 460 1
1474 482 1
1474 1116 1
1475 176 1
1476 113 1
1476 560 1
1476 740 1
1476 900 1
1476 910 1
1476 964 1
1476 1046 1
1476 1077 1
1476 1467 1
1479 972 1
1479 1308 1
1480 30 1
1480 708 1
1481 6 1
1483 15 1
1483 1156 1
1484 860 1
1485 197 1
1485 734 1
1486 252 1
1486 498 1
1486 1065 1
1488 808 1
1489 1364 1
1490 367 1
1494 49 1
1494 758 1
1495 197 1
1495 289 1
1496 33 1
1496 547 1
1496 887 1
1497 725 1
1497 1000 1
1499 858 1
1500 458 1
1501 484 1
1501 792 1
1502 1166 1
1502 1339 1
1503 52 1
1503 614 1
1504 323 1
1504 1236 1
1506 47 1
1506 839 1
1507 135 1
1508 504 1
1508 1011 1
1508 1222 1
1509 1113 1
1509 1261 1
1510 202 1
1510 782 1
1513 295 1
1513 468 1
1513 1392 1
1514 827 1
1515 661 1
1517 1024 1
1519 461 1
1520 658 1
1522 533 1
1522 703 1
1522 940 1
1522 1325 1
1524 164 1
1524 335 1
1524 402 1
1524 536 1
1524 628 1
1525 605 1
1527 888 1
1529 680 1
1530 1031 1
1530 1264 1
1530 1325 1
1532 561 1
1532 1067 1
1532 1459 1
1537 592 1
1537 990 1
1538 165 1
1538 476 1
1538 509 1
1539 1397 1
1540 1455 1
1541 507 1
1541 1259 1
1542 794 1
1544 526 1
1544 664 1
1544 931 1
1544 1499 1
1545 390 1
1545 1114 1
1545 1200 1
1546 706 1
1548 798 1
1549 1544 1
1553 1303 1
1554 462 1
1554 860 1
1554 966 1
1555 1136 1
1555 1299 1
1555 1397 1
1556 573 1
1556 735 1
1556 888 1
1556 1020 1
1556 1397 1
1556 1511 1
1556 1539 1
1557 863 1
1557 1215 1
1557 1304 1
1558 810 1
1558 1364 1
1561 500 1
1562 224 1
1562 600 1
1562 795 1
1562 937 1
1562 1131 1
1562 1160 1
1562 1458 1
1563 1083 1
1563 1274 1
1565 276 1
1565 278 1
1565 901 1
1565 1157 1
1567 379 1
1567 508 1
1567 875 1
1567 1061 1
1568 147 1
1569 169 1
1569 272 1
1569 714 1
1570 936 1
1572 112 1
1572 336 1
1572 1186 1
1572 1383 1
1574 1456 1
1575 1021 1
1575 1517 1
1576 457 1
1576 841 1
1576 1158 1
1579 873 1
1581 1578 1
1582 1573 1
1583 75 1
1583 387 1
1583 615 1
1583 1113 1
1583 1277 1
1587 70 1
1587 1119 1
1587 1169 1
1588 323 1
1590 831 1
1590 1006 1
1591 1066 1
1592 5 1
1592 71 1
1592 75 1
1592 169 1
1592 309 1
1592 321 1
1592 331 1
1592 371 1
1592 587 1
1592 747 1
1592 898 1
1592 1237 1
1592 1261 1
1592 1391 1
1594 897 1
1594 990 1
1595 247 1
1596 64 1
1596 973 1
1597 231 1
1598 322 1
1598 360 1
1598 940 1
1598 1111 1
1599 37 1
1599 596 1
1600 242 1
1600 402 1
1600 625 1
1600 1113 1
1600 1368 1
1600 1498 1
1600 1583 1
1601 472 1
1603 1597 1
1604 1218 1
1606 1150 1
1607 1205 1
1608 695 1
1610 1417 1
1612 1413 1
1613 790 1
1613 1230 1
1614 19 1
1614 1598 1
1615 177 1
1615 610 1
1615 730 1
1616 1136 1
1617 219 1
1618 768 1
1618 937 1
1619 112 1
1619 629 1
1619 1069 1
1621 225 1
1621 232 1
1621 821 1
1621 1236 1
1621 1271 1
1622 53 1
1622 1069 1
1623 880 1
1625 87 1
1626 238 1
1626 990 1
1627 782 1
1628 1571 1
1630 577 1
1631 605 1
1632 169 1
1632 187 1
1632 558 1
1632 812 1
1632 1113 1
1632 1295 1
1633 646 1
1635 64 1
1636 1074 1
1637 58 1
1637 238 1
1637 1361 1
1637 1626 1
1638 187 1
1638 521 1
1638 538 1
1638 1459 1
1638 1632 1
1639 335 1
1639 495 1
1639 658 1
1639 1011 1
1639 1022 1
1639 1038 1
1639 1074 1
1639 1437 1
1639 1508 1
1639 1595 1
1640 740 1
1643 200 1
1643 1489 1
1644 324 1
1644 443 1
1644 588 1
1644 605 1
1644 677 1
1644 731 1
1644 1011 1
1644 1471 1
1645 1137 1
1646 725 1
1646 955 1
1647 739 1
1647 952 1
1648 514 1
1650 879 1
1651 1491 1
1652 1274 1
1652 1593 1
1653 157 1
1653 176 1
1653 806 1
1655 489 1
1655 664 1
1656 1124 1
1657 174 1
1657 835 1
1657 857 1
1657 1414 1
1658 201 1
1658 664 1
1658 1074 1
1659 93 1
1659 119 1
1659 134 1
1661 859 1
1663 197 1
1663 1495 1
1664 491 1
1665 196 1
1665 383 1
1665 460 1
1665 587 1
1665 977 1
1665 1113 1
1665 1391 1
1665 1416 1
1665 1592 1
1666 529 1
1666 1011 1
1666 1229 1
1666 1388 1
1668 1270 1
1672 137 1
1673 205 1
1673 951 1
1675 1574 1
1676 67 1
1676 805 1
1676 1268 1
1677 53 1
1677 112 1
1677 1087 1
1677 1186 1
1677 1325 1
1677 1572 1
1677 1622 1
1678 1395 1
1679 986 1
1679 1596 1
1680 1313 1
1681 1364 1
1682 751 1
1682 879 1
1682 1395 1
1685 443 1
1685 562 1
1685 1423 1
1686 651 1
1686 693 1
1686 822 1
1686 886 1
1686 1000 1
1686 1011 1
1686 1453 1
1686 1497 1
1686 1508 1
1686 1639 1
1687 323 1
1687 788 1
1687 1373 1
1689 507 1
1689 1482 1
1690 238 1
1690 768 1
1690 868 1
1690 1637 1
1691 745 1
1692 244 1
1692 395 1
1692 618 1
1693 436 1
1693 1039 1
1693 1333 1
1694 370 1
1695 1215 1
1696 1335 1
1697 731 1
1697 1000 1
1697 1011 1
1697 1644 1
1698 46 1
1699 707 1
1699 1144 1
1700 597 1
1700 639 1
1700 731 1
1700 737 1
1700 863 1
1700 1215 1
1700 1465 1
1700 1476 1
1700 1557 1
1700 1644 1
1700 1695 1
1701 268 1
1701 1413 1
1702 801 1
1702 1166 1
1703 511 1
1703 852 1
1704 165 1
1704 509 1
1704 1538 1
1707 943 1
1707 974 1
1707 1315 1
1707 1407 1
1708 12 1
1708 324 1
1710 1069 1
1712 22 1
1712 685 1
1712 810 1
1712 989 1
1712 1194 1
1712 1366 1
1713 169 1
1713 521 1
1713 628 1
1713 715 1
1713 898 1
1713 1217 1
1713 1237 1
1713 1277 1
1715 1164 1
1715 1357 1
1717 1243 1
1717 1559 1
1718 907 1
1720 1566 1
1722 907 1
1724 908 1
1724 1547 1
1726 760 1
1728 1393 1
1731 75 1
1731 92 1
1731 164 1
1731 169 1
1731 196 1
1731 321 1
1731 371 1
1731 969 1
1731 1208 1
1731 1237 1
1731 1261 1
1731 1368 1
1731 1408 1
1732 93 1
1732 123 1
1732 922 1
1732 1037 1
1732 1338 1
1732 1681 1
1732 1723 1
1733 72 1
1733 242 1
1733 272 1
1733 356 1
1733 383 1
1733 387 1
1733 710 1
1733 1466 1
1733 1665 1
1734 41 1
1736 108 1
1736 160 1
1736 660 1
1736 930 1
1737 829 1
1739 569 1
1739 693 1
1739 1011 1
1739 1453 1
1739 1666 1
1739 1686 1
1740 607 1
1741 801 1
1741 1166 1
1741 1702 1
1742 39 1
1743 153 1
1743 1443 1
1745 1695 1
1746 42 1
1746 75 1
1746 387 1
1746 671 1
1746 883 1
1746 1030 1
1747 345 1
1747 442 1
1747 633 1
1747 723 1
1747 1292 1
1750 372 1
1751 113 1
1751 964 1
1753 889 1
1753 934 1
1753 1136 1
1753 1232 1
1755 644 1
1755 934 1
1755 1753 1
1756 173 1
1756 889 1
1756 1397 1
1756 1753 1
1757 362 1
1759 637 1
1762 727 1
1762 954 1
1767 153 1
1767 174 1
1767 1657 1
1768 409 1
1768 507 1
1768 706 1
1768 745 1
1768 1482 1
1768 1577 1
1768 1689 1
1768 1691 1
1768 1764 1
1769 605 1
1769 1103 1
1771 12 1
1771 256 1
1771 279 1
1771 481 1
1771 634 1
1771 1320 1
1771 1359 1
1771 1467 1
1773 868 1
1774 518 1
1774 780 1
1776 1339 1
1777 101 1
1777 1287 1
1778 12 1
1778 282 1
1778 324 1
1778 631 1
1778 677 1
1778 731 1
1778 754 1
1778 912 1
1778 1011 1
1778 1417 1
1778 1439 1
1778 1471 1
1778 1484 1
1778 1577 1
1778 1644 1
1778 1697 1
1778 1708 1
1778 1771 1
1779 597 1
1779 1472 1
1781 64 1
1781 1635 1
1782 330 1
1782 738 1
1782 1209 1
1783 501 1
1783 612 1
1783 697 1
1783 1288 1
1784 879 1
1784 1650 1
1785 448 1
1785 1085 1
1786 100 1
1786 1672 1
1787 680 1
1787 1529 1
1788 327 1
1788 574 1
1788 847 1
1789 643 1
1789 1044 1
1791 858 1
1791 1166 1
1792 64 1
1792 973 1
1792 1596 1
1793 1222 1
1794 389 1
1794 1038 1
1794 1275 1
1794 1298 1
1794 1495 1
1795 229 1
1795 867 1
1795 1378 1
1796 1724 1
1798 942 1
1799 130 1
1799 1554 1
1800 1565 1
1801 427 1
1801 434 1
1801 860 1
1801 1278 1
1802 259 1
1802 419 1
1802 1136 1
1802 1166 1
1803 53 1
1803 1069 1
1803 1622 1
1803 1677 1
1804 619 1
1804 680 1
1807 801 1
1807 1166 1
1808 1489 1
1809 17 1
1811 569 1
1812 129 1
1812 400 1
1812 1195 1
1813 1205 1
1815 1205 1
1816 262 1
1816 1030 1
1816 1042 1
1817 17 1
1817 1080 1
1817 1119 1
1817 1809 1
1818 617 1
1818 1468 1
1821 531 1
1821 1372 1
1822 717 1
1822 1187 1
1823 77 1
1824 571 1
1824 1303 1
1824 1440 1
1825 35 1
1825 851 1
1825 1272 1
1826 858 1
1826 1166 1
1827 767 1
1827 1079 1
1828 764 1
1828 834 1
1830 794 1
1832 626 1
1833 1413 1
1833 1612 1
1834 224 1
1834 899 1
1835 1000 1
1836 222 1
1836 242 1
1836 402 1
1836 905 1
1836 1470 1
1836 1509 1
1836 1733 1
1837 1003 1
1837 1684 1
1839 907 1
1839 1718 1
1839 1722 1
1840 694 1
1840 1389 1
1841 324 1
1841 677 1
1841 1778 1
1842 282 1
1842 529 1
1842 717 1
1842 987 1
1842 1193 1
1842 1221 1
1842 1229 1
1842 1293 1
1842 1369 1
1842 1601 1
1842 1666 1
1847 150 1
1847 421 1
1847 489 1
1847 860 1
1847 1282 1
1847 1594 1
1847 1655 1
1848 1712 1
1849 1000 1
1849 1279 1
1850 1320 1
1850 1482 1
1851 29 1
1851 95 1
1851 392 1
1851 483 1
1851 708 1
1851 949 1
1852 954 1
1857 208 1
1857 374 1
1857 721 1
1857 1134 1
1857 1183 1
1857 1524 1
1858 454 1
1858 795 1
1858 860 1
1858 897 1
1858 1160 1
1859 403 1
1860 972 1
1861 831 1
1861 1006 1
1862 1804 1
1863 605 1
1863 1631 1
1863 1769 1
1864 1263 1
1864 1392 1
1865 713 1
1866 843 1
1867 1559 1
1867 1717 1
1868 1070 1
1870 858 1
1870 1826 1
1871 1205 1
1872 25 1
1872 89 1
1872 315 1
1872 975 1
1873 472 1
1873 638 1
1873 698 1
1873 831 1
1873 1006 1
1873 1601 1
1874 1463 1
1875 429 1
1876 1759 1
1877 75 1
1877 148 1
1877 331 1
1877 374 1
1877 977 1
1877 1128 1
1878 42 1
1878 148 1
1878 169 1
1878 460 1
1878 1104 1
1878 1206 1
1878 1719 1
1879 324 1
1879 677 1
1879 1471 1
1879 1644 1
1879 1708 1
1879 1778 1
1882 642 1
1883 875 1
1883 923 1
1883 1003 1
1884 474 1
1884 869 1
1885 25 1
1885 31 1
1885 461 1
1886 1213 1
1890 1424 1
1891 501 1
1891 1566 1
1892 877 1
1894 694 1
1894 1119 1
1894 1363 1
1895 1109 1
1895 1843 1
1896 443 1
1896 605 1
1896 644 1
1896 934 1
1896 1103 1
1896 1136 1
1896 1347 1
1896 1616 1
1896 1631 1
1896 1644 1
1896 1755 1
1896 1769 1
1896 1807 1
1896 1863 1
1897 472 1
1897 1873 1
1898 878 1
1898 1238 1
1899 21 1
1899 1197 1
1900 276 1
1900 709 1
1902 1678 1
1902 1748 1
1903 831 1
1903 1006 1
1903 1590 1
1903 1897 1
1904 657 1
1905 1011 1
1905 1686 1
1905 1756 1
1906 1200 1
1907 534 1
1909 560 1
1910 120 1
1910 355 1
1910 655 1
1910 1311 1
1911 643 1
1912 868 1
1912 875 1
1912 1567 1
1913 757 1
1913 1612 1
1913 1833 1
1914 549 1
1914 569 1
1914 588 1
1914 735 1
1914 886 1
1914 1011 1
1914 1453 1
1914 1686 1
1914 1697 1
1915 589 1
1915 973 1
1915 1342 1
1916 5 1
1916 196 1
1916 346 1
1916 371 1
1916 460 1
1916 552 1
1916 721 1
1916 747 1
1916 749 1
1916 791 1
1916 832 1
1916 1145 1
1916 1230 1
1916 1231 1
1917 174 1
1917 689 1
1917 1657 1
1918 1544 1
1921 196 1
1922 243 1
1922 1311 1
1922 1871 1
1923 700 1
1924 430 1
1924 479 1
1924 756 1
1924 802 1
1925 117 1
1926 256 1
1926 299 1
1926 364 1
1926 725 1
1926 1000 1
1926 1011 1
1926 1497 1
1927 707 1
1927 923 1
1927 1699 1
1928 314 1
1929 408 1
1931 1416 1
1932 829 1
1934 1388 1
1935 670 1
1935 841 1
1935 1580 1
1937 136 1
1937 1324 1
1938 275 1
1938 1414 1
1939 372 1
1939 551 1
1939 607 1
1939 787 1
1939 1320 1
1939 1775 1
1940 226 1
1940 258 1
1940 328 1
1940 1411 1
1941 100 1
1941 277 1
1942 801 1
1942 831 1
1942 858 1
1942 892 1
1942 1006 1
1942 1166 1
1943 1364 1
1943 1732 1
1944 1725 1
1945 534 1
1945 1901 1
1946 1906 1
1947 693 1
1947 822 1
1947 1686 1
1947 1739 1
1948 317 1
1948 487 1
1948 835 1
1948 1018 1
1948 1142 1
1949 889 1
1949 1136 1
1949 1753 1
1949 1756 1
1949 1896 1
1950 256 1
1950 299 1
1950 443 1
1950 605 1
1950 934 1
1950 1616 1
1950 1644 1
1950 1828 1
1950 1896 1
1952 931 1
1953 643 1
1953 872 1
1955 1201 1
1955 1205 1
1957 1045 1
1958 12 1
1958 324 1
1958 1778 1
1959 1364 1
1959 1808 1
1959 1943 1
1960 934 1
1960 1753 1
1960 1755 1
1960 1896 1
1960 1950 1
1962 29 1
1962 95 1
1962 492 1
1962 890 1
1962 949 1
1962 1292 1
1963 1374 1
1964 132 1
1964 193 1
1967 12 1
1967 123 1
1967 144 1
1967 324 1
1967 631 1
1967 677 1
1967 731 1
1967 754 1
1967 762 1
1967 1417 1
1967 1471 1
1967 1644 1
1967 1697 1
1967 1708 1
1967 1879 1
1967 1958 1
1968 324 1
1968 1697 1
1968 1778 1
1968 1967 1
1969 229 1
1969 330 1
1969 629 1
1969 738 1
1969 1115 1
1969 1619 1
1970 181 1
1972 931 1
1973 658 1
1973 787 1
1974 501 1
1974 547 1
1974 612 1
1974 697 1
1974 1496 1
1976 1188 1
1977 146 1
1977 997 1
1977 1832 1
1978 804 1
1979 76 1
1979 434 1
1980 1263 1
1981 144 1
1981 631 1
1981 677 1
1981 1471 1
1981 1644 1
1981 1778 1
1981 1967 1
1982 619 1
1983 619 1
1984 967 1
1985 170 1
1985 712 1
1985 825 1
1986 437 1
1986 1526 1
1987 1061 1
1987 1797 1
1988 113 1
1988 236 1
1988 1751 1
1989 282 1
1989 299 1
1989 1229 1
1989 1369 1
1989 1842 1
1990 176 1
1991 423 1
1991 1000 1
1991 1926 1
1992 345 1
1992 442 1
1992 1747 1
1993 441 1
1993 482 1
1993 566 1
1993 667 1
1993 782 1
1993 828 1
1993 1014 1
1993 1142 1
1993 1474 1
1993 1663 1
1994 171 1
1994 390 1
1994 1114 1
1994 1545 1
1995 113 1
1995 1751 1
1995 1988 1
1997 871 1
1998 226 1
2000 42 1
2000 169 1
2000 346 1
2001 1177 1
2002 1222 1
2003 1724 1
2004 567 1
2004 1209 1
2004 1364 1
2005 229 1
2005 254 1
2005 330 1
2005 738 1
2005 784 1
2005 1137 1
2005 1298 1
2005 1302 1
2005 1645 1
2005 1969 1
2006 1712 1
2009 822 1
2009 955 1
2009 1074 1
2009 1926 1
2010 132 1
2010 174 1
2010 663 1
2010 1657 1
2010 1917 1
2011 155 1
2011 157 1
2011 323 1
2011 621 1
2011 1653 1
2013 270 1
2014 1001 1
2014 1311 1
2014 1395 1
2015 375 1
2015 378 1
2015 974 1
2015 1824 1
2017 409 1
2017 507 1
2017 1259 1
2017 1502 1
2017 1541 1
2017 1689 1
2017 1764 1
2017 1768 1
2018 927 1
2020 25 1
2020 197 1
2020 482 1
2020 712 1
2020 1318 1
2022 1044 1
2024 248 1
2024 694 1
2024 1363 1
2025 578 1
2028 294 1
2029 116 1
2029 908 1
2029 1291 1
2029 1581 1
2030 1303 1
2032 1718 1
2032 1839 1
2033 822 1
2033 888 1
2034 742 1
2034 1050 1
2034 1107 1
2036 93 1
2036 123 1
2036 922 1
2036 1037 1
2036 1338 1
2036 1364 1
2036 1681 1
2036 1732 1
2036 1808 1
2037 231 1
2037 1631 1
2037 1896 1
2040 1177 1
2041 531 1
2041 954 1
2041 1462 1
2042 67 1
2042 738 1
2043 801 1
2043 892 1
2043 1166 1
2044 105 1
2044 443 1
2044 605 1
2044 864 1
2044 1421 1
2044 1644 1
2044 1896 1
2044 1950 1
2048 270 1
2048 697 1
2049 264 1
2049 1376 1
2049 1511 1
2050 100 1
2050 156 1
2050 277 1
2050 393 1
2050 1161 1
2051 872 1
2051 1953 1
2052 1770 1
2053 562 1
2053 1364 1
2053 1558 1
2053 1685 1
2054 1311 1
2056 472 1
2056 831 1
2056 1006 1
2056 1873 1
2056 1897 1
2056 1903 1
2057 342 1
2057 1175 1
2059 1887 1
2060 576 1
2060 1074 1
2060 1636 1
2061 323 1
2061 1271 1
2061 1313 1
2061 1874 1
2062 1712 1
2062 2006 1
2063 82 1
2063 454 1
2063 809 1
2063 860 1
2063 1023 1
2064 35 1
2064 617 1
2065 2029 1
2066 338 1
2067 171 1
2067 1994 1
2068 226 1
2068 258 1
2068 328 1
2068 1000 1
2068 1940 1
2068 1998 1
2069 1113 1
2069 1191 1
2070 620 1
2070 653 1
2071 434 1
2071 1979 1
2072 153 1
2072 1388 1
2073 184 1
2073 214 1
2073 500 1
2073 652 1
2073 1561 1
2074 156 1
2074 757 1
2074 1561 1
2077 1746 1
2078 208 1
2079 603 1
2079 1936 1
2080 2045 1
2081 94 1
2081 553 1
2083 1218 1
2083 1857 1
2083 1872 1
2084 495 1
2084 810 1
2084 989 1
2084 1712 1
2084 1855 1
2086 1014 1
2086 1323 1
2087 1585 1
2088 1154 1
2089 62 1
2089 72 1
2089 75 1
2089 460 1
2089 946 1
2089 1036 1
2089 1067 1
2089 1206 1
2089 1218 1
2089 1254 1
2089 1522 1
2089 1665 1
2089 1733 1
2089 1877 1
2090 351 1
2090 1729 1
2090 2055 1
2092 903 1
2092 2026 1
2093 531 1
2093 801 1
2093 913 1
2093 1136 1
2093 1166 1
2093 1257 1
2093 1502 1
2093 1702 1
2093 1741 1
2094 648 1
2094 1728 1
2095 389 1
2095 1014 1
2095 1275 1
2095 1298 1
2095 1419 1
2097 48 1
2098 1158 1
2099 438 1
2099 581 1
2099 1331 1
2100 1768 1
2101 611 1
2102 495 1
2102 822 1
2102 868 1
2102 888 1
2102 1912 1
2102 2033 1
2103 440 1
2104 1031 1
2105 132 1
2105 308 1
2105 330 1
2105 449 1
2105 482 1
2105 566 1
2105 1014 1
2105 1209 1
2105 1993 1
2106 484 1
2106 556 1
2106 1236 1
2106 1458 1
2107 2005 1
2108 564 1
2109 118 1
2109 514 1
2109 865 1
2111 941 1
2112 270 1
2112 2013 1
2112 2048 1
2113 2087 1
2114 1939 1
2115 187 1
2115 288 1
2115 398 1
2115 703 1
2115 940 1
2115 958 1
2115 1522 1
2115 1632 1
2115 1638 1
2116 173 1
2116 809 1
2116 889 1
2116 1136 1
2116 1150 1
2116 1151 1
2116 1316 1
2116 1397 1
2116 1615 1
2116 1753 1
2116 1756 1
2116 1949 1
2117 370 1
2118 637 1
2118 734 1
2118 1162 1
2119 83 1
2119 1254 1
2120 693 1
2120 822 1
2120 1011 1
2120 1686 1
2120 1905 1
2120 1947 1
2121 1797 1
2122 520 1
2122 1649 1
2123 1347 1
2123 1397 1
2123 1547 1
2123 1724 1
2123 2003 1
2124 122 1
2124 1454 1
2126 379 1
2127 40 1
2127 567 1
2127 1209 1
2127 2004 1
2128 402 1
2128 1416 1
2128 1665 1
2129 1175 1
2130 1199 1
2130 1400 1
2130 1685 1
2131 476 1
2131 719 1
2131 1644 1
2131 1697 1
2131 1795 1
2133 1105 1
2134 266 1
2135 177 1
2135 1615 1
2135 2116 1
2136 631 1
2136 754 1
2136 1778 1
2136 1967 1
2137 346 1
2138 487 1
2138 841 1
2138 1576 1
2138 1664 1
2139 174 1
2139 667 1
2139 1298 1
2139 1323 1
2139 1414 1
2139 1938 1
2139 2010 1
2140 879 1
2140 1094 1
2140 1395 1
2140 1451 1
2140 1650 1
2140 1829 1
2141 70 1
2141 176 1
2141 406 1
2141 743 1
2141 882 1
2141 1475 1
2142 1921 1
2144 1894 1
2145 631 1
2145 731 1
2145 1697 1
2145 1778 1
2145 1914 1
2145 1967 1
2145 1981 1
2147 624 1
2148 141 1
2148 1445 1
2149 497 1
2149 605 1
2149 677 1
2150 12 1
2150 745 1
2150 1771 1
2150 1778 1
2151 801 1
2151 858 1
2151 892 1
2151 913 1
2151 985 1
2151 1136 1
2151 1166 1
2151 1257 1
2151 1791 1
2151 1942 1
2151 2043 1
2151 2093 1
2152 371 1
2152 729 1
2152 1208 1
2153 410 1
2153 420 1
2153 1158 1
2153 1197 1
2153 1472 1
2154 879 1
2154 2080 1
2155 766 1
2155 1195 1
2158 869 1
2159 959 1
2160 1177 1
2160 1256 1
2162 707 1
2163 28 1
2163 316 1
2163 917 1
2163 1242 1
2163 1289 1
2164 676 1
2164 914 1
2165 1744 1
2166 1000 1
2167 875 1
2167 1074 1
2168 1880 1
2169 1605 1
2170 931 1
2171 188 1
2171 230 1
2171 607 1
2171 935 1
2171 1406 1
2171 1446 1
2171 1597 1
2171 1740 1
2171 1827 1
2171 1939 1
2173 1244 1
2174 1736 1
2177 1081 1
2179 1200 1
2180 11 1
2181 136 1
2181 437 1
2181 1526 1
2181 1986 1
2182 1055 1
2182 2157 1
2183 1041 1
2186 1465 1
2187 2049 1
2188 1117 1
2189 342 1
2189 1157 1
2190 421 1
2190 453 1
2190 454 1
2190 809 1
2190 860 1
2190 966 1
2190 1023 1
2190 1278 1
2190 1361 1
2190 1554 1
2190 1594 1
2190 1799 1
2190 1801 1
2190 1847 1
2190 2063 1
2190 2152 1
2190 2161 1
2191 1223 1
2191 1278 1
2192 160 1
2192 283 1
2192 1200 1
2192 1381 1
2192 1432 1
2192 2179 1
2194 225 1
2194 232 1
2194 821 1
2194 1271 1
2194 1621 1
2195 982 1
2196 927 1
2197 77 1
2197 1116 1
2197 1302 1
2198 1899 1
2200 931 1
2201 517 1
2201 651 1
2201 1000 1
2201 1100 1
2202 66 1
2202 1388 1
2202 1508 1
2204 942 1
2205 431 1
2205 531 1
2205 1166 1
2205 1222 1
2205 2041 1
2205 2093 1
2206 212 1
2206 443 1
2206 1423 1
2206 1685 1
2207 388 1
2207 699 1
2207 1049 1
2209 497 1
2210 337 1
2210 1746 1
2211 264 1
2211 1511 1
2211 2049 1
2212 733 1
2213 495 1
2213 506 1
2213 740 1
2213 1011 1
2213 1022 1
2213 1038 1
2213 1074 1
2213 1595 1
2213 1639 1
2213 1686 1
2213 1905 1
2213 2120 1
2213 2163 1
2214 1017 1
2215 687 1
2215 1390 1
2215 2085 1
2216 419 1
2217 6 1
2218 1629 1
2219 105 1
2219 605 1
2219 644 1
2219 1421 1
2219 1863 1
2219 1896 1
2219 2044 1
2220 931 1
2220 1939 1
2222 2150 1
2227 614 1
2228 2140 1
2229 342 1
2229 668 1
2229 1157 1
2229 1661 1
2229 2189 1
2231 711 1
2231 1224 1
2233 274 1
2233 1024 1
2234 1377 1
2236 484 1
2236 556 1
2236 2106 1
2239 1396 1
2239 1460 1
2240 688 1
2240 1346 1
2241 161 1
2241 1927 1
2242 1844 1
2244 103 1
2244 653 1
2244 782 1
2244 1582 1
2245 1240 1
2246 375 1
2246 378 1
2246 620 1
2246 974 1
2246 1101 1
2246 1383 1
2246 2015 1
2247 1213 1
2247 1886 1
2248 98 1
2248 730 1
2248 1000 1
2248 1279 1
2248 1849 1
2249 160 1
2249 1213 1
2250 510 1
2250 937 1
2250 1160 1
2252 2079 1
2254 636 1
2254 1405 1
2255 1630 1
2256 90 1
2256 400 1
2256 521 1
2258 489 1
2258 692 1
2258 777 1
2258 1626 1
2260 1055 1
2260 2182 1
2261 132 1
2261 1209 1
2262 521 1
2262 1042 1
2263 487 1
2263 498 1
2263 866 1
2263 1065 1
2263 1387 1
2263 1486 1
2264 424 1
2265 507 1
2265 744 1
2265 1259 1
2265 1482 1
2265 1689 1
2265 1691 1
2265 1768 1
2265 2017 1
2266 1597 1
2267 41 1
2267 1174 1
2268 454 1
2268 714 1
2268 768 1
2268 1690 1
2268 1858 1
2269 500 1
2269 586 1
2269 874 1
2269 1006 1
2269 1873 1
2269 1897 1
2269 1903 1
2269 2056 1
2270 424 1
2270 565 1
2271 177 1
2271 265 1
2271 787 1
2271 1213 1
2273 326 1
2273 593 1
2273 1606 1
2274 569 1
2274 735 1
2274 888 1
2274 1011 1
2276 1770 1
2277 152 1
2278 1185 1
2279 2248 1
2280 13 1
2280 98 1
2280 730 1
2280 1051 1
2280 1615 1
2280 1979 1
2280 2009 1
2280 2248 1
2280 2269 1
2280 2279 1
2281 738 1
2281 784 1
2281 802 1
2281 2005 1
2282 1417 1
2282 1652 1
2283 67 1
2283 420 1
2283 711 1
2283 805 1
2283 1038 1
2283 1676 1
2283 2042 1
2284 800 1
2284 1003 1
2284 1304 1
2284 1943 1
2287 751 1
2287 1136 1
2287 1166 1
2287 2151 1
2290 1698 1
2291 2190 1
2294 299 1
2294 658 1
2294 787 1
2294 1388 1
2294 1850 1
2294 1973 1
2295 847 1
2295 1788 1
2296 450 1
2296 860 1
2296 990 1
2296 1554 1
2296 2281 1
2297 264 1
2297 391 1
2297 2049 1
2297 2099 1
2297 2211 1
2298 229 1
2298 330 1
2298 1460 1
2303 281 1
2305 1150 1
2307 400 1
2307 933 1
2307 1195 1
2307 1196 1
2307 1335 1
2308 454 1
2308 859 1
2308 860 1
2308 1160 1
2308 1278 1
2308 1661 1
2308 1858 1
2308 1954 1
2308 2190 1
2309 1199 1
2309 1400 1
2309 1685 1
2309 2130 1
2310 882 1
2311 282 1
2311 1842 1
2311 1989 1
2311 2300 1
2312 123 1
2313 263 1
2314 599 1
2314 1639 1
2314 1934 1
2315 850 1
2316 1038 1
2316 1137 1
2316 1632 1
2316 1645 1
2316 2005 1
2318 547 1
2318 655 1
2318 1974 1
2319 1308 1
2319 2068 1
2320 267 1
2320 511 1
2320 852 1
2320 1703 1
2320 2019 1
2321 268 1
2321 373 1
2321 762 1
2322 25 1
2322 197 1
2322 543 1
2322 712 1
2322 1298 1
2322 2020 1
2323 419 1
2324 408 1
2324 1213 1
2326 581 1
2326 954 1
2326 1331 1
2327 494 1
2327 995 1
2327 1665 1
2328 1068 1
2329 176 1
2329 882 1
2329 1300 1
2329 1714 1
2330 230 1
2330 2171 1
2331 640 1
2331 1016 1
2331 1116 1
2331 1158 1
2331 1919 1
2332 1300 1
2334 679 1
2338 213 1
2339 120 1
2341 115 1
2341 1369 1
2341 1842 1
2341 1989 1
2342 1310 1
2343 1083 1
2345 1185 1
2345 1604 1
2346 954 1
2347 42 1
2347 371 1
2347 552 1
2347 1231 1
2347 1289 1
2347 1916 1
2349 256 1
2349 372 1
2349 658 1
2349 787 1
2349 1056 1
2349 1320 1
2349 1750 1
2349 1939 1
2349 1973 1
2349 2294 1
2350 954 1
2350 1083 1
2351 1136 1
2352 1042 1
2352 1061 1
2353 1714 1
2354 578 1
2354 982 1
2354 2025 1
2355 612 1
2355 1496 1
2357 1238 1
2357 1898 1
2359 313 1
2359 1528 1
2360 132 1
2362 637 1
2362 1759 1
2362 2118 1
2363 98 1
2363 1094 1
2363 2140 1
2364 1129 1
2364 1894 1
2364 2141 1
2365 562 1
2365 1825 1
2366 1265 1
2367 62 1
2367 335 1
2367 356 1
2367 398 1
2367 400 1
2367 592 1
2367 710 1
2367 736 1
2367 848 1
2367 1002 1
2367 1113 1
2367 1733 1
2367 2069 1
2367 2089 1
2368 1552 1
2369 267 1
2369 620 1
2369 841 1
2369 1101 1
2369 1576 1
2369 2019 1
2369 2320 1
2370 224 1
2370 1615 1
2370 2034 1
2370 2135 1
2370 2190 1
2371 326 1
2372 288 1
2372 524 1
2372 916 1
2372 1391 1
2372 1399 1
2372 1656 1
2372 2115 1
2373 1571 1
2374 409 1
2374 507 1
2374 1764 1
2374 2017 1
2375 276 1
2375 278 1
2375 901 1
2375 1292 1
2375 1565 1
2375 1747 1
2376 791 1
2376 1038 1
2376 1192 1
2378 567 1
2378 1209 1
2378 1364 1
2378 1489 1
2378 1808 1
2378 2004 1
2378 2127 1
2379 1222 1
2380 420 1
2380 1016 1
2380 1298 1
2380 1645 1
2381 297 1
2381 393 1
2382 141 1
2382 323 1
2382 788 1
2382 1588 1
2382 2038 1
2383 1778 1
2383 1967 1
2386 34 1
2386 326 1
2386 732 1
2386 911 1
2386 1284 1
2386 2105 1
2387 324 1
2387 677 1
2387 1439 1
2387 1471 1
2387 1644 1
2387 1778 1
2387 1879 1
2388 324 1
2388 631 1
2388 677 1
2388 754 1
2388 1471 1
2388 1644 1
2388 1778 1
2388 1879 1
2388 1967 1
2388 2136 1
2388 2387 1
2390 593 1
2390 819 1
2391 542 1
2391 1026 1
2393 1586 1
2394 330 1
2394 399 1
2394 411 1
2394 487 1
2394 653 1
2394 756 1
2394 779 1
2394 835 1
2394 867 1
2394 1323 1
2394 1407 1
2394 1795 1
2394 2070 1
2399 91 1
2400 340 1
2401 132 1
2401 252 1
2401 543 1
2401 663 1
2401 1065 1
2402 38 1
2402 457 1
2402 841 1
2402 1576 1
2402 1936 1
2402 2252 1
2403 602 1
2403 1459 1
2403 2137 1
2404 1166 1
2404 1791 1
2404 2043 1
2404 2151 1
2405 1804 1
2405 1862 1
2406 551 1
2406 669 1
2406 1889 1
2406 1939 1
2407 32 1
2407 1697 1
2407 1967 1
2407 2145 1
2408 59 1
2408 500 1
2408 879 1
2408 2074 1
2410 560 1
2412 6 1
2412 229 1
2412 326 1
2412 330 1
2412 482 1
2412 543 1
2412 738 1
2412 1014 1
2412 1115 1
2412 1267 1
2412 1378 1
2412 1460 1
2412 1795 1
2412 1969 1
2412 2298 1
2412 2371 1
2413 1273 1
2414 850 1
2414 1869 1
2415 256 1
2415 299 1
2415 481 1
2415 1320 1
2416 1031 1
2416 1195 1
2416 1614 1
2416 2372 1
2418 702 1
2418 792 1
2418 909 1
2419 2110 1
2420 438 1
2420 1331 1
2420 2049 1
2420 2099 1
2420 2297 1
2423 0 1
2423 40 1
2423 93 1
2423 113 1
2423 123 1
2423 200 1
2423 214 1
2423 562 1
2423 567 1
2423 677 1
2423 810 1
2423 922 1
2423 1000 1
2423 1037 1
2423 1209 1
2423 1279 1
2423 1338 1
2423 1444 1
2423 1489 1
2423 1558 1
2423 1643 1
2423 1644 1
2423 1681 1
2423 1723 1
2423 1732 1
2423 1778 1
2423 1808 1
2423 1879 1
2423 1943 1
2423 1959 1
2423 2004 1
2423 2036 1
2423 2053 1
2423 2127 1
2423 2284 1
2423 2365 1
2423 2378 1
2424 1074 1
2424 1902 1
2425 1852 1
2426 1933 1
2427 751 1
2427 881 1
2428 223 1
2428 742 1
2428 966 1
2428 1038 1
2428 1150 1
2428 1655 1
2428 1801 1
2430 85 1
2430 1014 1
2430 1267 1
2430 1460 1
2430 2105 1
2430 2412 1
2431 557 1
2432 560 1
2432 1410 1
2432 1909 1
2433 1529 1
2433 2271 1
2434 93 1
2434 123 1
2434 922 1
2434 1037 1
2434 1338 1
2434 1364 1
2434 1712 1
2434 1732 1
2434 2006 1
2434 2036 1
2434 2423 1
2435 50 1
2435 451 1
2435 1038 1
2435 1092 1
2435 1554 1
2436 1167 1
2437 1711 1
2438 1000 1
2438 1497 1
2439 430 1
2440 931 1
2441 443 1
2441 605 1
2441 751 1
2441 776 1
2441 879 1
2441 1395 1
2441 1417 1
2441 1644 1
2441 1682 1
2441 1896 1
2441 1903 1
2441 1950 1
2441 2044 1
2441 2282 1
2442 433 1
2442 1355 1
2443 1272 1
2445 1161 1
2445 2050 1
2446 57 1
2446 107 1
2446 543 1
2446 550 1
2446 712 1
2446 1121 1
2446 1298 1
2446 2322 1
2447 1101 1
2447 1440 1
2447 1824 1
2447 2320 1
2448 1467 1
2448 1476 1
2450 941 1
2451 1983 1
2452 761 1
2452 1166 1
2452 1502 1
2452 2093 1
2453 76 1
2453 1979 1
2455 38 1
2455 867 1
2456 1194 1
2456 1639 1
2457 585 1
2457 689 1
2457 1153 1
2457 1707 1
2457 1806 1
2458 1153 1
2459 1718 1
2459 2032 1
2460 1070 1
2460 1868 1
2462 123 1
2462 879 1
2462 1099 1
2462 2312 1
2464 1124 1
2465 324 1
2465 605 1
2465 731 1
2465 1644 1
2465 1697 1
2465 1700 1
2465 1778 1
2465 2131 1
2466 402 1
2466 848 1
2466 933 1
2468 874 1
2469 738 1
2469 1209 1
2469 1782 1
2469 2053 1
2469 2261 1
2470 40 1
2470 517 1
2470 651 1
2470 1000 1
2470 1100 1
2470 1224 1
2470 1279 1
2470 1346 1
2470 1497 1
2470 1686 1
2470 1926 1
2470 1991 1
2470 2201 1
2470 2423 1
2470 2438 1
2471 605 1
2471 1388 1
2471 1636 1
2472 801 1
2472 831 1
2472 858 1
2472 1006 1
2472 1166 1
2472 1590 1
2472 1826 1
2472 1942 1
2472 2151 1
2473 913 1
2473 1166 1
2473 1702 1
2473 1741 1
2473 1791 1
2473 2093 1
2473 2151 1
2473 2404 1
2474 1138 1
2474 1386 1
2474 1750 1
2474 1939 1
2474 2349 1
2475 214 1
2475 1732 1
2475 1810 1
2475 2423 1
2476 1426 1
2477 610 1
2477 963 1
2478 275 1
2478 663 1
2478 756 1
2478 1938 1
2479 6 1
2479 229 1
2479 330 1
2479 461 1
2479 543 1
2479 738 1
2479 825 1
2479 1474 1
2479 1519 1
2479 1782 1
2479 2105 1
2479 2469 1
2480 248 1
2480 694 1
2480 1389 1
2481 35 1
2481 851 1
2481 1272 1
2481 1825 1
2481 2253 1
2481 2443 1
2482 634 1
2483 1011 1
2484 205 1
2484 951 1
2484 1673 1
2484 1937 1
2484 2181 1
2486 1175 1
2488 256 1
2488 576 1
2488 810 1
2488 1194 1
2488 1320 1
2488 1366 1
2488 1388 1
2488 1666 1
2488 1835 1
2488 1934 1
2488 2213 1
2489 80 1
2489 2125 1
2490 1978 1
2490 2384 1
2491 605 1
2491 864 1
2491 2044 1
2491 2219 1
2492 160 1
2492 658 1
2492 787 1
2492 1056 1
2492 2349 1
2492 2396 1
2493 562 1
2493 1172 1
2494 1546 1
2495 582 1
2495 879 1
2495 1650 1
2495 2462 1
2496 740 1
2496 1640 1
2497 432 1
2499 879 1
2499 1561 1
2501 482 1
2501 505 1
2501 1824 1
2501 2015 1
2501 2273 1
2501 2447 1
2502 1465 1
2502 1476 1
2502 1700 1
2502 2186 1
2503 8 1
2503 36 1
2503 1170 1
2503 1426 1
2505 1522 1
2508 1214 1
2509 196 1
2509 371 1
2509 521 1
2509 558 1
2509 587 1
2509 721 1
2509 977 1
2509 1665 1
2510 2358 1
2511 254 1
2511 330 1
2511 738 1
2511 784 1
2511 1519 1
2511 2005 1
2512 661 1
2513 85 1
2513 1460 1
2513 2430 1
2514 169 1
2514 196 1
2514 363 1
2514 898 1
2514 1019 1
2514 1104 1
2514 1254 1
2514 1569 1
2514 1731 1
2514 1878 1
2515 90 1
2515 845 1
2515 2142 1
2517 223 1
2517 707 1
2517 2162 1
2518 388 1
2518 699 1
2518 2207 1
2519 113 1
2520 1000 1
2520 1311 1
2520 1320 1
2520 1346 1
2520 2240 1
2520 2265 1
2521 720 1
2522 80 1
2523 321 1
2524 206 1
2524 599 1
2525 91 1
2526 156 1
2526 530 1
2526 680 1
2526 1201 1
2526 1205 1
2526 1529 1
2527 1205 1
2527 1813 1
2527 1815 1
2528 1226 1
2529 56 1
2530 94 1
2530 553 1
2530 867 1
2530 1460 1
2530 1795 1
2530 2455 1
2532 500 1
2532 652 1
2532 2073 1
2534 184 1
2535 607 1
2536 2509 1
2537 199 1
2537 737 1
2537 842 1
2537 1136 1
2537 1150 1
2537 1316 1
2537 2116 1
2538 6 1
2538 197 1
2538 289 1
2538 825 1
2538 1116 1
2538 1204 1
2539 1096 1
2539 2075 1
2540 822 1
2540 888 1
2540 1274 1
2540 1563 1
2540 2033 1
2540 2102 1
2541 1944 1
2542 1496 1
2542 1974 1
2542 2318 1
2543 532 1
2543 858 1
2543 985 1
2543 1166 1
2544 589 1
2544 973 1
2544 1342 1
2544 1915 1
2545 276 1
2545 278 1
2545 589 1
2545 1565 1
2545 2375 1
2545 2414 1
2546 1576 1
2546 2298 1
2547 777 1
2547 2258 1
2549 603 1
2549 1853 1
2550 1572 1
2550 1770 1
2551 25 1
2551 197 1
2551 813 1
2551 911 1
2551 1428 1
2551 2386 1
2552 1213 1
2552 1886 1
2552 1961 1
2553 2095 1
2554 1150 1
2554 1973 1
2556 1581 1
2557 136 1
2558 1677 1
2559 170 1
2559 174 1
2559 275 1
2559 326 1
2559 411 1
2559 1414 1
2559 1938 1
2559 2235 1
2560 507 1
2560 1311 1
2560 1541 1
2560 2017 1
2561 1201 1
2561 1205 1
2561 1871 1
2561 1901 1
2562 482 1
2562 1323 1
2564 437 1
2564 882 1
2564 1526 1
2564 1986 1
2564 2141 1
2564 2181 1
2564 2557 1
2567 2510 1
2568 73 1
2568 1184 1
2568 1384 1
2569 518 1
2572 555 1
2572 669 1
2572 2406 1
2573 2437 1
2574 670 1
2574 717 1
2574 860 1
2574 1935 1
2575 1441 1
2576 315 1
2576 1124 1
2576 2464 1
2577 879 1
2577 1039 1
2577 1333 1
2577 1693 1
2577 2408 1
2581 1138 1
2581 1804 1
2581 2474 1
2582 1239 1
2583 1349 1
2584 1835 1
2585 658 1
2585 787 1
2585 2349 1
2586 718 1
2586 1133 1
2587 88 1
2587 368 1
2587 520 1
2587 1612 1
2587 1833 1
2587 1913 1
2587 1947 1
2588 808 1
2589 1001 1
2590 224 1
2590 489 1
2590 928 1
2590 1050 1
2590 2370 1
2591 497 1
2591 605 1
2591 717 1
2591 1311 1
2591 1347 1
2591 1388 1
2591 1636 1
2591 1822 1
2591 2134 1
2591 2471 1
2591 2520 1
2592 23 1
2592 100 1
2592 931 1
2592 1974 1
2592 2542 1
2593 104 1
2594 2217 1
2594 2530 1
2596 1024 1
2596 1660 1
2597 342 1
2597 483 1
2597 1175 1
2597 1851 1
2597 2057 1
2598 146 1
2598 624 1
2598 626 1
2598 997 1
2598 1033 1
2598 1832 1
2598 1977 1
2598 2147 1
2600 2558 1
2601 143 1
2602 408 1
2602 658 1
2602 1929 1
2602 2324 1
2603 1173 1
2603 2510 1
2603 2567 1
2604 299 1
2604 1001 1
2604 1388 1
2604 2488 1
2605 2120 1
2605 2164 1
2607 1544 1
2607 1918 1
2608 408 1
2608 551 1
2608 658 1
2608 666 1
2608 1929 1
2608 1939 1
2608 2384 1
2608 2602 1
2609 497 1
2609 725 1
2609 836 1
2609 1252 1
2609 1415 1
2609 2209 1
2609 2591 1
2610 104 1
2610 334 1
2610 536 1
2611 400 1
2611 1688 1
2612 1825 1
2613 2163 1
2613 2213 1
2614 12 1
2614 324 1
2614 631 1
2614 677 1
2614 754 1
2614 1471 1
2614 1644 1
2614 1771 1
2614 1778 1
2614 1879 1
2614 1967 1
2614 2136 1
2614 2150 1
2614 2387 1
2614 2388 1
2615 3 1
2615 293 1
2615 891 1
2616 641 1
2616 813 1
2616 1031 1
2616 1038 1
2616 1137 1
2616 1656 1
2616 2372 1
2616 2376 1
2618 338 1
2618 1348 1
2619 215 1
2619 1277 1
2619 1408 1
2619 1470 1
2619 1836 1
2621 400 1
2621 1752 1
2622 1711 1
2622 1891 1
2623 40 1
2623 651 1
2623 1000 1
2623 1346 1
2623 2470 1
2624 402 1
2624 558 1
2624 642 1
2624 870 1
2624 977 1
2624 1195 1
2624 1208 1
2624 1980 1
2624 2142 1
2624 2210 1
2624 2237 1
2624 2509 1
2624 2515 1
2625 305 1
2626 2171 1
2627 763 1
2628 1606 1
2629 40 1
2629 1000 1
2630 1729 1
2630 2055 1
2630 2090 1
2631 402 1
2631 1368 1
2633 558 1
2635 160 1
2635 2192 1
2636 35 1
2636 151 1
2637 1425 1
2637 2599 1
2639 601 1
2639 2622 1
2640 529 1
2640 1906 1
2642 943 1
2642 1707 1
2643 1159 1
2644 2281 1
2644 2380 1
2645 927 1
2645 1770 1
2645 2018 1
2646 38 1
2646 2455 1
2647 1170 1
2649 1136 1
2650 605 1
2650 1411 1
2650 1421 1
2650 1620 1
2651 138 1
2651 700 1
2653 184 1
2653 1001 1
2653 1910 1
2653 2014 1
2654 558 1
2654 729 1
2654 2509 1
2654 2633 1
2656 13 1
2656 1567 1
2656 2280 1
2657 113 1
2657 1529 1
2659 196 1
2659 245 1
2659 356 1
2659 558 1
2659 642 1
2659 668 1
2659 710 1
2659 729 1
2659 736 1
2659 1416 1
2659 1733 1
2659 1882 1
2659 2089 1
2659 2307 1
2659 2367 1
2659 2654 1
2660 2417 1
2661 94 1
2661 553 1
2661 2530 1
2662 1297 1
2663 251 1
2663 953 1
2665 1548 1
2666 525 1
2666 1008 1
2667 1556 1
2670 1181 1
2670 1930 1
2670 2011 1
2671 517 1
2671 581 1
2671 645 1
2671 1308 1
2672 65 1
2672 2090 1
2673 2011 1
2675 1426 1
2676 2549 1
2677 330 1
2677 1460 1
2677 2513 1
2678 1859 1
2680 425 1
2680 885 1
2680 2569 1
2681 2210 1
2682 37 1
2682 231 1
2682 431 1
2682 605 1
2682 644 1
2682 690 1
2682 934 1
2682 1103 1
2682 1136 1
2682 1597 1
2682 1616 1
2682 1631 1
2682 1753 1
2682 1755 1
2682 1807 1
2682 1863 1
2682 1896 1
2682 1949 1
2682 1950 1
2682 1960 1
2682 2037 1
2682 2044 1
2682 2205 1
2683 1425 1
2684 2285 1
2685 1082 1
2687 860 1
2689 402 1
2689 848 1
2689 1530 1
2689 2307 1
2689 2466 1
2689 2659 1
2690 546 1
2690 882 1
2691 116 1
2691 730 1
2691 1615 1
2691 2279 1
2692 1313 1
2692 2061 1
2693 808 1
2694 557 1
2696 841 1
2696 1580 1
2696 1935 1
2697 592 1
2697 1289 1
2698 1052 1
2698 1134 1
2699 454 1
2699 859 1
2700 571 1
2700 974 1
2700 1407 1
2700 1707 1
2700 2320 1
2700 2394 1
2701 83 1
2702 139 1
2702 335 1
2702 521 1
2702 558 1
2702 587 1
2702 1195 1
2702 1295 1
2702 2367 1
2702 2372 1
2702 2416 1
2702 2633 1
2702 2659 1
2703 529 1
2703 1229 1
2703 1666 1
2703 1842 1
2704 310 1
2705 18 1
2706 25 1
2706 228 1
2706 389 1
2706 430 1
2706 479 1
2706 732 1
2706 756 1
2706 802 1
2706 813 1
2706 911 1
2706 1924 1
2706 2139 1
2706 2551 1
2707 94 1
2707 553 1
2707 2081 1
2707 2530 1
2708 1707 1
2709 1078 1
2710 294 1
2710 1128 1
2712 597 1
2712 1517 1
2714 1048 1
2715 2331 1
2715 2628 1
2716 979 1
2717 40 1
2717 567 1
2717 1209 1
2717 1364 1
2717 2004 1
2717 2127 1
2717 2378 1
2717 2423 1
2718 880 1
2718 1623 1
2719 1850 1
2720 730 1
2720 2280 1
2721 862 1
2722 456 1
2723 234 1
2723 1216 1
2724 658 1
2724 1929 1
2724 2324 1
2724 2384 1
2724 2490 1
2724 2602 1
2725 677 1
2725 1778 1
2725 1967 1
2726 860 1
2726 1615 1
2726 2049 1
2726 2297 1
2726 2574 1
2726 2687 1
2727 252 1
2727 466 1
2727 1065 1
2727 2401 1
2728 645 1
2728 1620 1
2728 2671 1
2729 167 1
2729 1090 1
2729 1166 1
2729 1996 1
2730 312 1
2730 388 1
2730 560 1
2730 1074 1
2730 1887 1
2731 507 1
2731 1689 1
2731 2017 1
2731 2265 1
2732 495 1
2732 868 1
2732 1232 1
2732 2266 1
2733 1430 1
2733 1763 1
2733 1899 1
2734 25 1
2734 608 1
2734 663 1
2734 1428 1
2735 1765 1
2736 1426 1
2737 1711 1
2739 738 1
2740 937 1
2740 1178 1
2741 813 1
2741 2616 1
2742 1999 1
2743 2641 1
2744 2565 1
2745 941 1
2746 277 1
2746 932 1
2747 882 1
2748 2271 1
2748 2433 1
2748 2444 1
2749 81 1
2750 252 1
2750 498 1
2750 1065 1
2750 1486 1
2750 2263 1
2751 641 1
2751 2264 1
2752 129 1
2752 398 1
2752 400 1
2752 1113 1
2752 1626 1
2752 1638 1
2752 1857 1
2752 1980 1
2752 2083 1
2753 527 1
2753 1177 1
2753 2001 1
2753 2040 1
2754 848 1
2754 1002 1
2754 1067 1
2754 1195 1
2754 1254 1
2754 2089 1
2754 2367 1
2754 2582 1
2755 454 1
2755 860 1
2755 936 1
2755 1570 1
2755 1858 1
2755 2063 1
2755 2190 1
2756 1602 1
2758 276 1
2758 352 1
2758 986 1
2758 1679 1
2760 140 1
2760 327 1
2760 1788 1
2761 1716 1
2762 1848 1
2764 1157 1
2764 2189 1
2764 2229 1
2765 2302 1
2766 2139 1
2766 2412 1
2766 2559 1
2767 1322 1
2768 828 1
2768 1935 1
2768 2696 1
2769 1320 1
2769 1482 1
2769 1496 1
2769 1575 1
2769 1850 1
2769 1974 1
2769 2542 1
2770 1039 1
2770 1308 1
2770 1693 1
2770 2577 1
2772 21 1
2772 1197 1
2772 1899 1
2772 2198 1
2773 399 1
2773 779 1
2774 2011 1
2774 2673 1
2779 860 1
2779 2190 1
2781 622 1
2781 1562 1
2783 1374 1
2783 1963 1
2784 371 1
2784 521 1
2784 905 1
2784 945 1
2784 1145 1
2784 1466 1
2784 1836 1
2784 2142 1
2784 2509 1
2784 2515 1
2785 574 1
2785 847 1
2786 1074 1
2786 2467 1
2787 2295 1
2790 193 1
2790 571 1
2792 605 1
2792 748 1
2792 2219 1
2792 2491 1
2793 863 1
2793 1215 1
2793 1557 1
2793 1700 1
2794 599 1
2794 2203 1
2794 2686 1
2795 1123 1
2795 1174 1
2795 2267 1
2796 2215 1
2797 664 1
2797 1397 1
2797 1539 1
2797 1556 1
2799 260 1
2800 2182 1
2801 170 1
2803 249 1
2803 1462 1
2804 178 1
2804 1030 1
2804 1289 1
2804 1391 1
2804 2367 1
2804 2590 1
2805 437 1
2806 302 1
2806 975 1
2807 354 1
2807 533 1
2807 1219 1
2808 1136 1
2808 1299 1
2808 1397 1
2808 1555 1
2809 58 1
2809 349 1
2809 434 1
2809 454 1
2809 679 1
2809 860 1
2809 897 1
2809 1278 1
2809 1979 1
2809 2071 1
2809 2190 1
2809 2308 1
2810 249 1
2811 2100 1
2812 277 1
2813 934 1
2813 1960 1
2813 2682 1
2814 2150 1
2814 2812 1
2815 47 1
2815 839 1
2816 863 1
2816 1557 1
2816 1695 1
2816 2793 1
2817 1177 1
2817 1961 1
2817 2160 1
2819 488 1
2819 1112 1
2821 875 1
2821 918 1
2821 1912 1
2823 858 1
2823 913 1
2823 1166 1
2823 2043 1
2823 2151 1
2823 2287 1
2823 2404 1
2823 2472 1
2823 2473 1
2824 2259 1
2824 2373 1
2825 1127 1
2826 179 1
2826 1062 1
2827 1006 1
2827 1873 1
2827 1897 1
2827 1903 1
2827 2056 1
2827 2269 1
2828 1612 1
2828 1833 1
2828 1913 1
2828 2321 1
2828 2587 1
2830 113 1
2830 801 1
2830 1166 1
2830 1741 1
2830 1802 1
2830 2043 1
2830 2093 1
2830 2151 1
2831 252 1
2833 551 1
2833 1939 1
2834 308 1
2835 160 1
2835 344 1
2835 364 1
2835 733 1
2835 2212 1
2835 2301 1
2835 2396 1
2835 2423 1
2835 2492 1
2835 2635 1
2836 422 1
2836 1044 1
2836 1518 1
2837 942 1
2837 1049 1
2837 1814 1
2838 667 1
2838 962 1
2838 2105 1
2838 2139 1
2839 2115 1
2840 147 1
2840 665 1
2840 1568 1
2840 2409 1
2841 148 1
2841 439 1
2841 460 1
2841 671 1
2841 945 1
2841 1042 1
2841 1052 1
2841 1098 1
2841 1206 1
2841 2089 1
2842 592 1
2842 625 1
2842 2697 1
2843 256 1
2843 299 1
2843 481 1
2843 887 1
2843 1320 1
2843 1467 1
2843 1496 1
2843 1771 1
2843 2415 1
2844 1140 1
2845 237 1
2845 1057 1
2846 436 1
2846 1035 1
2848 574 1
2848 847 1
2848 1788 1
2848 1915 1
2849 500 1
2849 651 1
2849 1000 1
2849 1044 1
2849 1810 1
2849 1811 1
2849 2470 1
2849 2623 1
2849 2832 1
2852 1685 1
2852 1698 1
2853 554 1
2853 1157 1
2853 2765 1
2854 427 1
2854 1801 1
2855 879 1
2855 1279 1
2855 1810 1
2855 2475 1
2856 1950 1
2857 1797 1
2857 1987 1
2858 512 1
2858 1157 1
2858 1464 1
2858 1747 1
2858 2658 1
2860 603 1
2860 1494 1
2860 1853 1
2860 2549 1
2860 2676 1
2862 116 1
2862 313 1
2862 908 1
2862 1528 1
2862 2359 1
2863 956 1
2864 472 1
2864 1873 1
2865 258 1
2865 307 1
2867 1317 1
2868 1820 1
2869 534 1
2869 1146 1
2869 1465 1
2869 1901 1
2869 2100 1
2869 2811 1
2870 64 1
2870 973 1
2870 1596 1
2870 1792 1
2871 395 1
2872 324 1
2872 631 1
2872 677 1
2872 754 1
2872 1471 1
2872 1644 1
2872 1778 1
2872 1879 1
2872 1967 1
2872 2136 1
2872 2387 1
2872 2388 1
2872 2614 1
2872 2725 1
2873 527 1
2873 1077 1
2873 1177 1
2873 2040 1
2874 2555 1
2875 1150 1
2875 1322 1
2875 1947 1
2875 2587 1
2875 2651 1
2876 173 1
2876 413 1
2876 954 1
2877 324 1
2877 677 1
2877 1471 1
2877 1644 1
2877 1708 1
2877 1778 1
2877 1879 1
2877 1967 1
2877 2383 1
2877 2387 1
2877 2388 1
2877 2614 1
2877 2725 1
2877 2872 1
2878 917 1
2878 1242 1
2878 2163 1
2878 2376 1
2879 1148 1
2879 1916 1
2880 476 1
2880 509 1
2880 732 1
2880 1038 1
2880 1318 1
2880 2005 1
2880 2020 1
2880 2107 1
2880 2386 1
2883 1056 1
2883 1432 1
2883 1932 1
2883 2192 1
2883 2745 1
2883 2776 1
2884 119 1
2884 620 1
2884 1440 1
2885 810 1
2885 1037 1
2885 1364 1
2885 1643 1
2885 2423 1
2886 1492 1
2887 154 1
2887 1136 1
2887 1151 1
2887 1184 1
2887 1299 1
2887 1316 1
2887 1384 1
2887 1397 1
2887 1555 1
2887 2808 1
2888 443 1
2888 1768 1
2888 1945 1
2888 2100 1
2888 2811 1
2888 2869 1
2889 560 1
2889 714 1
2889 768 1
2889 1637 1
2889 1690 1
2889 2268 1
2889 2410 1
2890 712 1
2890 2281 1
2890 2380 1
2890 2504 1
2890 2644 1
2891 366 1
2891 400 1
2891 592 1
2891 1733 1
2891 2367 1
2892 252 1
2892 732 1
2892 2139 1
2892 2386 1
2892 2401 1
2892 2727 1
2893 333 1
2893 474 1
2893 869 1
2893 1112 1
2893 1238 1
2893 1884 1
2894 153 1
2894 174 1
2894 887 1
2894 1657 1
2894 1767 1
2895 294 1
2895 1067 1
2895 2403 1
2895 2710 1
2896 609 1
2896 654 1
2897 1857 1
2898 824 1
2898 1457 1
2899 610 1
2900 1649 1
2901 141 1
2901 1080 1
2901 1445 1
2901 2353 1
2902 135 1
2902 1507 1
2903 860 1
2903 1225 1
2903 1278 1
2903 2190 1
2903 2779 1
2904 764 1
2904 2284 1
2905 14 1
2905 584 1
2905 1074 1
2905 2786 1
2906 1124 1
2906 1656 1
2907 2753 1
2908 2802 1
2909 2313 1
2910 1459 1
2910 1532 1
2911 1889 1
2911 2406 1
2912 25 1
2913 4 1
2913 1519 1
2914 456 1
2915 307 1
2915 555 1
2915 1448 1
2916 366 1
2916 753 1
2916 2891 1
2917 35 1
2917 55 1
2917 151 1
2917 264 1
2917 391 1
2917 581 1
2920 610 1
2920 2477 1
2921 1852 1
2922 2437 1
2922 2573 1
2923 2481 1
2924 636 1
2925 423 1
2925 1991 1
2926 562 1
2926 1685 1
2926 1825 1
2926 2053 1
2926 2206 1
2926 2493 1
2927 2182 1
2928 295 1
2928 335 1
2928 592 1
2928 736 1
2928 1206 1
2928 2128 1
2928 2619 1
2930 165 1
2930 213 1
2930 420 1
2930 430 1
2930 461 1
2930 805 1
2930 1116 1
2930 1323 1
2930 1519 1
2930 2086 1
2930 2153 1
2930 2338 1
2930 2479 1
2930 2706 1
2931 1 1
2932 1759 1
2932 2402 1
2933 1428 1
2934 528 1
2934 869 1
2935 1507 1
2935 2461 1
2936 1827 1
2938 314 1
2938 1928 1
2939 2037 1
2940 782 1
2940 2513 1
2942 879 1
2942 959 1
2942 1395 1
2942 1451 1
2942 1829 1
2942 2140 1
2942 2228 1
2944 616 1
2944 2712 1
2945 1529 1
2945 2571 1
2946 804 1
2946 846 1
2946 1150 1
2946 2869 1
2946 2888 1
2947 2685 1
2948 122 1
2948 1454 1
2948 2124 1
2949 1614 1
2949 1797 1
2949 2857 1
2950 408 1
2950 1805 1
2950 2324 1
2952 240 1
2952 1461 1
2953 279 1
2953 579 1
2953 634 1
2953 1359 1
2954 2945 1
2956 25 1
2956 1428 1
2957 264 1
2957 2049 1
2957 2116 1
2957 2297 1
2957 2420 1
2958 255 1
2958 285 1
2958 354 1
2958 365 1
2958 375 1
2958 457 1
2958 482 1
2958 505 1
2958 637 1
2958 1204 1
2958 1303 1
2958 1418 1
2958 1494 1
2958 2131 1
2958 2185 1
2958 2362 1
2958 2501 1
2959 1778 1
2959 1967 1
2959 1981 1
2959 2199 1
2959 2725 1
2959 2872 1
2961 48 1
2961 357 1
2961 420 1
2961 472 1
2961 797 1
2961 879 1
2961 888 1
2961 906 1
2961 1000 1
2961 1011 1
2961 1094 1
2961 1179 1
2961 1415 1
2961 1650 1
2961 1744 1
2961 1756 1
2961 1784 1
2961 1873 1
2961 2097 1
2961 2116 1
2961 2120 1
2961 2134 1
2961 2165 1
2961 2284 1
2961 2605 1
2961 2864 1
2962 500 1
2962 2269 1
2962 2827 1
2963 142 1
2964 667 1
2964 738 1
2964 784 1
2964 992 1
2964 1326 1
2964 1452 1
2964 2005 1
2964 2281 1
2965 873 1
2965 1579 1
2966 6 1
2966 174 1
2966 738 1
2966 825 1
2966 857 1
2966 1038 1
2966 1657 1
2966 2005 1
2966 2479 1
2966 2880 1
2966 2964 1
2967 330 1
2967 1460 1
2967 2430 1
2967 2646 1
2968 1201 1
2968 1813 1
2968 2526 1
2969 1624 1
2970 558 1
2970 2128 1
2970 2633 1
2970 2702 1
2971 390 1
2972 4 1
2972 223 1
2972 1173 1
2972 2603 1
2973 739 1
2973 952 1
2973 1364 1
2973 1808 1
2973 1903 1
2973 2423 1
2973 2441 1
2974 418 1
2974 435 1
2974 511 1
2974 882 1
2975 1001 1
2975 2589 1
2976 427 1
2977 1397 1
2978 457 1
2978 1344 1
2978 2380 1
2979 617 1
2979 856 1
2979 1468 1
2980 781 1
2981 1250 1
2982 1138 1
2982 1386 1
2982 2883 1
2983 1496 1
2983 1888 1
2983 2013 1
2984 2605 1
2985 2788 1
2986 768 1
2986 2190 1
2986 2779 1
2986 2903 1
2987 400 1
2987 673 1
2987 1061 1
2987 1134 1
2987 1882 1
2987 1987 1
2987 2659 1
2987 2928 1
2987 2949 1
2988 879 1
2988 1395 1
2988 2090 1
2988 2140 1
2988 2285 1
2988 2942 1
2989 566 1
2989 2105 1
2990 619 1
2990 1804 1
2990 2474 1
2991 1724 1
2991 1796 1
2992 1733 1
2993 1192 1
2994 323 1
2994 788 1
2994 1373 1
2994 1588 1
2994 1687 1
2994 2382 1
2998 1956 1
2998 2114 1
2998 2954 1
2999 2170 1
3000 193 1
3000 1964 1
3000 2860 1
3001 118 1
3001 1197 1
3002 471 1
3002 1712 1
3003 372 1
3003 408 1
3003 551 1
3003 748 1
3003 1536 1
3003 1939 1
3003 2324 1
3003 2349 1
3003 2406 1
3003 2608 1
3003 2950 1
3004 1939 1
3005 212 1
3005 545 1
3005 717 1
3005 751 1
3005 1417 1
3005 1431 1
3006 1490 1
3007 1216 1
3008 256 1
3008 299 1
3008 1029 1
3008 1275 1
3008 1794 1
3008 1926 1
3010 1516 1
3010 2218 1
3011 1163 1
3012 877 1
3012 2487 1
3012 2555 1
3013 1819 1
3014 972 1
3014 1308 1
3014 1479 1
3014 1860 1
3015 880 1
3015 1623 1
3015 2302 1
3015 2718 1
3016 1736 1
3016 2748 1
3018 2484 1
3018 2565 1
3018 2744 1
3019 402 1
3019 1208 1
3019 2624 1
3021 281 1
3021 763 1
3021 1701 1
3022 154 1
3022 755 1
3022 1213 1
3022 1520 1
3022 2324 1
3023 99 1
3023 371 1
3023 402 1
3023 558 1
3023 1031 1
3023 1113 1
3023 1122 1
3023 1416 1
3023 1632 1
3023 1665 1
3023 2104 1
3023 2128 1
3023 2152 1
3023 2262 1
3024 180 1
3024 1038 1
3024 1137 1
3025 342 1
3026 1708 1
3026 1879 1
3026 1967 1
3026 2383 1
3026 2877 1
3027 571 1
3027 719 1
3027 974 1
3027 1407 1
3028 1750 1
3030 655 1
3032 1238 1
3033 57 1
3033 330 1
3033 738 1
3033 2281 1
3033 2818 1
3034 751 1
3034 2441 1
3036 2768 1
3037 581 1
3037 1643 1
3037 2099 1
3037 2423 1
3037 2529 1
3039 1544 1
3039 1701 1
3039 3021 1
3040 1445 1
3040 1501 1
3040 1504 1
3041 264 1
3041 391 1
3041 581 1
3041 1331 1
3041 1354 1
3041 1438 1
3041 2099 1
3041 2297 1
3042 2455 1
3042 2530 1
3043 421 1
3043 668 1
3043 714 1
3043 860 1
3043 1554 1
3043 2058 1
3043 2190 1
3043 2590 1
3044 652 1
3044 1561 1
3044 2499 1
3046 409 1
3046 1768 1
3046 2017 1
3046 2374 1
3047 1310 1
3047 1695 1
3047 2248 1
3047 2279 1
3047 2280 1
3048 1432 1
3048 2192 1
3049 2162 1
3050 456 1
3050 2914 1
3051 443 1
3051 1644 1
3051 2072 1
3051 2218 1
3051 3010 1
3052 69 1
3052 1164 1
3053 260 1
3053 2799 1
3056 77 1
3056 1204 1
3056 1823 1
3056 2197 1
3056 2412 1
3056 2513 1
3056 2940 1
3057 600 1
3057 1131 1
3057 1160 1
3057 1626 1
3057 2071 1
3057 2809 1
3058 462 1
3058 1023 1
3058 1160 1
3058 1554 1
3058 1799 1
3058 2435 1
3058 3043 1
3061 10 1
3061 352 1
3061 2758 1
3062 456 1
3062 634 1
3062 1232 1
3062 2482 1
3062 2722 1
3062 2914 1
3062 3050 1
3063 688 1
3063 1369 1
3063 1842 1
3063 1989 1
3063 2341 1
3063 2682 1
3064 694 1
3064 1894 1
3064 2480 1
3065 1136 1
3065 1616 1
3065 2151 1
3065 2287 1
3066 90 1
3066 402 1
3066 1208 1
3066 2142 1
3066 2515 1
3066 2624 1
3066 3019 1
3067 474 1
3069 960 1
3070 2364 1
3071 2134 1
3072 1113 1
3073 1531 1
3074 287 1
3074 955 1
3074 1646 1
3075 1070 1
3075 1140 1
3075 1464 1
3075 2858 1
3076 3 1
3076 1061 1
3077 275 1
3077 1414 1
3077 1938 1
3077 2478 1
3078 33 1
3078 1007 1
3078 1433 1
3080 64 1
3080 1880 1
3081 321 1
3081 927 1
3081 2523 1
3083 173 1
3083 500 1
3083 954 1
3083 1215 1
3083 1695 1
3083 2816 1
3083 2876 1
3084 308 1
3084 2834 1
3085 169 1
3085 2372 1
3085 2514 1
3086 2019 1
3086 2369 1
3087 234 1
3087 1216 1
3087 2723 1
3091 693 1
3091 822 1
3091 1011 1
3091 1686 1
3091 1756 1
3091 1905 1
3091 1926 1
3091 1947 1
3091 2009 1
3091 2116 1
3091 2120 1
3091 2213 1
3092 763 1
3092 910 1
3092 1465 1
3092 1476 1
3092 1700 1
3092 2502 1
3092 2627 1
3093 1875 1
3093 2590 1
3094 64 1
3094 973 1
3094 1596 1
3094 1792 1
3094 2870 1
3094 2993 1
3095 2026 1
3096 160 1
3096 2835 1
3097 387 1
3097 1746 1
3097 2754 1
3098 108 1
3098 160 1
3099 2285 1
3099 2684 1
3100 133 1
3100 486 1
3100 547 1
3100 877 1
3100 1320 1
3100 1892 1
3100 1974 1
3100 2318 1
3101 177 1
3101 265 1
3101 1213 1
3101 2271 1
3102 263 1
3102 708 1
3102 734 1
3102 852 1
3104 2320 1
3104 2700 1
3105 449 1
3105 717 1
3105 828 1
3105 1142 1
3105 1519 1
3106 620 1
3106 1018 1
3107 1523 1
3108 50 1
3108 558 1
3108 1038 1
3108 1067 1
3108 1074 1
3108 1113 1
3108 1253 1
3108 1391 1
3108 1595 1
3108 1639 1
3108 1752 1
3108 1980 1
3108 2213 1
3108 2624 1
3108 2752 1
3109 899 1
3110 496 1
3110 1222 1
3110 1311 1
3110 1462 1
3110 1793 1
3110 2014 1
3110 2560 1
3111 28 1
3111 2163 1
3111 2367 1
3112 25 1
3112 193 1
3112 466 1
3112 571 1
3112 663 1
3112 732 1
3112 1428 1
3112 2386 1
3112 2880 1
3113 512 1
3113 1630 1
3113 2858 1
3113 3015 1
3114 501 1
3114 1720 1
3114 1974 1
3114 2318 1
3116 2225 1
3116 2382 1
3117 676 1
3117 914 1
3117 2164 1
3117 2605 1
3117 3088 1
3118 2552 1
3119 105 1
3119 443 1
3119 605 1
3119 1421 1
3119 1644 1
3119 1863 1
3119 1896 1
3119 1950 1
3119 2044 1
3119 2219 1
3119 2441 1
3119 2491 1
3119 2792 1
3120 256 1
3120 299 1
3120 507 1
3120 1311 1
3120 1320 1
3120 1388 1
3120 1689 1
3120 1888 1
3120 2017 1
3120 2265 1
3120 2415 1
3120 2488 1
3120 2731 1
3121 887 1
3121 1320 1
3122 77 1
3122 779 1
3122 1204 1
3122 1460 1
3122 2457 1
3122 2538 1
3124 301 1
3124 965 1
3125 889 1
3125 1753 1
3125 1756 1
3125 1949 1
3125 2116 1
3125 3008 1
3125 3091 1
3126 2433 1
3126 2952 1
3127 2862 1
3128 2976 1
3129 179 1
3129 1062 1
3129 2826 1
3130 703 1
3131 2218 1
3131 2620 1
3132 2576 1
3133 1905 1
3133 2285 1
3133 2684 1
3134 1712 1
3134 2084 1
3135 443 1
3135 1644 1
3135 1879 1
3135 1967 1
3135 2465 1
3135 3026 1
3135 3051 1
3136 110 1
3136 195 1
3136 366 1
3136 558 1
3136 729 1
3136 753 1
3136 1688 1
3136 2891 1
3136 2916 1
3137 164 1
3137 628 1
3137 1524 1
3138 475 1
3138 605 1
3138 1421 1
3138 1860 1
3138 2650 1
3138 3044 1
3139 1136 1
3139 2649 1
3140 330 1
3140 1209 1
3140 1782 1
3140 2412 1
3141 370 1
3141 1177 1
3141 2117 1
3142 827 1
3142 1514 1
3143 160 1
3143 344 1
3143 2242 1
3143 2396 1
3143 2492 1
3143 2835 1
3143 3096 1
3144 153 1
3144 1974 1
3144 2072 1
3144 2300 1
3145 558 1
3145 933 1
3145 2213 1
3145 2466 1
3145 2488 1
3145 2633 1
3145 2702 1
3145 2970 1
3147 68 1
3147 195 1
3147 439 1
3147 642 1
3147 1113 1
3147 2137 1
3147 3108 1
3149 2706 1
3150 1166 1
3150 1502 1
3150 2093 1
3150 2452 1
3151 276 1
3151 709 1
3151 1900 1
3153 174 1
3153 449 1
3153 1298 1
3153 1519 1
3153 1767 1
3153 2139 1
3153 3105 1
3154 297 1
3155 2193 1
3156 193 1
3156 375 1
3156 571 1
3156 2015 1
3158 2912 1
3159 2648 1
3160 1318 1
3161 1246 1
3162 1886 1
3162 2247 1
3162 2552 1
3163 304 1
3163 724 1
3163 1059 1
3163 1066 1
3163 1434 1
3163 1591 1
3163 2244 1
3163 2261 1
3165 680 1
3165 684 1
3166 1 1
3166 787 1
3166 2271 1
3166 2931 1
3167 706 1
3168 1127 1
3170 1099 1
3170 2462 1
3171 596 1
3171 2427 1
3172 499 1
3172 1343 1
3172 2344 1
3173 1404 1
3173 1701 1
3174 657 1
3174 809 1
3174 860 1
3174 2296 1
3175 872 1
3175 1953 1
3175 2567 1
3176 319 1
3177 2498 1
3179 1888 1
3179 2983 1
3180 126 1
3180 175 1
3180 226 1
3180 320 1
3180 500 1
3180 799 1
3180 886 1
3180 1353 1
3180 1686 1
3180 2584 1
3180 3177 1
3181 252 1
3181 487 1
3181 498 1
3181 713 1
3181 866 1
3181 1065 1
3181 1486 1
3181 2263 1
3181 2401 1
3181 2727 1
3181 2750 1
3182 2835 1
3183 1136 1
3183 2649 1
3183 3139 1
3184 651 1
3184 1000 1
3184 1497 1
3184 2470 1
3184 2623 1
3184 2849 1
3185 156 1
3185 680 1
3185 1529 1
3185 1787 1
3185 2050 1
3185 2526 1
3185 2945 1
3187 2510 1
3188 1868 1
3189 2185 1
3189 2807 1
3190 32 1
3190 731 1
3190 1697 1
3190 1778 1
3190 1967 1
3190 2145 1
3190 2407 1
3191 99 1
3191 848 1
3191 2367 1
3191 2804 1
3192 580 1
3193 527 1
3193 1077 1
3193 1177 1
3193 2001 1
3193 2160 1
3193 2753 1
3193 2817 1
3193 2873 1
3194 1121 1
3194 2281 1
3194 2380 1
3194 2644 1
3194 2890 1
3196 899 1
3196 2161 1
3197 2593 1
3198 370 1
3198 2117 1
3198 2907 1
3198 3141 1
3199 2298 1
3200 142 1
3200 161 1
3200 534 1
3200 763 1
3200 827 1
3200 970 1
3200 1534 1
3200 1907 1
3200 2241 1
3200 2526 1
3200 2669 1
3200 2797 1
3200 2946 1
3200 3049 1
3200 3195 1
3201 65 1
3201 1729 1
3201 2055 1
3201 2090 1
3201 2630 1
3201 2672 1
3203 92 1
3203 1096 1
3203 1207 1
3205 141 1
3205 1445 1
3205 2901 1
3208 264 1
3208 391 1
3208 1331 1
3208 1354 1
3208 1438 1
3208 2099 1
3208 3041 1
3209 1139 1
3210 432 1
3210 470 1
3210 657 1
3210 692 1
3210 860 1
3210 966 1
3210 1554 1
3210 2190 1
3210 2258 1
3210 3174 1
3211 160 1
3211 2180 1
3211 2192 1
3211 2635 1
3212 2919 1
3213 2752 1
3213 3108 1
3214 343 1
3214 407 1
3215 324 1
3215 677 1
3215 1730 1
3215 1778 1
3215 1967 1
3215 2395 1
3217 775 1
3219 2596 1
3219 2794 1
3220 1061 1
3220 1598 1
3220 1797 1
3220 1987 1
3220 2121 1
3220 2146 1
3220 2857 1
3220 2987 1
3221 392 1
3221 1140 1
3221 3060 1
3222 2384 1
3222 2474 1
3222 2724 1
3223 1894 1
3224 604 1
3224 3103 1
3225 1318 1
3225 2020 1
3225 2107 1
3225 2880 1
3226 569 1
3226 1537 1
3226 1811 1
3226 2849 1
3228 451 1
3228 1031 1
3228 1656 1
3228 3111 1
3229 552 1
3229 1030 1
3229 1239 1
3229 1665 1
3229 1719 1
3229 1878 1
3231 787 1
3231 1388 1
3231 2294 1
3231 2488 1
3232 632 1
3233 413 1
3233 463 1
3233 954 1
3233 1083 1
3233 2350 1
3235 1597 1
3235 1755 1
3235 2682 1
3236 118 1
3236 827 1
3236 1514 1
3236 3001 1
3236 3142 1
3238 1078 1
3238 1494 1
3238 2860 1
3238 3000 1
3239 188 1
3239 755 1
3239 816 1
3239 1213 1
3239 1844 1
3239 2171 1
3239 2242 1
3240 434 1
3240 1290 1
3241 1128 1
3241 2563 1
3242 1397 1
3242 1556 1
3242 2226 1
3243 50 1
3243 673 1
3243 845 1
3243 1061 1
3243 1134 1
3243 1449 1
3243 2515 1
3243 2987 1
3244 3237 1
3245 464 1
3246 2396 1
3246 2602 1
3247 2961 1
3248 208 1
3248 753 1
3248 1719 1
3248 1878 1
3248 2916 1
3249 2066 1
3249 2208 1
3250 2506 1
3250 2958 1
3251 502 1
3251 1017 1
3252 565 1
3253 441 1
3253 2513 1
3254 633 1
3254 2870 1
3254 3094 1
3255 50 1
3255 366 1
3255 587 1
3255 592 1
3255 602 1
3255 848 1
3255 1509 1
3255 1688 1
3255 1696 1
3255 2069 1
3255 2089 1
3255 2307 1
3255 2367 1
3255 3097 1
3255 3108 1
3255 3136 1
3256 1847 1
3256 2250 1
3257 495 1
3257 1855 1
3257 2084 1
3258 725 1
3258 2609 1
3259 229 1
3259 2421 1
3259 2599 1
3259 2637 1
3260 1339 1
3260 1672 1
3261 798 1
3261 884 1
3261 1548 1
3261 2665 1
3262 912 1
3263 1387 1
3263 2263 1
3264 1828 1
3265 1602 1
3265 2771 1
3266 2315 1
3267 498 1
3267 782 1
3267 866 1
3267 1065 1
3267 1582 1
3267 2244 1
3267 3181 1
3268 638 1
3268 831 1
3268 1873 1
3268 2017 1
3268 2056 1
3269 17 1
3269 694 1
3269 1080 1
3269 1119 1
3269 1817 1
3270 689 1
3270 2457 1
3270 2937 1
3270 3122 1
3271 1132 1
3271 2304 1
3272 198 1
3272 267 1
3272 375 1
3272 841 1
3272 1383 1
3272 1440 1
3272 1572 1
3272 2015 1
3272 2246 1
3272 2447 1
3273 2958 1
3274 286 1
3274 1311 1
3275 40 1
3275 567 1
3275 2127 1
3275 2423 1
3275 2717 1
3276 2433 1
3276 3126 1
3277 498 1
3277 782 1
3277 866 1
3277 1065 1
3277 1582 1
3277 1969 1
3277 2244 1
3277 3181 1
3277 3267 1
3278 1246 1
3278 1534 1
3279 509 1
3280 156 1
3280 186 1
3280 716 1
3280 1415 1
3280 2050 1
3281 2413 1
3282 1070 1
3282 1868 1
3282 2460 1
3283 811 1
3284 685 1
3284 1556 1
3285 1041 1
3286 113 1
3286 1751 1
3288 327 1
3288 406 1
3288 418 1
3288 929 1
3288 2141 1
3288 2974 1
3289 1309 1
3289 1852 1
3289 2413 1
3289 2425 1
3289 3281 1
3291 263 1
3291 553 1
3292 680 1
3292 1529 1
3292 1787 1
3292 1967 1
3292 3185 1
3292 3215 1
3294 437 1
3294 2564 1
3294 2805 1
3295 1086 1
3296 2531 1
3297 426 1
3297 990 1
3297 2674 1
3300 899 1
3300 2161 1
3300 2190 1
3302 2711 1
3303 302 1
3303 483 1
3303 968 1
3304 199 1
3304 2368 1
3305 619 1
3306 850 1
3306 1869 1
3306 2414 1
3308 214 1
3308 500 1
3308 757 1
3308 879 1
3308 1849 1
3308 2073 1
3308 2074 1
3308 2408 1
3308 2499 1
3308 2577 1
3309 265 1
3309 495 1
3309 868 1
3310 323 1
3310 621 1
3310 1271 1
3310 1504 1
3311 127 1
3311 534 1
3311 707 1
3311 763 1
3311 827 1
3311 3049 1
3311 3200 1
3312 507 1
3312 1768 1
3312 1778 1
3313 22 1
3313 286 1
3313 440 1
3313 688 1
3313 1293 1
3313 3063 1
3314 454 1
3314 768 1
3314 1690 1
3314 2063 1
3314 2889 1
3315 2919 1
3315 3212 1
3316 366 1
3316 400 1
3316 592 1
3316 1733 1
3316 2367 1
3316 2891 1
3316 2916 1
3316 3136 1
3317 82 1
3317 777 1
3317 809 1
3317 860 1
3317 876 1
3317 1278 1
3317 1337 1
3317 2903 1
3317 3210 1
3318 37 1
3318 1040 1
3318 1044 1
3318 2022 1
3318 2682 1
3320 2712 1
3320 2944 1
3321 538 1
3321 768 1
3321 1113 1
3321 1218 1
3321 1638 1
3321 2889 1
3323 1939 1
3324 986 1
3324 1679 1
3324 2758 1
3325 1724 1
3325 2003 1
3326 35 1
3326 851 1
3326 1272 1
3326 2443 1
3326 2481 1
3327 782 1
3327 1460 1
3327 2513 1
3327 2677 1
3327 2940 1
3328 8 1
3328 2540 1
3329 444 1
3329 992 1
3329 1326 1
3330 6 1
3330 667 1
3330 782 1
3330 825 1
3330 828 1
3330 962 1
3330 1116 1
3330 1474 1
3330 1567 1
3330 1993 1
3330 2479 1
3330 2538 1
3330 2838 1
3330 2966 1
3331 2632 1
3332 3285 1
3333 1132 1
3333 2304 1
3333 3271 1
3334 224 1
3334 303 1
3334 768 1
3334 2889 1
3334 3321 1
3335 108 1
3335 160 1
3335 3098 1
3338 2571 1
3338 2945 1
3338 2954 1
3339 607 1
3339 2535 1
3340 553 1
3341 622 1
3341 899 1
3341 1150 1
3341 3300 1
3342 27 1
3342 187 1
3342 371 1
3342 460 1
3342 1206 1
3342 1632 1
3342 2115 1
3342 2784 1
3343 288 1
3343 832 1
3345 1544 1
3346 478 1
3346 1648 1
3346 2134 1
3347 113 1
3347 236 1
3347 1988 1
3348 2714 1
3349 198 1
3349 1317 1
3349 2867 1
3350 1460 1
3350 2513 1
3350 2677 1
3350 3327 1
3351 92 1
3351 1171 1
3351 1244 1
3351 1289 1
3351 1335 1
3351 2582 1
3351 3203 1
3352 231 1
3352 1136 1
3352 1320 1
3352 2116 1
3352 2682 1
3352 3139 1
3353 475 1
3353 605 1
3353 1421 1
3353 2044 1
3353 2219 1
3353 2650 1
3353 3119 1
3353 3138 1
3354 2481 1
3355 2736 1
3356 144 1
3356 677 1
3356 1471 1
3356 1644 1
3356 1778 1
3356 1967 1
3356 1981 1
3356 2470 1
3356 2959 1
3356 3184 1
3357 862 1
3358 2254 1
3359 1634 1
3360 132 1
3360 252 1
3360 466 1
3360 663 1
3360 1065 1
3360 2360 1
3360 2401 1
3360 2727 1
3361 2994 1
3362 12 1
3362 731 1
3362 1771 1
3362 1772 1
3362 1778 1
3362 2001 1
3362 2150 1
3362 2614 1
3362 2788 1
3362 2985 1
3363 1074 1
3363 2786 1
3364 1136 1
3364 1299 1
3364 1555 1
3364 2808 1
3364 2887 1
3367 146 1
3367 2598 1
3369 655 1
3369 761 1
3369 2452 1
3369 3150 1
3370 1038 1
3370 2091 1
3371 420 1
3371 711 1
3371 805 1
3371 1344 1
3371 2283 1
3372 278 1
3372 1164 1
3372 1182 1
3372 1715 1
3373 1491 1
3374 2490 1
3375 1455 1
3375 1540 1
3376 571 1
3376 637 1
3376 2118 1
3376 2362 1
3377 647 1
3377 1953 1
3379 1184 1
3380 746 1
3380 782 1
3380 867 1
3380 1038 1
3380 1794 1
3380 2807 1
3381 434 1
3381 1278 1
3381 1419 1
3381 2190 1
3381 2308 1
3381 2779 1
3381 2809 1
3381 2903 1
3381 2986 1
3382 50 1
3382 402 1
3382 1042 1
3382 2841 1
3383 685 1
3383 1712 1
3383 2762 1
3383 3134 1
3384 545 1
3384 3005 1
3385 417 1
3386 3195 1
3386 3200 1
3388 1121 1
3388 1298 1
3388 1323 1
3388 1414 1
3388 1938 1
3388 2095 1
3388 2139 1
3388 2322 1
3388 2394 1
3388 2446 1
3389 3211 1
3391 610 1
3391 963 1
3391 1349 1
3391 2477 1
3391 2920 1
3392 617 1
3392 660 1
3392 1138 1
3392 1818 1
3392 1932 1
3392 2526 1
3392 2883 1
3392 2968 1
3392 2979 1
3393 48 1
3393 2097 1
3393 2961 1
3394 3076 1
3395 325 1
3395 433 1
3395 1355 1
3395 2442 1
3395 3115 1
3396 751 1
3396 776 1
3396 1903 1
3396 2441 1
3396 2973 1
3397 617 1
3397 1138 1
3397 1333 1
3397 2883 1
3398 527 1
3398 1177 1
3398 1820 1
3398 2040 1
3398 2206 1
3398 2442 1
3398 2753 1
3399 1 1
3399 142 1
3399 158 1
3399 177 1
3399 737 1
3399 970 1
3399 991 1
3399 1280 1
3399 1370 1
3399 1700 1
3399 2241 1
3399 3049 1
3399 3200 1
3399 3311 1
3400 500 1
3400 652 1
3400 879 1
3400 2045 1
3400 2074 1
3400 2080 1
3400 2408 1
3400 2577 1
3400 3206 1
3400 3308 1
3400 3356 1
3403 1494 1
3403 3238 1
3405 17 1
3405 157 1
3406 4 1
3406 174 1
3406 1657 1
3406 2010 1
3406 2139 1
3406 2913 1
3407 2566 1
3408 1884 1
3408 2052 1
3408 2276 1
3408 2531 1
3408 2550 1
3408 2645 1
3410 233 1
3410 671 1
3410 1030 1
3410 1746 1
3411 75 1
3411 272 1
3411 3361 1
3412 1166 1
3412 2151 1
3412 2823 1
3412 2919 1
3412 3035 1
3412 3212 1
3412 3315 1
3413 16 1
3414 175 1
3414 226 1
3414 517 1
3414 581 1
3414 954 1
3414 2041 1
3414 2325 1
3414 2326 1
3414 2346 1
3414 2728 1
3414 2849 1
3415 431 1
3415 1755 1
3415 2205 1
3415 2682 1
3415 3235 1
3417 2358 1
3418 2274 1
3419 2883 1
3420 2175 1
3420 2537 1
3420 2939 1
3420 3344 1
3421 93 1
3421 123 1
3421 922 1
3421 1037 1
3421 1338 1
3421 1732 1
3421 1967 1
3421 2036 1
3421 2423 1
3421 2434 1
3421 3362 1
3422 787 1
3422 1939 1
3422 2349 1
3423 1067 1
3423 2754 1
3424 285 1
3424 375 1
3424 719 1
3424 734 1
3424 841 1
3424 1101 1
3424 1204 1
3424 1576 1
3424 2015 1
3424 2320 1
3424 2958 1
3424 3054 1
3424 3272 1
3425 967 1
3425 1535 1
3425 1597 1
3425 1603 1
3425 1984 1
3425 2688 1
3426 658 1
3426 787 1
3426 2294 1
3426 2349 1
3426 2585 1
3427 115 1
3427 258 1
3427 440 1
3427 472 1
3427 1873 1
3427 1940 1
3428 1270 1
3428 2692 1
3430 584 1
3431 1770 1
3431 2550 1
3431 3408 1
3432 899 1
3432 1131 1
3432 2453 1
3433 447 1
3434 1083 1
3434 1580 1
3434 1935 1
3434 2696 1
3437 112 1
3437 3081 1
3438 3018 1
3439 801 1
3439 1001 1
3439 1166 1
3439 1388 1
3439 1807 1
3440 2712 1
3440 2944 1
3441 435 1
3441 511 1
3441 546 1
3441 882 1
3441 1119 1
3441 1155 1
3441 1780 1
3441 2353 1
3441 2690 1
3441 2901 1
3441 2974 1
3442 1578 1
3442 1581 1
3442 2029 1
3442 2065 1
3443 849 1
3444 2281 1
3444 2283 1
3444 3329 1
3445 703 1
3445 1522 1
3445 2115 1
3446 160 1
3447 592 1
3447 753 1
3447 3023 1
3447 3136 1
3448 1191 1
3448 1312 1
3448 2069 1
3449 504 1
3449 678 1
3449 730 1
3449 1001 1
3449 1388 1
3449 1508 1
3449 2013 1
3450 330 1
3450 482 1
3450 835 1
3450 1378 1
3450 1795 1
3450 1993 1
3450 2070 1
3450 2394 1
3450 2412 1
3452 349 1
3452 432 1
3452 470 1
3452 809 1
3452 860 1
3452 876 1
3452 1278 1
3452 2190 1
3452 2308 1
3452 2809 1
3452 2903 1
3452 3317 1
3452 3381 1
3453 116 1
3453 313 1
3453 778 1
3453 908 1
3453 2862 1
3454 1079 1
3454 1827 1
3454 2936 1
3455 2807 1
3456 229 1
3456 330 1
3456 444 1
3456 1116 1
3456 1326 1
3456 2298 1
3456 3033 1
3458 2329 1
3459 1939 1
3459 2349 1
3461 1026 1
3461 1079 1
3461 2847 1
3461 3292 1
3461 3436 1
3462 860 1
3463 815 1
3463 1174 1
3463 2267 1
3464 965 1
3465 85 1
3465 285 1
3465 441 1
3465 758 1
3465 1204 1
3465 1303 1
3465 1494 1
3465 1576 1
3465 2079 1
3465 2430 1
3465 2513 1
3465 2559 1
3465 2958 1
3465 2969 1
3465 3253 1
3465 3327 1
3465 3424 1
3466 6 1
3466 2320 1
3466 2369 1
3467 77 1
3467 1823 1
3467 2197 1
3467 2371 1
3467 3056 1
3467 3199 1
3468 2709 1
3469 420 1
3469 725 1
3469 906 1
3469 2961 1
3470 317 1
3470 449 1
3470 487 1
3470 713 1
3470 835 1
3470 962 1
3470 1018 1
3470 1142 1
3470 1948 1
3470 2912 1
3470 3106 1
3470 3181 1
3471 717 1
3471 2591 1
3472 189 1
3473 1519 1
3473 2511 1
3474 2452 1
3475 224 1
3475 1131 1
3475 1160 1
3475 1562 1
3475 1594 1
3475 2095 1
3475 2190 1
3475 3057 1
3476 717 1
3476 860 1
3476 2251 1
3477 655 1
3477 1910 1
3478 162 1
3479 487 1
3479 835 1
3479 2394 1
3480 1653 1
3480 2236 1
3480 2329 1
3481 212 1
3481 443 1
3481 1423 1
3481 1685 1
3481 2206 1
3481 3398 1
3482 2412 1
3482 3140 1
3483 1117 1
3484 308 1
3484 779 1
3484 2105 1
3484 2235 1
3484 2834 1
3484 3084 1
3485 226 1
3485 516 1
3485 725 1
3485 999 1
3485 1000 1
3485 1011 1
3485 1926 1
3485 2166 1
3486 2749 1
3487 372 1
3487 1476 1
3488 488 1
3488 632 1
3489 37 1
3489 231 1
3489 690 1
3489 1616 1
3489 1807 1
3489 1896 1
3489 2037 1
3489 2682 1
3489 3063 1
3489 3318 1
3490 1426 1
3493 25 1
3493 174 1
3493 254 1
3493 667 1
3493 712 1
3493 2005 1
3493 2511 1
3493 2554 1
3493 2964 1
3494 119 1
3495 3204 1
3496 947 1
3497 144 1
3497 324 1
3497 443 1
3497 605 1
3497 631 1
3497 677 1
3497 754 1
3497 1417 1
3497 1439 1
3497 1471 1
3497 1644 1
3497 1708 1
3497 1778 1
3497 1879 1
3497 1896 1
3497 1950 1
3497 1967 1
3497 1981 1
3497 2044 1
3497 2136 1
3497 2387 1
3497 2388 1
3497 2423 1
3497 2441 1
3497 2614 1
3497 2725 1
3497 2872 1
3497 2877 1
3497 2959 1
3497 3026 1
3497 3119 1
3497 3356 1
3498 473 1
3499 436 1
3499 875 1
3499 1037 1
3499 1346 1
3499 1444 1
3499 2240 1
3499 2591 1
3500 249 1
3500 2810 1
3501 23 1
3501 2592 1
3502 2364 1
3503 467 1
3503 3301 1
3505 3333 1
3506 2259 1
3507 374 1
3507 1031 1
3507 1122 1
3507 1212 1
3507 1877 1
3507 3023 1
3508 1242 1
3509 57 1
3509 98 1
3509 508 1
3509 879 1
3509 1094 1
3509 1567 1
3509 2363 1
3509 2423 1
3509 3033 1
3510 1766 1
3511 751 1
3511 762 1
3511 2321 1
3511 3234 1
3512 1074 1
3512 2009 1
3512 2033 1
3512 3091 1
3513 443 1
3513 2423 1
3514 780 1
3514 885 1
3515 1746 1
3515 2372 1
3515 3085 1
3516 261 1
3516 3311 1
3517 1034 1
3518 2356 1
3519 14 1
3519 994 1
3519 2905 1
3519 3496 1
3520 580 1
3520 1975 1
3520 3192 1
3521 1746 1
3521 3515 1
3522 2272 1
3523 920 1
3524 17 1
3524 2903 1
3524 3365 1
3525 484 1
3525 1013 1
3525 1450 1
3525 2756 1
3525 2771 1
3525 3265 1
3526 1357 1
3526 1715 1
3526 2597 1
3526 3188 1
3528 320 1
3528 500 1
3528 1370 1
3528 3180 1
3529 1778 1
3529 1967 1
3529 2725 1
3529 2877 1
3529 3026 1
3529 3497 1
3530 443 1
3530 605 1
3530 1644 1
3530 1828 1
3530 1896 1
3530 1950 1
3530 2044 1
3530 2441 1
3530 2856 1
3530 3119 1
3530 3497 1
3531 1145 1
3531 1217 1
3531 1391 1
3531 1916 1
3532 251 1
3532 953 1
3532 2663 1
3534 37 1
3534 394 1
3534 947 1
3534 2682 1
3534 3318 1
3534 3489 1
3535 1625 1
3536 1059 1
3536 1434 1
3536 2030 1
3537 1827 1
3537 2936 1
3537 3454 1
3538 827 1
3538 1517 1
3538 3236 1
3539 566 1
3539 782 1
3539 1014 1
3539 1993 1
3539 2105 1
3539 3450 1
3540 104 1
3540 1087 1
3540 1147 1
3540 1186 1
3541 2058 1
3541 3174 1
3543 208 1
3543 587 1
3543 642 1
3544 441 1
3545 738 1
3545 877 1
3545 1014 1
3545 1538 1
3545 1782 1
3545 1892 1
3545 2105 1
3545 2479 1
3546 105 1
3546 605 1
3546 1421 1
3546 1769 1
3546 2044 1
3546 2219 1
3546 3119 1
3546 3353 1
3547 886 1
3547 1011 1
3547 1686 1
3548 1320 1
3548 1691 1
3548 2265 1
3548 2520 1
3550 68 1
3550 129 1
3550 166 1
3550 400 1
3550 521 1
3550 766 1
3550 1042 1
3550 1195 1
3550 1251 1
3550 1812 1
3550 1921 1
3550 2142 1
3550 2256 1
3550 2262 1
3550 2752 1
3550 3147 1
3551 2035 1
3552 1556 1
3552 3284 1
3553 1665 1
3553 2115 1
3553 3243 1
3554 231 1
3554 605 1
3554 1103 1
3554 1616 1
3554 2037 1
3554 2044 1
3554 2219 1
3554 2682 1
3554 3119 1
3554 3489 1
3555 663 1
3555 732 1
3555 738 1
3555 1969 1
3555 2386 1
3555 2880 1
3555 3112 1
3556 2154 1
3556 2344 1
3557 1544 1
3557 3039 1
3558 694 1
3558 1008 1
3558 2480 1
3558 2666 1
3558 3029 1
3558 3064 1
3558 3432 1
3559 141 1
3559 327 1
3559 1445 1
3559 2901 1
3559 3040 1
3559 3205 1
3560 1044 1
3561 733 1
3561 2212 1
3561 2835 1
3562 307 1
3562 1978 1
3562 2490 1
3562 2554 1
3562 3374 1
3563 268 1
3563 1413 1
3563 2587 1
3563 2828 1
3564 3040 1
3565 1320 1
3565 2050 1
3565 2445 1
3566 456 1
3566 1232 1
3566 2732 1
3566 2914 1
3566 3062 1
3567 342 1
3568 1794 1
3568 2435 1
3569 879 1
3569 959 1
3569 1451 1
3569 2140 1
3569 2495 1
3569 2671 1
3569 2942 1
3570 3566 1
3571 106 1
3571 123 1
3571 800 1
3571 868 1
3571 875 1
3571 879 1
3571 1003 1
3571 1099 1
3571 1304 1
3571 1370 1
3571 1784 1
3571 1814 1
3571 1943 1
3571 1959 1
3571 1967 1
3571 2008 1
3571 2283 1
3571 2284 1
3571 2312 1
3571 2423 1
3571 2462 1
3571 2495 1
3571 2899 1
3571 2961 1
3571 3170 1
3571 3394 1
3571 3421 1
3571 3528 1
3572 402 1
3572 753 1
3572 1113 1
3572 1408 1
3572 1632 1
3572 1731 1
3572 2183 1
3573 143 1
3573 1164 1
3573 2601 1
3574 2770 1
3575 346 1
3575 371 1
3575 402 1
3575 845 1
3575 1063 1
3575 1067 1
3575 1113 1
3575 1449 1
3575 3108 1
3576 1029 1
3577 50 1
3577 721 1
3577 1061 1
3577 1524 1
3577 1816 1
3577 1857 1
3578 1197 1
3578 1443 1
3579 19 1
3579 1614 1
3581 334 1
3581 1237 1
3582 661 1
3582 3090 1
3582 3143 1
3583 2363 1
3584 566 1
3584 640 1
3584 1016 1
3584 1919 1
3584 2105 1
3584 2331 1
3584 2989 1
3584 3545 1
3585 801 1
3585 858 1
3585 1166 1
3585 2151 1
3585 2404 1
3585 2823 1
3585 3412 1
3586 807 1
3586 2335 1
3587 2156 1
3588 1284 1
3588 1318 1
3588 1606 1
3588 3160 1
3590 64 1
3590 973 1
3590 1596 1
3590 1792 1
3590 2870 1
3590 3094 1
3591 200 1
3592 2419 1
3592 2859 1
3593 552 1
3594 380 1
3595 602 1
3595 615 1
3595 1206 1
3595 1277 1
3595 1733 1
3595 2142 1
3595 2515 1
3595 2784 1
3596 801 1
3596 1166 1
3596 1702 1
3597 253 1
3597 1994 1
3597 2067 1
3597 2802 1
3597 2908 1
3598 40 1
3598 1000 1
3598 1346 1
3598 2470 1
3598 2520 1
3600 2066 1
3600 3249 1
3601 527 1
3601 1177 1
3601 2040 1
3601 2873 1
3601 3193 1
3602 809 1
3602 2361 1
3602 3174 1
3603 2850 1
3604 2494 1
3604 3298 1
3605 3120 1
3606 2695 1
3607 1403 1
3608 869 1
3608 1884 1
3608 2934 1
3609 2484 1
3609 2565 1
3609 2744 1
3609 3018 1
3609 3416 1
3611 47 1
3611 280 1
3611 2007 1
3611 2313 1
3611 2641 1
3611 2743 1
3611 2909 1
3611 2980 1
3612 846 1
3612 1283 1
3613 578 1
3613 2025 1
3613 2354 1
3614 1920 1
3615 731 1
3615 910 1
3615 954 1
3615 1046 1
3615 1476 1
3615 1644 1
3615 1669 1
3615 1697 1
3615 1700 1
3615 1778 1
3615 1901 1
3615 1945 1
3615 2122 1
3615 2145 1
3615 2465 1
3615 2502 1
3615 2533 1
3615 2613 1
3615 2869 1
3615 3092 1
3615 3399 1
3616 1464 1
3616 2858 1
3616 3075 1
3617 1070 1
3617 1868 1
3617 2460 1
3617 3282 1
3618 122 1
3618 147 1
3618 1216 1
3618 1454 1
3618 1491 1
3618 1915 1
3618 2124 1
3618 2848 1
3618 2948 1
3618 3007 1
3618 3373 1
3620 909 1
3620 3266 1
3622 3610 1
3623 546 1
3623 882 1
3623 1119 1
3623 2690 1
3623 3441 1
3624 789 1
3624 2232 1
3625 93 1
3625 123 1
3625 922 1
3625 1037 1
3625 1338 1
3625 1364 1
3625 1681 1
3625 1732 1
3625 2036 1
3625 2053 1
3625 2423 1
3625 2434 1
3625 2475 1
3625 3421 1
3625 3509 1
3626 444 1
3626 738 1
3626 784 1
3626 992 1
3626 1065 1
3626 1142 1
3626 1326 1
3626 2035 1
3626 2281 1
3626 2964 1
3626 3105 1
3626 3329 1
3626 3444 1
3626 3551 1
3627 1397 1
3627 1556 1
3627 2442 1
3627 3398 1
3628 1724 1
3628 2003 1
3629 2143 1
3630 330 1
3630 1969 1
3630 2412 1
3630 3555 1
3631 2903 1
3631 2986 1
3631 3381 1
3631 3524 1
3632 265 1
3632 2498 1
3632 2500 1
3632 3177 1
3633 25 1
3633 197 1
3633 712 1
3633 2020 1
3633 2322 1
3634 1599 1
3634 1678 1
3634 1748 1
3635 196 1
3635 1231 1
3635 3593 1
3636 1112 1
3637 634 1
3638 317 1
3638 543 1
3639 475 1
3639 605 1
3639 652 1
3639 1279 1
3639 1421 1
3639 2671 1
3639 3044 1
3639 3138 1
3639 3353 1
3640 725 1
3640 1000 1
3640 1011 1
3640 1279 1
3640 1849 1
3640 1926 1
3640 2248 1
3640 2470 1
3640 3184 1
3640 3485 1
3641 196 1
3641 995 1
3641 3635 1
3642 1235 1
3644 1950 1
3644 3530 1
3645 1799 1
3645 1847 1
3645 2190 1
3646 634 1
3646 1359 1
3647 224 1
3647 558 1
3647 592 1
3647 977 1
3647 1665 1
3647 2128 1
3647 2928 1
3647 2987 1
3648 2212 1
3648 2423 1
3648 2835 1
3649 108 1
3649 160 1
3649 1736 1
3650 167 1
3650 936 1
3650 1552 1
3650 1858 1
3650 2755 1
3652 2913 1
3652 2972 1
3653 2289 1
3654 680 1
3654 1804 1
3654 1862 1
3654 2405 1
3654 2581 1
3655 735 1
3655 888 1
3655 1020 1
3655 1556 1
3656 504 1
3656 1508 1
3656 2202 1
3656 3247 1
3656 3449 1
3657 2232 1
3659 238 1
3659 714 1
3659 1174 1
3659 1282 1
3659 1626 1
3659 3057 1
3660 3502 1
3661 182 1
3661 380 1
3661 609 1
3661 1143 1
3661 3594 1
3662 978 1
3663 804 1
3663 918 1
3663 2162 1
3663 2946 1
3664 1065 1
3664 2005 1
3664 2401 1
3664 2739 1
3664 3181 1
3665 651 1
3665 1000 1
3665 1100 1
3665 1346 1
3665 1380 1
3665 1810 1
3665 1926 1
3665 1991 1
3665 2201 1
3665 2240 1
3665 2470 1
3665 2623 1
3665 2849 1
3665 3184 1
3665 3356 1
3665 3499 1
3666 307 1
3666 314 1
3666 2054 1
3666 2299 1
3669 132 1
3669 330 1
3669 663 1
3669 738 1
3669 784 1
3669 1014 1
3669 1209 1
3669 1924 1
3669 2105 1
3669 2281 1
3669 2739 1
3669 2964 1
3669 3360 1
3669 3626 1
3670 1906 1
3670 2835 1
3671 224 1
3671 238 1
3671 1282 1
3671 1626 1
3671 3659 1
3672 1694 1
3673 766 1
3673 1111 1
3673 1195 1
3673 1449 1
3675 2054 1
3676 186 1
3676 716 1
3676 918 1
3676 957 1
3676 1415 1
3676 1827 1
3676 2248 1
3676 2423 1
3676 2961 1
3676 3280 1
3676 3399 1
3677 664 1
3677 2789 1
3677 3091 1
3678 912 1
3679 561 1
3679 977 1
3679 1067 1
3679 1195 1
3679 2367 1
3679 2754 1
3680 3623 1
3681 3667 1
3682 634 1
3682 3646 1
3683 80 1
3683 137 1
3683 827 1
3683 2489 1
3685 879 1
3686 1122 1
3687 156 1
3687 530 1
3689 729 1
3689 791 1
3689 1916 1
3690 54 1
3690 1094 1
3690 2120 1
3690 2605 1
3690 2961 1
3691 1164 1
3691 1715 1
3691 3372 1
3692 1972 1
3693 141 1
3693 323 1
3693 484 1
3693 792 1
3693 1155 1
3693 1501 1
3693 1588 1
3693 1915 1
3693 2038 1
3693 2382 1
3693 2994 1
3693 3116 1
3694 800 1
3695 1476 1
3695 2592 1
3696 75 1
3696 513 1
3696 561 1
3696 625 1
3696 1206 1
3696 1466 1
3697 258 1
3697 328 1
3697 454 1
3697 664 1
3697 725 1
3697 757 1
3697 809 1
3697 860 1
3697 876 1
3697 1000 1
3697 1011 1
3697 1023 1
3697 1160 1
3697 1279 1
3697 1379 1
3697 1794 1
3697 1849 1
3697 1926 1
3697 1940 1
3697 2009 1
3697 2063 1
3697 2068 1
3697 2116 1
3697 2120 1
3697 2166 1
3697 2190 1
3697 2248 1
3697 2280 1
3697 2526 1
3697 2590 1
3697 3112 1
3697 3174 1
3697 3184 1
3697 3200 1
3697 3308 1
3697 3317 1
3697 3452 1
3697 3482 1
3697 3485 1
3697 3602 1
3697 3640 1
3698 180 1
3698 870 1
3698 1038 1
3698 1137 1
3698 1645 1
3698 2091 1
3698 2316 1
3698 3024 1
3698 3342 1
3698 3370 1
3699 2150 1
3699 2222 1
3700 3259 1
3701 476 1
3701 1038 1
3701 1318 1
3701 1538 1
3701 2880 1
3702 32 1
3702 860 1
3702 2311 1
3702 2687 1
3703 904 1
3704 522 1
3704 651 1
3704 826 1
3704 1000 1
3704 1380 1
3704 2438 1
3704 2470 1
3704 2623 1
3704 2849 1
3704 3184 1
3704 3591 1
3704 3665 1
3705 1014 1
3705 2105 1
3705 2487 1
3705 3012 1
3706 8 1
3706 329 1
3706 714 1
3706 3043 1
3707 1647 1
3707 3307 1
3708 237 1
3708 251 1
3708 619 1
3708 1057 1
3708 1090 1
3708 1406 1
3708 1982 1
3708 2663 1
3708 2845 1
3708 2876 1
3708 2939 1
3708 3175 1
3709 195 1
3709 1067 1
3709 3136 1
3711 88 1
3711 520 1
3711 3180 1
3712 1150 1
3712 2946 1
3713 389 1
3713 1014 1
3713 1267 1
3713 2095 1
3714 261 1
3714 3400 1
3715 196 1
3715 1067 1
3715 1752 1
3715 2256 1
3715 2528 1
3716 707 1
3717 2489 1
3717 2936 1
3718 1596 1
3718 1679 1
3719 1712 1
3719 2431 1
3720 1127 1
3720 1383 1
3720 1707 1
3720 2246 1
3720 3168 1
3721 326 1
3722 1121 1
3722 1150 1
3722 1298 1
3722 2095 1
3722 2446 1
3722 3388 1
3723 177 1
3723 3101 1
3724 501 1
3724 612 1
3724 1720 1
3724 1974 1
3724 2355 1
3724 2662 1
3724 3114 1
3725 6 1
3725 229 1
3725 543 1
3725 571 1
3725 746 1
3725 758 1
3725 867 1
3725 2185 1
3725 2394 1
3725 2412 1
3725 2958 1
3725 3189 1
3725 3376 1
3725 3465 1
3726 3460 1
3729 204 1
3729 252 1
3729 420 1
3729 732 1
3729 2386 1
3729 2401 1
3729 2706 1
3729 2727 1
3729 2880 1
3729 2892 1
3729 3112 1
3729 3555 1
3730 1494 1
3730 2860 1
3730 3238 1
3730 3403 1
3731 1110 1
3731 1187 1
3731 2306 1
3732 891 1
3732 1792 1
3733 1015 1
3734 35 1
3734 151 1
3734 1068 1
3734 1272 1
3734 2481 1
3734 2636 1
3734 3326 1
3735 50 1
3735 288 1
3735 975 1
3735 1031 1
3735 1124 1
3735 1264 1
3735 1325 1
3735 1530 1
3735 1688 1
3735 2372 1
3735 2616 1
3735 2689 1
3735 2906 1
3735 3285 1
3735 3689 1
3737 5 1
3737 42 1
3737 89 1
3737 169 1
3737 196 1
3737 224 1
3737 272 1
3737 303 1
3737 371 1
3737 592 1
3737 602 1
3737 721 1
3737 747 1
3737 768 1
3737 898 1
3737 946 1
3737 995 1
3737 1174 1
3737 1237 1
3737 1254 1
3737 1416 1
3737 1665 1
3737 1878 1
3737 2889 1
3737 2928 1
3737 3321 1
3737 3334 1
3737 3635 1
3737 3647 1
3738 186 1
3738 1190 1
3738 2475 1
3738 2855 1
3739 628 1
3739 1524 1
3739 2088 1
3739 2652 1
3740 1414 1
3740 1938 1
3740 2139 1
3740 2394 1
3740 3388 1
3741 712 1
3741 2890 1
3741 3633 1
3742 2591 1
3743 867 1
3743 3725 1
3744 693 1
3744 822 1
3744 1000 1
3744 1011 1
3744 1497 1
3744 1508 1
3744 1686 1
3744 1811 1
3744 1947 1
3744 2120 1
3744 2470 1
3744 2738 1
3744 3091 1
3744 3184 1
3744 3665 1
3745 451 1
3745 1061 1
3747 936 1
3747 2755 1
3747 3650 1
3748 2291 1
3748 3017 1
3749 3207 1
3749 3412 1
3750 1087 1
3751 913 1
3751 1944 1
3751 2541 1
3752 1759 1
3752 2700 1
3753 965 1
3753 1180 1
3753 1253 1
3753 2128 1
3753 2970 1
3753 3515 1
3754 237 1
3754 687 1
3754 1932 1
3754 1953 1
3754 1982 1
3754 2085 1
3754 2215 1
3754 2567 1
3754 2883 1
3754 3175 1
3754 3392 1
3754 3708 1
3755 132 1
3755 663 1
3755 2261 1
3755 2430 1
3756 302 1
3759 113 1
3759 1988 1
3759 2050 1
3760 571 1
3760 1440 1
3760 1824 1
3760 2015 1
3760 2320 1
3760 2447 1
3760 2501 1
3760 3272 1
3761 293 1
3761 1394 1
3762 294 1
3762 905 1
3762 1067 1
3762 1836 1
3763 1931 1
3764 2402 1
3764 2932 1
3765 675 1
3765 1223 1
3765 1477 1
3765 1690 1
3765 3059 1
3766 61 1
3766 1493 1
3767 252 1
3767 466 1
3767 509 1
3767 559 1
3767 608 1
3767 663 1
3767 1065 1
3767 1704 1
3767 2095 1
3767 2401 1
3767 2553 1
3767 2727 1
3767 2831 1
3767 2892 1
3767 3360 1
3767 3729 1
3768 887 1
3768 1496 1
3768 1629 1
3768 2265 1
3769 1800 1
3769 2419 1
3769 2787 1
3770 1009 1
3770 1213 1
3770 2247 1
3771 372 1
3771 2242 1
3772 2516 1
3773 3634 1
3774 1129 1
3774 1227 1
3774 1894 1
3774 2364 1
3774 2994 1
3774 3361 1
3774 3693 1
3776 1951 1
3777 1759 1
3777 2932 1
3777 3279 1
3778 725 1
3779 640 1
3779 1197 1
3779 2331 1
3779 3444 1
3779 3545 1
3779 3584 1
3780 170 1
3780 712 1
3780 825 1
3780 1985 1
3780 2890 1
3780 3741 1
3781 366 1
3781 602 1
3781 2754 1
3781 2891 1
3781 2916 1
3781 3097 1
3781 3136 1
3781 3255 1
3781 3316 1
3781 3709 1
3782 12 1
3782 731 1
3782 1467 1
3782 1771 1
3782 1778 1
3782 2150 1
3782 2614 1
3782 3362 1
3783 617 1
3783 660 1
3783 2883 1
3783 3392 1
3783 3397 1
3784 1658 1
3785 1138 1
3786 725 1
3786 955 1
3786 1215 1
3786 1567 1
3786 1695 1
3786 1744 1
3786 2009 1
3786 2165 1
3786 3083 1
3787 2468 1
3787 3284 1
3789 738 1
3789 1782 1
3789 2479 1
3789 3545 1
3791 1242 1
3791 3496 1
3791 3508 1
3791 3519 1
3792 1038 1
3792 1137 1
3792 3024 1
3793 605 1
3793 2789 1
3794 797 1
3794 804 1
3794 846 1
3794 1186 1
3794 1779 1
3794 1945 1
3794 1978 1
3794 2869 1
3794 2888 1
3794 3200 1
3794 3663 1
3795 413 1
3795 463 1
3795 954 1
3795 2350 1
3796 156 1
3796 1825 1
3796 2437 1
3796 2922 1
3797 400 1
3797 558 1
3798 408 1
3798 658 1
3798 816 1
3798 1213 1
3798 2324 1
3798 2602 1
3798 3022 1
3799 108 1
3799 160 1
3799 344 1
3799 2835 1
3799 3098 1
3799 3335 1
3800 388 1
3800 699 1
3800 1049 1
3800 2207 1
3800 2518 1
3800 2730 1
3800 2782 1
3801 1344 1
3801 2978 1
3802 1079 1
3802 1827 1
3802 3454 1
3804 197 1
3804 585 1
3804 1495 1
3804 1663 1
3804 1993 1
3805 464 1
3806 108 1
3806 160 1
3806 660 1
3806 1276 1
3806 1529 1
3806 1736 1
3806 1956 1
3806 2212 1
3806 2289 1
3806 2516 1
3806 2571 1
3806 2945 1
3806 2954 1
3806 2998 1
3806 3009 1
3806 3185 1
3806 3338 1
3806 3359 1
3806 3772 1
3806 3799 1
3807 29 1
3807 95 1
3807 276 1
3807 352 1
3807 492 1
3807 890 1
3807 949 1
3807 1292 1
3807 1962 1
3807 2758 1
3807 3061 1
3808 979 1
3808 2829 1
3810 449 1
3810 1065 1
3810 2757 1
3810 3153 1
3810 3626 1
3811 707 1
3813 879 1
3813 1784 1
3813 2961 1
3814 1224 1
3814 2231 1
3815 1632 1
3815 3342 1
3817 365 1
3817 482 1
3817 505 1
3817 719 1
3817 1418 1
3817 2501 1
3817 2958 1
3817 3027 1
3818 3186 1
3819 117 1
3819 1925 1
3820 197 1
3820 420 1
3820 857 1
3820 1323 1
3820 1645 1
3820 2562 1
3820 3218 1
3820 3741 1
3821 723 1
3821 1747 1
3821 1992 1
3821 2858 1
3823 2791 1
3826 2358 1
3826 3417 1
3827 740 1
3827 2213 1
3827 2342 1
3827 2616 1
3827 3685 1
3828 37 1
3828 394 1
3828 596 1
3828 704 1
3828 947 1
3828 1599 1
3828 2682 1
3828 3318 1
3828 3355 1
3828 3489 1
3828 3527 1
3828 3534 1
3829 1256 1
3829 2883 1
3830 2437 1
3831 1581 1
3831 2029 1
3831 2065 1
3831 2556 1
3831 3442 1
3832 271 1
3832 2433 1
3834 2845 1
3834 3708 1
3835 814 1
3835 1224 1
3835 2231 1
3835 3814 1
3836 435 1
3836 511 1
3836 546 1
3836 882 1
3836 1119 1
3836 2690 1
3836 2974 1
3836 3441 1
3836 3623 1
3837 324 1
3837 1439 1
3837 2387 1
3838 520 1
3838 1034 1
3838 1649 1
3838 2122 1
3838 2900 1
3839 89 1
3839 208 1
3839 374 1
3839 853 1
3839 975 1
3839 1098 1
3839 1185 1
3839 1264 1
3839 1857 1
3839 2806 1
3839 3735 1
3840 880 1
3840 1623 1
3840 2718 1
3840 3015 1
3841 1207 1
3841 1238 1
3841 1854 1
3841 3032 1
3841 3203 1
3842 1201 1
3842 1205 1
3842 1813 1
3842 1815 1
3842 1955 1
3842 2527 1
3842 2968 1
3842 3771 1
3843 239 1
3843 1735 1
3844 649 1
3845 123 1
3845 2312 1
3845 2462 1
3845 3571 1
3846 706 1
3846 1222 1
3846 2002 1
3846 3110 1
3846 3167 1
3847 81 1
3847 1736 1
3847 2749 1
3847 3486 1
3848 42 1
3848 187 1
3848 946 1
3848 977 1
3848 1632 1
3848 1719 1
3848 1746 1
3848 2115 1
3848 3342 1
3848 3815 1
3849 240 1
3849 1461 1
3849 2271 1
3849 2952 1
3850 219 1
3851 139 1
3851 791 1
3851 845 1
3851 1122 1
3852 170 1
3852 667 1
3852 712 1
3852 825 1
3852 828 1
3852 1142 1
3852 1306 1
3852 1474 1
3852 1985 1
3852 2559 1
3852 2801 1
3852 2818 1
3852 2966 1
3852 3330 1
3852 3780 1
3853 3069 1
3854 860 1
3854 966 1
3854 1160 1
3854 2190 1
3854 2296 1
3854 2674 1
3855 2213 1
3856 431 1
3856 934 1
3856 1755 1
3856 1896 1
3856 1950 1
3856 1960 1
3856 2205 1
3856 2682 1
3856 3235 1
3856 3415 1
3857 3008 1
3858 238 1
3858 1637 1
3858 1690 1
3858 3659 1
3858 3671 1
3859 1000 1
3859 1100 1
3859 1279 1
3859 1346 1
3859 1380 1
3859 2423 1
3859 2470 1
3859 3598 1
3859 3665 1
3860 941 1
3860 2111 1
3861 1036 1
3863 1581 1
3863 2029 1
3863 2488 1
3863 2556 1
3863 2604 1
3863 3831 1
3864 2389 1
3865 1280 1
3865 3200 1
3866 118 1
3866 827 1
3866 1514 1
3866 3142 1
3866 3236 1
3867 286 1
3867 299 1
3867 586 1
3867 801 1
3867 1136 1
3867 1166 1
3867 1311 1
3867 1835 1
3867 1842 1
3867 2385 1
3868 2919 1
3868 3212 1
3868 3315 1
3868 3412 1
3869 1464 1
3869 1962 1
3869 2858 1
3869 3075 1
3869 3616 1
3870 42 1
3870 75 1
3870 148 1
3870 169 1
3870 196 1
3870 376 1
3870 1067 1
3870 1113 1
3870 2000 1
3870 2089 1
3870 2403 1
3870 2841 1
3870 3679 1
3870 3781 1
3871 208 1
3871 346 1
3871 521 1
3871 2089 1
3871 2754 1
3872 163 1
3872 359 1
3872 645 1
3872 1350 1
3873 488 1
3873 2819 1
3874 1701 1
3874 2021 1
3875 256 1
3875 299 1
3875 1950 1
3875 2856 1
3875 3530 1
3876 487 1
3876 835 1
3876 1657 1
3876 2394 1
3876 3479 1
3876 3638 1
3877 242 1
3877 402 1
3877 540 1
3877 561 1
3877 587 1
3877 977 1
3877 1002 1
3877 1042 1
3877 1319 1
3877 1368 1
3877 1466 1
3877 1470 1
3877 1733 1
3877 1836 1
3877 2631 1
3877 2784 1
3877 3696 1
3878 1397 1
3878 1556 1
3879 42 1
3879 294 1
3879 416 1
3879 1067 1
3879 1836 1
3879 3762 1
3880 473 1
3880 3498 1
3881 90 1
3881 110 1
3881 339 1
3881 521 1
3881 753 1
3881 766 1
3881 1731 1
3881 2256 1
3881 2987 1
3881 3136 1
3882 153 1
3882 607 1
3882 1388 1
3883 1062 1
3883 1326 1
3883 2169 1
3883 3340 1
3885 458 1
3885 1119 1
3885 1169 1
3885 1422 1
3885 1500 1
3885 1587 1
3885 2026 1
3885 2092 1
3885 3040 1
3885 3095 1
3885 3458 1
3885 3564 1
3886 416 1
3886 2183 1
3888 1770 1
3888 2052 1
3888 2276 1
3888 2531 1
3888 3408 1
3889 75 1
3889 439 1
3889 2841 1
3889 3635 1
3890 416 1
3890 1067 1
3890 1254 1
3890 3879 1
3891 3550 1
3893 324 1
3893 631 1
3893 677 1
3893 754 1
3893 1697 1
3893 1778 1
3893 1914 1
3893 1967 1
3893 1981 1
3893 2136 1
3893 2145 1
3893 2388 1
3893 2614 1
3893 2872 1
3893 3497 1
3894 2223 1
3894 3394 1
3895 1804 1
3895 1818 1
3895 1999 1
3895 3115 1
3896 401 1
3896 402 1
3896 848 1
3896 1113 1
3896 1524 1
3896 2466 1
3896 2689 1
3896 3108 1
3896 3147 1
3896 3735 1
3896 3839 1
3897 911 1
3897 1419 1
3897 1856 1
3898 2123 1
3898 2788 1
3898 2985 1
3898 3362 1
3899 192 1
3899 623 1
3899 1102 1
3899 1314 1
3900 81 1
3900 2749 1
3900 3847 1
3901 2391 1
3902 859 1
3902 2699 1
3902 3590 1
3903 2678 1
3903 2995 1
3904 487 1
3904 835 1
3904 1018 1
3904 1142 1
3904 1948 1
3904 2394 1
3904 2912 1
3904 3106 1
3904 3470 1
3904 3479 1
3904 3876 1
3905 372 1
3905 2575 1
3905 3293 1
3906 73 1
3906 1138 1
3906 1184 1
3906 2180 1
3906 3211 1
3906 3389 1
3907 1608 1
3908 561 1
3908 1002 1
3908 1836 1
3908 3877 1
3909 1270 1
3909 1894 1
3909 3064 1
3909 3223 1
3909 3428 1
3909 3558 1
3910 1083 1
3910 2344 1
3910 2687 1
3910 2726 1
3910 3233 1
3912 652 1
3912 725 1
3912 2532 1
3912 3786 1
3913 570 1
3914 77 1
3914 543 1
3914 1150 1
3914 3638 1
3915 676 1
3915 914 1
3915 3076 1
3915 3117 1
3915 3394 1
3916 716 1
3916 1252 1
3916 1415 1
3916 2609 1
3917 2398 1
3918 562 1
3918 1685 1
3918 2053 1
3918 2365 1
3918 2493 1
3918 2926 1
3921 1491 1
3921 1651 1
3922 3827 1
3923 72 1
3923 538 1
3923 848 1
3923 1470 1
3923 1498 1
3923 1733 1
3923 2089 1
3923 2367 1
3923 2659 1
3923 2891 1
3923 3316 1
3924 400 1
3924 592 1
3924 736 1
3924 1113 1
3924 1416 1
3924 1665 1
3924 1931 1
3924 2367 1
3924 2659 1
3924 2891 1
3924 3023 1
3924 3316 1
3926 2798 1
3927 1550 1
3927 2761 1
3928 7 1
3928 3719 1
3929 810 1
3929 1194 1
3929 1712 1
3929 2084 1
3929 3383 1
3930 282 1
3930 1439 1
3930 1484 1
3930 1778 1
3930 2136 1
3930 2387 1
3930 3837 1
3931 39 1
3932 1216 1
3932 2373 1
3933 994 1
3934 583 1
3934 1237 1
3934 1261 1
3934 1277 1
3934 1289 1
3934 1592 1
3934 3581 1
3935 323 1
3935 788 1
3935 1373 1
3935 2705 1
3935 2994 1
3936 396 1
3936 420 1
3936 509 1
3936 3469 1
3937 148 1
3937 1206 1
3937 1878 1
3938 1272 1
3938 2443 1
3938 2481 1
3938 3326 1
3940 323 1
3940 621 1
3940 806 1
3940 1271 1
3940 1313 1
3940 1458 1
3940 1680 1
3940 1843 1
3940 2061 1
3940 2106 1
3940 2692 1
3940 3428 1
3941 1417 1
3941 1652 1
3941 2282 1
3941 2441 1
3942 651 1
3942 1000 1
3942 1100 1
3942 2201 1
3942 2470 1
3942 2623 1
3942 3665 1
3942 3859 1
3943 814 1
3943 1158 1
3943 2153 1
3943 3227 1
3944 3352 1
3945 2335 1
3945 3586 1
3946 605 1
3946 725 1
3946 957 1
3946 2609 1
3946 2792 1
3947 642 1
3947 1478 1
3947 1797 1
3947 2121 1
3947 2987 1
3948 562 1
3948 1172 1
3948 2493 1
3948 2926 1
3948 3918 1
3950 954 1
3950 1222 1
3950 1311 1
3950 1395 1
3950 2379 1
3950 3110 1
3951 705 1
3951 800 1
3951 2434 1
3951 3791 1
3951 3933 1
3953 576 1
3953 1388 1
3953 2488 1
3954 551 1
3954 1939 1
3954 2833 1
3954 3487 1
3956 145 1
3956 176 1
3956 1990 1
3956 2144 1
3956 3029 1
3956 3558 1
3957 1160 1
3957 3576 1
3958 1417 1
3958 2657 1
3959 200 1
3959 1000 1
3959 1279 1
3959 1643 1
3959 2365 1
3959 2423 1
3959 2470 1
3959 3859 1
3960 1040 1
3960 1044 1
3960 3318 1
3960 3396 1
3961 290 1
3961 305 1
3961 1225 1
3961 1343 1
3961 3172 1
3963 8 1
3963 298 1
3963 1174 1
3963 3697 1
3964 3725 1
3964 3743 1
3965 471 1
3966 683 1
3967 589 1
3968 1644 1
3968 1708 1
3968 1778 1
3968 1967 1
3968 2465 1
3968 3135 1
3969 31 1
3969 1150 1
3969 1606 1
3969 1997 1
3969 2430 1
3969 2715 1
3969 3755 1
3971 717 1
3971 1060 1
3971 1305 1
3971 2574 1
3972 553 1
3972 1876 1
3972 2801 1
3972 3340 1
3973 443 1
3973 655 1
3973 1685 1
3973 2130 1
3973 2309 1
3974 967 1
3974 1597 1
3974 1603 1
3974 1984 1
3974 2688 1
3974 3425 1
3975 794 1
3975 1830 1
3976 174 1
3976 252 1
3976 254 1
3976 2750 1
3976 3181 1
3978 884 1
3978 3261 1
3979 1971 1
3979 2114 1
3979 2998 1
3980 348 1
3980 1323 1
3980 2139 1
3980 2412 1
3980 2559 1
3980 2766 1
3980 3330 1
3980 3465 1
3981 89 1
3981 494 1
3981 552 1
3981 1030 1
3981 2163 1
3981 2327 1
3981 2347 1
3983 1954 1
3984 458 1
3984 1500 1
3984 3885 1
3985 25 1
3985 197 1
3985 585 1
3985 1495 1
3985 1663 1
3986 578 1
3986 856 1
3986 982 1
3986 2025 1
3986 2437 1
3986 3613 1
3987 383 1
3987 1128 1
3987 1255 1
3987 1665 1
3987 1733 1
3987 1877 1
3987 2784 1
3988 1235 1
3988 3642 1
3989 324 1
3989 631 1
3989 677 1
3989 731 1
3989 1697 1
3989 1778 1
3989 1967 1
3989 2145 1
3989 2407 1
3989 3190 1
3989 3893 1
3990 208 1
3990 552 1
3990 848 1
3990 1916 1
3990 3839 1
3991 413 1
3991 954 1
3991 3795 1
3993 564 1
3993 2108 1
3994 144 1
3994 324 1
3994 677 1
3994 1471 1
3994 1644 1
3994 1778 1
3994 1879 1
3994 1967 1
3994 1981 1
3994 2387 1
3994 2388 1
3994 2614 1
3994 2872 1
3994 2877 1
3994 3026 1
3994 3135 1
3994 3356 1
3994 3497 1
3994 3837 1
3995 1264 1
3995 2689 1
3996 47 1
3996 1506 1
3996 1804 1
3996 1862 1
3996 2815 1
3996 3115 1
3997 1229 1
3997 1842 1
3997 1989 1
3998 386 1
3998 659 1
3999 77 1
3999 3812 1
4000 1428 1
4000 2933 1
4001 87 1
4001 1196 1
4001 1625 1
4001 1630 1
4002 156 1
4002 572 1
4002 1366 1
4002 1712 1
4002 2050 1
4002 3796 1
4003 655 1
4003 3477 1
4004 1224 1
4004 2997 1
4005 75 1
4005 958 1
4005 1325 1
4005 1522 1
4005 2115 1
4005 3507 1
4005 3889 1
4006 1142 1
4006 1150 1
4006 1305 1
4006 3852 1
4006 3971 1
4007 1614 1
4007 2536 1
4007 3735 1
4008 75 1
4008 295 1
4008 468 1
4008 3079 1
4008 3822 1
4009 725 1
4009 3786 1
4010 1524 1
4010 2304 1
4010 3271 1
4010 3505 1
4011 1230 1
4011 3285 1
4011 3332 1
4011 3351 1
4013 196 1
4013 460 1
4013 995 1
4013 1195 1
4013 1447 1
4013 1752 1
4013 2376 1
4013 2624 1
4013 2702 1
4013 2752 1
4013 3870 1
4014 372 1
4014 1844 1
4014 1971 1
4014 2114 1
4014 2242 1
4014 2575 1
4014 2998 1
4014 3487 1
4014 3905 1
4014 3954 1
4014 3979 1
4016 456 1
4016 2289 1
4016 2340 1
4016 3062 1
4017 2 1
4017 225 1
4017 439 1
4017 1196 1
4017 1564 1
4018 2156 1
4018 2286 1
4019 364 1
4019 811 1
4019 3283 1
4020 1288 1
4020 3724 1
4021 3278 1
4023 1008 1
4023 1169 1
4023 1894 1
4023 2666 1
4023 3064 1
4023 3558 1
4024 874 1
4024 2269 1
4024 2827 1
4025 1592 1
4025 3081 1
4026 35 1
4026 851 1
4026 1272 1
4026 1825 1
4026 2481 1
4026 2612 1
4028 3683 1
4029 751 1
4029 2883 1
4029 2982 1
4029 3832 1
4030 560 1
4030 871 1
4031 1536 1
4031 2433 1
4031 2938 1
4031 3003 1
4032 2248 1
4032 2279 1
4032 2280 1
4032 3047 1
4033 996 1
4033 1639 1
4033 2314 1
4033 3167 1
4033 3643 1
4033 3738 1
4034 75 1
4034 294 1
4035 93 1
4035 123 1
4035 922 1
4035 1037 1
4035 1338 1
4035 1732 1
4035 1967 1
4035 2036 1
4035 2312 1
4035 2423 1
4035 2434 1
4035 2462 1
4035 3421 1
4035 3571 1
4035 3625 1
4035 3845 1
4037 764 1
4037 1097 1
4037 3435 1
4038 2293 1
4039 656 1
4039 1635 1
4039 1774 1
4042 1189 1
4043 2391 1
4043 3668 1
4045 1150 1
4045 1997 1
4045 3444 1
4045 3969 1
4046 42 1
4046 75 1
4046 164 1
4046 242 1
4046 295 1
4046 387 1
4046 468 1
4046 615 1
4046 726 1
4046 1206 1
4046 1466 1
4046 1916 1
4046 2841 1
4046 3595 1
4046 3762 1
4048 181 1
4048 1232 1
4048 1701 1
4049 1166 1
4049 1177 1
4049 1502 1
4049 2001 1
4049 2093 1
4049 2452 1
4049 3150 1
4049 3193 1
4049 3198 1
4049 3246 1
4050 824 1
4050 1317 1
4050 1457 1
4051 77 1
4051 197 1
4051 289 1
4051 720 1
4051 1116 1
4051 1302 1
4051 1567 1
4051 1794 1
4051 1823 1
4051 2020 1
4051 2521 1
4051 2538 1
4051 3056 1
4051 3467 1
4052 138 1
4052 700 1
4052 751 1
4053 560 1
4053 2432 1
4054 1160 1
4054 3475 1
4055 165 1
4055 509 1
4055 608 1
4055 784 1
4055 1209 1
4055 1538 1
4055 1606 1
4055 1704 1
4055 1782 1
4055 2281 1
4055 2316 1
4055 2880 1
4055 3444 1
4055 3545 1
4055 3555 1
4055 3669 1
4055 3767 1
4055 4045 1
4056 1034 1
4057 3108 1
4058 208 1
4059 1134 1
4061 2403 1
4061 3870 1
4064 463 1
4064 954 1
4064 1346 1
4064 3991 1
4065 16 1
4065 453 1
4065 1260 1
4066 3308 1
4067 421 1
4067 3043 1
4067 3748 1
4068 110 1
4068 3445 1
4069 271 1
4070 2027 1
4071 1602 1
4071 3265 1
4072 883 1
4072 1113 1
4072 2563 1
4072 3241 1
4073 3474 1
4074 2625 1
4074 3273 1
4075 1432 1
4075 2192 1
4075 2883 1
4075 3211 1
4075 3389 1
4075 3906 1
4076 307 1
4077 877 1
4077 1892 1
4077 3100 1
4078 405 1
4078 796 1
4078 1798 1
4078 1941 1
4078 3695 1
4079 956 1
4079 1443 1
4079 2095 1
4080 127 1
4080 261 1
4080 764 1
4080 800 1
4080 1590 1
4080 2904 1
4080 3435 1
4080 3519 1
4081 176 1
4081 347 1
4081 672 1
4081 694 1
4081 882 1
4081 1119 1
4081 1307 1
4081 1653 1
4082 931 1
4082 2200 1
4084 2215 1
4084 3754 1
4085 2282 1
4085 3583 1
4086 1409 1
4087 3078 1
4088 330 1
4088 3140 1
4089 3278 1
4090 1000 1
4090 2738 1
4090 3184 1
4090 3665 1
4090 3697 1
4090 3744 1
4091 2733 1
4092 379 1
4092 670 1
4092 1452 1
4092 2126 1
4093 690 1
4094 504 1
4094 971 1
4094 1388 1
4094 1508 1
4094 1658 1
4094 2202 1
4094 2463 1
4094 2534 1
4094 3449 1
4094 3656 1
4095 816 1
4095 1929 1
4095 2951 1
4095 3798 1
4096 35 1
4096 55 1
4096 151 1
4096 264 1
4096 1272 1
4096 2636 1
4096 3734 1
4097 367 1
4097 3726 1
4098 1286 1
4099 458 1
4099 890 1
4099 1500 1
4099 3533 1
4099 3885 1
4099 3984 1
4102 314 1
4102 925 1
4102 2592 1
4103 1238 1
4103 1334 1
4103 1898 1
4103 2357 1
4104 704 1
4104 779 1
4104 1969 1
4104 2235 1
4104 2281 1
4104 2412 1
4104 2430 1
4104 2559 1
4104 2739 1
4104 3484 1
4104 3669 1
4105 121 1
4106 2754 1
4107 1814 1
4107 3571 1
4108 112 1
4108 217 1
4108 552 1
4108 641 1
4108 747 1
4108 869 1
4108 1031 1
4108 1112 1
4108 1254 1
4108 1368 1
4108 1391 1
4108 1592 1
4108 2372 1
4108 2616 1
4108 3437 1
4108 3737 1
4108 3844 1
4110 497 1
4110 560 1
4110 737 1
4110 740 1
4110 1046 1
4110 1410 1
4110 1476 1
4110 2209 1
4110 3615 1
4113 2054 1
4113 3666 1
4113 3675 1
4113 4021 1
4114 324 1
4114 731 1
4114 1083 1
4114 1644 1
4114 1778 1
4114 2465 1
4115 3186 1
4115 3818 1
4117 361 1
4117 1462 1
4117 2014 1
4118 508 1
4119 93 1
4119 123 1
4119 922 1
4119 1037 1
4119 1338 1
4119 1732 1
4119 2036 1
4119 2423 1
4119 2434 1
4119 3421 1
4119 3625 1
4119 4035 1
4121 440 1
4121 2103 1
4122 1332 1
4122 3784 1
4123 957 1
4124 1538 1
4124 2042 1
4124 2283 1
4124 3545 1
4124 4055 1
4126 656 1
4126 1269 1
4127 3082 1
4127 3145 1
4127 3147 1
4129 482 1
4129 713 1
4129 1969 1
4129 2412 1
4129 3450 1
4130 2907 1
4131 577 1
4131 1683 1
4131 3288 1
4132 992 1
4132 2964 1
4132 3626 1
4133 838 1
4135 444 1
4135 1326 1
4135 2964 1
4135 3329 1
4135 3626 1
4135 4132 1
4136 182 1
4136 380 1
4136 609 1
4136 1143 1
4136 3404 1
4136 3661 1
4136 3949 1
4137 589 1
4137 3967 1
4138 3853 1
4139 1405 1
4140 1503 1
4140 1697 1
4140 1967 1
4140 2084 1
4140 2363 1
4140 3134 1
4140 3336 1
4141 3355 1
4142 1412 1
4142 2704 1
4143 944 1
4143 2364 1
4144 1127 1
4144 2825 1
4144 3777 1
4145 186 1
4145 1415 1
4146 3621 1
4147 458 1
4147 1500 1
4147 3885 1
4147 3984 1
4147 4099 1
4148 4093 1
4149 1201 1
4149 1205 1
4149 1813 1
4149 1815 1
4149 2526 1
4149 2968 1
4149 3392 1
4149 3842 1
4150 2761 1
4150 3927 1
4150 4082 1
4151 3412 1
4151 3749 1
4152 223 1
4152 429 1
4152 707 1
4152 725 1
4152 1901 1
4152 2280 1
4152 2561 1
4152 3676 1
4152 3697 1
4152 3716 1
4152 3912 1
4153 52 1
4153 244 1
4153 590 1
4155 226 1
4155 516 1
4155 725 1
4155 999 1
4155 1000 1
4155 1011 1
4155 1926 1
4155 3485 1
4155 3640 1
4155 3697 1
4156 1289 1
4157 2086 1
4157 2412 1
4157 2559 1
4157 2766 1
4157 3330 1
4157 3980 1
4159 701 1
4159 1107 1
4160 552 1
4160 1154 1
4160 1206 1
4160 2820 1
4160 2841 1
4161 224 1
4161 928 1
4161 1746 1
4161 3136 1
4161 3553 1
4161 3781 1
4163 1213 1
4163 1886 1
4163 2552 1
4163 3529 1
4164 1318 1
4165 1044 1
4165 1199 1
4165 1400 1
4165 1789 1
4166 1940 1
4166 2068 1
4166 2650 1
4166 3044 1
4166 3138 1
4166 3639 1
4167 229 1
4167 330 1
4167 543 1
4167 1121 1
4167 1452 1
4167 2446 1
4167 2479 1
4167 3199 1
4167 3388 1
4167 3722 1
4168 317 1
4168 1142 1
4168 1948 1
4168 3105 1
4168 3470 1
4168 3626 1
4168 3638 1
4170 941 1
4170 2111 1
4171 1293 1
4171 1529 1
4171 1611 1
4171 2954 1
4171 3962 1
4172 3271 1
4172 4010 1
4173 3407 1
4174 2244 1
4175 1397 1
4175 1511 1
4175 1556 1
4176 3533 1
4177 431 1
4177 1755 1
4177 2205 1
4177 2682 1
4177 3235 1
4177 3415 1
4177 3856 1
4178 2708 1
4179 825 1
4179 1070 1
4179 1303 1
4179 1824 1
4180 1864 1
4182 2883 1
4182 3392 1
4182 3420 1
4182 3783 1
4182 4029 1
4183 50 1
4183 295 1
4183 468 1
4183 1206 1
4183 1473 1
4183 2183 1
4183 2466 1
4183 3575 1
4184 2047 1
4185 918 1
4185 1222 1
4185 1793 1
4186 375 1
4186 378 1
4186 974 1
4186 1101 1
4186 2015 1
4186 2246 1
4187 224 1
4187 238 1
4187 1847 1
4187 3671 1
4189 849 1
4190 271 1
4190 4069 1
4191 1214 1
4192 808 1
4193 372 1
4193 1939 1
4193 2349 1
4193 2998 1
4193 3003 1
4193 3847 1
4196 888 1
4196 1349 1
4196 1527 1
4196 2274 1
4196 2967 1
4196 3690 1
4197 1001 1
4197 1057 1
4197 1320 1
4197 2543 1
4198 422 1
4198 3264 1
4199 599 1
4199 2745 1
4200 66 1
4200 420 1
4200 2386 1
4200 2430 1
4200 3330 1
4200 3493 1
4200 4116 1
4201 1581 1
4201 2556 1
4201 3863 1
4202 844 1
4203 714 1
4203 3043 1
4203 3314 1
4203 3706 1
4204 35 1
4204 314 1
4204 658 1
4204 1520 1
4204 2636 1
4204 4096 1
4205 2054 1
4205 3666 1
4206 2271 1
4207 721 1
4207 1041 1
4207 2183 1
4207 2509 1
4207 3550 1
4208 1031 1
4208 3871 1
4209 261 1
4209 1358 1
4209 1451 1
4209 3714 1
4210 197 1
4210 857 1
4210 1609 1
4210 3388 1
4210 3820 1
4211 302 1
4211 1662 1
4211 3303 1
4212 3955 1
4213 1727 1
4214 286 1
4214 3022 1
4215 576 1
4215 3953 1
4216 4128 1
4217 970 1
4217 2241 1
4217 3200 1
4217 3399 1
4219 1352 1
4219 1485 1
4221 2304 1
4221 3271 1
4221 3333 1
4221 3505 1
4221 4010 1
4221 4172 1
4222 188 1
4222 816 1
4222 1177 1
4222 1213 1
4222 1886 1
4222 1961 1
4222 2171 1
4222 2247 1
4222 2552 1
4222 2817 1
4222 3118 1
4222 3162 1
4222 3239 1
4222 4163 1
4223 1662 1
4224 81 1
4224 801 1
4224 858 1
4224 1166 1
4224 1702 1
4224 1807 1
4224 1939 1
4224 2151 1
4224 2385 1
4224 2749 1
4224 2753 1
4224 2823 1
4224 2919 1
4224 3035 1
4224 3207 1
4224 3212 1
4224 3315 1
4224 3412 1
4224 3439 1
4224 3486 1
4224 3585 1
4224 3723 1
4224 3749 1
4224 3847 1
4224 3867 1
4224 3868 1
4224 3900 1
4224 4151 1
4224 4193 1
4225 3887 1
4226 1814 1
4226 1952 1
4226 3571 1
4226 4107 1
4227 2468 1
4227 3787 1
4228 595 1
4228 1467 1
4228 1476 1
4228 2448 1
4229 1000 1
4229 2039 1
4229 2424 1
4229 3021 1
4229 3827 1
4229 3951 1
4229 4170 1
4230 3278 1
4231 558 1
4231 2137 1
4231 2509 1
4231 2624 1
4231 2654 1
4232 2768 1
4232 3955 1
4232 4212 1
4235 588 1
4235 735 1
4235 1011 1
4235 1914 1
4235 2527 1
4235 2638 1
4236 3769 1
4237 933 1
4237 1524 1
4237 2466 1
4238 2122 1
4238 3838 1
4239 703 1
4240 243 1
4240 879 1
4240 1311 1
4240 1395 1
4240 1922 1
4240 2520 1
4240 3950 1
4241 1544 1
4241 1760 1
4241 3557 1
4242 640 1
4242 1016 1
4242 2331 1
4242 3584 1
4242 3779 1
4243 3374 1
4244 432 1
4244 470 1
4244 741 1
4244 860 1
4244 1601 1
4246 2156 1
4246 2172 1
4246 2192 1
4246 4018 1
4248 25 1
4248 197 1
4248 712 1
4248 2551 1
4249 330 1
4249 663 1
4249 784 1
4249 3669 1
4250 1670 1
4251 587 1
4252 1137 1
4252 2616 1
4252 4051 1
4253 40 1
4253 522 1
4253 1000 1
4253 1100 1
4253 2470 1
4253 3665 1
4256 339 1
4257 324 1
4257 588 1
4257 889 1
4257 1011 1
4257 1453 1
4257 1644 1
4257 1739 1
4258 88 1
4258 520 1
4258 2587 1
4258 3234 1
4258 3511 1
4259 1820 1
4259 2442 1
4259 3395 1
4259 3398 1
4259 4224 1
4260 3038 1
4263 93 1
4263 123 1
4263 922 1
4263 1037 1
4263 1338 1
4263 1732 1
4263 2036 1
4263 2423 1
4263 2434 1
4263 3421 1
4263 3625 1
4263 4035 1
4263 4119 1
4265 1166 1
4265 2151 1
4265 2404 1
4265 2753 1
4265 2823 1
4265 3412 1
4265 3585 1
4265 4224 1
4266 3533 1
4266 4099 1
4267 1210 1
4268 1616 1
4268 1960 1
4268 2682 1
4268 2813 1
4268 3489 1
4268 3554 1
4268 3582 1
4271 346 1
4271 374 1
4271 489 1
4271 625 1
4271 1312 1
4271 1600 1
4271 2689 1
4271 3553 1
4271 4161 1
4272 240 1
4272 527 1
4272 658 1
4272 787 1
4272 1177 1
4272 1213 1
4272 1461 1
4272 2249 1
4272 2271 1
4272 3101 1
4272 3143 1
4272 3166 1
4272 3193 1
4272 3601 1
4272 3926 1
4273 3164 1
4274 2733 1
4274 3803 1
4275 25 1
4275 646 1
4275 712 1
4275 774 1
4275 1337 1
4275 1367 1
4275 2161 1
4275 2190 1
4275 2706 1
4275 3524 1
4276 158 1
4276 970 1
4276 3200 1
4276 3399 1
4277 284 1
4277 572 1
4277 2669 1
4277 3002 1
4277 3351 1
4277 4170 1
4278 1393 1
4279 661 1
4281 460 1
4281 592 1
4281 642 1
4281 977 1
4281 2624 1
4281 3019 1
4281 3066 1
4281 3248 1
4281 3595 1
4282 1069 1
4282 1803 1
4283 1173 1
4283 2603 1
4283 2972 1
4284 2436 1
4284 3348 1
4285 100 1
4285 1941 1
4286 113 1
4286 751 1
4286 964 1
4286 1136 1
4286 1751 1
4286 1814 1
4286 1988 1
4286 2093 1
4286 3289 1
4286 3571 1
4286 3759 1
4286 4107 1
4286 4226 1
4287 1186 1
4287 1286 1
4288 2550 1
4288 2566 1
4289 2250 1
4289 3256 1
4289 3647 1
4290 371 1
4290 1368 1
4290 2152 1
4290 2752 1
4290 3023 1
4290 3108 1
4290 3213 1
4291 448 1
4291 1085 1
4291 1785 1
4292 351 1
4292 680 1
4292 1529 1
4292 2433 1
4292 2526 1
4292 2780 1
4292 3185 1
4293 82 1
4294 1246 1
4294 1534 1
4294 2712 1
4294 2866 1
4294 3161 1
4295 49 1
4295 1494 1
4295 1738 1
4296 931 1
4296 1727 1
4296 1845 1
4296 1952 1
4296 4121 1
4297 419 1
4298 1201 1
4298 1205 1
4298 1955 1
4298 2526 1
4298 2968 1
4298 3392 1
4298 3397 1
4298 3842 1
4298 4149 1
4299 714 1
4299 860 1
4299 1083 1
4299 1484 1
4299 1615 1
4299 2049 1
4299 2116 1
4299 2311 1
4299 2344 1
4299 2537 1
4299 2574 1
4299 2687 1
4299 2726 1
4299 3043 1
4299 3172 1
4299 3233 1
4299 3556 1
4299 3702 1
4299 3706 1
4299 3910 1
4299 4203 1
4300 126 1
4300 144 1
4300 677 1
4300 1011 1
4300 1471 1
4300 1644 1
4300 1778 1
4300 1967 1
4300 1981 1
4300 2725 1
4300 2959 1
4300 3026 1
4300 3135 1
4300 3356 1
4300 3497 1
4300 3529 1
4300 3994 1
4300 4114 1
4301 691 1
4301 965 1
4302 2331 1
4302 3163 1
4302 3536 1
4303 420 1
4304 464 1
4304 941 1
4304 1431 1
4304 3292 1
4304 3589 1
4304 3805 1
4304 4002 1
4305 132 1
4305 254 1
4305 263 1
4305 326 1
4305 330 1
4305 708 1
4305 734 1
4305 738 1
4305 784 1
4305 852 1
4305 1014 1
4305 1127 1
4305 1150 1
4305 1302 1
4305 1303 1
4305 1553 1
4305 1969 1
4305 2005 1
4305 2118 1
4305 2281 1
4305 2511 1
4305 2807 1
4305 2967 1
4305 3033 1
4305 3102 1
4305 3140 1
4305 3232 1
4305 3341 1
4305 3424 1
4305 3493 1
4305 3555 1
4305 3669 1
4305 4088 1
4307 3195 1
4307 3200 1
4307 3311 1
4307 3386 1
4308 801 1
4308 1166 1
4308 1557 1
4308 1702 1
4308 3596 1
4309 1081 1
4309 2738 1
4309 3008 1
4309 3125 1
4311 160 1
4311 344 1
4311 364 1
4311 733 1
4311 1529 1
4311 1844 1
4311 1906 1
4311 2114 1
4311 2212 1
4311 2242 1
4311 2396 1
4311 2492 1
4311 2635 1
4311 2835 1
4311 2945 1
4311 3143 1
4311 3185 1
4311 3246 1
4311 3561 1
4311 3582 1
4311 3648 1
4311 3670 1
4311 3799 1
4311 3806 1
4312 1057 1
4312 4197 1
4315 136 1
4315 2557 1
4316 8 1
4316 489 1
4316 990 1
4316 1402 1
4316 1563 1
4316 2540 1
4316 3432 1
4316 4256 1
4317 1000 1
4317 1567 1
4317 1695 1
4317 2470 1
4317 3665 1
4318 801 1
4318 1166 1
4318 1702 1
4318 2753 1
4318 3207 1
4318 3585 1
4318 3749 1
4318 3847 1
4318 4193 1
4318 4224 1
4318 4265 1
4319 256 1
4319 279 1
4319 481 1
4319 579 1
4319 634 1
4319 1320 1
4319 1771 1
4319 2413 1
4319 2843 1
4322 1080 1
4322 2353 1
4322 2480 1
4322 2484 1
4322 2901 1
4322 3064 1
4322 3441 1
4322 3558 1
4322 3909 1
4323 336 1
4323 659 1
4323 3491 1
4323 3998 1
4325 875 1
4325 1097 1
4326 4115 1
4327 604 1
4327 1860 1
4327 2829 1
4327 3808 1
4328 717 1
4329 3186 1
4329 3818 1
4329 4115 1
4330 42 1
4330 671 1
4330 753 1
4330 1113 1
4330 1208 1
4330 1312 1
4330 1731 1
4330 1746 1
4330 1872 1
4330 2563 1
4330 3108 1
4330 3241 1
4330 3848 1
4330 3881 1
4331 84 1
4331 1517 1
4331 1700 1
4331 3092 1
4332 1218 1
4333 721 1
4333 1394 1
4333 2352 1
4333 3577 1
4333 4207 1
4336 2889 1
4337 2950 1
4338 6 1
4338 229 1
4338 543 1
4338 1481 1
4339 1582 1
4340 67 1
4340 2042 1
4340 2283 1
4340 4124 1
4341 3806 1
4342 165 1
4342 1158 1
4342 1606 1
4342 2628 1
4342 2715 1
4342 4055 1
4343 85 1
4343 170 1
4343 285 1
4343 782 1
4343 825 1
4343 828 1
4343 931 1
4343 1142 1
4343 1985 1
4343 2430 1
4343 2513 1
4343 2940 1
4343 3056 1
4343 3105 1
4343 3465 1
4343 3852 1
4344 1255 1
4344 2825 1
4344 3429 1
4344 4262 1
4344 4280 1
4345 458 1
4345 2225 1
4345 3116 1
4345 3984 1
4346 75 1
4346 187 1
4346 753 1
4346 812 1
4346 1632 1
4346 2115 1
4346 3342 1
4346 3848 1
4346 4330 1
4347 183 1
4347 3006 1
4348 3186 1
4348 3818 1
4348 4115 1
4348 4326 1
4348 4329 1
4349 13 1
4349 123 1
4349 725 1
4349 875 1
4349 1000 1
4349 1011 1
4349 1567 1
4349 1849 1
4349 1912 1
4349 1926 1
4349 2034 1
4349 2280 1
4349 2470 1
4349 2656 1
4349 3236 1
4349 3421 1
4349 3485 1
4349 3640 1
4349 3665 1
4349 3697 1
4349 3786 1
4349 3963 1
4349 4035 1
4349 4155 1
4350 2027 1
4350 2836 1
4350 4093 1
4350 4148 1
4351 388 1
4351 699 1
4351 808 1
4351 1049 1
4351 1488 1
4351 2207 1
4351 3800 1
4352 1672 1
4352 2587 1
4352 2712 1
4352 2944 1
4353 866 1
4353 1065 1
4353 2401 1
4353 2727 1
4353 3181 1
4354 2557 1
4354 2564 1
4355 3493 1
4355 4262 1
4355 4344 1
4356 113 1
4356 1751 1
4356 1995 1
4356 4226 1
4356 4286 1
4357 25 1
4358 10 1
4358 1571 1
4358 2373 1
4359 588 1
4359 735 1
4359 971 1
4359 1011 1
4359 1213 1
4359 1905 1
4359 1914 1
4359 2271 1
4359 2527 1
4359 2638 1
4359 3101 1
4359 3133 1
4359 3849 1
4359 4235 1
4359 4272 1
4360 1310 1
4360 2592 1
4360 3047 1
4360 3264 1
4360 4102 1
4360 4229 1
4361 2807 1
4362 4121 1
4362 4296 1
4363 572 1
4364 284 1
4364 1934 1
4364 4094 1
4365 356 1
4365 592 1
4365 812 1
4365 1459 1
4365 1498 1
4365 1746 1
4365 2137 1
4365 2403 1
4365 2505 1
4365 2515 1
4365 2689 1
4365 4200 1
4366 1597 1
4366 1603 1
4366 1984 1
4366 2688 1
4366 3425 1
4366 3974 1
4367 56 1
4367 2529 1
4368 4082 1
4369 1882 1
4369 2115 1
4369 2505 1
4369 3553 1
4370 248 1
4370 694 1
4370 2480 1
4372 546 1
4372 882 1
4372 2364 1
4372 2690 1
4372 3441 1
4372 3623 1
4372 3836 1
4373 980 1
4373 4214 1
4374 1270 1
4374 1668 1
4374 3428 1
4374 3909 1
4375 797 1
4376 314 1
4376 2938 1
4376 3666 1
4376 4031 1
4377 1044 1
4377 1789 1
4377 3560 1
4378 176 1
4378 248 1
4378 525 1
4378 694 1
4378 1008 1
4378 1653 1
4378 1840 1
4378 1894 1
4378 2480 1
4378 3064 1
4378 3558 1
4378 4081 1
4378 4370 1
4379 3505 1
4380 113 1
4381 2671 1
4381 3639 1
4383 9 1
4383 860 1
4383 966 1
4384 4360 1
4385 653 1
4385 2070 1
4385 2394 1
4386 3033 1
4387 1939 1
4387 3004 1
4388 1391 1
4388 3990 1
4389 224 1
4389 238 1
4389 318 1
4389 664 1
4389 937 1
4389 1036 1
4389 1160 1
4389 3697 1
4389 3737 1
4392 810 1
4392 1232 1
4392 1364 1
4393 1040 1
4393 1044 1
4393 1695 1
4393 1745 1
4393 3195 1
4393 3200 1
4393 3386 1
4393 4307 1
4393 4317 1
4395 1303 1
4395 1318 1
4395 1494 1
4395 2030 1
4395 2252 1
4395 2402 1
4395 3424 1
4395 3465 1
4395 4200 1
4396 2057 1
4397 810 1
4397 1364 1
4397 2365 1
4397 2423 1
4397 3959 1
4398 323 1
4398 621 1
4398 901 1
4398 1236 1
4398 1271 1
4398 1504 1
4398 1933 1
4398 2426 1
4398 2705 1
4398 3441 1
4398 3564 1
4398 3885 1
4398 3940 1
4400 681 1
4400 991 1
4400 4254 1
4400 4360 1
4401 538 1
4401 905 1
4401 1733 1
4402 659 1
4402 896 1
4404 156 1
4404 277 1
4404 307 1
4404 530 1
4404 680 1
4404 1529 1
4404 2050 1
4404 2526 1
4404 2968 1
4404 3185 1
4404 3215 1
4404 4149 1
4404 4292 1
4405 3202 1
4407 2386 1
4407 2430 1
4407 4200 1
4407 4365 1
4408 602 1
4408 1878 1
4408 2370 1
4408 3737 1
4409 1606 1
4409 2555 1
4409 2734 1
4410 2190 1
4410 4389 1
4411 4313 1
4412 77 1
4412 560 1
4412 664 1
4412 871 1
4412 956 1
4412 1150 1
4412 1624 1
4412 1997 1
4412 2305 1
4412 2555 1
4412 3914 1
4412 3969 1
4412 4006 1
4412 4030 1
4412 4045 1
4413 387 1
4413 1113 1
4413 1583 1
4413 1600 1
4413 3710 1
4414 167 1
4414 237 1
4414 569 1
4414 1057 1
4414 1090 1
4414 1166 1
4414 2729 1
4414 2845 1
4414 2876 1
4414 2939 1
4414 3650 1
4414 3708 1
4414 3834 1
4415 270 1
4415 2112 1
4416 180 1
4416 204 1
4416 4105 1
4417 3011 1
4418 3223 1
4418 3909 1
4419 561 1
4419 777 1
4419 1532 1
4419 1688 1
4419 2611 1
4419 3735 1
4420 605 1
4420 1347 1
4420 1525 1
4420 2219 1
4420 2491 1
4420 2792 1
4420 3119 1
4421 903 1
4421 1129 1
4421 1227 1
4421 2092 1
4421 2364 1
4421 3095 1
4421 3774 1
4421 3885 1
4421 4398 1
4422 48 1
4422 2097 1
4422 2961 1
4422 3393 1
4424 160 1
4426 181 1
4426 1970 1
4426 4286 1
4427 2897 1
4428 2284 1
4428 3571 1
4428 3845 1
4429 1441 1
4429 3069 1
4429 3235 1
4429 3788 1
4429 3853 1
4429 4195 1
4430 35 1
4430 1272 1
4430 2443 1
4430 2481 1
4430 3326 1
4430 3734 1
4431 3542 1
4432 509 1
4432 2733 1
4432 2880 1
4432 4055 1
4432 4091 1
4433 2171 1
4434 1201 1
4434 1205 1
4434 2324 1
4436 1120 1
4436 1127 1
4436 2969 1
4439 2933 1
4441 751 1
4441 982 1
4441 2195 1
4441 3034 1
4442 1037 1
4442 1444 1
4442 1732 1
4442 3625 1
4443 74 1
4444 420 1
4444 732 1
4444 1014 1
4444 2153 1
4444 2890 1
4445 2393 1
4446 2393 1
4446 2409 1
4446 4445 1
4447 1529 1
4447 2657 1
4447 3338 1
4447 3806 1
4449 12 1
4449 256 1
4449 299 1
4449 481 1
4449 1081 1
4449 1320 1
4449 1467 1
4449 1476 1
4449 1771 1
4449 1778 1
4449 2150 1
4449 2448 1
4449 2614 1
4449 2843 1
4449 3362 1
4449 3782 1
4449 4228 1
4449 4319 1
4450 25 1
4450 1038 1
4450 2551 1
4451 1412 1
4451 1463 1
4452 4021 1
4452 4113 1
4452 4230 1
4453 1551 1
4453 2655 1
4454 2433 1
4454 3185 1
4454 4292 1
4455 2569 1
4455 2680 1
4456 484 1
4456 556 1
4456 806 1
4456 2011 1
4456 2106 1
4456 2236 1
4456 3223 1
4456 3909 1
4458 740 1
4458 1476 1
4458 4110 1
4459 801 1
4459 1166 1
4459 1791 1
4459 2043 1
4459 2151 1
4459 2287 1
4459 2404 1
4459 2823 1
4460 1806 1
4460 2457 1
4462 1246 1
4462 2945 1
4462 2954 1
4462 3278 1
4462 3806 1
4462 4294 1
4463 1028 1
4464 652 1
4464 893 1
4464 1083 1
4464 4114 1
4464 4435 1
4465 174 1
4465 857 1
4465 1275 1
4465 1414 1
4465 1657 1
4465 2095 1
4465 2139 1
4466 2376 1
4466 2752 1
4467 470 1
4467 4115 1
4468 1246 1
4468 1534 1
4468 1694 1
4468 2836 1
4468 3161 1
4468 3278 1
4468 4015 1
4468 4089 1
4468 4230 1
4468 4294 1
4468 4452 1
4468 4462 1
4469 1443 1
4469 4079 1
4470 3840 1
4471 963 1
4471 2477 1
4471 3391 1
4472 200 1
4472 462 1
4472 725 1
4472 1000 1
4472 1011 1
4472 1926 1
4472 3485 1
4472 3640 1
4472 3697 1
4472 4155 1
4472 4349 1
4473 2204 1
4473 4158 1
4474 156 1
4474 351 1
4474 680 1
4474 1529 1
4474 2433 1
4474 2526 1
4474 2780 1
4474 2952 1
4474 2981 1
4474 3126 1
4474 3185 1
4474 3276 1
4474 4292 1
4474 4404 1
4474 4454 1
4475 3688 1
4477 810 1
4477 1055 1
4477 2182 1
4477 2260 1
4477 2423 1
4477 4397 1
4479 4390 1
4480 800 1
4480 875 1
4480 1883 1
4480 2284 1
4480 2961 1
4480 3375 1
4480 3571 1
4481 473 1
4481 2590 1
4481 3498 1
4482 1136 1
4482 2093 1
4482 4169 1
4482 4286 1
4483 12 1
4483 256 1
4483 279 1
4483 299 1
4483 481 1
4483 579 1
4483 634 1
4483 874 1
4483 1081 1
4483 1320 1
4483 1359 1
4483 1467 1
4483 1476 1
4483 1711 1
4483 1771 1
4483 1778 1
4483 1967 1
4483 2150 1
4483 2199 1
4483 2317 1
4483 2448 1
4483 2468 1
4483 2482 1
4483 2614 1
4483 2843 1
4483 2953 1
4483 2959 1
4483 3362 1
4483 3446 1
4483 3637 1
4483 3646 1
4483 3682 1
4483 3782 1
4483 3790 1
4483 4158 1
4483 4228 1
4483 4449 1
4484 313 1
4484 655 1
4484 1528 1
4484 1727 1
4484 1845 1
4484 1910 1
4484 2359 1
4484 2717 1
4484 2862 1
4484 2946 1
4484 3031 1
4484 3127 1
4484 3453 1
4484 3477 1
4484 3794 1
4484 3806 1
4484 4213 1
4484 4296 1
4485 874 1
4485 2269 1
4485 4024 1
4486 735 1
4486 1000 1
4486 1011 1
4486 1380 1
4486 1926 1
4486 2470 1
4487 3650 1
4487 3747 1
4489 800 1
4489 3971 1
4490 265 1
4490 3309 1
4490 3341 1
4490 3381 1
4491 1261 1
4491 3378 1
4492 4010 1
4493 3504 1
4494 4200 1
4494 4334 1
4495 225 1
4495 232 1
4495 821 1
4495 1271 1
4495 1621 1
4495 2194 1
4496 1245 1
4496 3992 1
4497 1166 1
4497 2093 1
4498 2979 1
4499 935 1
4499 1544 1
4499 3200 1
4499 3345 1
4499 4307 1
4500 1499 1
4501 4229 1
4502 18 1
4502 141 1
4502 1874 1
4502 2061 1
4502 2705 1
4502 3935 1
4502 4418 1
4503 44 1
4503 224 1
4503 1484 1
4503 1554 1
4503 1904 1
4503 2296 1
4503 2590 1
4503 2804 1
4503 4299 1
4503 4389 1
4504 860 1
4504 1083 1
4504 1484 1
4504 1778 1
4504 3233 1
4504 3910 1
4504 3930 1
4505 1441 1
4505 4429 1
4507 25 1
4507 197 1
4507 2551 1
4507 2706 1
4507 2980 1
4507 3729 1
4507 3985 1
4507 4248 1
4507 4357 1
4508 1966 1
4508 2980 1
4508 3819 1
4509 3388 1
4510 1536 1
4510 2950 1
4510 3003 1
4510 4031 1
4512 323 1
4512 621 1
4512 788 1
4512 1271 1
4512 1373 1
4512 1687 1
4512 2994 1
4512 3935 1
4512 3940 1
4512 4398 1
4513 103 1
4513 1038 1
4513 2386 1
4513 2734 1
4513 2880 1
4513 2966 1
4513 4409 1
4514 1496 1
4514 2218 1
4514 2265 1
4514 3131 1
4514 3768 1
4515 1391 1
4515 1665 1
4516 1065 1
4516 1137 1
4516 1969 1
4516 2005 1
4516 3626 1
4516 3810 1
4517 2715 1
4517 3969 1
4517 4229 1
4518 2592 1
4518 4102 1
4518 4360 1
4520 1771 1
4522 1676 1
4523 1795 1
4523 2394 1
4524 323 1
4524 502 1
4524 1445 1
4524 1501 1
4524 3040 1
4524 3310 1
4524 3559 1
4525 2347 1
4526 205 1
4526 951 1
4526 1673 1
4526 2484 1
4527 1307 1
4527 4081 1
4529 1246 1
4529 1939 1
4529 3522 1
4529 4021 1
4529 4113 1
4529 4452 1
4529 4468 1
4530 1452 1
4530 2455 1
4530 2530 1
4530 2890 1
4530 4506 1
4531 858 1
4531 1166 1
4531 1791 1
4531 2043 1
4531 2151 1
4531 2404 1
4531 3944 1
4531 4459 1
4532 1401 1
4532 3394 1
4532 3894 1
4532 4336 1
4533 2283 1
4533 3729 1
4533 4088 1
4535 112 1
4535 1254 1
4535 1572 1
4536 1002 1
4536 1195 1
4536 2155 1
4536 2367 1
4536 2515 1
4536 2754 1
4536 2891 1
4536 3316 1
4536 3679 1
4536 4106 1
4536 4365 1
4537 480 1
4537 755 1
4537 816 1
4537 1213 1
4537 3239 1
4538 2875 1
4539 2875 1
4540 4158 1
4541 1246 1
4541 4294 1
4543 98 1
4543 1051 1
4543 2162 1
4543 2248 1
4543 2280 1
4544 25 1
4544 663 1
4544 4164 1
4544 4439 1
4545 474 1
4545 2550 1
4545 2598 1
4545 4288 1
4547 281 1
4547 572 1
4547 686 1
4547 1429 1
4548 4226 1
4549 808 1
4549 955 1
4549 1488 1
4549 2588 1
4549 4351 1
4550 145 1
4550 903 1
4550 1109 1
4550 1420 1
4550 1680 1
4550 1895 1
4550 3956 1
4551 694 1
4551 1008 1
4551 2480 1
4551 3064 1
4551 4378 1
4552 372 1
4552 1971 1
4552 2114 1
4552 2510 1
4552 2567 1
4552 2998 1
4552 3038 1
4552 3487 1
4552 3905 1
4552 3979 1
4552 4014 1
4552 4260 1
4552 4311 1
4553 313 1
4553 846 1
4554 2068 1
4555 2408 1
4555 2423 1
4556 2304 1
4556 3505 1
4556 4010 1
4556 4221 1
4556 4379 1
4557 9 1
4557 860 1
4557 1819 1
4557 3013 1
4557 4383 1
4558 903 1
4558 1129 1
4558 1422 1
4558 2092 1
4558 3885 1
4558 4421 1
4560 263 1
4560 511 1
4560 637 1
4560 650 1
4560 1703 1
4560 3102 1
4562 34 1
4562 620 1
4562 1318 1
4562 1495 1
4562 1573 1
4562 1663 1
4562 3804 1
4562 3985 1
4563 610 1
4563 1150 1
4563 1336 1
4563 1344 1
4563 3287 1
4563 4219 1
4563 4544 1
4564 587 1
4564 3255 1
4565 301 1
4565 460 1
4565 977 1
4565 1025 1
4565 1665 1
4565 1877 1
4566 102 1
4568 1871 1
4569 2463 1
4569 3676 1
4570 484 1
4570 556 1
4570 2106 1
4570 2236 1
4570 4456 1
4571 2836 1
4571 4350 1
4572 2701 1
4573 1939 1
4573 3323 1
4573 4387 1
4574 2203 1
4574 2686 1
4575 2281 1
4575 3712 1
4575 4249 1
4576 138 1
4576 700 1
4576 935 1
4576 1003 1
4576 1446 1
4576 1907 1
4576 1923 1
4576 1939 1
4576 2171 1
4576 2220 1
4576 2474 1
4576 3200 1
4576 3278 1
4576 3742 1
4577 1766 1
4577 2259 1
4578 1721 1
4578 2685 1
4579 3128 1
4580 3763 1
4581 4121 1
4582 2749 1
4582 3486 1
4582 3847 1
4582 3900 1
4582 4224 1
4584 81 1
4584 801 1
4584 1166 1
4584 1807 1
4584 1939 1
4584 2749 1
4584 3439 1
4584 3486 1
4584 3723 1
4584 3749 1
4584 3847 1
4584 3900 1
4584 4193 1
4584 4224 1
4584 4582 1
4585 1467 1
4585 1476 1
4585 2448 1
4585 4228 1
4585 4449 1
4585 4483 1
4586 1205 1
4587 747 1
4587 1113 1
4587 1237 1
4587 2000 1
4587 2372 1
4587 2624 1
4587 3108 1
4587 3147 1
4587 3737 1
4587 3896 1
4587 4251 1
4589 2296 1
4590 4012 1
4591 734 1
4591 3424 1
4591 4305 1
4591 4336 1
4592 222 1
4592 309 1
4592 898 1
4592 1237 1
4593 2512 1
4593 2529 1
4593 3825 1
4594 1733 1
4594 2891 1
4594 2992 1
4594 3316 1
4594 3923 1
4595 4181 1
4597 1036 1
4598 96 1
4599 116 1
4599 957 1
4599 1051 1
4599 1527 1
4599 1749 1
4599 2250 1
4599 2280 1
4599 2656 1
4599 3754 1
4599 4123 1
4599 4543 1
4600 139 1
4600 196 1
4600 521 1
4600 642 1
4600 1067 1
4600 2000 1
4600 2624 1
4600 3023 1
4600 3679 1
4600 3715 1
4600 3871 1
4600 4044 1
4600 4587 1
4601 721 1
4601 1598 1
4602 3311 1
4602 4052 1
4603 1765 1
4603 2688 1
4603 2735 1
4603 3425 1
4603 3974 1
4603 4366 1
4604 1756 1
4605 743 1
4605 1894 1
4605 4378 1
4607 2087 1
4607 4220 1
4608 453 1
4608 860 1
4608 966 1
4608 1594 1
4608 2161 1
4608 2190 1
4608 3475 1
4608 4410 1
4609 246 1
4609 3982 1
4610 1093 1
4610 1430 1
4610 2171 1
4610 3175 1
4611 4078 1
4612 302 1
4612 873 1
4613 1894 1
4613 3029 1
4613 3064 1
4613 3223 1
4613 3558 1
4613 3909 1
4613 3956 1
4613 4322 1
4613 4456 1
4615 2304 1
4615 3271 1
4615 3333 1
4615 3505 1
4615 4010 1
4615 4221 1
4615 4556 1
4616 955 1
4616 1034 1
4617 4261 1
4618 2600 1
4618 2664 1
4619 1705 1
4620 1699 1
4620 1849 1
4620 2162 1
4620 2280 1
4620 3049 1
4620 3697 1
4621 1134 1
4622 2555 1
4622 2874 1
4622 4409 1
4623 1031 1
4623 1122 1
4623 3228 1
4625 4264 1
4626 113 1
4626 737 1
4626 2519 1
4626 4286 1
4627 1021 1
4627 1442 1
4628 1778 1
4629 280 1
4630 25 1
4630 1317 1
4630 2231 1
4630 3287 1
4631 1362 1
4631 2096 1
4632 386 1
4632 2610 1
4633 443 1
4633 1423 1
4633 2206 1
4633 3481 1
4634 127 1
4634 4080 1
4635 57 1
4635 712 1
4635 877 1
4635 1014 1
4635 1267 1
4635 2153 1
4635 2412 1
4635 2430 1
4635 2890 1
4635 3012 1
4635 3493 1
4635 3833 1
4635 4200 1
4635 4407 1
4636 1939 1
4636 2990 1
4637 160 1
4637 283 1
4637 2192 1
4637 2635 1
4637 3211 1
4638 932 1
4638 1885 1
4638 4339 1
4638 4395 1
4640 3888 1
4641 1724 1
4642 4170 1
4642 4229 1
4643 266 1
4643 783 1
4643 1716 1
4643 2134 1
4643 4082 1
4644 2452 1
4644 4278 1
4645 4294 1
4646 90 1
4646 521 1
4646 1921 1
4646 2256 1
4646 3881 1
4647 422 1
4647 913 1
4647 1873 1
4647 2836 1
4647 3264 1
4647 3751 1
4647 4399 1
4648 2408 1
4648 2431 1
4649 1634 1
4649 3359 1
4649 3806 1
4650 1685 1
4650 2206 1
4650 2835 1
4650 4311 1
4651 1778 1
4651 2725 1
4651 4163 1
4651 4628 1
4652 4115 1
4652 4467 1
4653 402 1
4653 513 1
4653 521 1
4653 1459 1
4653 1470 1
4653 2155 1
4653 2784 1
4653 2987 1
4653 3243 1
4653 3881 1
4653 4365 1
4653 4600 1
4654 2724 1
4654 4224 1
4654 4318 1
4654 4606 1
4656 3897 1
4657 4170 1
4657 4229 1
4658 4126 1
4659 1000 1
4659 1346 1
4659 2240 1
4659 2470 1
4659 2591 1
4659 3665 1
4660 1169 1
4660 1412 1
4660 1463 1
4660 4159 1
4660 4451 1
4661 341 1
4662 1099 1
4662 1827 1
4662 3571 1
4663 539 1
4664 1736 1
4665 164 1
4665 1524 1
4665 2183 1
4665 3572 1
4666 4335 1
4667 1136 1
4667 2649 1
4668 882 1
4669 1458 1
4670 1119 1
4670 1169 1
4670 1587 1
4670 3885 1
4671 456 1
4671 1649 1
4671 1728 1
4671 2112 1
4671 2900 1
4671 3838 1
4672 248 1
4672 694 1
4672 1165 1
4672 2024 1
4672 4378 1
4673 323 1
4673 621 1
4674 3714 1
4675 324 1
4675 605 1
4675 644 1
4675 717 1
4675 1347 1
4675 1644 1
4675 1736 1
4675 1896 1
4675 1967 1
4675 2123 1
4675 2591 1
4675 3471 1
4675 3678 1
4675 4420 1
4676 450 1
4676 2296 1
4676 4589 1
4677 1913 1
4678 2095 1
4679 1795 1
4679 3583 1
4680 457 1
4680 877 1
4680 1204 1
4680 1460 1
4680 3027 1
4680 3424 1
4681 4456 1
4682 1597 1
4682 2266 1
4682 2688 1
4682 3425 1
4682 3974 1
4682 4603 1
4683 443 1
4683 2780 1
4683 4292 1
4683 4474 1
4684 1492 1
4684 2779 1
4684 2886 1
4685 2801 1
4685 3972 1
4685 4269 1
4686 221 1
4686 4033 1
4687 366 1
4687 402 1
4687 538 1
4687 602 1
4687 1277 1
4687 1368 1
4687 1470 1
4687 3255 1
4687 4646 1
4687 4653 1
4688 2238 1
4689 1116 1
4689 1474 1
4689 2479 1
4689 3330 1
4690 144 1
4690 1981 1
4690 3356 1
4691 229 1
4691 1969 1
4691 2005 1
4691 2964 1
4691 4385 1
4692 732 1
4692 2386 1
4692 2892 1
4694 3132 1
4695 2331 1
4696 914 1
4696 2605 1
4696 3117 1
4696 3716 1
4696 3915 1
4697 443 1
4697 3621 1
4697 4683 1
4698 1061 1
4698 1134 1
4698 2698 1
4698 2987 1
4699 420 1
4699 3493 1
4699 4303 1
4700 848 1
4700 1113 1
4700 1254 1
4700 1878 1
4700 3147 1
4701 12 1
4701 1467 1
4701 1476 1
4701 1965 1
4701 1967 1
4701 2448 1
4701 4228 1
4701 4449 1
4701 4461 1
4701 4483 1
4701 4585 1
4702 661 1
4702 2512 1
4703 324 1
4703 443 1
4703 605 1
4703 677 1
4703 1471 1
4703 1644 1
4703 1778 1
4703 1879 1
4703 1896 1
4703 1950 1
4703 2044 1
4703 2387 1
4703 2388 1
4703 2441 1
4703 2614 1
4703 2872 1
4703 2877 1
4703 3119 1
4703 3497 1
4703 3530 1
4703 3837 1
4703 3994 1
4704 488 1
4704 2819 1
4704 3232 1
4704 3488 1
4704 3873 1
4705 3493 1
4705 4262 1
4705 4280 1
4705 4344 1
4705 4355 1
4706 346 1
4706 642 1
4706 1052 1
4706 1061 1
4706 1208 1
4706 1449 1
4707 3087 1
4708 2296 1
4709 4624 1
4710 4642 1
4711 1491 1
4711 3373 1
4711 3618 1
4712 2235 1
4712 2298 1
4712 2739 1
4712 3669 1
4712 4104 1
4713 297 1
4713 1086 1
4713 3295 1
4713 3461 1
4714 35 1
4714 1272 1
4714 2481 1
4714 3326 1
4714 4430 1
4717 2173 1
4717 2372 1
4717 3351 1
4719 1098 1
4719 1208 1
4720 1589 1
4720 3036 1
4721 3416 1
4721 3609 1
4722 427 1
4722 701 1
4722 3210 1
4724 264 1
4724 1376 1
4724 2049 1
4725 901 1
4725 1568 1
4725 2840 1
4725 4398 1
4726 1317 1
4726 4630 1
4727 2257 1
4728 1191 1
4728 2069 1
4728 3448 1
4729 1707 1
4729 1876 1
4729 2075 1
4729 2642 1
4729 2708 1
4729 3720 1
4730 174 1
4730 857 1
4730 1419 1
4730 1763 1
4730 1885 1
4730 2020 1
4730 2221 1
4730 4051 1
4730 4638 1
4731 456 1
4731 634 1
4731 2112 1
4731 2482 1
4731 2722 1
4731 2914 1
4731 3050 1
4731 3062 1
4731 3566 1
4731 4016 1
4731 4671 1
4732 3940 1
4732 4660 1
4733 957 1
4733 1667 1
4733 2789 1
4733 3677 1
4734 125 1
4734 324 1
4734 631 1
4734 677 1
4734 717 1
4734 1311 1
4734 1462 1
4734 1778 1
4734 1873 1
4734 2591 1
4734 3005 1
4734 3120 1
4734 3471 1
4734 3893 1
4734 3989 1
4734 4328 1
4734 4675 1
4735 1169 1
4735 2011 1
4735 2670 1
4735 4159 1
4735 4451 1
4735 4660 1
4736 2236 1
4736 4456 1
4736 4681 1
4737 3027 1
4738 792 1
4738 1169 1
4738 4023 1
4739 1512 1
4740 827 1
4740 1514 1
4740 3142 1
4740 3236 1
4740 3538 1
4740 3866 1
4742 2171 1
4743 2951 1
4744 4246 1
4744 4639 1
4746 330 1
4746 3140 1
4746 4088 1
4746 4200 1
4746 4305 1
4747 1018 1
4747 2252 1
4748 473 1
4748 3498 1
4748 3880 1
4749 3230 1
4750 502 1
4750 1501 1
4750 2756 1
4750 4071 1
4751 797 1
4751 1778 1
4751 3738 1
4751 4033 1
4752 1354 1
4752 2634 1
4753 50 1
4753 1449 1
4753 1752 1
4753 2376 1
4753 2624 1
4753 2701 1
4753 2702 1
4753 3575 1
4753 4013 1
4753 4572 1
4754 3741 1
4755 441 1
4755 1142 1
4755 2894 1
4756 2193 1
4756 3155 1
4757 1939 1
4758 1028 1
4758 1190 1
4758 3031 1
4758 3754 1
4758 4463 1
4758 4599 1
4759 113 1
4759 236 1
4759 644 1
4761 1939 1
4761 3004 1
4761 3323 1
4761 4387 1
4761 4573 1
4762 1487 1
4763 1205 1
4763 1246 1
4763 1441 1
4763 4015 1
4763 4468 1
4763 4505 1
4763 4529 1
4763 4586 1
4764 1950 1
4764 2287 1
4764 3530 1
4765 1232 1
4765 3637 1
4765 3702 1
4765 4048 1
4766 697 1
4766 1768 1
4766 2017 1
4766 2374 1
4767 342 1
4767 371 1
4767 1175 1
4767 2057 1
4767 2597 1
4768 1332 1
4769 1283 1
4769 3453 1
4769 3612 1
4770 4 1
4770 311 1
4770 412 1
4770 823 1
4770 2913 1
4770 2972 1
4770 3406 1
4771 336 1
4771 1254 1
4771 1572 1
4771 3880 1
4771 4618 1
4772 1205 1
4772 3842 1
4773 2961 1
4777 1292 1
4777 1747 1
4777 2375 1
4778 967 1
4778 1654 1
4778 1751 1
4778 3542 1
4778 4759 1
4779 389 1
4779 988 1
4779 1014 1
4779 1267 1
4779 1589 1
4779 2095 1
4779 2139 1
4779 2706 1
4779 3713 1
4780 42 1
4780 89 1
4780 169 1
4780 196 1
4780 208 1
4780 374 1
4780 402 1
4780 494 1
4780 673 1
4780 714 1
4780 753 1
4780 990 1
4780 1030 1
4780 1061 1
4780 1106 1
4780 1113 1
4780 1368 1
4780 1391 1
4780 1569 1
4780 1592 1
4780 1626 1
4780 1632 1
4780 1665 1
4780 1719 1
4780 1872 1
4780 1877 1
4780 1878 1
4780 1916 1
4780 1921 1
4780 2142 1
4780 2327 1
4780 2372 1
4780 2515 1
4780 2624 1
4780 2784 1
4780 2804 1
4780 2916 1
4780 2987 1
4780 3136 1
4780 3172 1
4780 3243 1
4780 3248 1
4780 3255 1
4780 3507 1
4780 3572 1
4780 3822 1
4780 3870 1
4780 3881 1
4780 3981 1
4780 4008 1
4780 4046 1
4780 4281 1
4780 4330 1
4780 4346 1
4780 4564 1
4780 4621 1
4781 251 1
4781 364 1
4781 1000 1
4781 1926 1
4781 1982 1
4781 2663 1
4781 3708 1
4782 1213 1
4782 1355 1
4782 2247 1
4783 1053 1
4784 4021 1
4784 4113 1
4784 4452 1
4784 4529 1
4786 1141 1
4786 3328 1
4787 2832 1
4787 2849 1
4788 261 1
4788 764 1
4788 1242 1
4788 1913 1
4788 2009 1
4788 3496 1
4788 3508 1
4788 3626 1
4788 3791 1
4788 3951 1
4788 4080 1
4788 4677 1
4790 466 1
4790 663 1
4790 2831 1
4790 3767 1
4791 3493 1
4791 4200 1
4791 4261 1
4791 4754 1
4792 307 1
4792 2865 1
4792 3666 1
4793 263 1
4793 2313 1
4793 3102 1
4794 753 1
4794 812 1
4794 1466 1
4794 1632 1
4794 3815 1
4794 3848 1
4794 4330 1
4794 4346 1
4794 4665 1
4794 4780 1
4795 99 1
4795 1031 1
4795 1301 1
4796 4159 1
4796 4490 1
4797 937 1
4797 2392 1
4797 2628 1
4798 179 1
4798 1062 1
4798 2826 1
4798 3129 1
4799 1770 1
4799 2550 1
4799 3408 1
4799 4288 1
4800 3 1
4800 293 1
4800 1061 1
4800 2352 1
4800 2615 1
4800 3577 1
4801 1246 1
4801 1534 1
4801 4468 1
4801 4529 1
4802 1014 1
4802 2105 1
4802 2430 1
4802 3705 1
4803 362 1
4803 1178 1
4803 2740 1
4806 1276 1
4806 1956 1
4806 3806 1
4807 323 1
4807 788 1
4807 1155 1
4807 1234 1
4807 1450 1
4807 2364 1
4807 2382 1
4807 3095 1
4807 3885 1
4807 4421 1
4808 661 1
4808 4083 1
4808 4170 1
4809 1697 1
4809 1967 1
4809 4140 1
4810 2248 1
4810 2280 1
4810 2423 1
4810 2797 1
4810 3697 1
4811 108 1
4811 160 1
4811 660 1
4811 737 1
4811 921 1
4811 930 1
4811 1056 1
4811 1276 1
4811 1550 1
4811 1634 1
4811 1736 1
4811 1820 1
4811 1956 1
4811 2212 1
4811 2289 1
4811 2516 1
4811 2537 1
4811 2938 1
4811 2998 1
4811 3009 1
4811 3359 1
4811 3369 1
4811 3446 1
4811 3653 1
4811 3772 1
4811 3799 1
4811 3806 1
4811 3847 1
4811 4016 1
4811 4193 1
4811 4224 1
4811 4318 1
4811 4341 1
4811 4483 1
4811 4649 1
4811 4664 1
4811 4806 1
4812 942 1
4812 1798 1
4813 2508 1
4813 3432 1
4814 4115 1
4814 4326 1
4814 4348 1
4815 2275 1
4816 176 1
4816 248 1
4816 694 1
4816 882 1
4816 1080 1
4816 1363 1
4816 1840 1
4816 1894 1
4816 2024 1
4816 2329 1
4816 2480 1
4816 2484 1
4816 3064 1
4816 3458 1
4816 3558 1
4816 3693 1
4816 3885 1
4816 4322 1
4816 4370 1
4816 4378 1
4816 4526 1
4816 4551 1
4816 4672 1
4817 79 1
4817 409 1
4817 493 1
4817 697 1
4817 1502 1
4817 1764 1
4817 2017 1
4817 2374 1
4817 3046 1
4817 3150 1
4818 141 1
4818 345 1
4818 709 1
4818 1900 1
4818 3151 1
4818 3885 1
4819 2832 1
4819 4787 1
4820 327 1
4820 882 1
4820 1119 1
4820 1155 1
4820 1169 1
4820 1587 1
4820 3288 1
4820 3441 1
4820 3885 1
4820 4023 1
4820 4670 1
4821 446 1
4823 53 1
4823 3259 1
4824 132 1
4824 1209 1
4824 2261 1
4824 2469 1
4824 3755 1
4825 3502 1
4825 3660 1
4826 1044 1
4826 1274 1
4826 1417 1
4826 1652 1
4826 2282 1
4826 2441 1
4826 3941 1
4827 619 1
4827 658 1
4827 787 1
4827 1056 1
4827 1482 1
4827 1575 1
4827 1771 1
4827 1778 1
4827 1841 1
4827 1850 1
4827 1932 1
4827 1939 1
4827 2249 1
4827 2317 1
4827 2349 1
4827 2492 1
4827 2591 1
4827 2719 1
4827 2769 1
4827 2798 1
4827 3305 1
4827 3487 1
4827 3492 1
4827 3796 1
4827 3926 1
4827 4002 1
4827 4014 1
4827 4027 1
4827 4150 1
4827 4193 1
4827 4272 1
4827 4483 1
4827 4782 1
4828 1778 1
4828 2725 1
4828 4808 1
4829 229 1
4829 330 1
4829 444 1
4829 1326 1
4829 2298 1
4829 2739 1
4829 3456 1
4829 4060 1
4830 1303 1
4830 3104 1
4831 1790 1
4832 495 1
4832 2789 1
4832 3091 1
4832 3677 1
4832 4733 1
4833 307 1
4833 787 1
4833 1973 1
4833 2294 1
4833 2349 1
4833 3246 1
4833 3666 1
4834 40 1
4834 200 1
4834 517 1
4834 1000 1
4834 1279 1
4834 1346 1
4834 1489 1
4834 1643 1
4834 1723 1
4834 2423 1
4834 3037 1
4834 3942 1
4834 4064 1
4834 4554 1
4835 3580 1
4836 1258 1
4837 3207 1
4837 3749 1
4837 4224 1
4837 4318 1
4838 862 1
4838 3357 1
4839 1053 1
4839 1333 1
4839 1778 1
4839 1967 1
4839 2668 1
4839 2866 1
4839 4294 1
4839 4521 1
4839 4655 1
4839 4783 1
4840 497 1
4840 717 1
4840 1003 1
4840 1636 1
4840 1822 1
4840 1873 1
4840 2471 1
4840 2591 1
4840 3005 1
4840 4328 1
4840 4734 1
4842 3412 1
4842 4193 1
4842 4224 1
4842 4584 1
4843 224 1
4843 453 1
4843 860 1
4843 966 1
4843 1036 1
4843 2190 1
4843 2428 1
4843 3854 1
4843 4608 1
4844 1127 1
4844 3720 1
4844 4305 1
4845 2361 1
4845 3330 1
4845 4057 1
4845 4200 1
4845 4344 1
4845 4355 1
4845 4395 1
4845 4705 1
4846 3160 1
4847 1807 1
4847 3723 1
4847 3749 1
4847 4224 1
4847 4584 1
4848 3407 1
4848 4173 1
4849 941 1
4849 1079 1
4849 1827 1
4849 2847 1
4849 3264 1
4849 3454 1
4849 3461 1
4849 3537 1
4849 3802 1
4850 408 1
4850 658 1
4850 2602 1
4850 2603 1
4850 2835 1
4850 3798 1
4850 4311 1
4851 137 1
4852 1847 1
4853 661 1
4853 2929 1
4854 3301 1
4854 3503 1
4856 1132 1
4856 2304 1
4856 3271 1
4856 3333 1
4856 3505 1
4856 4010 1
4856 4172 1
4856 4221 1
4856 4492 1
4856 4615 1
4857 4312 1
4858 538 1
4858 1061 1
4858 1498 1
4858 2352 1
4858 4800 1
4859 75 1
4859 242 1
4859 272 1
4859 460 1
4859 538 1
4859 602 1
4859 1466 1
4859 1733 1
4859 3877 1
4859 3923 1
4859 4281 1
4860 560 1
4860 664 1
4860 1658 1
4860 2031 1
4860 3677 1
4862 438 1
4862 573 1
4862 752 1
4862 2099 1
4862 2297 1
4862 2420 1
4862 2957 1
4862 3041 1
4863 318 1
4863 3697 1
4863 4389 1
4864 2391 1
4864 3901 1
4866 4179 1
4867 6 1
4867 1317 1
4867 2320 1
4867 2369 1
4867 2867 1
4867 3349 1
4867 3466 1
4868 170 1
4868 3780 1
4870 25 1
4870 1038 1
4870 4248 1
4870 4357 1
4870 4507 1
4871 911 1
4871 2402 1
4871 3764 1
4871 3897 1
4872 3412 1
4872 4151 1
4872 4224 1
4873 388 1
4873 699 1
4873 1049 1
4873 1887 1
4873 2059 1
4873 2207 1
4873 2518 1
4873 2730 1
4873 2782 1
4873 3800 1
4873 4351 1
4874 3030 1
4875 1567 1
4875 3786 1
4876 421 1
4876 450 1
4876 1131 1
4876 1266 1
4876 1766 1
4876 2058 1
4876 2781 1
4876 2957 1
4876 3043 1
4876 4503 1
4876 4577 1
4877 458 1
4877 502 1
4877 1265 1
4877 1313 1
4877 1500 1
4877 1680 1
4877 1894 1
4877 2061 1
4877 2364 1
4877 3095 1
4877 3774 1
4877 3885 1
4877 3940 1
4877 3984 1
4877 4147 1
4877 4398 1
4877 4421 1
4877 4807 1
4877 4818 1
4878 712 1
4878 1993 1
4878 2305 1
4878 2890 1
4878 3741 1
4878 3780 1
4880 1768 1
4880 1966 1
4880 4423 1
4881 2797 1
4881 4810 1
4883 4814 1
4884 111 1
4884 408 1
4884 607 1
4884 639 1
4884 1550 1
4884 2602 1
4884 3362 1
4884 3842 1
4884 3927 1
4884 4121 1
4884 4169 1
4884 4233 1
4884 4296 1
4884 4362 1
4884 4400 1
4884 4624 1
4884 4709 1
4885 302 1
4885 3756 1
4886 385 1
4886 535 1
4887 4462 1
4888 1362 1
4888 2013 1
4888 2017 1
4888 2096 1
4888 2389 1
4888 2395 1
4888 2983 1
4888 3101 1
4888 3166 1
4888 3215 1
4888 3619 1
4888 3864 1
4888 4272 1
4888 4359 1
4888 4404 1
4888 4631 1
4889 1185 1
4890 156 1
4890 2827 1
4890 2961 1
4890 3461 1
4890 3946 1
4890 4713 1
4891 1333 1
4891 4028 1
4891 4839 1
4892 447 1
4892 1913 1
4892 3433 1
4893 2178 1
4894 1129 1
4894 2364 1
4894 3885 1
4894 4558 1
4895 31 1
4895 1209 1
4896 875 1
4896 2452 1
4896 3571 1
4896 4250 1
4896 4644 1
4897 2510 1
4897 2567 1
4897 2603 1
4898 470 1
4898 777 1
4898 1160 1
4899 982 1
4899 1939 1
4899 3443 1
4899 3830 1
4900 763 1
4900 2287 1
4900 4306 1
4900 4539 1
4900 4764 1
4901 324 1
4901 1644 1
4901 4027 1
4902 456 1
4902 2914 1
4902 3050 1
4902 3062 1
4902 3200 1
4902 3311 1
4902 4731 1
4903 3633 1
4904 1445 1
4904 2023 1
4905 12 1
4905 32 1
4905 1967 1
4905 2407 1
4905 2849 1
4905 3190 1
4905 4483 1
4906 2782 1
4906 3800 1
4906 4873 1
4907 2510 1
4907 3187 1
4907 3412 1
4908 1024 1
4908 2596 1
4909 875 1
4909 1567 1
4909 1912 1
4909 2656 1
4909 4317 1
4909 4349 1
4910 115 1
4910 440 1
4910 698 1
4910 1369 1
4910 2103 1
4910 3063 1
4910 4121 1
4911 4188 1
4912 3955 1
4912 4212 1
4912 4232 1
4913 1218 1
4913 1321 1
4913 1746 1
4913 1816 1
4913 3203 1
4913 3515 1
4913 4580 1
4914 418 1
4914 3288 1
4914 4131 1
4915 230 1
4915 2171 1
4915 2330 1
4915 2626 1
4916 993 1
4917 3394 1
4917 4389 1
4918 59 1
4918 500 1
4918 1256 1
4918 3400 1
4918 3714 1
4919 1881 1
4919 2358 1
4919 3627 1
4920 1208 1
4920 1665 1
4920 3085 1
4921 1848 1
4921 1855 1
4921 2084 1
4921 2762 1
4922 358 1
4923 670 1
4923 877 1
4923 1204 1
4923 1460 1
4923 4092 1
4923 4680 1
4924 663 1
4924 4544 1
4926 1936 1
4926 2079 1
4926 2176 1
4926 2252 1
4926 2402 1
4926 2678 1
4926 4395 1
4926 4747 1
4927 683 1
4927 1442 1
4928 504 1
4928 1001 1
4928 1388 1
4928 1508 1
4928 2202 1
4928 3449 1
4928 3656 1
4928 4094 1
4929 524 1
4929 1360 1
4929 4330 1
4930 425 1
4930 885 1
4930 1774 1
4930 3514 1
4931 169 1
4931 195 1
4931 295 1
4931 387 1
4931 402 1
4931 468 1
4931 540 1
4931 812 1
4931 1113 1
4931 1733 1
4931 2155 1
4931 4592 1
4931 4653 1
4932 177 1
4932 1539 1
4932 1556 1
4932 2271 1
4932 3016 1
4932 3101 1
4933 544 1
4933 580 1
4934 3214 1
4935 1716 1
4935 2761 1
4935 3362 1
4935 3927 1
4935 4150 1
4935 4362 1
4935 4643 1
4935 4884 1
4936 186 1
4936 716 1
4936 1415 1
4938 3740 1
4939 3803 1
4940 25 1
4940 197 1
4940 1318 1
4940 2551 1
4940 4507 1
4941 4164 1
4941 4533 1
4942 258 1
4942 307 1
4942 408 1
4942 1388 1
4942 1929 1
4942 2324 1
4942 2608 1
4942 2724 1
4942 2865 1
4942 3562 1
4942 3666 1
4942 4792 1
4943 546 1
4943 882 1
4943 1155 1
4943 2670 1
4943 3441 1
4943 3623 1
4943 3680 1
4943 4372 1
4943 4820 1
4944 66 1
4944 4200 1
4945 2617 1
4945 4082 1
4946 320 1
4946 581 1
4946 645 1
4946 3414 1
4947 792 1
4947 2418 1
4947 3151 1
4947 3623 1
4947 3680 1
4947 4943 1
4948 246 1
4948 794 1
4948 2733 1
4948 4091 1
4948 4432 1
4949 347 1
4949 882 1
4949 1265 1
4949 3441 1
4949 4372 1
4950 75 1
4950 196 1
4950 294 1
4950 398 1
4950 416 1
4950 561 1
4950 587 1
4950 1067 1
4950 1391 1
4950 1532 1
4950 1592 1
4950 2509 1
4950 2895 1
4950 4388 1
4951 1844 1
4951 2242 1
4951 2635 1
4951 2835 1
4951 3246 1
4951 4311 1
4952 1083 1
4952 2899 1
4952 3910 1
4953 413 1
4953 463 1
4953 954 1
4953 1083 1
4953 2296 1
4953 2350 1
4953 2876 1
4953 3233 1
4953 3795 1
4953 3991 1
4953 4064 1
4954 676 1
4954 914 1
4954 1544 1
4954 1905 1
4954 2213 1
4954 3117 1
4954 3133 1
4954 3915 1
4954 4359 1
4954 4696 1
4955 966 1
4955 1367 1
4955 3300 1
4955 4275 1
4956 1906 1
4956 2117 1
4956 2753 1
4956 2907 1
4956 3198 1
4956 4049 1
4956 4130 1
4957 3186 1
4957 3818 1
4957 4115 1
4957 4329 1
4957 4348 1
4958 1345 1
4959 314 1
4959 1736 1
4959 2722 1
4959 4581 1
4960 2345 1
4961 173 1
4961 463 1
4961 954 1
4961 2876 1
4961 3083 1
4961 3414 1
4962 389 1
4962 2706 1
4962 3493 1
4963 108 1
4963 160 1
4963 1736 1
4963 2174 1
4963 3649 1
4963 3847 1
4964 4579 1
4964 4599 1
4965 551 1
4965 1939 1
4965 2833 1
4965 3954 1
4966 3011 1
4966 4417 1
4967 1068 1
4967 2328 1
4968 2907 1
4968 4956 1
4969 1073 1
4969 1213 1
4969 3165 1
4972 1057 1
4972 1883 1
4972 4312 1
4972 4857 1
4973 421 1
4973 860 1
4973 1223 1
4973 2190 1
4973 2296 1
4973 2779 1
4973 3043 1
4973 3341 1
4973 3462 1
4973 3901 1
4973 4684 1
4974 2532 1
4975 2579 1
4975 2597 1
4975 3526 1
4977 318 1
4977 1361 1
4977 2161 1
4977 2190 1
4977 4389 1
4977 4410 1
4977 4608 1
4977 4863 1
4978 382 1
4978 4288 1
4978 4545 1
4979 1362 1
4979 1778 1
4979 1967 1
4979 2096 1
4979 4404 1
4979 4888 1
4980 4192 1
4980 4549 1
4981 279 1
4981 1575 1
4981 1771 1
4981 1778 1
4981 3989 1
4981 4027 1
4981 4449 1
4981 4483 1
4981 4486 1
4981 4520 1
4981 4827 1
4982 256 1
4982 344 1
4982 529 1
4982 658 1
4982 684 1
4982 744 1
4982 787 1
4982 1320 1
4982 1388 1
4982 1516 1
4982 1666 1
4982 1850 1
4982 2242 1
4982 2294 1
4982 2349 1
4982 2415 1
4982 2488 1
4982 2492 1
4982 2602 1
4982 2769 1
4982 2835 1
4982 3120 1
4982 3165 1
4982 3231 1
4982 3246 1
4982 4094 1
4982 4311 1
4983 1120 1
4983 3812 1
4983 4436 1
4984 176 1
4984 694 1
4984 743 1
4984 882 1
4984 1270 1
4984 1483 1
4984 1668 1
4984 1894 1
4984 1990 1
4984 2141 1
4984 2144 1
4984 2480 1
4984 3029 1
4984 3064 1
4984 3223 1
4984 3428 1
4984 3458 1
4984 3558 1
4984 3885 1
4984 3909 1
4984 3956 1
4984 4023 1
4984 4322 1
4984 4374 1
4984 4378 1
4984 4418 1
4984 4456 1
4984 4551 1
4984 4605 1
4984 4613 1
4984 4672 1
4984 4816 1
4984 4841 1
4985 3988 1
4986 216 1
4986 1003 1
4987 3035 1
4987 3412 1
4987 4151 1
4987 4224 1
4987 4872 1
4988 2009 1
4988 2280 1
4988 2423 1
4988 2797 1
4988 4881 1
4989 1827 1
4989 3676 1
4990 1507 1
4990 3157 1
4991 562 1
4991 2493 1
4991 2926 1
4991 3918 1
4991 3948 1
4992 1044 1
4992 2849 1
4992 4905 1
4993 2753 1
4993 2907 1
4993 4130 1
4993 4956 1
4994 2391 1
4994 3901 1
4994 4813 1
4995 78 1
4995 4890 1
4996 1076 1
4996 4062 1
4997 3373 1
4997 3718 1
4998 4497 1
4998 4763 1
4999 377 1
4999 1294 1
4999 1644 1
4999 1778 1
4999 3356 1
5001 131 1
5001 643 1
5001 1311 1
5001 4377 1
5002 1186 1
5002 3540 1
5003 1197 1
5003 1899 1
5003 2733 1
5003 2772 1
5004 434 1
5004 1979 1
5004 2071 1
5004 2809 1
5004 3240 1
5005 240 1
5005 1213 1
5005 1461 1
5005 3723 1
5005 4272 1
5006 3827 1
5007 267 1
5007 841 1
5007 1101 1
5007 1284 1
5007 1383 1
5007 1576 1
5007 2019 1
5007 2246 1
5007 2320 1
5007 2369 1
5007 3272 1
5007 3424 1
5007 3720 1
5008 483 1
5008 3303 1
5009 4898 1
5010 4066 1
5011 2531 1
5011 3498 1
5011 4379 1
5011 4748 1
5012 93 1
5012 119 1
5012 955 1
5012 2782 1
5012 4873 1
5013 4901 1
5014 2013 1
5015 946 1
5015 1264 1
5015 1530 1
5016 29 1
5016 95 1
5016 492 1
5016 890 1
5016 949 1
5016 1292 1
5016 1962 1
5016 3807 1
5017 4041 1
5018 4544 1
5018 4563 1
5020 1560 1
5020 2134 1
5020 2591 1
5020 3071 1
5021 2411 1
5022 443 1
5022 801 1
5022 858 1
5022 1166 1
5022 1499 1
5022 1544 1
5022 1826 1
5022 1918 1
5022 2888 1
5023 476 1
5023 535 1
5023 3599 1
5023 3701 1
5023 3729 1
5023 4088 1
5023 4200 1
5023 4533 1
5024 31 1
5024 153 1
5024 711 1
5024 814 1
5024 1743 1
5024 2231 1
5024 3277 1
5025 4189 1
5026 963 1
5027 2880 1
5027 3225 1
5028 288 1
5028 290 1
5028 533 1
5028 587 1
5028 940 1
5028 1104 1
5028 1207 1
5028 2752 1
5028 3255 1
5028 3870 1
5028 4564 1
5028 4565 1
5028 4780 1
5029 1596 1
5029 1679 1
5029 3718 1
5030 372 1
5030 1611 1
5030 2575 1
5030 3905 1
5030 4014 1
5032 608 1
5032 1298 1
5032 2005 1
5032 2734 1
5032 3388 1
5033 1279 1
5033 3571 1
5034 87 1
5034 2545 1
5034 3387 1
5036 1159 1
5036 4154 1
5036 4583 1
5037 847 1
5037 920 1
5037 2785 1
5038 1455 1
5038 1540 1
5038 3375 1
5040 810 1
5040 1036 1
5040 1957 1
5040 2423 1
5040 4397 1
5040 4477 1
5040 4884 1
5041 956 1
5041 1267 1
5041 1443 1
5041 4779 1
5042 3246 1
5042 4585 1
5043 2900 1
5043 4671 1
5044 224 1
5044 768 1
5044 1402 1
5044 1878 1
5044 2582 1
5044 2590 1
5044 2889 1
5044 3321 1
5044 3737 1
5044 3937 1
5044 4316 1
5044 4408 1
5045 955 1
5046 1517 1
5047 1286 1
5047 1365 1
5047 3367 1
5047 4098 1
5048 323 1
5048 788 1
5048 1373 1
5048 1687 1
5048 2236 1
5048 2994 1
5048 4512 1
5048 4736 1
5049 1652 1
5049 2914 1
5049 4247 1
5049 4731 1
5050 522 1
5050 1000 1
5050 1100 1
5050 1346 1
5050 1380 1
5050 2470 1
5050 3665 1
5050 4486 1
5051 714 1
5051 3314 1
5051 3671 1
5051 3858 1
5052 138 1
5052 700 1
5053 4100 1
5054 127 1
5054 994 1
5054 1828 1
5054 1837 1
5054 2039 1
5054 3091 1
5054 3496 1
5054 3519 1
5054 3933 1
5054 3951 1
5054 4549 1
5054 4606 1
5054 4634 1
5054 4788 1
5056 875 1
5056 3571 1
5056 4896 1
5057 1189 1
5058 740 1
5058 4458 1
5059 457 1
5059 758 1
5059 781 1
5059 841 1
5059 1576 1
5059 2402 1
5059 2825 1
5059 2978 1
5059 4926 1
5060 848 1
5060 2367 1
5060 4621 1
5060 4780 1
5062 4884 1
5063 972 1
5063 1308 1
5063 1479 1
5063 3014 1
5064 1831 1
5065 1935 1
5065 2477 1
5065 2920 1
5065 4269 1
5066 229 1
5066 330 1
5066 2005 1
5066 4305 1
5067 586 1
5067 652 1
5067 801 1
5067 1166 1
5067 1835 1
5067 3867 1
5067 4224 1
5068 11 1
5068 1256 1
5068 3333 1
5068 4140 1
5068 4324 1
5068 4856 1
5069 1596 1
5069 1679 1
5069 3373 1
5069 3718 1
5069 4997 1
5069 5029 1
5070 2016 1
5070 3283 1
5070 3607 1
5071 1308 1
5071 2319 1
5071 3120 1
5071 3605 1
5071 4404 1
5071 5063 1
5072 299 1
5072 644 1
5072 1577 1
5072 2529 1
5072 3312 1
5073 144 1
5073 1981 1
5073 3356 1
5074 408 1
5074 607 1
5074 639 1
5074 1372 1
5074 1406 1
5074 1700 1
5074 1939 1
5074 1983 1
5074 2054 1
5074 2171 1
5074 2299 1
5074 2451 1
5074 3666 1
5074 3675 1
5074 3842 1
5074 4113 1
5074 4205 1
5074 4884 1
5075 3961 1
5075 4565 1
5076 1314 1
5078 1138 1
5078 1386 1
5078 2982 1
5078 4661 1
5079 89 1
5079 1096 1
5079 1098 1
5079 3981 1
5080 1905 1
5080 2009 1
5080 3091 1
5080 4788 1
5081 3395 1
5081 4259 1
5082 921 1
5083 100 1
5083 118 1
5083 137 1
5083 158 1
5083 181 1
5083 728 1
5083 737 1
5083 931 1
5083 1701 1
5083 3236 1
5083 3866 1
5083 4048 1
5084 78 1
5084 572 1
5084 740 1
5084 923 1
5084 1415 1
5084 1456 1
5084 1827 1
5084 1837 1
5084 2519 1
5084 2669 1
5084 3200 1
5084 3676 1
5084 3824 1
5084 4063 1
5084 4363 1
5084 4829 1
5084 4989 1
5084 4995 1
5085 75 1
5085 272 1
5085 2028 1
5085 2403 1
5085 2895 1
5086 5023 1
5087 279 1
5087 2953 1
5087 4483 1
5088 2474 1
5088 2835 1
5088 3222 1
5088 4311 1
5089 614 1
5090 3296 1
5090 4109 1
5091 860 1
5091 876 1
5091 966 1
5091 1801 1
5091 2779 1
5091 2854 1
5091 3210 1
5091 3452 1
5091 3462 1
5092 3355 1
5092 4141 1
5093 427 1
5093 1492 1
5094 1921 1
5094 2142 1
5094 3550 1
5095 255 1
5095 752 1
5095 1341 1
5095 3337 1
5096 1182 1
5096 4261 1
5096 4617 1
5098 2049 1
5098 2187 1
5098 2199 1
5098 2959 1
5098 4483 1
5099 1187 1
5099 1784 1
5099 2272 1
5099 2363 1
5099 3583 1
5099 3646 1
5099 3682 1
5100 2337 1
5101 1139 1
5101 3209 1
5102 2163 1
5103 326 1
5103 738 1
5103 2880 1
5103 2989 1
5103 4305 1
5104 946 1
5104 1301 1
5104 1719 1
5104 1878 1
5104 3229 1
5104 3515 1
5104 3737 1
5104 3753 1
5104 4408 1
5104 5044 1
5105 141 1
5106 603 1
5106 1494 1
5106 1853 1
5106 2549 1
5106 2676 1
5106 2860 1
5106 3000 1
5106 3238 1
5106 3730 1
5107 3202 1
5107 4202 1
5108 4174 1
5109 1021 1
5109 1871 1
5110 119 1
5110 2584 1
5111 1292 1
5112 582 1
5112 810 1
5112 879 1
5112 1094 1
5112 1395 1
5112 1650 1
5112 1678 1
5112 1784 1
5112 2140 1
5112 2363 1
5112 2495 1
5112 2961 1
5112 3509 1
5112 4373 1
5113 1534 1
5113 3278 1
5113 3522 1
5113 4468 1
5113 4529 1
5114 1158 1
5114 2098 1
5114 2715 1
5114 4342 1
5115 658 1
5115 787 1
5115 1056 1
5115 1150 1
5115 2317 1
5115 2349 1
5115 2492 1
5115 2769 1
5115 3492 1
5115 4002 1
5115 4827 1
5116 2240 1
5116 2813 1
5116 3128 1
5117 469 1
5117 742 1
5117 1000 1
5117 1811 1
5117 1835 1
5117 2849 1
5117 3867 1
5117 4094 1
5118 500 1
5118 1346 1
5118 1451 1
5118 1664 1
5118 2074 1
5118 2408 1
5118 2570 1
5118 2849 1
5118 3226 1
5118 4555 1
5119 601 1
5120 386 1
5120 649 1
5120 659 1
5120 750 1
5120 1112 1
5120 1132 1
5120 1425 1
5120 1674 1
5120 1702 1
5120 1977 1
5120 3011 1
5120 3491 1
5120 3844 1
5120 3998 1
5120 4323 1
5120 4632 1
5121 2733 1
5121 4091 1
5121 4432 1
5121 4948 1
5122 670 1
5122 4092 1
5122 5024 1
5124 8 1
5124 41 1
5124 427 1
5124 489 1
5124 2034 1
5124 2370 1
5124 2540 1
5124 3328 1
5124 4316 1
5126 1031 1
5126 1096 1
5126 1254 1
5126 3981 1
5127 1893 1
5127 3055 1
5128 1512 1
5128 1908 1
5128 3319 1
5128 3355 1
5128 4141 1
5128 4412 1
5128 4739 1
5129 116 1
5129 313 1
5129 846 1
5129 908 1
5129 1291 1
5130 1763 1
5130 4563 1
5130 4730 1
5131 421 1
5131 1480 1
5131 3043 1
5132 882 1
5132 2747 1
5132 2756 1
5132 2771 1
5132 3265 1
5132 3525 1
5132 4750 1
5133 53 1
5133 1152 1
5133 3518 1
5133 4194 1
5134 302 1
5134 483 1
5134 1851 1
5134 2597 1
5134 3756 1
5134 4885 1
5135 930 1
5135 1736 1
5135 4811 1
5135 4959 1
5136 1776 1
5136 4464 1
5137 1936 1
5138 324 1
5138 631 1
5138 677 1
5138 1644 1
5138 1708 1
5138 1778 1
5138 1967 1
5138 1981 1
5138 3135 1
5138 3893 1
5138 3968 1
5138 3989 1
5138 4300 1
5138 4734 1
5139 2241 1
5139 3004 1
5139 3200 1
5139 3311 1
5139 3920 1
5139 4387 1
5139 4902 1
5140 2111 1
5140 2745 1
5141 1416 1
5141 3023 1
5142 954 1
5142 2346 1
5142 3977 1
5143 1027 1
5143 2234 1
5144 1467 1
5144 1476 1
5144 2448 1
5144 2811 1
5144 4228 1
5144 4449 1
5144 4483 1
5144 4585 1
5144 4603 1
5144 4701 1
5145 1201 1
5145 1246 1
5145 1441 1
5145 2968 1
5145 3161 1
5145 4294 1
5145 4429 1
5145 4462 1
5145 4505 1
5145 4541 1
5146 1006 1
5146 1778 1
5146 1873 1
5146 2056 1
5146 2388 1
5146 2459 1
5146 2763 1
5147 1505 1
5148 837 1
5148 3663 1
5149 99 1
5149 233 1
5149 848 1
5149 2367 1
5149 3191 1
5149 4330 1
5149 5060 1
5150 1574 1
5150 1712 1
5150 2006 1
5151 2778 1
5151 4292 1
5151 4454 1
5151 4474 1
5152 557 1
5152 2431 1
5152 4099 1
5153 2222 1
5153 3699 1
5154 636 1
5154 2254 1
5154 3358 1
5155 1707 1
5155 2708 1
5155 3086 1
5155 4178 1
5155 4729 1
5156 805 1
5157 3920 1
5157 4387 1
5157 5139 1
5158 933 1
5158 1449 1
5158 2307 1
5158 3575 1
5159 2054 1
5159 3666 1
5159 3675 1
5159 4113 1
5159 5074 1
5160 31 1
5160 1267 1
5160 4779 1
5160 5041 1
5161 459 1
5161 474 1
5161 1710 1
5161 2304 1
5161 3067 1
5162 2008 1
5162 3571 1
5163 3884 1
5164 2954 1
5164 4016 1
5166 1248 1
5166 1584 1
5167 875 1
5167 3571 1
5167 4896 1
5167 5056 1
5168 4487 1
5169 1278 1
5169 2903 1
5169 3524 1
5169 3631 1
5170 436 1
5170 5084 1
5171 14 1
5171 394 1
5171 1762 1
5172 3493 1
5172 4638 1
5173 4529 1
5173 4784 1
5174 3319 1
5175 47 1
5175 1804 1
5175 1862 1
5175 2405 1
5175 2815 1
5175 3996 1
5176 314 1
5176 570 1
5176 1928 1
5176 3420 1
5176 3666 1
5176 3913 1
5176 4376 1
5176 4959 1
5177 2889 1
5178 795 1
5178 1562 1
5179 2606 1
5180 4093 1
5180 4148 1
5180 4350 1
5181 1505 1
5181 4270 1
5182 264 1
5182 954 1
5182 1484 1
5182 1641 1
5182 2049 1
5182 2116 1
5182 2135 1
5182 3795 1
5182 3991 1
5183 879 1
5183 1784 1
5183 2961 1
5183 3509 1
5183 3571 1
5183 5112 1
5184 986 1
5184 2709 1
5185 330 1
5185 482 1
5185 667 1
5185 782 1
5185 1474 1
5185 1993 1
5185 2005 1
5185 3330 1
5185 4305 1
5185 5066 1
5186 2739 1
5186 2807 1
5186 3455 1
5186 3484 1
5186 4104 1
5186 4712 1
5187 521 1
5187 721 1
5187 2509 1
5187 4207 1
5188 1330 1
5188 3361 1
5189 170 1
5189 482 1
5189 667 1
5189 825 1
5189 828 1
5189 1142 1
5189 1474 1
5189 1993 1
5189 2479 1
5189 3330 1
5189 3852 1
5189 3980 1
5189 4343 1
5189 4689 1
5189 5185 1
5190 2944 1
5191 3709 1
5191 3781 1
5191 3870 1
5191 4950 1
5192 980 1
5192 4373 1
5193 2248 1
5193 2279 1
5193 2280 1
5193 2691 1
5193 3047 1
5193 4032 1
5194 244 1
5194 590 1
5194 1435 1
5194 3001 1
5194 3336 1
5194 5031 1
5195 4456 1
5195 4681 1
5195 4736 1
5195 5048 1
5196 2333 1
5197 24 1
5197 629 1
5198 1794 1
5198 2082 1
5198 3914 1
5199 96 1
5199 4598 1
5200 1774 1
5200 4039 1
5201 1157 1
5201 2853 1
5201 3372 1
5202 907 1
5202 1718 1
5202 1722 1
5202 1839 1
5202 2032 1
5202 2459 1
5202 5146 1
5203 206 1
5203 599 1
5203 1512 1
5203 2524 1
5203 2921 1
5203 4739 1
5204 1550 1
5204 4534 1
5204 4643 1
5204 4814 1
5204 4883 1
5204 4935 1
5205 188 1
5205 1929 1
5205 2247 1
5205 2324 1
5205 2817 1
5205 4222 1
5208 931 1
5208 4839 1
5209 208 1
5209 366 1
5209 1106 1
5209 3248 1
5209 4346 1
5209 4780 1
5209 4794 1
5210 1810 1
5210 2475 1
5210 2849 1
5210 2855 1
5210 3414 1
5210 3665 1
5211 996 1
5211 4863 1
5212 2701 1
5212 4572 1
5212 4753 1
5213 1464 1
5213 2819 1
5213 3616 1
5213 3869 1
5214 421 1
5214 454 1
5214 860 1
5214 1278 1
5214 1395 1
5214 1554 1
5214 1847 1
5214 2190 1
5214 2308 1
5214 2809 1
5214 3043 1
5214 3058 1
5214 3381 1
5214 3452 1
5214 3645 1
5214 4973 1
5215 937 1
5215 1160 1
5216 1504 1
5216 2658 1
5216 3040 1
5217 53 1
5218 3136 1
5218 3255 1
5218 3447 1
5219 941 1
5219 2777 1
5219 4225 1
5219 4247 1
5219 4375 1
5219 4497 1
5219 4805 1
5220 1062 1
5220 2501 1
5220 3272 1
5220 3817 1
5220 4022 1
5220 4262 1
5220 4544 1
5220 4705 1
5220 4845 1
5221 180 1
5221 603 1
5221 2079 1
5221 2252 1
5221 2676 1
5221 2860 1
5221 3000 1
5221 3238 1
5221 4747 1
5221 4926 1
5221 5106 1
5222 4170 1
5222 4229 1
5222 4521 1
5223 1157 1
5223 2545 1
5223 5034 1
5224 837 1
5224 5148 1
5225 193 1
5225 571 1
5225 3112 1
5226 2431 1
5226 3719 1
5226 4648 1
5228 240 1
5228 658 1
5228 787 1
5228 971 1
5228 1011 1
5228 1213 1
5228 1461 1
5228 1517 1
5228 1634 1
5228 2249 1
5228 2271 1
5228 2527 1
5228 2638 1
5228 2952 1
5228 3101 1
5228 3143 1
5228 3166 1
5228 3849 1
5228 3926 1
5228 4235 1
5228 4272 1
5228 4359 1
5228 4888 1
5228 5005 1
5229 35 1
5229 151 1
5229 1068 1
5229 1844 1
5229 2242 1
5229 2481 1
5229 2636 1
5229 3326 1
5229 3734 1
5229 4096 1
5229 4204 1
5229 4311 1
5229 4714 1
5229 4951 1
5230 3136 1
5230 3709 1
5231 1132 1
5231 3271 1
5231 3333 1
5231 4856 1
5232 717 1
5232 3005 1
5232 4593 1
5232 4734 1
5232 4840 1
5233 484 1
5233 806 1
5233 1300 1
5233 1653 1
5233 2011 1
5233 2236 1
5233 2329 1
5233 3458 1
5233 3480 1
5233 3525 1
5233 3885 1
5233 4816 1
5233 4984 1
5234 1524 1
5234 1836 1
5234 4665 1
5235 1592 1
5235 4565 1
5236 1168 1
5237 500 1
5237 1561 1
5237 2074 1
5237 2499 1
5237 3206 1
5237 3400 1
5238 31 1
5238 420 1
5238 3493 1
5238 4116 1
5238 4260 1
5238 4303 1
5238 4635 1
5238 4746 1
5238 5027 1
5238 5172 1
5239 188 1
5239 1886 1
5239 2171 1
5239 2247 1
5239 2552 1
5239 3118 1
5239 3162 1
5239 3239 1
5239 5205 1
5240 1164 1
5240 3590 1
5241 196 1
5241 552 1
5241 1030 1
5241 1665 1
5241 2089 1
5241 2804 1
5241 3229 1
5241 3593 1
5241 3635 1
5241 3737 1
5241 4013 1
5241 4108 1
5241 4156 1
5242 1894 1
5242 2364 1
5242 3774 1
5243 177 1
5243 1150 1
5243 3287 1
5244 1304 1
5244 2737 1
5244 5074 1
5245 691 1
5245 1253 1
5245 4301 1
5246 2859 1
5246 3592 1
5246 4125 1
5247 1292 1
5247 1747 1
5247 2375 1
5247 4398 1
5247 4777 1
5248 1088 1
5249 4509 1
5249 4715 1
5250 955 1
5250 2617 1
5250 4549 1
5250 4945 1
5251 732 1
5251 2386 1
5251 2880 1
5251 3112 1
5251 3555 1
5251 3729 1
5253 169 1
5253 242 1
5253 402 1
5253 468 1
5253 489 1
5253 538 1
5253 602 1
5253 625 1
5253 1113 1
5253 1368 1
5253 1466 1
5253 3553 1
5253 4161 1
5253 4271 1
5253 4687 1
5254 2444 1
5254 2748 1
5254 3126 1
5255 77 1
5255 202 1
5255 782 1
5255 1510 1
5255 2197 1
5255 2371 1
5255 2513 1
5255 2940 1
5255 3056 1
5255 3467 1
5255 4051 1
5255 4343 1
5256 3011 1
5257 4152 1
5258 4473 1
5258 4493 1
5259 4911 1
5260 474 1
5260 2558 1
5260 2600 1
5260 4545 1
5261 53 1
5261 5133 1
5262 439 1
5262 3024 1
5262 4388 1
5262 4688 1
5264 474 1
5264 1803 1
5264 2598 1
5264 4288 1
5264 4545 1
5264 4978 1
5264 5260 1
5265 400 1
5265 2611 1
5265 2752 1
5265 4466 1
5265 4859 1
5266 4254 1
5266 4400 1
5267 652 1
5267 2532 1
5267 3044 1
5267 3400 1
5267 3639 1
5267 3912 1
5268 1443 1
5268 4079 1
5268 4469 1
5268 5041 1
5269 116 1
5269 908 1
5269 1291 1
5269 2029 1
5269 2862 1
5269 3453 1
5269 4484 1
5270 4022 1
5270 4261 1
5270 4617 1
5270 5024 1
5270 5096 1
5270 5220 1
5271 1939 1
5271 4350 1
5271 4595 1
5272 927 1
5272 3493 1
5272 3741 1
5272 4112 1
5272 4754 1
5272 4791 1
5273 508 1
5273 879 1
5273 1279 1
5273 1567 1
5273 1810 1
5273 2475 1
5273 2595 1
5273 2849 1
5273 2855 1
5273 3400 1
5273 3509 1
5273 3571 1
5273 4992 1
5273 5033 1
5273 5210 1
5274 1465 1
5274 2117 1
5274 2186 1
5274 2502 1
5275 1044 1
5276 1349 1
5276 2153 1
5276 2583 1
5276 2646 1
5276 3232 1
5276 3391 1
5276 5065 1
5277 1691 1
5277 1768 1
5277 2265 1
5277 2888 1
5278 723 1
5278 1156 1
5278 1483 1
5278 1747 1
5278 1992 1
5278 2858 1
5278 3821 1
5279 2755 1
5279 3650 1
5280 37 1
5280 1040 1
5280 1044 1
5280 1789 1
5280 2022 1
5280 2682 1
5280 3318 1
5280 3489 1
5280 3534 1
5280 3560 1
5280 3828 1
5280 3960 1
5280 4165 1
5280 4377 1
5280 4393 1
5280 5275 1
5281 47 1
5281 280 1
5281 3611 1
5282 1441 1
5282 4505 1
5283 1499 1
5285 610 1
5285 1150 1
5285 1336 1
5285 2875 1
5285 3493 1
5285 4079 1
5285 4563 1
5285 5243 1
5286 154 1
5286 875 1
5286 1567 1
5286 1912 1
5286 3022 1
5286 3786 1
5286 4214 1
5286 4317 1
5286 4349 1
5286 4909 1
5287 1812 1
5288 208 1
5288 294 1
5288 416 1
5288 1067 1
5288 2028 1
5288 2563 1
5288 3197 1
5288 3241 1
5289 423 1
5289 1497 1
5289 1686 1
5289 1991 1
5289 2470 1
5289 2925 1
5289 3744 1
5290 404 1
5290 717 1
5290 1517 1
5290 3538 1
5290 4331 1
5290 4797 1
5292 200 1
5292 2423 1
5292 3037 1
5292 3959 1
5293 1884 1
5293 2550 1
5293 3408 1
5294 400 1
5294 587 1
5294 1002 1
5294 2659 1
5294 2754 1
5294 4127 1
5294 4706 1
5294 4950 1
5295 1966 1
5296 120 1
5296 2339 1
5296 3457 1
5297 1652 1
5297 2282 1
5298 279 1
5298 579 1
5298 634 1
5298 1359 1
5298 2953 1
5298 4319 1
5298 4483 1
5298 5087 1
5299 253 1
5299 342 1
5299 1175 1
5299 2057 1
5299 2597 1
5299 4767 1
5300 3033 1
5301 1267 1
5301 2273 1
5301 3914 1
5302 3424 1
5302 4305 1
5302 4591 1
5303 1089 1
5303 1254 1
5304 1602 1
5304 1894 1
5304 2332 1
5304 2353 1
5304 2364 1
5304 3774 1
5304 4081 1
5304 4378 1
5304 4984 1
5304 5242 1
5305 1261 1
5305 1731 1
5305 4491 1
5306 620 1
5306 1440 1
5306 3349 1
5306 4867 1
5307 4916 1
5308 841 1
5308 1576 1
5308 2138 1
5308 3424 1
5309 307 1
5309 658 1
5309 787 1
5309 1639 1
5309 1973 1
5309 2215 1
5309 2294 1
5309 2314 1
5309 2349 1
5309 2585 1
5309 2602 1
5309 3246 1
5309 3426 1
5309 3666 1
5309 4171 1
5309 4833 1
5309 4982 1
5310 1357 1
5310 1715 1
5310 3526 1
5311 4827 1
5312 1871 1
5313 4400 1
5313 4628 1
5313 4651 1
5313 5266 1
5314 29 1
5314 95 1
5314 492 1
5314 890 1
5314 949 1
5314 1292 1
5314 1962 1
5314 2958 1
5314 3807 1
5314 4947 1
5314 5016 1
5314 5111 1
5315 476 1
5315 3701 1
5315 4280 1
5315 4670 1
5315 4694 1
5315 4976 1
5316 560 1
5316 751 1
5316 4052 1
5317 143 1
5317 2601 1
5317 3573 1
5318 232 1
5318 821 1
5318 1621 1
5318 2194 1
5318 4495 1
5319 2026 1
5319 3564 1
5319 3774 1
5319 3885 1
5319 4421 1
5321 4278 1
5322 353 1
5323 2475 1
5323 2595 1
5323 3133 1
5323 3738 1
5323 5273 1
5324 1698 1
5324 3971 1
5325 771 1
5325 1182 1
5326 3144 1
5326 3565 1
5327 167 1
5327 2729 1
5327 2845 1
5327 3650 1
5327 3708 1
5327 3754 1
5327 3834 1
5327 4414 1
5328 24 1
5328 515 1
5328 1345 1
5328 1671 1
5328 3591 1
5329 285 1
5329 1158 1
5329 1204 1
5329 2153 1
5329 2331 1
5329 2881 1
5329 3424 1
5329 3465 1
5329 3943 1
5329 4305 1
5329 4844 1
5329 5302 1
5330 3728 1
5331 1087 1
5331 1186 1
5331 1572 1
5331 1677 1
5332 860 1
5332 966 1
5332 1554 1
5332 2161 1
5332 2190 1
5332 3058 1
5332 4843 1
5333 25 1
5333 197 1
5333 444 1
5333 712 1
5333 1326 1
5333 1495 1
5333 1663 1
5333 2020 1
5333 2322 1
5333 2446 1
5333 3456 1
5333 3633 1
5333 3804 1
5333 4829 1
5334 196 1
5334 315 1
5334 641 1
5334 1092 1
5335 285 1
5335 813 1
5335 1204 1
5335 2551 1
5335 4923 1
5335 5106 1
5336 4184 1
5336 4777 1
5336 5263 1
5337 4855 1
5338 454 1
5338 860 1
5338 1278 1
5338 1361 1
5338 2190 1
5338 2308 1
5338 2665 1
5338 2809 1
5338 3381 1
5338 3452 1
5338 5214 1
5339 978 1
5339 3662 1
5341 139 1
5341 295 1
5341 402 1
5341 468 1
5341 521 1
5341 845 1
5341 1206 1
5341 1263 1
5341 1980 1
5341 2128 1
5341 2367 1
5341 2702 1
5341 2928 1
5341 3019 1
5341 3575 1
5341 3647 1
5341 4183 1
5341 4600 1
5342 960 1
5342 1406 1
5343 3887 1
5343 4225 1
5343 5115 1
5344 1285 1
5344 2764 1
5345 1894 1
5345 3909 1
5345 4378 1
5345 4605 1
5345 4613 1
5345 4984 1
5346 2140 1
5346 2228 1
5346 2942 1
5347 237 1
5347 1057 1
5347 2845 1
5347 2876 1
5347 3708 1
5347 3834 1
5347 4414 1
5348 229 1
5348 330 1
5348 667 1
5348 738 1
5348 1645 1
5348 2005 1
5348 2964 1
5348 2966 1
5349 1750 1
5349 2349 1
5349 2474 1
5349 2990 1
5350 1250 1
5350 2588 1
5351 840 1
5351 1626 1
5351 3151 1
5351 3774 1
5352 273 1
5352 1245 1
5352 3296 1
5352 3888 1
5352 4060 1
5352 4640 1
5352 4829 1
5353 2701 1
5354 1166 1
5354 2093 1
5354 2292 1
5354 5173 1
5355 941 1
5355 1827 1
5355 2450 1
5355 4304 1
5355 4849 1
5356 1956 1
5356 3806 1
5356 4811 1
5358 2454 1
5358 3621 1
5358 4697 1
5359 1563 1
5360 4900 1
5361 1089 1
5361 1254 1
5361 5303 1
5362 516 1
5362 1858 1
5362 2755 1
5362 3650 1
5363 3009 1
5363 3806 1
5363 4811 1
5364 25 1
5364 228 1
5364 330 1
5364 479 1
5364 608 1
5364 663 1
5364 738 1
5364 911 1
5364 1038 1
5364 1150 1
5364 1209 1
5364 2261 1
5364 2386 1
5364 2469 1
5364 2551 1
5364 2706 1
5364 4248 1
5364 4507 1
5364 4824 1
5364 4870 1
5365 1050 1
5365 1402 1
5365 2034 1
5365 2190 1
5365 2370 1
5365 3911 1
5365 4349 1
5366 684 1
5366 1099 1
5366 1370 1
5366 3165 1
5366 3571 1
5366 4982 1
5367 4544 1
5367 4563 1
5367 5018 1
5369 90 1
5369 196 1
5369 257 1
5369 521 1
5369 845 1
5369 1391 1
5369 1921 1
5369 2000 1
5369 2256 1
5369 2624 1
5369 3108 1
5369 3575 1
5369 3870 1
5369 3881 1
5369 4587 1
5369 4600 1
5369 4646 1
5369 4780 1
5369 5158 1
5371 877 1
5371 1204 1
5371 1460 1
5371 4680 1
5371 4923 1
5372 405 1
5372 2170 1
5373 46 1
5373 4295 1
5373 4562 1
5374 2457 1
5374 2937 1
5374 3270 1
5375 4047 1
5375 4229 1
5375 4429 1
5376 4261 1
5376 4617 1
5376 5096 1
5376 5270 1
5378 1597 1
5378 2171 1
5378 3207 1
5378 3749 1
5378 3974 1
5378 4224 1
5378 4318 1
5379 912 1
5379 3678 1
5380 1031 1
5380 1192 1
5380 2376 1
5380 4950 1
5380 5141 1
5381 871 1
5381 1997 1
5381 4030 1
5381 4412 1
5382 670 1
5382 4092 1
5382 4923 1
5383 500 1
5383 2014 1
5383 2408 1
5384 12 1
5384 324 1
5384 631 1
5384 677 1
5384 1011 1
5384 1322 1
5384 1778 1
5384 1967 1
5384 3893 1
5384 3989 1
5384 4734 1
5384 5138 1
5385 1589 1
5385 3971 1
5385 4006 1
5385 4720 1
5386 1410 1
5386 1465 1
5386 2186 1
5386 2502 1
5386 5274 1
5387 2875 1
5388 4224 1
5389 2492 1
5389 3143 1
5389 3246 1
5389 4311 1
5390 4148 1
5390 4350 1
5390 5180 1
5391 1039 1
5391 1608 1
5391 1693 1
5392 148 1
5392 169 1
5393 128 1
5394 2100 1
5394 2888 1
5394 4296 1
5395 1975 1
5395 3068 1
5395 3520 1
5396 174 1
5396 424 1
5396 1340 1
5396 1414 1
5396 2270 1
5397 2281 1
5397 3444 1
5397 4249 1
5398 3629 1
5399 324 1
5399 731 1
5399 1644 1
5399 1700 1
5399 2465 1
5399 3497 1
5399 3615 1
5399 3994 1
5399 4703 1
5400 647 1
5400 3377 1
5401 2756 1
5401 3265 1
5401 3525 1
5401 4750 1
5403 1129 1
5403 1265 1
5403 2023 1
5403 2364 1
5403 3774 1
5403 3885 1
5403 4421 1
5403 4558 1
5403 4818 1
5403 4877 1
5403 4894 1
5403 4949 1
5403 5319 1
5404 808 1
5404 1045 1
5404 2693 1
5404 4624 1
5405 87 1
5405 1625 1
5405 4001 1
5406 277 1
5406 698 1
5406 1166 1
5406 2746 1
5407 4114 1
5407 5227 1
5407 5370 1
5408 1863 1
5408 1896 1
5408 2682 1
5408 4644 1
5409 100 1
5409 3078 1
5409 3260 1
5409 3683 1
5409 4028 1
5409 4808 1
5409 4851 1
5409 4891 1
5411 1785 1
5411 1990 1
5411 2061 1
5411 2230 1
5411 2557 1
5411 2564 1
5411 4291 1
5412 1410 1
5412 2432 1
5413 423 1
5413 544 1
5413 580 1
5413 1795 1
5413 1991 1
5413 2807 1
5413 2925 1
5413 3192 1
5413 3520 1
5413 4933 1
5413 5289 1
5415 1496 1
5415 2731 1
5415 5203 1
5416 803 1
5416 875 1
5416 2285 1
5417 3542 1
5417 4900 1
5418 3732 1
5418 4658 1
5419 610 1
5419 1615 1
5419 2135 1
5419 4634 1
5420 437 1
5420 1986 1
5420 3294 1
5420 5322 1
5420 5411 1
5421 694 1
5421 1840 1
5421 2480 1
5421 3064 1
5421 4378 1
5421 4551 1
5421 4816 1
5421 4984 1
5422 3620 1
5422 4350 1
5422 4670 1
5423 560 1
5423 740 1
5423 1166 1
5423 1410 1
5423 1476 1
5423 1909 1
5423 2093 1
5423 2432 1
5423 3235 1
5423 4053 1
5423 4110 1
5423 5386 1
5423 5412 1
5424 1191 1
5424 3024 1
5424 3448 1
5424 3792 1
5424 4728 1
5426 2317 1
5426 4827 1
5427 148 1
5427 376 1
5427 1113 1
5427 1878 1
5427 3243 1
5427 3870 1
5427 4719 1
5427 4780 1
5428 3128 1
5429 329 1
5429 349 1
5429 657 1
5429 860 1
5429 966 1
5429 1278 1
5429 3210 1
5429 5091 1
5430 108 1
5430 160 1
5430 3098 1
5430 3335 1
5430 3799 1
5431 2394 1
5431 2700 1
5431 3725 1
5432 2639 1
5433 2588 1
5434 4539 1
5434 5258 1
5435 4606 1
5436 555 1
5436 842 1
5436 1316 1
5436 2116 1
5436 2537 1
5436 3843 1
5436 4585 1
5436 5042 1
5437 658 1
5437 1468 1
5437 1893 1
5437 2171 1
5437 2299 1
5437 2481 1
5437 2979 1
5437 4113 1
5437 4153 1
5437 4205 1
5437 4498 1
5437 4742 1
5437 5074 1
5437 5127 1
5437 5159 1
5437 5244 1
5437 5311 1
5438 5083 1
5439 571 1
5439 1101 1
5439 1440 1
5439 1824 1
5439 2447 1
5439 2501 1
5439 3760 1
5440 294 1
5440 1836 1
5440 3762 1
5440 4046 1
5441 942 1
5441 1049 1
5441 2837 1
5442 2304 1
5442 3271 1
5442 3333 1
5442 3505 1
5442 4010 1
5442 4221 1
5442 4556 1
5442 4615 1
5442 4856 1
5443 4822 1
5444 3023 1
5444 3870 1
5444 5230 1
5445 725 1
5445 3788 1
5445 4429 1
5446 500 1
5446 652 1
5446 2073 1
5446 2532 1
5446 2816 1
5446 3083 1
5447 1338 1
5447 1681 1
5447 2423 1
5447 4119 1
5447 4263 1
5448 1170 1
5448 2647 1
5449 3159 1
5450 2601 1
5450 3573 1
5450 5317 1
5451 1116 1
5451 2197 1
5451 4051 1
5452 2976 1
5452 3128 1
5453 3505 1
5453 4379 1
5453 4556 1
5454 2733 1
5454 4091 1
5454 4432 1
5454 4948 1
5454 5121 1
5455 33 1
5455 3078 1
5455 4087 1
5455 4817 1
5457 132 1
5457 608 1
5457 1142 1
5457 1209 1
5457 1609 1
5457 1993 1
5457 2261 1
5457 2469 1
5457 3755 1
5457 4824 1
5457 5364 1
5458 240 1
5458 1461 1
5458 2271 1
5458 2952 1
5458 3849 1
5458 4272 1
5458 4359 1
5458 5228 1
5459 954 1
5459 2325 1
5459 2728 1
5459 3414 1
5459 4865 1
5459 4946 1
5459 4961 1
5460 248 1
5460 694 1
5460 1109 1
5460 1313 1
5460 1420 1
5460 2061 1
5460 2480 1
5460 2692 1
5460 3885 1
5460 3940 1
5460 4370 1
5460 4378 1
5460 4816 1
5460 4984 1
5461 264 1
5461 2049 1
5461 2957 1
5461 4827 1
5462 573 1
5462 2420 1
5462 4862 1
5463 707 1
5463 1699 1
5463 1927 1
5463 2162 1
5463 2241 1
5463 2517 1
5463 4620 1
5464 164 1
5464 1524 1
5464 4099 1
5464 4879 1
5464 5244 1
5465 5304 1
5466 1344 1
5466 1589 1
5466 3713 1
5466 4779 1
5466 5160 1
5467 740 1
5467 5387 1
5468 35 1
5468 1272 1
5468 2064 1
5468 2481 1
5468 3326 1
5468 4430 1
5468 4714 1
5469 3736 1
5469 4352 1
5469 4561 1
5470 2913 1
5471 113 1
5471 644 1
5471 900 1
5471 4759 1
5471 5072 1
5472 1074 1
5473 2583 1
5473 2646 1
5473 5276 1
5474 751 1
5474 3034 1
5474 3511 1
5475 324 1
5475 1484 1
5475 1644 1
5475 1708 1
5475 1778 1
5475 1967 1
5475 3135 1
5475 3497 1
5475 3930 1
5475 3968 1
5475 3994 1
5475 4300 1
5475 4404 1
5475 4504 1
5475 4703 1
5475 4839 1
5475 4979 1
5475 4981 1
5475 5138 1
5475 5399 1
5476 1758 1
5477 2849 1
5477 2855 1
5477 4992 1
5477 5273 1
5478 67 1
5478 2283 1
5479 3769 1
5480 454 1
5480 795 1
5480 809 1
5480 860 1
5480 876 1
5480 897 1
5480 1023 1
5480 1858 1
5480 3152 1
5480 3297 1
5480 3452 1
5480 3697 1
5480 4065 1
5480 5091 1
5480 5429 1
5481 210 1
5481 3186 1
5481 3818 1
5481 4115 1
5481 4329 1
5481 4348 1
5481 4542 1
5481 4957 1
5482 43 1
5482 346 1
5482 460 1
5482 521 1
5482 878 1
5482 1391 1
5482 2466 1
5482 3839 1
5482 3871 1
5482 4237 1
5482 4271 1
5482 4515 1
5482 4950 1
5483 3278 1
5483 4021 1
5483 4089 1
5483 4387 1
5483 5113 1
5483 5139 1
5485 1137 1
5485 1645 1
5485 2005 1
5485 2316 1
5486 822 1
5486 1036 1
5486 2089 1
5486 4389 1
5487 1339 1
5487 1776 1
5487 4224 1
5487 5409 1
5488 294 1
5488 295 1
5488 1192 1
5488 1391 1
5488 1592 1
5488 1665 1
5488 3575 1
5488 3951 1
5488 4183 1
5488 4388 1
5488 4780 1
5489 1 1
5489 700 1
5489 797 1
5489 2669 1
5489 4122 1
5489 4277 1
5489 5357 1
5491 1160 1
5491 1562 1
5492 180 1
5492 293 1
5492 315 1
5492 451 1
5492 1038 1
5492 1092 1
5492 1639 1
5492 1794 1
5492 2376 1
5492 2435 1
5492 2616 1
5492 3108 1
5492 3568 1
5492 5334 1
5493 641 1
5493 1031 1
5493 1239 1
5493 2616 1
5493 3213 1
5493 3228 1
5493 4108 1
5493 4290 1
5494 4230 1
5494 5139 1
5495 4839 1
5495 4891 1
5496 2368 1
5496 3785 1
5496 4293 1
5497 89 1
5497 196 1
5497 371 1
5497 400 1
5497 587 1
5497 1002 1
5497 1665 1
5497 1836 1
5497 1921 1
5497 2128 1
5497 2152 1
5497 2466 1
5497 3023 1
5497 3229 1
5497 3553 1
5497 3715 1
5497 4013 1
5497 4290 1
5497 4780 1
5497 5241 1
5497 5294 1
5497 5334 1
5497 5369 1
5498 112 1
5498 954 1
5498 1677 1
5498 2012 1
5498 3297 1
5498 3677 1
5499 372 1
5499 2114 1
5499 3487 1
5499 3905 1
5499 4014 1
5499 4552 1
5500 1219 1
5500 2807 1
5501 329 1
5501 3043 1
5501 3706 1
5502 323 1
5502 2364 1
5502 3502 1
5502 3660 1
5502 4825 1
5502 5304 1
5503 1954 1
5503 3983 1
5504 196 1
5504 587 1
5504 642 1
5504 946 1
5504 1264 1
5504 1295 1
5504 1325 1
5504 1368 1
5504 1530 1
5504 1665 1
5504 1882 1
5504 1980 1
5504 2624 1
5504 2659 1
5504 2702 1
5504 2752 1
5504 2987 1
5504 3995 1
5504 4013 1
5504 4044 1
5504 4281 1
5504 4406 1
5504 4600 1
5504 5015 1
5504 5497 1
5506 5219 1
5506 5408 1
5507 684 1
5507 3165 1
5507 4982 1
5507 5366 1
5508 2475 1
5508 2855 1
5508 3738 1
5509 3591 1
5510 413 1
5510 1529 1
5510 2271 1
5510 2433 1
5510 2444 1
5510 2748 1
5510 2876 1
5510 2981 1
5510 3016 1
5510 3126 1
5510 3185 1
5510 3276 1
5510 3366 1
5510 4031 1
5510 4171 1
5510 4292 1
5510 4376 1
5510 4454 1
5510 4474 1
5510 5151 1
5510 5254 1
5511 3615 1
5512 2152 1
5512 2416 1
5512 2702 1
5512 4753 1
5513 3401 1
5514 2110 1
5514 2419 1
5514 3592 1
5514 3769 1
5515 2782 1
5515 3800 1
5515 4873 1
5515 4906 1
5516 4763 1
5516 4998 1
5517 314 1
5517 570 1
5517 1928 1
5517 2054 1
5517 2299 1
5517 2938 1
5517 3420 1
5517 3666 1
5517 3913 1
5517 4113 1
5517 4204 1
5517 4376 1
5517 5074 1
5517 5159 1
5517 5176 1
5518 2638 1
5518 3849 1
5518 4359 1
5518 5228 1
5518 5458 1
5519 199 1
5519 226 1
5519 249 1
5519 265 1
5519 687 1
5519 704 1
5519 725 1
5519 954 1
5519 2325 1
5519 2326 1
5519 2381 1
5519 3309 1
5519 3414 1
5519 3708 1
5519 3778 1
5519 4101 1
5519 4490 1
5519 4554 1
5519 4834 1
5519 5142 1
5519 5207 1
5519 5347 1
5519 5459 1
5519 5498 1
5520 2232 1
5520 3608 1
5520 4103 1
5520 5261 1
5521 918 1
5521 1793 1
5521 4185 1
5522 1370 1
5522 1901 1
5522 2561 1
5522 3399 1
5522 4152 1
5523 199 1
5523 324 1
5523 443 1
5523 1150 1
5523 1316 1
5523 2116 1
5523 2537 1
5523 2939 1
5523 3420 1
5523 3957 1
5524 4389 1
5525 2526 1
5525 4404 1
5525 5031 1
5526 42 1
5526 848 1
5526 977 1
5526 1113 1
5526 1208 1
5526 1746 1
5526 1857 1
5526 3108 1
5526 3848 1
5526 4330 1
5527 482 1
5527 2185 1
5527 2501 1
5527 2958 1
5527 3725 1
5528 2289 1
5528 2516 1
5528 3009 1
5528 4811 1
5528 5363 1
5529 2314 1
5530 5128 1
5531 3362 1
5531 3504 1
5531 4884 1
5531 4935 1
5531 5040 1
5531 5360 1
5532 703 1
5532 3130 1
5533 174 1
5533 713 1
5533 3789 1
5534 3970 1
5534 4229 1
5534 4642 1
5534 4710 1
5535 196 1
5535 1031 1
5535 1416 1
5535 1447 1
5535 1665 1
5535 2702 1
5535 2752 1
5535 2993 1
5535 3870 1
5535 4013 1
5535 4108 1
5535 4600 1
5536 2047 1
5536 4184 1
5537 2424 1
5538 654 1
5538 1266 1
5539 326 1
5539 3482 1
5539 3721 1
5540 2897 1
5540 4427 1
5541 8 1
5541 489 1
5541 592 1
5541 692 1
5541 928 1
5541 1402 1
5541 1537 1
5541 1632 1
5541 2889 1
5541 3815 1
5541 4950 1
5541 5124 1
5542 1589 1
5542 2457 1
5542 3971 1
5542 4006 1
5542 4720 1
5542 4779 1
5542 5276 1
5542 5385 1
5542 5466 1
5543 2215 1
5543 3754 1
5544 355 1
5544 1044 1
5544 2022 1
5544 5001 1
5545 1129 1
5545 2364 1
5545 4558 1
5545 4894 1
5545 5403 1
5546 2817 1
5546 4222 1
5547 138 1
5547 560 1
5547 700 1
5547 740 1
5547 1046 1
5547 1476 1
5547 4110 1
5547 4458 1
5548 116 1
5548 1051 1
5548 2279 1
5548 2280 1
5548 2634 1
5548 4123 1
5548 4543 1
5548 4599 1
5549 443 1
5549 605 1
5549 1644 1
5549 1896 1
5549 1950 1
5549 2044 1
5549 2441 1
5549 2856 1
5549 3119 1
5549 3497 1
5549 3530 1
5549 3875 1
5549 4703 1
5549 4764 1
5550 455 1
5550 1038 1
5550 2331 1
5551 3088 1
5552 3287 1
5554 1871 1
5554 5109 1
5555 1329 1
5555 2007 1
5555 2100 1
5555 2888 1
5555 4083 1
5555 4808 1
5555 5084 1
5555 5409 1
5556 676 1
5556 914 1
5556 3117 1
5556 3915 1
5556 4954 1
5557 1409 1
5557 2695 1
5557 4086 1
5557 4146 1
5558 4889 1
5559 132 1
5559 193 1
5559 608 1
5559 663 1
5559 1964 1
5559 3669 1
5559 3755 1
5559 3767 1
5559 4249 1
5560 2724 1
5560 2778 1
5560 3222 1
5561 223 1
5561 742 1
5561 2009 1
5561 2517 1
5561 4009 1
5562 1391 1
5562 1980 1
5562 2163 1
5562 2347 1
5562 2624 1
5562 2804 1
5562 3108 1
5562 3679 1
5563 1074 1
5563 2060 1
5564 592 1
5564 611 1
5564 2697 1
5564 2842 1
5565 3069 1
5565 3853 1
5565 4429 1
5566 75 1
5566 371 1
5566 439 1
5566 460 1
5566 558 1
5566 587 1
5566 1098 1
5566 1113 1
5566 1592 1
5566 1877 1
5566 1931 1
5566 2089 1
5566 2841 1
5566 3464 1
5566 3753 1
5566 3889 1
5566 4160 1
5566 4251 1
5566 4587 1
5566 5262 1
5567 1261 1
5568 25 1
5568 174 1
5568 326 1
5568 330 1
5568 411 1
5568 420 1
5568 482 1
5568 738 1
5568 1298 1
5568 1414 1
5568 2105 1
5568 2139 1
5568 2235 1
5568 2281 1
5568 2298 1
5568 2360 1
5568 2394 1
5568 2412 1
5568 2559 1
5568 2739 1
5568 2766 1
5568 2912 1
5568 3056 1
5568 3664 1
5568 3669 1
5568 3980 1
5568 4104 1
5568 4157 1
5568 4343 1
5568 4712 1
5568 5186 1
5568 5396 1
5568 5397 1
5569 1894 1
5569 4378 1
5569 4984 1
5570 4965 1
5571 2638 1
5571 3849 1
5571 4359 1
5571 5228 1
5571 5458 1
5571 5518 1
5572 1975 1
5573 25 1
5573 658 1
5573 1038 1
5573 1639 1
5573 4122 1
5573 4860 1
5573 5492 1
5574 1575 1
5574 4827 1
5574 5115 1
5575 663 1
5575 4544 1
5575 5018 1
5575 5220 1
5576 31 1
5576 1209 1
5576 2283 1
5576 3493 1
5576 4248 1
5576 4895 1
5576 5238 1
5577 1246 1
5577 2171 1
5577 4529 1
5577 4763 1
5578 4965 1
5578 5570 1
5579 468 1
5579 538 1
5579 671 1
5579 726 1
5579 2352 1
5580 4741 1
5580 5511 1
5581 4 1
5581 802 1
5581 1924 1
5581 2913 1
5581 2972 1
5581 3406 1
5581 3725 1
5581 4770 1
5581 5457 1
5582 1641 1
5582 1858 1
5582 2189 1
5582 2755 1
5582 3650 1
5582 3747 1
5582 4487 1
5582 5168 1
5582 5279 1
5583 740 1
5583 1608 1
5583 1640 1
5583 2496 1
5584 436 1
5584 2056 1
5584 2577 1
5584 2961 1
5584 4507 1
5584 5012 1
5586 1121 1
5586 1275 1
5586 1794 1
5586 2082 1
5586 3008 1
5586 3194 1
5586 3914 1
5586 5198 1
5586 5301 1
5587 3006 1
5587 4347 1
5588 461 1
5588 877 1
5588 1519 1
5588 1892 1
5588 2479 1
5588 2555 1
5588 2874 1
5588 2930 1
5588 3012 1
5588 3705 1
5588 4077 1
5588 4622 1
5588 4635 1
5589 57 1
5589 411 1
5589 713 1
5589 825 1
5589 1567 1
5589 1985 1
5589 2559 1
5589 3033 1
5589 3330 1
5589 3852 1
5589 4051 1
5589 4129 1
5589 4343 1
5589 5300 1
5589 5568 1
5590 398 1
5590 1031 1
5590 1857 1
5590 2083 1
5590 2702 1
5590 2752 1
5590 3579 1
5590 4600 1
5591 5585 1
5592 1044 1
5592 2022 1
5592 3318 1
5592 5275 1
5592 5280 1
5593 1584 1
5594 713 1
5594 725 1
5594 1150 1
5594 1428 1
5594 1606 1
5594 2273 1
5594 2933 1
5594 3664 1
5594 3969 1
5594 4000 1
5594 4006 1
5594 4079 1
5594 4409 1
5594 4412 1
5596 4286 1
5596 4476 1
5597 1385 1
5597 3827 1
5597 3922 1
5597 5006 1
5598 419 1
5598 801 1
5598 1136 1
5598 1166 1
5598 1802 1
5598 2277 1
5598 2830 1
5598 3596 1
5599 4822 1
5599 5443 1
5600 1694 1
5600 3672 1
5601 2516 1
5601 4811 1
5602 661 1
5602 2512 1
5603 4092 1
5603 5594 1
5604 4380 1
5605 1085 1
5605 1785 1
5605 4291 1
5605 5411 1
5606 475 1
5606 605 1
5606 652 1
5606 972 1
5606 1187 1
5606 1421 1
5606 1860 1
5606 1940 1
5606 2068 1
5606 2650 1
5606 2671 1
5606 3014 1
5606 3044 1
5606 3138 1
5606 3353 1
5606 3639 1
5606 3731 1
5606 4166 1
5606 4327 1
5606 5267 1
5607 116 1
5607 200 1
5607 223 1
5607 767 1
5607 923 1
5607 1000 1
5607 1280 1
5607 1699 1
5607 2162 1
5607 2166 1
5607 2272 1
5607 2280 1
5607 2517 1
5607 2691 1
5607 3167 1
5607 3200 1
5607 3311 1
5607 3697 1
5607 3865 1
5607 4152 1
5607 4543 1
5607 4599 1
5607 4620 1
5607 5463 1
5607 5561 1
5608 1465 1
5608 2186 1
5608 2502 1
5608 5274 1
5608 5386 1
5609 3115 1
5609 3395 1
5610 1164 1
5610 1715 1
5610 3372 1
5610 3691 1
5612 703 1
5612 975 1
5612 2806 1
5612 3709 1
5612 3839 1
5612 5230 1
5612 5482 1
5613 218 1
5613 1047 1
5613 5012 1
5613 5385 1
5613 5542 1
5614 478 1
5614 5232 1
5615 597 1
5616 146 1
5616 626 1
5616 997 1
5616 2598 1
5617 733 1
5617 2212 1
5617 2835 1
5617 3143 1
5617 3561 1
5617 3670 1
5617 4311 1
5617 4650 1
5617 5389 1
5618 1222 1
5618 2014 1
5618 2205 1
5619 860 1
5619 1655 1
5619 2009 1
5619 2033 1
5619 2063 1
5619 2223 1
5619 3091 1
5619 3331 1
5619 3381 1
5619 3512 1
5619 3894 1
5619 4490 1
5620 112 1
5620 528 1
5620 628 1
5620 629 1
5620 659 1
5620 1509 1
5620 1524 1
5620 1592 1
5620 1619 1
5620 1713 1
5620 3137 1
5620 3407 1
5620 4010 1
5620 4025 1
5621 181 1
5621 947 1
5621 3828 1
5622 77 1
5622 779 1
5622 781 1
5622 1204 1
5622 1460 1
5622 3122 1
5623 146 1
5623 334 1
5623 1033 1
5623 1237 1
5623 1286 1
5623 1365 1
5623 1572 1
5623 1977 1
5623 2598 1
5623 4098 1
5623 4287 1
5623 4618 1
5623 4749 1
5623 4823 1
5623 5002 1
5623 5047 1
5623 5620 1
5624 815 1
5624 2250 1
5624 3093 1
5624 3475 1
5624 4349 1
5624 4389 1
5624 5524 1
5625 89 1
5625 1010 1
5625 1122 1
5625 2681 1
5625 3132 1
5626 403 1
5626 495 1
5626 597 1
5626 731 1
5626 763 1
5626 1146 1
5626 1465 1
5626 1476 1
5626 1640 1
5626 1700 1
5626 2502 1
5626 2627 1
5626 2869 1
5626 3092 1
5626 3615 1
5626 5386 1
5626 5583 1
5627 637 1
5627 713 1
5627 1162 1
5627 1303 1
5627 2118 1
5627 2362 1
5627 3279 1
5627 3777 1
5627 4528 1
5627 5594 1
5628 4642 1
5628 5534 1
5629 1906 1
5629 1946 1
5631 75 1
5631 92 1
5631 321 1
5631 331 1
5631 1208 1
5631 1237 1
5631 1391 1
5631 1632 1
5631 1731 1
5631 1877 1
5631 2316 1
5631 3342 1
5631 3815 1
5633 619 1
5633 797 1
5633 846 1
5633 1804 1
5633 1939 1
5633 2474 1
5633 2990 1
5633 3794 1
5634 4121 1
5635 4386 1
5635 4436 1
5635 4562 1
5635 4923 1
5635 5382 1
5635 5603 1
5637 1113 1
5637 2616 1
5637 3072 1
5637 4466 1
5638 801 1
5638 1200 1
5638 1476 1
5638 1906 1
5638 2682 1
5638 3856 1
5638 4177 1
5638 4213 1
5638 4484 1
5638 4709 1
5639 265 1
5639 860 1
5639 2344 1
5639 2687 1
5639 3556 1
5639 3702 1
5639 3910 1
5639 4299 1
5639 5519 1
5640 405 1
5640 1061 1
5640 2314 1
5640 3076 1
5640 3394 1
5640 3915 1
5640 4078 1
5641 2836 1
5641 4093 1
5641 4148 1
5641 4571 1
5641 4853 1
5642 730 1
5642 2280 1
5642 4179 1
5642 4305 1
5642 4745 1
5642 5485 1
5644 1460 1
5644 1795 1
5644 2131 1
5644 2298 1
5644 2412 1
5644 2530 1
5644 4679 1
5645 1476 1
5645 1909 1
5645 2359 1
5645 2717 1
5645 2862 1
5645 3031 1
5645 3127 1
5645 4082 1
5645 4213 1
5645 4484 1
5645 5638 1
5646 4729 1
5646 5026 1
5647 432 1
5647 557 1
5647 767 1
5647 1827 1
5647 3537 1
5648 2910 1
5648 4600 1
5649 100 1
5650 1276 1
5650 2516 1
5650 3806 1
5650 4806 1
5650 4811 1
5650 5356 1
5651 383 1
5652 658 1
5652 1520 1
5652 3022 1
5652 3155 1
5652 4204 1
5653 570 1
5653 2049 1
5653 2211 1
5653 3913 1
5653 5176 1
5653 5517 1
5654 2890 1
5654 3169 1
5655 455 1
5655 746 1
5655 782 1
5655 867 1
5655 1038 1
5655 1378 1
5655 1794 1
5655 2807 1
5655 3225 1
5655 3380 1
5655 3455 1
5655 4886 1
5657 1286 1
5657 1360 1
5657 4098 1
5657 4402 1
5657 5047 1
5658 1232 1
5659 1873 1
5660 667 1
5660 2766 1
5660 3493 1
5660 3980 1
5660 4200 1
5660 4635 1
5660 4791 1
5661 1160 1
5661 2250 1
5661 3748 1
5661 5624 1
5662 2938 1
5662 3666 1
5662 4376 1
5662 5517 1
5663 388 1
5663 699 1
5663 2207 1
5663 2518 1
5663 3800 1
5663 4351 1
5663 4873 1
5664 547 1
5664 745 1
5664 887 1
5664 1311 1
5664 1496 1
5664 1581 1
5664 1629 1
5664 2050 1
5664 2072 1
5664 2150 1
5664 2560 1
5664 2812 1
5664 2814 1
5664 3051 1
5664 3110 1
5664 3144 1
5664 3442 1
5664 3768 1
5664 3831 1
5664 5326 1
5665 4628 1
5666 2268 1
5666 2582 1
5666 3411 1
5666 5044 1
5667 1275 1
5667 1794 1
5667 2095 1
5667 3008 1
5667 5586 1
5668 945 1
5668 3937 1
5668 4950 1
5668 5044 1
5669 734 1
5669 2118 1
5669 4305 1
5670 3400 1
5670 4549 1
5671 524 1
5671 1096 1
5671 1289 1
5671 3839 1
5671 3981 1
5671 5126 1
5672 4777 1
5672 5336 1
5673 176 1
5673 1008 1
5673 1894 1
5673 1990 1
5673 3223 1
5673 3956 1
5673 4378 1
5673 4613 1
5673 4841 1
5673 4984 1
5673 5569 1
5674 3674 1
5675 1631 1
5675 1755 1
5675 1896 1
5675 1960 1
5675 2348 1
5675 2682 1
5675 3856 1
5675 4493 1
5675 5258 1
5675 5387 1
5676 3491 1
5676 4323 1
5676 5120 1
5677 1680 1
5677 2764 1
5677 4550 1
5678 217 1
5678 4172 1
5679 332 1
5679 560 1
5679 871 1
5679 1011 1
5679 1508 1
5679 1639 1
5679 1686 1
5679 2314 1
5679 4030 1
5679 4412 1
5679 5309 1
5679 5316 1
5680 1701 1
5680 5140 1
5680 5409 1
5681 35 1
5681 1272 1
5681 3754 1
5682 624 1
5682 2147 1
5682 4749 1
5683 1109 1
5683 1420 1
5683 1475 1
5683 1780 1
5683 2181 1
5683 3885 1
5683 5233 1
5683 5460 1
5684 782 1
5684 1460 1
5684 2244 1
5684 2513 1
5684 2677 1
5684 2940 1
5684 3267 1
5684 3277 1
5684 3327 1
5684 3350 1
5685 484 1
5685 1013 1
5686 875 1
5686 1038 1
5686 1437 1
5686 1639 1
5686 2456 1
5686 3351 1
5686 3571 1
5686 4033 1
5686 4896 1
5686 5056 1
5686 5167 1
5687 614 1
5687 1503 1
5687 1517 1
5687 3260 1
5687 4153 1
5688 3591 1
5688 5128 1
5688 5352 1
5688 5509 1
5689 4278 1
5689 4644 1
5689 5052 1
5690 484 1
5690 556 1
5690 1013 1
5690 2106 1
5690 2236 1
5690 4456 1
5690 4570 1
5690 5685 1
5691 632 1
5691 2807 1
5691 4305 1
5691 4344 1
5691 4630 1
5691 5086 1
5692 238 1
5692 675 1
5693 2981 1
5693 5490 1
5694 1068 1
5694 2328 1
5694 4967 1
5695 2422 1
5695 5246 1
5696 111 1
5696 4121 1
5696 4134 1
5696 4884 1
5696 5634 1
5697 436 1
5697 3591 1
5697 3704 1
5698 2735 1
5698 4603 1
5699 256 1
5699 480 1
5699 481 1
5699 787 1
5699 1320 1
5699 1771 1
5699 1939 1
5699 2349 1
5699 2843 1
5699 4319 1
5699 4449 1
5699 4483 1
5699 4537 1
5700 1465 1
5700 1700 1
5700 2186 1
5700 2502 1
5700 5274 1
5700 5386 1
5700 5608 1
5701 1763 1
5701 2733 1
5701 4091 1
5701 4274 1
5701 4432 1
5702 557 1
5702 5273 1
5703 3402 1
5703 4697 1
5704 909 1
5706 4288 1
5706 4799 1
5707 1177 1
5707 3141 1
5708 476 1
5708 2386 1
5708 3701 1
5708 4494 1
5708 4630 1
5708 5249 1
5709 655 1
5709 3973 1
5710 33 1
5710 79 1
5710 125 1
5710 270 1
5710 493 1
5710 503 1
5710 697 1
5710 1007 1
5710 1311 1
5710 1462 1
5710 1652 1
5710 2048 1
5710 2112 1
5710 2282 1
5710 4117 1
5710 4415 1
5710 4766 1
5710 4817 1
5710 5049 1
5711 2225 1
5711 4345 1
5713 682 1
5713 1137 1
5713 3792 1
5713 5492 1
5714 278 1
5714 700 1
5714 901 1
5714 1157 1
5714 1565 1
5714 2375 1
5714 4398 1
5714 4725 1
5714 5247 1
5715 5490 1
5715 5693 1
5716 925 1
5716 2694 1
5716 2982 1
5717 5506 1
5718 5123 1
5719 4226 1
5719 4548 1
5720 3992 1
5721 640 1
5721 2331 1
5722 304 1
5722 3536 1
5723 1308 1
5723 2134 1
5723 2319 1
5724 642 1
5724 2754 1
5724 4106 1
5725 1537 1
5725 3226 1
5725 3280 1
5725 3676 1
5725 5273 1
5726 1954 1
5726 3983 1
5726 5503 1
5727 3055 1
5727 5127 1
5728 2392 1
5729 1124 1
5729 3735 1
5729 5492 1
5729 5573 1
5730 93 1
5730 123 1
5730 922 1
5730 1037 1
5730 1338 1
5730 1732 1
5730 2036 1
5730 2423 1
5730 2434 1
5730 3421 1
5730 3625 1
5730 4035 1
5730 4119 1
5730 4263 1
5730 5447 1
5731 524 1
5731 782 1
5731 848 1
5731 1031 1
5731 1399 1
5731 1510 1
5731 2372 1
5731 2582 1
5731 2941 1
5731 3889 1
5731 3990 1
5731 4929 1
5731 5566 1
5732 801 1
5732 1166 1
5733 2907 1
5733 4956 1
5734 3867 1
5735 1197 1
5736 3533 1
5736 4099 1
5736 4266 1
5737 1054 1
5737 1061 1
5737 1332 1
5737 1366 1
5737 1388 1
5737 1658 1
5737 3745 1
5737 3757 1
5737 3784 1
5737 4122 1
5737 4768 1
5737 4860 1
5737 5492 1
5737 5573 1
5738 1166 1
5738 1467 1
5738 1476 1
5738 1765 1
5738 2093 1
5738 2448 1
5738 2735 1
5738 2811 1
5738 4128 1
5738 4228 1
5738 4449 1
5738 4483 1
5738 4585 1
5738 4603 1
5738 4701 1
5738 5144 1
5738 5698 1
5739 1162 1
5740 1205 1
5740 1939 1
5740 3842 1
5740 4772 1
5740 5162 1
5741 837 1
5741 5148 1
5741 5224 1
5742 420 1
5742 3936 1
5742 4200 1
5742 4440 1
5742 4746 1
5742 5238 1
5742 5272 1
5743 2487 1
5743 4112 1
5743 5272 1
5744 41 1
5744 1563 1
5744 1773 1
5745 160 1
5745 3728 1
5745 5330 1
5746 1197 1
5746 1275 1
5746 1472 1
5746 2095 1
5746 2890 1
5746 4465 1
5746 5550 1
5747 655 1
5747 3369 1
5748 244 1
5748 4360 1
5748 4400 1
5748 5194 1
5749 408 1
5749 658 1
5749 2324 1
5749 2602 1
5749 2951 1
5749 3022 1
5749 3374 1
5749 3798 1
5749 4095 1
5749 4243 1
5749 4743 1
5749 4850 1
5749 5074 1
5750 1880 1
5750 1994 1
5750 2067 1
5750 3597 1
5751 5519 1
5752 483 1
5752 1851 1
5752 2597 1
5752 3667 1
5752 3681 1
5752 4836 1
5752 5134 1
5753 1119 1
5753 1156 1
5753 1165 1
5753 1241 1
5753 1450 1
5753 2353 1
5753 2901 1
5753 3441 1
5753 3623 1
5753 3680 1
5753 4322 1
5753 4807 1
5753 4943 1
5755 74 1
5755 274 1
5755 2203 1
5755 2233 1
5755 4443 1
5755 4996 1
5756 42 1
5756 92 1
5756 1098 1
5756 3203 1
5756 3737 1
5756 4587 1
5756 5079 1
5757 993 1
5757 3069 1
5757 3853 1
5757 4138 1
5757 4429 1
5757 4916 1
5757 5565 1
5758 4853 1
5759 3802 1
5760 1584 1
5760 5166 1
5761 766 1
5761 1061 1
5761 1638 1
5761 2659 1
5761 2752 1
5761 3577 1
5761 5294 1
5762 1417 1
5762 2066 1
5762 2657 1
5762 3249 1
5762 3600 1
5762 3958 1
5763 75 1
5763 371 1
5763 460 1
5763 587 1
5763 1208 1
5763 1218 1
5763 1731 1
5763 2077 1
5763 2089 1
5763 2307 1
5763 2659 1
5763 2689 1
5763 2916 1
5763 3255 1
5763 3881 1
5763 4237 1
5763 4330 1
5763 4346 1
5764 210 1
5765 3402 1
5765 5703 1
5767 157 1
5767 1780 1
5767 2329 1
5767 3405 1
5767 5233 1
5767 5683 1
5768 413 1
5768 463 1
5768 727 1
5768 954 1
5769 415 1
5769 518 1
5769 708 1
5769 1070 1
5769 1480 1
5769 1868 1
5769 2460 1
5769 3282 1
5769 3617 1
5770 256 1
5770 299 1
5770 480 1
5770 481 1
5770 658 1
5770 748 1
5770 787 1
5770 1311 1
5770 1320 1
5770 1388 1
5770 1666 1
5770 1771 1
5770 1939 1
5770 1950 1
5770 1973 1
5770 2294 1
5770 2349 1
5770 2488 1
5770 2585 1
5770 2843 1
5770 3120 1
5770 3422 1
5770 3426 1
5770 3459 1
5770 3875 1
5770 4197 1
5770 4224 1
5770 4319 1
5770 4449 1
5770 4483 1
5770 4529 1
5770 4584 1
5770 4827 1
5770 4833 1
5770 4982 1
5770 5115 1
5770 5309 1
5770 5699 1
5770 5740 1
5771 2364 1
5771 2774 1
5771 3660 1
5771 4825 1
5771 4877 1
5772 5200 1
5773 535 1
5773 1303 1
5773 1318 1
5773 2030 1
5773 3465 1
5773 4395 1
5773 4630 1
5773 5594 1
5773 5708 1
5774 3017 1
5774 3748 1
5774 5661 1
5775 810 1
5775 1364 1
5775 1558 1
5775 2053 1
5775 2423 1
5775 3929 1
5776 2946 1
5776 3794 1
5777 307 1
5777 2865 1
5777 3666 1
5777 4942 1
5777 5127 1
5777 5437 1
5778 992 1
5778 2964 1
5778 3329 1
5778 3444 1
5778 3626 1
5778 4132 1
5779 716 1
5779 956 1
5779 4490 1
5780 76 1
5780 1979 1
5780 2009 1
5780 2190 1
5780 2453 1
5780 2946 1
5780 3663 1
5780 3697 1
5780 3963 1
5780 4349 1
5780 4598 1
5780 4843 1
5781 2745 1
5782 3216 1
5782 5692 1
5783 4036 1
5783 4628 1
5783 4855 1
5783 4884 1
5783 4935 1
5783 5337 1
5783 5674 1
5784 248 1
5784 694 1
5784 1363 1
5784 1840 1
5784 2024 1
5784 2480 1
5784 4370 1
5784 4378 1
5784 4551 1
5784 4816 1
5784 5421 1
5784 5460 1
5785 2859 1
5785 3592 1
5785 4125 1
5785 5246 1
5785 5695 1
5786 106 1
5786 605 1
5786 800 1
5786 829 1
5786 875 1
5786 947 1
5786 1233 1
5786 1242 1
5786 1590 1
5786 1828 1
5786 1837 1
5786 2009 1
5786 2033 1
5786 2039 1
5786 2167 1
5786 2284 1
5786 2864 1
5786 2905 1
5786 2961 1
5786 3264 1
5786 3435 1
5786 3496 1
5786 3508 1
5786 3519 1
5786 3791 1
5786 3933 1
5786 4229 1
5786 4606 1
5786 4634 1
5786 4647 1
5786 4677 1
5786 4788 1
5786 5073 1
5786 5733 1
5787 397 1
5787 3737 1
5788 2225 1
5788 3693 1
5788 4345 1
5788 5711 1
5789 1517 1
5789 2712 1
5790 4468 1
5790 4801 1
5791 573 1
5791 1397 1
5791 1556 1
5791 5498 1
5791 5519 1
5792 1973 1
5792 2324 1
5792 2554 1
5792 3562 1
5792 4434 1
5793 1495 1
5793 1663 1
5793 2818 1
5793 3804 1
5793 5594 1
5793 5746 1
5795 4016 1
5795 5164 1
5796 1871 1
5796 5554 1
5797 1028 1
5797 4463 1
5797 4758 1
5798 1730 1
5799 1620 1
5800 2903 1
5800 2986 1
5800 3216 1
5800 3381 1
5800 3631 1
5801 473 1
5801 3498 1
5801 3880 1
5801 4748 1
5802 257 1
5802 521 1
5802 1042 1
5802 1113 1
5802 2262 1
5802 3147 1
5802 3550 1
5802 3737 1
5802 5369 1
5802 5756 1
5803 942 1
5803 1049 1
5803 1200 1
5803 1814 1
5803 3571 1
5803 4213 1
5803 4484 1
5803 5638 1
5803 5645 1
5804 658 1
5804 787 1
5804 1973 1
5804 2294 1
5804 2349 1
5804 4224 1
5804 4982 1
5804 5309 1
5806 434 1
5806 5004 1
5807 538 1
5807 848 1
5807 1746 1
5807 4365 1
5808 4167 1
5808 4432 1
5808 5220 1
5809 6 1
5809 193 1
5809 229 1
5809 275 1
5809 326 1
5809 330 1
5809 354 1
5809 385 1
5809 476 1
5809 482 1
5809 543 1
5809 571 1
5809 663 1
5809 689 1
5809 738 1
5809 746 1
5809 782 1
5809 835 1
5809 867 1
5809 1038 1
5809 1328 1
5809 1378 1
5809 1428 1
5809 1794 1
5809 1795 1
5809 1917 1
5809 2070 1
5809 2131 1
5809 2386 1
5809 2394 1
5809 2401 1
5809 2412 1
5809 2933 1
5809 2940 1
5809 3112 1
5809 3140 1
5809 3327 1
5809 3380 1
5809 3450 1
5809 3479 1
5809 3482 1
5809 3520 1
5809 3539 1
5809 3555 1
5809 3697 1
5809 3725 1
5809 3876 1
5809 4000 1
5809 4305 1
5809 4338 1
5809 4523 1
5809 4544 1
5809 4886 1
5809 5041 1
5809 5066 1
5809 5251 1
5809 5431 1
5809 5478 1
5809 5539 1
5809 5568 1
5809 5575 1
5809 5594 1
5809 5655 1
5809 5684 1
5810 50 1
5810 257 1
5810 346 1
5810 845 1
5810 1752 1
5810 2624 1
5810 3108 1
5810 3575 1
5810 3735 1
5810 4013 1
5810 4183 1
5810 4587 1
5810 4753 1
5810 5369 1
5810 5802 1
5811 35 1
5811 151 1
5811 1272 1
5811 2636 1
5811 4096 1
5811 4204 1
5812 658 1
5812 787 1
5812 2294 1
5812 2349 1
5812 4833 1
5812 5309 1
5812 5770 1
5812 5792 1
5812 5804 1
5813 751 1
5813 776 1
5813 1903 1
5813 2441 1
5813 2973 1
5813 3396 1
5814 662 1
5815 25 1
5815 197 1
5815 712 1
5815 857 1
5815 2322 1
5815 3820 1
5815 4210 1
5815 4344 1
5815 4544 1
5815 4630 1
5815 4726 1
5815 4924 1
5815 5794 1
5816 342 1
5816 3025 1
5816 3567 1
5817 347 1
5817 546 1
5817 672 1
5817 882 1
5817 1129 1
5817 1265 1
5817 1307 1
5817 1894 1
5817 2364 1
5817 2690 1
5817 3441 1
5817 3623 1
5817 3836 1
5817 3885 1
5817 4081 1
5817 4372 1
5817 4527 1
5817 4877 1
5817 4943 1
5817 4949 1
5817 4984 1
5817 5403 1
5817 5545 1
5818 677 1
5818 1308 1
5818 1644 1
5818 1778 1
5818 1981 1
5818 2344 1
5818 3910 1
5818 4299 1
5818 4300 1
5818 5063 1
5818 5138 1
5818 5639 1
5819 1562 1
5819 1847 1
5819 5214 1
5819 5332 1
5819 5686 1
5820 595 1
5820 1467 1
5820 1476 1
5820 2448 1
5820 4228 1
5820 4449 1
5820 4483 1
5820 4585 1
5820 4701 1
5820 5144 1
5820 5738 1
5821 35 1
5821 1138 1
5821 1818 1
5821 1932 1
5821 2883 1
5821 3392 1
5821 3397 1
5821 3708 1
5821 3754 1
5822 56 1
5822 113 1
5822 299 1
5822 644 1
5822 900 1
5822 1347 1
5822 1397 1
5822 1577 1
5822 2123 1
5822 2452 1
5822 2529 1
5822 3037 1
5822 3167 1
5822 3182 1
5822 3312 1
5822 3362 1
5822 3697 1
5822 3716 1
5822 3793 1
5822 3898 1
5822 4033 1
5822 4367 1
5822 4380 1
5822 4389 1
5822 4474 1
5822 4644 1
5822 4675 1
5822 4759 1
5822 4896 1
5822 5072 1
5822 5084 1
5822 5117 1
5822 5471 1
5823 40 1
5823 1000 1
5823 1346 1
5823 3942 1
5823 4064 1
5823 4834 1
5824 2775 1
5824 5226 1
5825 652 1
5825 954 1
5825 2073 1
5825 3400 1
5825 4953 1
5825 5267 1
5826 2021 1
5826 3874 1
5827 337 1
5827 2210 1
5827 2681 1
5828 155 1
5828 157 1
5828 806 1
5828 1653 1
5828 2011 1
5828 2774 1
5828 4456 1
5828 5233 1
5829 2678 1
5829 2995 1
5829 3599 1
5829 4310 1
5829 5023 1
5830 2488 1
5830 2604 1
5830 3863 1
5831 3186 1
5831 4115 1
5831 4329 1
5831 4348 1
5831 4957 1
5832 4125 1
5832 5246 1
5832 5785 1
5833 408 1
5833 1259 1
5833 1362 1
5833 1730 1
5833 1967 1
5833 2017 1
5833 2096 1
5833 2389 1
5833 2395 1
5833 3215 1
5833 3292 1
5833 3619 1
5833 3864 1
5833 3952 1
5833 4404 1
5833 4631 1
5833 4888 1
5833 4979 1
5834 234 1
5834 1216 1
5834 1742 1
5834 2723 1
5834 3087 1
5835 3186 1
5835 3818 1
5835 4115 1
5835 4326 1
5835 4329 1
5835 4348 1
5835 4814 1
5835 4957 1
5835 5481 1
5835 5831 1
5836 2938 1
5836 4182 1
5836 4376 1
5836 5517 1
5836 5662 1
5837 520 1
5837 2122 1
5837 3838 1
5837 4238 1
5838 2111 1
5838 2745 1
5839 810 1
5839 1037 1
5839 1364 1
5839 1558 1
5839 2053 1
5839 2423 1
5839 4324 1
5839 5775 1
5840 3898 1
5840 5531 1
5841 470 1
5841 860 1
5841 5091 1
5842 291 1
5842 904 1
5842 1499 1
5842 1544 1
5842 1654 1
5842 1760 1
5842 1798 1
5842 1814 1
5842 1918 1
5842 2607 1
5842 3347 1
5842 3542 1
5842 3571 1
5842 3703 1
5842 4078 1
5842 4107 1
5842 4226 1
5842 4241 1
5842 4286 1
5842 4356 1
5842 4431 1
5842 4548 1
5842 4759 1
5842 4778 1
5842 5022 1
5843 89 1
5843 315 1
5843 641 1
5843 1872 1
5843 2616 1
5843 3079 1
5843 3827 1
5843 5334 1
5844 4296 1
5845 333 1
5845 630 1
5845 3437 1
5845 3750 1
5846 2046 1
5846 2682 1
5847 2269 1
5847 4485 1
5848 177 1
5848 265 1
5848 1213 1
5848 3101 1
5848 3723 1
5848 3996 1
5848 4206 1
5848 4272 1
5848 4359 1
5848 4888 1
5848 4932 1
5848 5205 1
5848 5228 1
5849 602 1
5849 1690 1
5849 3858 1
5849 4044 1
5849 5482 1
5850 2936 1
5850 3717 1
5851 4192 1
5851 4980 1
5852 1118 1
5852 1198 1
5852 1237 1
5852 3844 1
5852 4108 1
5853 5065 1
5854 1121 1
5854 1150 1
5854 1298 1
5854 2082 1
5854 2095 1
5854 2946 1
5854 3388 1
5854 3712 1
5854 3914 1
5854 4079 1
5854 5198 1
5855 1736 1
5855 3649 1
5855 4811 1
5856 1933 1
5856 2426 1
5857 2668 1
5858 495 1
5858 658 1
5858 1005 1
5858 1038 1
5858 1639 1
5858 2213 1
5858 3108 1
5858 5573 1
5859 174 1
5859 857 1
5859 1419 1
5859 1463 1
5859 1624 1
5859 1707 1
5859 2477 1
5859 3817 1
5859 4730 1
5859 4845 1
5859 5473 1
5859 5669 1
5860 362 1
5860 1178 1
5860 4803 1
5861 139 1
5861 521 1
5861 2367 1
5861 2659 1
5861 2702 1
5861 5341 1
5862 3897 1
5862 4656 1
5863 379 1
5863 466 1
5863 738 1
5863 1038 1
5863 1137 1
5863 1567 1
5863 1645 1
5863 1969 1
5863 2005 1
5863 2095 1
5863 3698 1
5863 3976 1
5863 4305 1
5863 4516 1
5863 5485 1
5864 3504 1
5864 5360 1
5864 5531 1
5865 5783 1
5866 5517 1
5867 25 1
5867 455 1
5867 476 1
5867 663 1
5867 712 1
5867 1038 1
5867 1298 1
5867 1318 1
5867 2020 1
5867 2107 1
5867 2412 1
5867 2551 1
5867 2706 1
5867 2880 1
5867 3225 1
5867 3493 1
5867 3701 1
5867 4450 1
5867 4779 1
5867 4870 1
5867 5027 1
5867 5238 1
5867 5655 1
5867 5809 1
5867 5863 1
5868 281 1
5868 2303 1
5868 3295 1
5869 108 1
5869 160 1
5869 666 1
5869 1736 1
5869 3649 1
5869 3799 1
5869 4963 1
5870 85 1
5870 4105 1
5870 4544 1
5871 1577 1
5871 1778 1
5871 1967 1
5871 3312 1
5871 3968 1
5871 5146 1
5871 5475 1
5872 901 1
5872 1292 1
5872 1680 1
5872 1747 1
5872 1933 1
5872 2375 1
5872 2426 1
5872 4550 1
5872 4725 1
5872 4777 1
5872 5247 1
5872 5677 1
5872 5714 1
5873 497 1
5873 605 1
5873 677 1
5873 2149 1
5873 5360 1
5873 5531 1
5873 5864 1
5874 11 1
5874 433 1
5874 1256 1
5874 1893 1
5874 1932 1
5874 2215 1
5874 3305 1
5874 3829 1
5874 4075 1
5874 4827 1
5874 5068 1
5874 5309 1
5874 5311 1
5875 2685 1
5875 2947 1
5878 3493 1
5878 4699 1
5878 4754 1
5878 5589 1
5879 629 1
5879 1137 1
5879 1609 1
5879 1619 1
5879 1645 1
5879 1969 1
5879 2005 1
5879 2380 1
5879 2446 1
5879 2734 1
5879 3388 1
5879 3698 1
5879 5032 1
5879 5863 1
5880 1234 1
5880 1271 1
5881 571 1
5881 3027 1
5881 4680 1
5882 323 1
5882 882 1
5882 2061 1
5882 4877 1
5883 2819 1
5883 3774 1
5884 1124 1
5884 1656 1
5884 2906 1
5884 4559 1
5885 3 1
5885 1061 1
5885 2270 1
5886 1712 1
5886 4921 1
5887 123 1
5887 1000 1
5887 1100 1
5887 3421 1
5887 4035 1
5887 4349 1
5888 946 1
5888 3229 1
5888 3351 1
5888 4694 1
5888 5015 1
5889 2045 1
5889 3400 1
5889 5244 1
5889 5320 1
5890 1073 1
5890 4969 1
5891 4288 1
5891 5706 1
5892 542 1
5892 899 1
5893 558 1
5893 691 1
5893 3136 1
5893 3243 1
5893 3553 1
5893 4600 1
5893 5245 1
5893 5590 1
5894 605 1
5894 864 1
5894 1769 1
5894 2219 1
5894 3119 1
5895 199 1
5895 2537 1
5895 2939 1
5895 2957 1
5895 3420 1
5895 5436 1
5895 5523 1
5896 784 1
5896 1519 1
5896 1538 1
5896 2005 1
5896 2107 1
5896 2281 1
5896 2511 1
5896 2880 1
5896 2964 1
5896 3669 1
5896 4962 1
5897 216 1
5897 800 1
5897 1242 1
5897 3508 1
5897 3791 1
5897 4037 1
5897 4788 1
5897 5786 1
5898 542 1
5898 899 1
5898 1819 1
5898 3109 1
5899 1129 1
5899 2026 1
5899 2092 1
5899 2364 1
5899 3095 1
5899 3774 1
5899 3885 1
5899 4421 1
5899 4877 1
5899 4984 1
5899 5460 1
5900 89 1
5900 775 1
5900 1041 1
5900 3132 1
5900 4207 1
5900 5625 1
5901 5165 1
5902 835 1
5902 1038 1
5902 1328 1
5902 3876 1
5902 5655 1
5902 5809 1
5903 1385 1
5903 5597 1
5904 180 1
5904 603 1
5904 1521 1
5904 2079 1
5904 2252 1
5904 2439 1
5904 4926 1
5904 5221 1
5905 3009 1
5905 3806 1
5905 4811 1
5905 5363 1
5905 5528 1
5906 1965 1
5906 4701 1
5907 3020 1
5908 460 1
5908 587 1
5908 592 1
5908 977 1
5908 1416 1
5908 1665 1
5908 1878 1
5908 2250 1
5908 2370 1
5908 2509 1
5908 2590 1
5908 2752 1
5908 2928 1
5908 2987 1
5908 3093 1
5908 3136 1
5908 3255 1
5908 3647 1
5908 3737 1
5908 4408 1
5908 4565 1
5908 5044 1
5908 5104 1
5908 5661 1
5908 5780 1
5909 1778 1
5909 2725 1
5909 2877 1
5909 3497 1
5909 4628 1
5909 4828 1
5910 2858 1
5910 3113 1
5912 622 1
5912 1492 1
5912 4796 1
5912 4797 1
5912 5093 1
5913 1038 1
5913 1298 1
5913 1318 1
5913 3701 1
5913 4164 1
5913 5867 1
5915 611 1
5915 1203 1
5915 5564 1
5916 3110 1
5916 4320 1
5917 1671 1
5917 2449 1
5917 5328 1
5918 402 1
5918 558 1
5918 945 1
5918 1416 1
5918 2128 1
5918 2702 1
5918 3023 1
5918 5141 1
5918 5380 1
5918 5561 1
5919 73 1
5919 849 1
5919 1184 1
5919 4808 1
5919 5555 1
5920 17 1
5920 1412 1
5920 3405 1
5920 4159 1
5920 4451 1
5920 4660 1
5920 4732 1
5920 4735 1
5921 3106 1
5921 3329 1
5922 18 1
5922 694 1
5922 1463 1
5922 1874 1
5922 2480 1
5922 2705 1
5922 3558 1
5922 4378 1
5922 4816 1
5924 2875 1
5924 5387 1
5925 251 1
5925 953 1
5925 2663 1
5925 3532 1
5926 31 1
5926 132 1
5926 254 1
5926 756 1
5926 2005 1
5926 2105 1
5926 2107 1
5926 2139 1
5926 2281 1
5926 2394 1
5926 2412 1
5926 2511 1
5926 2559 1
5926 2739 1
5926 2880 1
5926 3664 1
5926 4305 1
5926 4712 1
5926 5568 1
5926 5896 1
5927 31 1
5927 420 1
5927 1519 1
5927 2244 1
5927 2430 1
5927 2511 1
5927 3741 1
5927 3897 1
5927 4112 1
5927 4116 1
5927 4200 1
5927 4303 1
5927 4365 1
5927 4407 1
5927 4635 1
5927 4699 1
5927 4705 1
5927 4746 1
5927 4754 1
5927 4791 1
5927 4845 1
5927 4962 1
5927 5027 1
5927 5172 1
5927 5220 1
5927 5238 1
5927 5272 1
5927 5576 1
5927 5742 1
5927 5743 1
5927 5867 1
5927 5878 1
5927 5896 1
5928 1121 1
5928 1275 1
5928 1472 1
5928 2095 1
5928 3008 1
5928 3194 1
5928 3914 1
5928 4079 1
5928 5301 1
5929 2012 1
5930 5669 1
5930 5859 1
5931 1950 1
5931 3530 1
5931 4306 1
5931 4764 1
5931 4900 1
5931 5360 1
5931 5549 1
5933 4671 1
5934 1941 1
5934 2735 1
5934 4078 1
5934 5738 1
5935 3082 1
5936 249 1
5936 531 1
5936 954 1
5936 1462 1
5936 2041 1
5936 2205 1
5936 2803 1
5936 3414 1
5937 543 1
5937 825 1
5937 828 1
5937 1985 1
5937 3105 1
5937 4343 1
5937 5568 1
5937 5589 1
5938 183 1
5938 4347 1
5939 1714 1
5940 25 1
5940 712 1
5940 713 1
5940 2554 1
5940 3199 1
5940 3465 1
5940 3467 1
5940 3493 1
5940 3664 1
5940 4088 1
5940 4200 1
5940 4365 1
5940 4395 1
5940 4407 1
5940 4533 1
5940 4962 1
5940 5023 1
5940 5773 1
5940 5815 1
5940 5867 1
5940 5927 1
5941 4394 1
5942 4400 1
5943 430 1
5943 2360 1
5943 2930 1
5944 282 1
5944 858 1
5944 1166 1
5944 2543 1
5945 837 1
5945 3155 1
5945 3529 1
5945 3663 1
5945 4163 1
5945 4756 1
5945 4942 1
5945 5148 1
5945 5224 1
5945 5674 1
5945 5741 1
5946 1820 1
5946 1955 1
5946 2868 1
5946 4811 1
5947 4580 1
5947 4913 1
5948 1262 1
5950 793 1
5950 5892 1
5951 4170 1
5951 4657 1
5951 4808 1
5952 2215 1
5952 3708 1
5952 3754 1
5954 3653 1
5954 4811 1
5956 3163 1
5956 3493 1
5956 4302 1
5956 5859 1
5957 129 1
5957 1857 1
5957 2083 1
5957 2256 1
5957 2752 1
5957 3213 1
5957 3550 1
5957 3715 1
5957 5535 1
5957 5590 1
5958 29 1
5958 1140 1
5958 3060 1
5958 3221 1
5958 3401 1
5959 1892 1
5959 3351 1
5959 4277 1
5960 263 1
5960 708 1
5960 734 1
5960 2246 1
5960 3102 1
5960 3720 1
5960 4305 1
5960 4560 1
5960 4793 1
5961 1381 1
5961 2192 1
5961 3048 1
5962 4542 1
5963 4320 1
5963 5916 1
5964 221 1
5964 1639 1
5964 4686 1
5965 751 1
5965 1476 1
5965 2195 1
5965 3034 1
5965 3511 1
5965 5474 1
5965 5547 1
5966 3493 1
5966 5660 1
5967 198 1
5967 375 1
5967 378 1
5967 511 1
5967 571 1
5967 620 1
5967 852 1
5967 963 1
5967 974 1
5967 1303 1
5967 1440 1
5967 1703 1
5967 1824 1
5967 2015 1
5967 2246 1
5967 2320 1
5967 2369 1
5967 2447 1
5967 2501 1
5967 2884 1
5967 2958 1
5967 3086 1
5967 3272 1
5967 3424 1
5967 3760 1
5967 4186 1
5967 4344 1
5967 5007 1
5967 5220 1
5967 5439 1
5967 5627 1
5968 174 1
5968 2912 1
5969 1150 1
5969 5364 1
5970 502 1
5970 1992 1
5970 3251 1
5970 3821 1
5971 142 1
5971 497 1
5971 800 1
5971 836 1
5971 994 1
5971 1072 1
5971 1242 1
5971 1540 1
5971 2609 1
5971 3200 1
5971 3399 1
5971 3435 1
5971 3508 1
5971 3791 1
5971 3951 1
5971 4037 1
5971 4080 1
5971 4788 1
5971 5621 1
5971 5786 1
5971 5897 1
5972 1246 1
5972 1534 1
5972 3522 1
5972 3615 1
5972 4021 1
5972 4113 1
5972 4452 1
5972 4468 1
5972 4529 1
5972 4784 1
5972 5113 1
5972 5173 1
5973 372 1
5973 2114 1
5973 2998 1
5973 3979 1
5973 4014 1
5973 4552 1
5973 5181 1
5974 0 1
5974 1136 1
5974 2423 1
5974 3139 1
5974 3352 1
5975 625 1
5975 1368 1
5976 56 1
5976 1563 1
5976 2213 1
5976 2529 1
5976 3362 1
5976 4367 1
5976 5822 1
5977 566 1
5978 42 1
5978 75 1
5978 1030 1
5978 1264 1
5978 1391 1
5978 1530 1
5978 1746 1
5978 2372 1
5978 3172 1
5978 3410 1
5978 3822 1
5978 4008 1
5978 4780 1
5978 5015 1
5978 5504 1
5978 5731 1
5979 323 1
5979 502 1
5979 621 1
5979 788 1
5979 1271 1
5979 1373 1
5979 1588 1
5979 1687 1
5979 2061 1
5979 2382 1
5979 2994 1
5979 3310 1
5979 3935 1
5979 3940 1
5979 4398 1
5979 4512 1
5979 4673 1
5979 4807 1
5980 4352 1
5980 4624 1
5981 713 1
5981 2648 1
5981 3159 1
5981 3181 1
5981 3470 1
5981 5449 1
5982 3186 1
5982 4115 1
5982 4329 1
5982 4348 1
5982 4957 1
5982 5831 1
5982 5835 1
5983 4170 1
5983 5951 1
5984 5551 1
5985 148 1
5985 169 1
5985 1746 1
5985 3848 1
5985 3870 1
5985 4330 1
5985 5392 1
5986 768 1
5986 1801 1
5986 2370 1
5986 4123 1
5986 4599 1
5986 5124 1
5986 5548 1
5987 3237 1
5987 3244 1
5987 3340 1
5988 642 1
5988 2752 1
5988 5369 1
5988 5761 1
5989 295 1
5989 309 1
5989 869 1
5989 898 1
5989 1019 1
5989 1238 1
5989 2893 1
5989 3407 1
5989 3608 1
5989 3844 1
5989 4108 1
5989 5488 1
5989 5852 1
5990 1344 1
5990 2721 1
5991 463 1
5991 704 1
5991 954 1
5991 3795 1
5991 4953 1
5991 4961 1
5991 5531 1
5992 2862 1
5992 3127 1
5992 3806 1
5992 4296 1
5992 4484 1
5992 4811 1
5992 5645 1
5993 843 1
5993 1866 1
5994 486 1
5994 738 1
5994 1782 1
5994 2479 1
5994 3100 1
5994 3545 1
5994 3789 1
5994 3810 1
5994 4077 1
5994 5533 1
5995 4754 1
5995 5276 1
5996 206 1
5997 1715 1
5998 2241 1
5998 2738 1
5998 4309 1
5999 2530 1
5999 2838 1
6000 5757 1
6001 5954 1
6002 1880 1
6002 4121 1
6002 4884 1
6004 1545 1
6004 2665 1
6004 3978 1
6005 415 1
6005 775 1
6005 2709 1
6005 5184 1
6006 1876 1
6006 2075 1
6006 2539 1
6007 96 1
6007 4598 1
6007 5199 1
6009 144 1
6009 249 1
6009 1810 1
6009 1981 1
6009 2423 1
6009 2803 1
6009 2849 1
6009 3226 1
6009 3356 1
6009 3665 1
6009 4834 1
6009 4992 1
6009 5073 1
6009 5210 1
6009 5786 1
6010 1582 1
6011 573 1
6011 1397 1
6011 1556 1
6011 2667 1
6011 5791 1
6012 3264 1
6012 4360 1
6013 1337 1
6013 2296 1
6014 118 1
6014 827 1
6014 3236 1
6014 3866 1
6014 4349 1
6014 5083 1
6014 5290 1
6015 2776 1
6015 2883 1
6016 1184 1
6016 1384 1
6017 150 1
6017 421 1
6017 426 1
6017 453 1
6017 491 1
6017 664 1
6017 937 1
6017 990 1
6017 1036 1
6017 1131 1
6017 1160 1
6017 1266 1
6017 1562 1
6017 1655 1
6017 1664 1
6017 1847 1
6017 2089 1
6017 2296 1
6017 2393 1
6017 3008 1
6017 3216 1
6017 3331 1
6017 3957 1
6017 4316 1
6017 4389 1
6017 4708 1
6017 4797 1
6017 5215 1
6017 5486 1
6017 5692 1
6017 5782 1
6018 1766 1
6018 2996 1
6019 3827 1
6019 4027 1
6019 4901 1
6019 5483 1
6019 5740 1
6020 1016 1
6020 2380 1
6020 3746 1
6020 3767 1
6021 2358 1
6021 4449 1
6021 4483 1
6022 1706 1
6022 4100 1
6022 4400 1
6022 4488 1
6022 5053 1
6023 48 1
6023 2097 1
6023 2961 1
6023 3393 1
6023 4422 1
6023 5118 1
6024 1540 1
6024 3617 1
6024 5035 1
6025 1550 1
6025 2761 1
6025 3927 1
6025 4150 1
6025 4884 1
6025 4935 1
6026 253 1
6026 3597 1
6027 3033 1
6028 668 1
6028 2008 1
6028 4389 1
6028 4746 1
6029 5013 1
6029 5499 1
6030 328 1
6030 423 1
6030 1940 1
6030 5289 1
6031 521 1
6031 768 1
6031 1282 1
6031 1473 1
6031 1847 1
6031 5692 1
6032 4709 1
6032 4884 1
6033 882 1
6033 2310 1
6034 540 1
6034 558 1
6034 561 1
6034 2528 1
6034 5621 1
6034 5918 1
6035 1452 1
6035 2733 1
6035 3329 1
6035 3444 1
6035 4091 1
6035 4167 1
6035 4432 1
6035 5220 1
6035 5808 1
6036 355 1
6036 1311 1
6036 1581 1
6036 2029 1
6036 2502 1
6036 3442 1
6036 3615 1
6036 5664 1
6037 1313 1
6037 1680 1
6037 3940 1
6037 4877 1
6038 1685 1
6038 2206 1
6038 2377 1
6038 2852 1
6038 3481 1
6039 177 1
6039 265 1
6039 610 1
6039 730 1
6039 842 1
6039 1074 1
6039 1150 1
6039 1213 1
6039 1397 1
6039 1539 1
6039 1556 1
6039 1615 1
6039 1639 1
6039 2135 1
6039 2271 1
6039 2730 1
6039 2797 1
6039 2977 1
6039 3016 1
6039 3101 1
6039 3200 1
6039 3522 1
6039 3723 1
6039 4272 1
6039 4359 1
6039 4598 1
6039 4881 1
6039 4932 1
6039 4988 1
6039 5228 1
6039 5243 1
6039 5792 1
6039 5848 1
6040 482 1
6040 835 1
6040 2412 1
6040 3450 1
6040 4129 1
6040 5225 1
6041 1174 1
6042 697 1
6042 1720 1
6042 1783 1
6042 2355 1
6042 3114 1
6042 3724 1
6043 765 1
6044 2082 1
6044 5198 1
6044 5854 1
6045 432 1
6045 2497 1
6046 3308 1
6046 4152 1
6047 4948 1
6047 5121 1
6047 5454 1
6048 789 1
6049 1912 1
6050 3773 1
6051 708 1
6051 1436 1
6051 5752 1
6052 5290 1
6053 307 1
6053 555 1
6053 1448 1
6053 1946 1
6053 2915 1
6054 371 1
6054 383 1
6054 1191 1
6054 1665 1
6054 1733 1
6054 2210 1
6054 2616 1
6054 3698 1
6054 3987 1
6054 4728 1
6054 5492 1
6054 5729 1
6055 50 1
6055 315 1
6055 1092 1
6055 2861 1
6055 4106 1
6055 4536 1
6055 4753 1
6055 5492 1
6056 2293 1
6056 2449 1
6057 1385 1
6057 3508 1
6057 3791 1
6057 4788 1
6057 5597 1
6057 5903 1
6058 1113 1
6058 1416 1
6058 1665 1
6058 1761 1
6058 2611 1
6058 3108 1
6058 3924 1
6058 4057 1
6058 4466 1
6058 5988 1
6059 174 1
6059 275 1
6059 663 1
6059 717 1
6059 1657 1
6059 1938 1
6059 2010 1
6059 3077 1
6059 3105 1
6059 3406 1
6060 465 1
6060 646 1
6060 4208 1
6061 4762 1
6062 734 1
6062 3424 1
6062 4305 1
6062 4591 1
6062 4680 1
6062 5302 1
6062 5329 1
6063 178 1
6063 1031 1
6063 1872 1
6063 2804 1
6063 3351 1
6064 3914 1
6064 5300 1
6065 702 1
6066 2283 1
6067 3287 1
6067 4563 1
6067 5367 1
6068 132 1
6068 174 1
6068 254 1
6068 326 1
6068 857 1
6068 1323 1
6068 1414 1
6068 1419 1
6068 1657 1
6068 2360 1
6068 2394 1
6068 2706 1
6068 2966 1
6068 3493 1
6068 4465 1
6068 4730 1
6068 4737 1
6068 4962 1
6068 5859 1
6068 5940 1
6069 1344 1
6069 3801 1
6069 4563 1
6070 3446 1
6070 4811 1
6071 1980 1
6071 2752 1
6071 5504 1
6071 5535 1
6071 5957 1
6072 1056 1
6072 2722 1
6072 2883 1
6072 3829 1
6073 1113 1
6073 1195 1
6073 1416 1
6073 1665 1
6073 2702 1
6073 3023 1
6073 3924 1
6073 4013 1
6073 6058 1
6074 1451 1
6074 2140 1
6074 2228 1
6074 2942 1
6074 5346 1
6075 141 1
6075 1445 1
6075 1680 1
6075 2148 1
6075 3040 1
6075 3559 1
6075 3940 1
6075 4524 1
6075 4550 1
6075 5460 1
6075 5677 1
6075 5872 1
6076 1563 1
6076 4389 1
6076 6028 1
6077 6 1
6077 38 1
6077 867 1
6077 1573 1
6077 1953 1
6077 2455 1
6077 2530 1
6077 2594 1
6077 2838 1
6077 3042 1
6077 3330 1
6077 3626 1
6077 4006 1
6077 4132 1
6077 4218 1
6077 4338 1
6077 4530 1
6077 4562 1
6077 4679 1
6077 5809 1
6077 5999 1
6078 604 1
6078 2269 1
6078 3103 1
6078 3224 1
6079 389 1
6079 1460 1
6079 2430 1
6079 2706 1
6079 3330 1
6079 4112 1
6079 4200 1
6079 4407 1
6079 4635 1
6079 4845 1
6079 4962 1
6079 5255 1
6079 5896 1
6079 5927 1
6080 3952 1
6080 5833 1
6082 1939 1
6082 3004 1
6082 3278 1
6082 3323 1
6082 3920 1
6082 4294 1
6082 4387 1
6082 4468 1
6082 4573 1
6082 4761 1
6082 5139 1
6082 5157 1
6082 5483 1
6082 5494 1
6082 5740 1
6084 2745 1
6084 3884 1
6084 5140 1
6084 5630 1
6086 942 1
6086 4286 1
6087 6 1
6087 2412 1
6087 3852 1
6087 4022 1
6087 5189 1
6087 5220 1
6087 5809 1
6087 5966 1
6088 1444 1
6088 1943 1
6088 1959 1
6088 2423 1
6088 4988 1
6089 1716 1
6089 4121 1
6089 4935 1
6089 5634 1
6090 1281 1
6090 2223 1
6091 1075 1
6091 1388 1
6091 1658 1
6091 2072 1
6092 224 1
6092 1801 1
6092 4503 1
6092 4588 1
6094 1419 1
6095 3052 1
6095 3580 1
6095 4835 1
6096 1267 1
6096 3169 1
6096 4530 1
6096 5654 1
6098 3151 1
6098 4750 1
6098 5132 1
6098 5401 1
6098 5704 1
6098 5883 1
6099 3621 1
6099 4146 1
6099 5358 1
6100 374 1
6100 1010 1
6100 1368 1
6100 1857 1
6100 5625 1
6101 4772 1
6101 4901 1
6102 4697 1
6102 5358 1
6103 156 1
6103 3811 1
6103 4890 1
6103 5419 1
6104 4818 1
6105 3616 1
6105 3869 1
6105 5213 1
6106 931 1
6106 1972 1
6107 617 1
6107 1818 1
6107 3392 1
6107 4298 1
6108 144 1
6108 324 1
6108 677 1
6108 1011 1
6108 1471 1
6108 1778 1
6108 1967 1
6108 1981 1
6108 3356 1
6108 3497 1
6108 3837 1
6108 3994 1
6108 4300 1
6108 4703 1
6108 5384 1
6109 5247 1
6109 5714 1
6109 5872 1
6110 29 1
6110 95 1
6110 141 1
6110 492 1
6110 890 1
6110 949 1
6110 1292 1
6110 1464 1
6110 1962 1
6110 2858 1
6110 3807 1
6110 3869 1
6110 5016 1
6110 5314 1
6111 1177 1
6111 2001 1
6111 3141 1
6111 3193 1
6111 5707 1
6112 1303 1
6112 2648 1
6112 3465 1
6112 4179 1
6112 4745 1
6112 4830 1
6112 5642 1
6113 3458 1
6113 3885 1
6113 4816 1
6113 4984 1
6113 5233 1
6114 1838 1
6114 4519 1
6115 655 1
6115 2257 1
6115 4170 1
6115 5951 1
6116 1939 1
6116 4757 1
6116 5770 1
6117 835 1
6117 1197 1
6117 3725 1
6117 5809 1
6118 427 1
6118 868 1
6118 2789 1
6118 3677 1
6118 3857 1
6118 4733 1
6118 4832 1
6118 5542 1
6119 2452 1
6119 4138 1
6119 4644 1
6119 4896 1
6119 5757 1
6119 5822 1
6120 265 1
6120 3632 1
6121 1236 1
6122 768 1
6123 808 1
6124 1060 1
6124 3971 1
6125 775 1
6125 1078 1
6125 5900 1
6125 6005 1
6126 3508 1
6127 879 1
6127 1451 1
6127 2140 1
6128 64 1
6128 302 1
6128 1635 1
6128 1781 1
6128 3254 1
6128 3756 1
6128 4885 1
6128 5134 1
6129 5551 1
6129 5984 1
6130 4111 1
6130 4193 1
6130 4776 1
6130 5220 1
6131 2766 1
6131 3980 1
6131 4088 1
6131 4533 1
6131 4941 1
6131 5023 1
6131 5660 1
6131 5940 1
6133 2279 1
6133 2280 1
6133 2691 1
6133 5193 1
6134 4882 1
6135 177 1
6135 1615 1
6135 2135 1
6135 2730 1
6135 5419 1
6135 6039 1
6136 1463 1
6136 1707 1
6136 4845 1
6136 4866 1
6136 5859 1
6137 323 1
6137 621 1
6137 1271 1
6137 1588 1
6137 2061 1
6137 3940 1
6137 4398 1
6137 4512 1
6137 5979 1
6138 207 1
6138 345 1
6138 442 1
6138 502 1
6138 1017 1
6138 1241 1
6138 1445 1
6138 1747 1
6138 1992 1
6138 3251 1
6138 5278 1
6138 5970 1
6139 5272 1
6139 5977 1
6140 641 1
6140 1255 1
6140 5572 1
6141 4467 1
6142 357 1
6142 797 1
6142 906 1
6142 1274 1
6142 2961 1
6142 3591 1
6142 3809 1
6143 1038 1
6143 1709 1
6143 5492 1
6144 4278 1
6144 5689 1
6145 1026 1
6146 1550 1
6146 3653 1
6146 4121 1
6146 4296 1
6146 4539 1
6146 4643 1
6146 4811 1
6146 4883 1
6146 5140 1
6146 5204 1
6146 5467 1
6146 5954 1
6147 794 1
6148 50 1
6148 187 1
6148 1025 1
6148 1042 1
6148 1688 1
6148 4419 1
6148 6031 1
6149 4546 1
6149 4595 1
6150 5937 1
6151 576 1
6151 1388 1
6151 2488 1
6151 3953 1
6151 4215 1
6151 5563 1
6152 3229 1
6153 2325 1
6154 1158 1
6154 2715 1
6154 5114 1
6155 1326 1
6155 1452 1
6155 2964 1
6155 3329 1
6155 3444 1
6155 3626 1
6155 4167 1
6155 6035 1
6156 1160 1
6157 2108 1
6158 4747 1
6158 5870 1
6159 1443 1
6159 2053 1
6159 2469 1
6159 3371 1
6159 5268 1
6160 1992 1
6160 3821 1
6160 5970 1
6161 458 1
6161 1500 1
6161 3885 1
6161 3984 1
6161 4099 1
6161 4147 1
6161 4877 1
6162 931 1
6163 12 1
6163 1958 1
6163 1967 1
6164 1712 1
6164 4140 1
6165 5031 1
6165 5783 1
6166 2998 1
6166 4193 1
6166 4811 1
6166 5905 1
6167 860 1
6167 990 1
6167 1131 1
6167 1160 1
6167 2632 1
6167 3331 1
6167 3381 1
6167 3475 1
6167 3697 1
6167 4490 1
6167 5619 1
6167 6017 1
6168 2452 1
6168 4644 1
6168 4896 1
6168 5822 1
6168 6119 1
6169 1062 1
6169 3232 1
6169 3883 1
6169 5221 1
6169 5473 1
6170 1112 1
6170 1167 1
6170 1425 1
6170 2683 1
6171 806 1
6171 2329 1
6171 3480 1
6171 5233 1
6172 2079 1
6172 2513 1
6172 3327 1
6172 3465 1
6172 4926 1
6172 6112 1
6173 48 1
6173 2961 1
6173 6023 1
6174 2193 1
6174 3155 1
6174 4756 1
6174 5945 1
6175 1393 1
6175 3402 1
6175 5360 1
6175 5531 1
6175 5703 1
6175 5765 1
6176 5630 1
6177 664 1
6177 1544 1
6177 3557 1
6178 1606 1
6178 4409 1
6178 5594 1
6179 154 1
6179 842 1
6179 1009 1
6179 1011 1
6179 1150 1
6179 1151 1
6179 1213 1
6179 1316 1
6179 2116 1
6179 2535 1
6179 2537 1
6179 2887 1
6179 3022 1
6179 3352 1
6179 3420 1
6179 3878 1
6179 5436 1
6179 5523 1
6179 5895 1
6180 153 1
6180 461 1
6180 486 1
6180 877 1
6180 1081 1
6180 1116 1
6180 1743 1
6180 1892 1
6180 2555 1
6180 2874 1
6180 2930 1
6180 3012 1
6180 3100 1
6180 3545 1
6180 3810 1
6180 3976 1
6180 4077 1
6180 4146 1
6180 4277 1
6180 4409 1
6180 4506 1
6180 4622 1
6180 4860 1
6180 5721 1
6180 5809 1
6180 5994 1
6180 6117 1
6181 1293 1
6181 1611 1
6181 2911 1
6181 4171 1
6182 497 1
6182 605 1
6182 2471 1
6182 2591 1
6182 2792 1
6183 137 1
6183 1268 1
6184 1711 1
6184 2437 1
6184 2573 1
6184 2922 1
6184 4483 1
6185 768 1
6185 1618 1
6187 2526 1
6187 4404 1
6187 5031 1
6187 5525 1
6188 5258 1
6188 5434 1
6189 1544 1
6189 1918 1
6189 2607 1
6189 3345 1
6189 3557 1
6189 4241 1
6189 4499 1
6190 12 1
6190 677 1
6190 1778 1
6190 1958 1
6190 1967 1
6190 3135 1
6190 4300 1
6190 4701 1
6190 5138 1
6190 5475 1
6191 2156 1
6191 2286 1
6191 3587 1
6191 4246 1
6193 5721 1
6194 1707 1
6194 1824 1
6194 3817 1
6194 5859 1
6194 6136 1
6195 3678 1
6196 422 1
6196 472 1
6196 698 1
6196 1873 1
6196 1897 1
6196 2056 1
6196 2269 1
6196 2827 1
6196 2961 1
6196 3427 1
6196 4647 1
6196 4734 1
6196 4840 1
6196 5584 1
6197 1452 1
6197 4167 1
6197 6035 1
6198 281 1
6198 572 1
6198 1907 1
6198 3200 1
6198 4276 1
6198 5084 1
6199 2669 1
6199 4277 1
6199 5489 1
6200 932 1
6200 2213 1
6200 2613 1
6200 4638 1
6200 4954 1
6201 1313 1
6201 1680 1
6201 2061 1
6201 3502 1
6201 3940 1
6202 415 1
6202 4470 1
6202 6018 1
6203 108 1
6203 160 1
6203 666 1
6203 5869 1
6204 691 1
6204 2993 1
6204 3689 1
6204 5245 1
6204 5482 1
6204 5893 1
6205 992 1
6205 1326 1
6205 2964 1
6205 3329 1
6205 3444 1
6205 3626 1
6205 4132 1
6205 5778 1
6206 64 1
6206 973 1
6206 1436 1
6206 1596 1
6206 1792 1
6206 2870 1
6206 3094 1
6206 3590 1
6206 5029 1
6206 5069 1
6206 6051 1
6207 708 1
6207 1851 1
6207 5752 1
6207 6051 1
6208 1000 1
6208 2570 1
6208 2961 1
6208 4890 1
6208 5118 1
6209 266 1
6209 3361 1
6209 3944 1
6209 4531 1
6209 4643 1
6209 4955 1
6210 648 1
6211 484 1
6211 2364 1
6211 3223 1
6211 3502 1
6211 4570 1
6211 4613 1
6211 4877 1
6211 4984 1
6211 5771 1
6212 2212 1
6212 2835 1
6212 3648 1
6212 4311 1
6212 5617 1
6213 479 1
6213 746 1
6213 756 1
6213 867 1
6213 1924 1
6213 2706 1
6213 3725 1
6213 5809 1
6214 729 1
6214 4775 1
6214 5276 1
6214 6060 1
6215 500 1
6215 2269 1
6215 2962 1
6216 3493 1
6216 4262 1
6216 4280 1
6216 4344 1
6216 4355 1
6216 4705 1
6216 4845 1
6217 620 1
6217 653 1
6217 1318 1
6217 1328 1
6217 2246 1
6217 5773 1
6217 5809 1
6218 323 1
6218 1271 1
6218 5880 1
6219 323 1
6219 806 1
6219 1271 1
6219 1710 1
6219 2236 1
6219 2994 1
6219 3480 1
6219 3935 1
6219 4456 1
6219 4512 1
6219 4736 1
6219 5195 1
6219 5233 1
6219 5828 1
6219 5979 1
6220 3271 1
6221 440 1
6221 1044 1
6221 1417 1
6221 4826 1
6222 246 1
6222 689 1
6222 2457 1
6222 3270 1
6222 4609 1
6223 2337 1
6223 5100 1
6224 47 1
6224 839 1
6224 1138 1
6224 1506 1
6224 2474 1
6224 2641 1
6224 2743 1
6224 2815 1
6224 3996 1
6224 5175 1
6225 5031 1
6226 911 1
6226 2402 1
6226 3764 1
6226 3897 1
6226 4871 1
6227 1939 1
6227 3004 1
6227 3323 1
6227 4387 1
6227 5157 1
6228 5009 1
6229 2027 1
6230 1962 1
6230 2858 1
6230 3869 1
6230 6110 1
6231 2708 1
6231 3086 1
6231 4178 1
6231 5967 1
6232 3093 1
6232 5624 1
6233 1844 1
6233 2242 1
6233 3239 1
6233 4474 1
6234 4640 1
6235 2125 1
6235 4015 1
6235 4586 1
6235 4763 1
6236 4341 1
6236 4461 1
6236 4701 1
6237 3336 1
6238 624 1
6238 1112 1
6238 2147 1
6239 993 1
6239 4138 1
6239 5757 1
6240 606 1
6241 340 1
6241 1720 1
6241 2400 1
6242 4435 1
6242 5136 1
6243 4188 1
6244 216 1
6244 1242 1
6244 3508 1
6244 3791 1
6244 4788 1
6244 5786 1
6244 5897 1
6244 5971 1
6244 6057 1
6245 495 1
6245 1472 1
6245 1544 1
6245 1859 1
6245 2281 1
6245 2283 1
6245 3571 1
6245 4954 1
6245 5489 1
6245 5953 1
6246 630 1
6247 2442 1
6247 3395 1
6247 4259 1
6248 789 1
6249 848 1
6249 2624 1
6249 2627 1
6249 3684 1
6249 4700 1
6249 4753 1
6249 5464 1
6249 5626 1
6249 5810 1
6250 2430 1
6250 4200 1
6250 4344 1
6250 4403 1
6250 4407 1
6250 4635 1
6250 4845 1
6250 5270 1
6250 5927 1
6250 6079 1
6251 468 1
6251 1041 1
6251 1261 1
6251 3285 1
6251 3332 1
6252 582 1
6252 810 1
6252 879 1
6252 1094 1
6252 1712 1
6252 2495 1
6252 2961 1
6252 3813 1
6252 5112 1
6252 5183 1
6253 897 1
6253 1108 1
6253 1569 1
6253 1594 1
6253 5624 1
6253 5810 1
6253 6232 1
6254 2993 1
6254 3094 1
6254 5284 1
6255 1705 1
6255 2397 1
6256 326 1
6256 2890 1
6256 3721 1
6256 4444 1
6256 5539 1
6257 1724 1
6257 1796 1
6257 2991 1
6258 1892 1
6258 2082 1
6258 4077 1
6258 5198 1
6258 5586 1
6258 5588 1
6258 5854 1
6258 5928 1
6258 6044 1
6258 6180 1
6259 3927 1
6259 4935 1
6260 1531 1
6260 3073 1
6260 4574 1
6261 4567 1
6262 2403 1
6263 3115 1
6264 4140 1
6265 304 1
6265 5722 1
6266 5805 1
6267 405 1
6267 5372 1
6268 113 1
6268 3615 1
6269 3884 1
6269 6084 1
6270 1512 1
6270 1649 1
6270 1728 1
6270 2112 1
6270 2900 1
6270 3838 1
6270 4671 1
6270 4731 1
6270 5043 1
6270 5933 1
6271 2745 1
6271 4883 1
6271 5204 1
6272 2254 1
6272 2924 1
6272 3358 1
6272 5154 1
6273 1469 1
6273 2213 1
6273 2283 1
6273 2488 1
6273 2668 1
6273 2943 1
6273 3351 1
6273 3571 1
6273 3852 1
6273 4277 1
6273 5857 1
6273 5959 1
6274 25 1
6274 67 1
6274 738 1
6274 2042 1
6274 2283 1
6274 4340 1
6275 188 1
6275 1939 1
6275 3979 1
6275 4222 1
6276 1020 1
6276 1556 1
6276 2977 1
6276 3655 1
6277 703 1
6277 975 1
6277 2367 1
6277 2806 1
6277 3839 1
6277 3923 1
6277 4876 1
6277 5612 1
6278 330 1
6278 566 1
6278 738 1
6278 1969 1
6278 2005 1
6278 2105 1
6278 2197 1
6278 4305 1
6278 5451 1
6280 882 1
6280 1080 1
6280 1687 1
6280 1780 1
6280 2747 1
6280 5132 1
6282 1181 1
6282 1687 1
6282 1710 1
6282 2670 1
6282 4143 1
6282 4512 1
6282 6219 1
6283 5442 1
6284 761 1
6285 569 1
6285 1811 1
6285 1835 1
6285 2849 1
6285 3226 1
6285 5117 1
6286 1155 1
6286 3693 1
6287 1778 1
6287 3312 1
6287 5368 1
6287 5871 1
6288 4229 1
6288 4360 1
6288 5748 1
6289 3590 1
6289 3902 1
6289 4693 1
6289 5422 1
6290 2479 1
6290 3330 1
6290 3493 1
6290 3980 1
6290 4635 1
6290 5185 1
6290 5189 1
6290 5660 1
6290 6077 1
6291 4169 1
6291 6115 1
6292 2902 1
6293 1039 1
6293 1693 1
6293 2021 1
6293 2577 1
6293 2770 1
6293 3874 1
6293 5826 1
6294 1724 1
6294 1796 1
6294 3325 1
6295 364 1
6295 1000 1
6295 1926 1
6295 4781 1
6296 1533 1
6296 2197 1
6296 3892 1
6296 4051 1
6296 5451 1
6297 0 1
6297 914 1
6297 3117 1
6297 4247 1
6297 5049 1
6297 5489 1
6298 5846 1
6299 2745 1
6299 4121 1
6299 5140 1
6299 5634 1
6299 5954 1
6299 6001 1
6299 6089 1
6300 90 1
6300 521 1
6300 1921 1
6300 2256 1
6300 2262 1
6300 3147 1
6300 3550 1
6300 3715 1
6300 3877 1
6300 3881 1
6300 3891 1
6300 4587 1
6300 4646 1
6300 5369 1
6300 5908 1
6300 5957 1
6301 2226 1
6302 4400 1
6302 5204 1
6302 5266 1
6302 5313 1
6303 1939 1
6303 4100 1
6303 4341 1
6303 5271 1
6304 1068 1
6304 4967 1
6304 5694 1
6305 745 1
6305 1691 1
6305 1768 1
6305 2851 1
6305 6093 1
6306 4715 1
6307 5173 1
6307 5822 1
6309 4125 1
6309 4371 1
6309 4750 1
6309 5132 1
6309 5785 1
6309 5832 1
6309 6098 1
6310 4460 1
6311 5196 1
6312 1032 1
6312 6079 1
6313 1458 1
6313 4669 1
6314 4255 1
6314 5845 1
6315 561 1
6315 1598 1
6315 1614 1
6315 2155 1
6315 2256 1
6315 3816 1
6315 4536 1
6315 5369 1
6315 5893 1
6315 5988 1
6316 1573 1
6316 2458 1
6316 3350 1
6316 4234 1
6316 4562 1
6316 5999 1
6316 6077 1
6317 127 1
6317 597 1
6317 991 1
6317 1081 1
6317 1256 1
6317 1370 1
6317 1779 1
6317 2712 1
6317 3049 1
6317 3311 1
6317 3399 1
6317 4294 1
6317 4400 1
6317 4602 1
6317 5522 1
6317 6162 1
6318 199 1
6318 842 1
6318 1150 1
6318 1316 1
6318 1555 1
6318 2037 1
6318 2116 1
6318 2537 1
6318 2887 1
6318 2939 1
6318 3293 1
6318 3364 1
6318 3420 1
6318 3708 1
6318 3905 1
6318 5436 1
6318 5523 1
6318 5895 1
6318 6179 1
6319 138 1
6319 700 1
6319 1246 1
6319 1694 1
6319 3278 1
6319 4294 1
6319 4468 1
6320 566 1
6320 738 1
6320 825 1
6320 1014 1
6320 1121 1
6320 1298 1
6320 1519 1
6320 2005 1
6320 2139 1
6320 2153 1
6320 2511 1
6320 2766 1
6320 2964 1
6320 2966 1
6320 3199 1
6320 3330 1
6320 3980 1
6320 4051 1
6320 4055 1
6320 4104 1
6320 4412 1
6320 4444 1
6320 4691 1
6320 5185 1
6320 5348 1
6320 5568 1
6320 6278 1
6320 6290 1
6321 643 1
6321 1044 1
6321 1789 1
6321 2836 1
6321 3560 1
6321 4165 1
6321 5001 1
6321 5280 1
6322 3817 1
6323 1186 1
6323 6240 1
6324 1122 1
6324 3686 1
6325 933 1
6326 627 1
6326 1033 1
6326 1245 1
6327 3729 1
6327 4053 1
6327 5023 1
6327 5086 1
6327 5238 1
6327 5464 1
6327 5927 1
6328 25 1
6328 802 1
6328 1371 1
6328 2995 1
6328 3493 1
6328 3982 1
6328 4357 1
6328 4507 1
6328 4609 1
6328 4630 1
6328 4699 1
6328 4870 1
6328 5023 1
6328 5315 1
6328 5867 1
6328 5995 1
6329 1711 1
6329 1805 1
6329 2301 1
6329 2437 1
6329 2622 1
6329 2737 1
6329 2835 1
6329 2950 1
6329 4337 1
6329 4483 1
6329 5232 1
6329 6184 1
6330 2007 1
6330 4808 1
6330 5555 1
6331 4920 1
6331 5079 1
6332 3827 1
6332 5006 1
6332 6019 1
6333 99 1
6333 178 1
6333 848 1
6333 3191 1
6333 5149 1
6334 3425 1
6334 3974 1
6335 561 1
6336 1592 1
6336 3934 1
6337 5437 1
6338 256 1
6338 782 1
6338 877 1
6338 1074 1
6338 1582 1
6338 1892 1
6338 2244 1
6338 2487 1
6338 2488 1
6338 2874 1
6338 3012 1
6338 3091 1
6338 3100 1
6338 3267 1
6338 3277 1
6338 3545 1
6338 3705 1
6338 4077 1
6338 4112 1
6338 4146 1
6338 4277 1
6338 4860 1
6338 4911 1
6338 4926 1
6338 5172 1
6338 5272 1
6338 5588 1
6338 5635 1
6338 5684 1
6338 5721 1
6338 5743 1
6338 5927 1
6338 5943 1
6338 5994 1
6338 6010 1
6338 6180 1
6338 6258 1
6339 1901 1
6339 2561 1
6339 3697 1
6339 4152 1
6339 5257 1
6339 5522 1
6340 25 1
6340 174 1
6340 330 1
6340 566 1
6340 802 1
6340 857 1
6340 1014 1
6340 1419 1
6340 2105 1
6340 2235 1
6340 2281 1
6340 2298 1
6340 2430 1
6340 2559 1
6340 2989 1
6340 4104 1
6340 4248 1
6340 4712 1
6340 4730 1
6340 5568 1
6340 5859 1
6340 5926 1
6340 6068 1
6340 6278 1
6341 4056 1
6341 4296 1
6341 4484 1
6342 511 1
6342 852 1
6342 1703 1
6342 5967 1
6343 3045 1
6343 3178 1
6344 454 1
6344 860 1
6344 1552 1
6344 1570 1
6344 2190 1
6344 2368 1
6344 3650 1
6344 4576 1
6345 1639 1
6345 4474 1
6345 5822 1
6346 5765 1
6347 664 1
6347 3091 1
6347 5743 1
6347 6338 1
6348 586 1
6348 652 1
6348 664 1
6348 1354 1
6348 1658 1
6348 3912 1
6348 4464 1
6348 4479 1
6348 4860 1
6348 5136 1
6348 5267 1
6348 6091 1
6348 6242 1
6349 1710 1
6349 6170 1
6350 681 1
6350 4400 1
6351 614 1
6351 1517 1
6351 3674 1
6351 4751 1
6351 5194 1
6351 5687 1
6351 5754 1
6351 5783 1
6351 6165 1
6352 619 1
6352 1804 1
6352 2474 1
6352 2581 1
6352 2990 1
6352 3654 1
6352 4636 1
6352 5633 1
6352 6224 1
6353 195 1
6353 558 1
6353 1113 1
6353 1195 1
6353 2416 1
6353 2702 1
6353 2754 1
6353 3679 1
6353 3896 1
6353 4013 1
6353 4127 1
6353 4931 1
6353 5294 1
6353 5566 1
6353 5724 1
6353 5861 1
6353 6073 1
6354 1945 1
6354 3362 1
6354 4233 1
6354 4884 1
6354 4935 1
6354 5531 1
6355 535 1
6355 3599 1
6355 5023 1
6355 5829 1
6355 6328 1
6356 2184 1
6357 4121 1
6357 5696 1
6358 42 1
6358 169 1
6358 387 1
6358 468 1
6358 753 1
6358 768 1
6358 812 1
6358 1025 1
6358 1113 1
6358 1466 1
6358 1473 1
6358 1632 1
6358 1638 1
6358 1690 1
6358 1731 1
6358 2000 1
6358 2889 1
6358 3321 1
6358 3334 1
6358 3572 1
6358 3737 1
6358 4780 1
6358 4794 1
6358 5044 1
6359 75 1
6359 371 1
6359 587 1
6359 1449 1
6359 3243 1
6359 3255 1
6359 3553 1
6359 5763 1
6359 5893 1
6360 48 1
6360 2097 1
6360 2961 1
6360 3393 1
6360 4422 1
6360 5118 1
6360 6023 1
6361 4122 1
6361 4741 1
6361 5489 1
6361 5580 1
6362 392 1
6362 502 1
6362 656 1
6362 1070 1
6362 1269 1
6362 3075 1
6362 3221 1
6362 4126 1
6362 5213 1
6362 5344 1
6362 5958 1
6363 3719 1
6363 5226 1
6363 5919 1
6365 1087 1
6365 1186 1
6365 1671 1
6365 4287 1
6365 5331 1
6365 5352 1
6365 5908 1
6366 773 1
6366 5340 1
6367 4884 1
6367 6354 1
6368 173 1
6368 889 1
6368 1397 1
6368 1753 1
6368 1756 1
6368 1949 1
6368 2116 1
6368 2961 1
6368 3091 1
6368 3125 1
6368 3352 1
6369 1470 1
6369 3816 1
6369 5440 1
6369 5885 1
6370 3206 1
6370 3400 1
6370 3528 1
6370 5118 1
6370 5237 1
6370 5670 1
6371 489 1
6371 768 1
6371 1402 1
6371 2132 1
6371 4579 1
6371 4599 1
6371 5124 1
6371 5986 1
6372 1158 1
6372 4342 1
6372 5114 1
6372 5478 1
6374 217 1
6374 416 1
6374 3937 1
6374 4950 1
6374 5044 1
6374 5668 1
6375 1045 1
6375 2275 1
6375 3884 1
6375 4296 1
6375 4815 1
6375 4861 1
6375 5547 1
6375 6084 1
6375 6269 1
6376 1572 1
6376 2523 1
6376 4108 1
6377 51 1
6377 2256 1
6377 2262 1
6377 3715 1
6377 5427 1
6377 5957 1
6377 6300 1
6378 12 1
6378 126 1
6378 677 1
6378 1778 1
6378 1967 1
6378 4300 1
6378 4479 1
6378 5384 1
6378 5818 1
6379 324 1
6379 1560 1
6379 1778 1
6379 2591 1
6379 3471 1
6379 3499 1
6379 3742 1
6379 4734 1
6379 5020 1
6380 197 1
6380 571 1
6380 637 1
6380 734 1
6380 1127 1
6380 2118 1
6380 2362 1
6380 2477 1
6380 3376 1
6380 3725 1
6380 5627 1
6380 5646 1
6380 5669 1
6381 1901 1
6381 1945 1
6381 2869 1
6381 3615 1
6382 1597 1
6382 1603 1
6382 1984 1
6382 3425 1
6382 3974 1
6382 4366 1
6382 4682 1
6383 443 1
6383 605 1
6383 751 1
6383 1644 1
6383 1896 1
6383 1950 1
6383 2044 1
6383 2441 1
6383 3034 1
6383 3119 1
6383 3497 1
6383 3530 1
6383 4703 1
6383 5549 1
6384 213 1
6384 805 1
6384 1224 1
6384 1676 1
6384 2231 1
6384 2283 1
6384 2338 1
6384 2930 1
6384 3814 1
6384 3835 1
6384 4522 1
6384 4533 1
6384 5156 1
6384 6274 1
6385 204 1
6385 420 1
6385 732 1
6385 3936 1
6385 4303 1
6385 5742 1
6386 196 1
6386 898 1
6386 1592 1
6386 1665 1
6386 1882 1
6386 2509 1
6386 2536 1
6386 3737 1
6386 5369 1
6387 64 1
6387 973 1
6388 3429 1
6388 4630 1
6388 5691 1
6389 1138 1
6389 1386 1
6390 2728 1
6390 3206 1
6390 3400 1
6390 3414 1
6390 5459 1
6391 955 1
6391 2575 1
6391 4264 1
6391 4452 1
6391 4701 1
6391 4981 1
6391 5162 1
6391 5470 1
6391 5614 1
6391 5740 1
6391 6008 1
6391 6236 1
6391 6269 1
6392 34 1
6392 620 1
6392 653 1
6392 779 1
6392 1101 1
6392 1284 1
6392 1318 1
6392 2070 1
6392 2244 1
6392 2246 1
6392 2386 1
6392 2394 1
6392 3588 1
6392 4385 1
6392 4562 1
6392 5007 1
6392 6217 1
6393 1355 1
6394 534 1
6394 763 1
6394 3200 1
6394 3311 1
6394 4307 1
6394 4902 1
6394 5139 1
6395 1119 1
6395 1169 1
6395 1587 1
6395 3885 1
6395 4023 1
6395 4670 1
6395 4820 1
6396 4012 1
6396 4590 1
6397 3732 1
6398 1485 1
6398 3752 1
6398 3972 1
6398 4219 1
6398 4262 1
6398 4344 1
6398 4355 1
6398 4705 1
6399 3763 1
6399 4580 1
6400 2779 1
6400 2903 1
6400 3381 1
6400 3524 1
6400 3631 1
6400 5169 1
6400 5800 1
6401 132 1
6401 738 1
6401 802 1
6401 1014 1
6401 1150 1
6401 1209 1
6401 1298 1
6401 1782 1
6401 1924 1
6401 2053 1
6401 2261 1
6401 2281 1
6401 2469 1
6401 2479 1
6401 3669 1
6401 4249 1
6401 4305 1
6401 4412 1
6401 4824 1
6401 5364 1
6401 5457 1
6401 6159 1
6401 6340 1
6402 467 1
6402 1920 1
6402 3614 1
6403 3927 1
6403 4879 1
6403 4935 1
6403 6259 1
6404 1957 1
6404 5040 1
6405 1138 1
6405 3392 1
6405 3397 1
6405 4298 1
6405 5147 1
6405 5821 1
6406 664 1
6406 4412 1
6407 358 1
6407 2902 1
6407 3899 1
6407 6281 1
6407 6292 1
6408 707 1
6408 1699 1
6408 2280 1
6408 2517 1
6409 3186 1
6409 3818 1
6409 4115 1
6409 4326 1
6409 4329 1
6409 4348 1
6409 4467 1
6409 4652 1
6409 4814 1
6409 4957 1
6409 5481 1
6409 5831 1
6409 5835 1
6409 5982 1
6410 202 1
6410 782 1
6410 1510 1
6410 2513 1
6410 2940 1
6410 3056 1
6410 3253 1
6410 3327 1
6410 3465 1
6410 4343 1
6410 5255 1
6410 5684 1
6410 5809 1
6410 6172 1
6411 3885 1
6411 4818 1
6411 4877 1
6411 5403 1
6412 127 1
6412 725 1
6412 764 1
6412 800 1
6412 1970 1
6412 2284 1
6412 2904 1
6412 3519 1
6412 3591 1
6412 3778 1
6412 3933 1
6412 3951 1
6412 4037 1
6412 4080 1
6412 4634 1
6412 5054 1
6412 5688 1
6412 5786 1
6412 5971 1
6413 497 1
6413 1517 1
6413 3110 1
6414 1451 1
6414 1913 1
6414 2284 1
6414 2495 1
6414 2961 1
6414 4480 1
6414 5416 1
6415 5932 1
6416 3435 1
6416 4080 1
6416 5971 1
6417 1087 1
6417 1572 1
6418 4188 1
6418 4911 1
6418 5259 1
6418 6243 1
6419 1441 1
6419 4228 1
6420 2579 1
6420 5310 1
6421 3088 1
6421 5984 1
6422 1536 1
6422 4031 1
6422 5798 1
6423 246 1
6423 2457 1
6423 3122 1
6423 3270 1
6423 6222 1
6424 763 1
6424 4457 1
6425 1784 1
6425 3583 1
6425 4085 1
6425 4094 1
6426 1272 1
6426 2481 1
6426 3326 1
6426 6364 1
6427 1424 1
6427 1508 1
6427 1835 1
6427 2202 1
6427 2488 1
6427 2584 1
6427 3656 1
6427 3867 1
6427 4094 1
6427 4928 1
6427 5117 1
6427 5275 1
6427 5822 1
6428 1150 1
6428 2331 1
6428 2946 1
6428 3663 1
6428 3712 1
6428 4249 1
6428 5854 1
6429 443 1
6429 605 1
6429 1644 1
6429 1755 1
6429 1896 1
6429 1950 1
6429 2044 1
6429 2441 1
6429 2682 1
6429 3119 1
6429 3497 1
6429 3530 1
6429 4703 1
6429 5549 1
6429 6383 1
6430 1805 1
6430 2950 1
6430 4337 1
6430 6329 1
6431 132 1
6431 330 1
6431 738 1
6431 1209 1
6431 1782 1
6431 2360 1
6431 4305 1
6431 4844 1
6432 800 1
6432 3694 1
6433 879 1
6433 3622 1
6434 1501 1
6434 2764 1
6434 4750 1
6434 5677 1
6435 586 1
6435 2269 1
6435 2827 1
6435 4024 1
6435 4485 1
6435 5847 1
6436 1460 1
6436 2455 1
6436 2530 1
6436 4530 1
6436 6035 1
6436 6077 1
6436 6197 1
6436 6320 1
6438 1813 1
6438 1815 1
6438 2968 1
6438 4149 1
6439 610 1
6439 1503 1
6439 1615 1
6439 2280 1
6439 4140 1
6439 5419 1
6440 44 1
6440 82 1
6440 454 1
6440 491 1
6440 657 1
6440 809 1
6440 860 1
6440 1160 1
6440 1266 1
6440 1278 1
6440 1664 1
6440 2190 1
6440 2308 1
6440 2809 1
6440 3174 1
6440 3210 1
6440 3381 1
6440 3452 1
6440 3602 1
6440 3697 1
6440 3702 1
6440 4864 1
6440 4876 1
6440 5214 1
6440 5338 1
6441 1956 1
6441 3806 1
6441 4806 1
6441 4811 1
6442 326 1
6442 1306 1
6442 2890 1
6442 3721 1
6442 4444 1
6442 5539 1
6442 6020 1
6442 6256 1
6443 1397 1
6443 1556 1
6443 2887 1
6443 2977 1
6443 5791 1
6444 31 1
6444 246 1
6444 3493 1
6444 5238 1
6444 5576 1
6444 5927 1
6444 6328 1
6445 3821 1
6445 3848 1
6445 4518 1
6446 728 1
6446 737 1
6446 3049 1
6446 3200 1
6446 3399 1
6446 4626 1
6447 1288 1
6447 3724 1
6448 4645 1
6448 5607 1
6450 3200 1
6450 4307 1
6450 4499 1
6451 484 1
6451 2011 1
6451 2236 1
6451 2670 1
6451 4570 1
6451 4735 1
6451 5690 1
6452 4559 1
6453 3368 1
6453 4639 1
6453 4744 1
6454 1078 1
6454 2860 1
6454 3238 1
6454 3403 1
6455 112 1
6455 321 1
6455 659 1
6455 896 1
6455 2558 1
6455 2600 1
6455 4402 1
6455 4618 1
6455 4771 1
6455 5260 1
6455 6048 1
6456 731 1
6456 1697 1
6456 1967 1
6456 2145 1
6456 3190 1
6456 3615 1
6456 3782 1
6456 3989 1
6458 1056 1
6458 1736 1
6458 2289 1
6458 2516 1
6458 2998 1
6458 3653 1
6458 3806 1
6458 4016 1
6458 4193 1
6458 4341 1
6458 4811 1
6458 5528 1
6458 5601 1
6458 5954 1
6458 6146 1
6458 6166 1
6459 1274 1
6459 1563 1
6459 2617 1
6459 4945 1
6459 5020 1
6459 5250 1
6459 5744 1
6460 801 1
6460 858 1
6460 892 1
6460 1166 1
6460 1942 1
6460 2043 1
6460 2151 1
6460 2404 1
6460 2753 1
6460 2823 1
6460 3207 1
6460 3412 1
6460 3585 1
6460 4224 1
6460 4265 1
6460 4318 1
6460 4459 1
6460 4531 1
6460 5378 1
6461 3010 1
6461 3390 1
6462 2702 1
6462 2752 1
6462 3079 1
6462 3213 1
6462 4013 1
6462 5287 1
6462 5590 1
6462 5989 1
6463 6104 1
6464 4836 1
6465 899 1
6466 294 1
6466 1836 1
6466 5085 1
6467 302 1
6467 696 1
6467 986 1
6467 1188 1
6467 1679 1
6467 1976 1
6467 2548 1
6467 2709 1
6467 2758 1
6467 3324 1
6468 5977 1
6468 6139 1
6469 617 1
6469 1736 1
6469 4963 1
6470 4260 1
6470 5499 1
6470 6029 1
6471 1150 1
6471 4400 1
6471 6317 1
6472 658 1
6472 787 1
6472 1056 1
6472 1536 1
6472 1973 1
6472 2294 1
6472 2349 1
6472 2492 1
6472 2585 1
6472 3003 1
6472 3426 1
6472 4031 1
6472 4510 1
6472 4827 1
6472 5115 1
6472 5309 1
6472 5770 1
6472 5804 1
6472 5812 1
6473 3883 1
6474 1034 1
6474 3884 1
6474 5163 1
6474 6375 1
6475 291 1
6475 858 1
6475 1166 1
6475 1544 1
6475 1826 1
6475 1918 1
6475 2607 1
6475 3347 1
6475 4431 1
6475 5022 1
6475 5842 1
6476 3404 1
6477 1246 1
6477 4015 1
6477 4264 1
6477 4294 1
6477 4468 1
6477 4529 1
6477 4586 1
6477 4763 1
6477 5145 1
6477 6235 1
6478 1828 1
6478 1896 1
6478 1950 1
6478 1960 1
6478 2682 1
6478 2856 1
6478 3530 1
6478 3875 1
6479 2605 1
6479 2984 1
6480 2958 1
6480 4179 1
6480 6112 1
6481 50 1
6481 149 1
6481 208 1
6481 2183 1
6481 3839 1
6481 4207 1
6481 5761 1
6481 5988 1
6482 1064 1
6482 2522 1
6482 6288 1
6483 501 1
6483 1566 1
6483 1720 1
6483 1891 1
6483 3724 1
6483 6241 1
6484 282 1
6484 529 1
6484 1229 1
6484 1369 1
6484 1666 1
6484 1842 1
6484 1989 1
6484 2341 1
6484 2640 1
6484 2682 1
6484 2703 1
6484 3063 1
6484 3489 1
6484 3997 1
6484 4224 1
6485 2427 1
6485 3171 1
6485 4644 1
6485 5408 1
6485 5717 1
6486 899 1
6486 1131 1
6486 1206 1
6486 1266 1
6486 1834 1
6486 3432 1
6486 3475 1
6486 4876 1
6487 60 1
6487 372 1
6487 660 1
6487 2575 1
6487 3806 1
6487 3905 1
6487 4014 1
6487 4811 1
6487 5030 1
6488 1016 1
6488 2331 1
6488 2715 1
6488 3584 1
6488 4242 1
6489 2907 1
6489 4956 1
6489 4968 1
6489 5733 1
6490 4 1
6490 311 1
6490 2913 1
6490 5581 1
6491 841 1
6491 1580 1
6491 1935 1
6491 2696 1
6491 3272 1
6491 3434 1
6491 5007 1
6492 4280 1
6492 4344 1
6492 4705 1
6493 1246 1
6493 3161 1
6493 4294 1
6493 4468 1
6493 4763 1
6493 5145 1
6493 6477 1
6494 937 1
6494 1029 1
6494 3057 1
6494 3576 1
6494 5215 1
6494 6017 1
6495 617 1
6495 3392 1
6495 3842 1
6495 4298 1
6496 109 1
6496 1870 1
6496 1944 1
6496 3076 1
6496 4638 1
6497 560 1
6497 695 1
6497 983 1
6497 1310 1
6497 1388 1
6497 1499 1
6497 1544 1
6497 1854 1
6497 4170 1
6497 4277 1
6497 4389 1
6497 4500 1
6497 4937 1
6497 5283 1
6497 5316 1
6497 5529 1
6497 6017 1
6498 1571 1
6498 2373 1
6498 4358 1
6499 2134 1
6499 4141 1
6499 5534 1
6499 5757 1
6500 360 1
6500 1122 1
6501 629 1
6501 2213 1
6501 4771 1
6501 6200 1
6501 6455 1
6502 562 1
6502 1172 1
6503 18 1
6503 1169 1
6503 4660 1
6503 4735 1
6503 5685 1
6504 717 1
6504 1344 1
6504 3371 1
6505 3676 1
6506 521 1
6506 1218 1
6506 4281 1
6507 3088 1
6507 5551 1
6507 5984 1
6508 804 1
6508 2946 1
6508 3200 1
6508 4400 1
6509 655 1
6509 1974 1
6509 2318 1
6509 2592 1
6509 3144 1
6510 1716 1
6510 2745 1
6510 2761 1
6510 3653 1
6510 4121 1
6510 4193 1
6510 4643 1
6510 4811 1
6510 4884 1
6510 4935 1
6510 5140 1
6510 5783 1
6510 5954 1
6510 6299 1
6513 75 1
6513 309 1
6513 898 1
6514 810 1
6514 1037 1
6514 2423 1
6514 5839 1
6514 5889 1
6515 4772 1
6515 5740 1
6515 6101 1
6517 1838 1
6517 1939 1
6517 2253 1
6517 2443 1
6517 2481 1
6517 2923 1
6517 3354 1
6517 4193 1
6517 4519 1
6517 4842 1
6517 6114 1
6518 2182 1
6519 1548 1
6519 3261 1
6519 3432 1
6519 4813 1
6520 931 1
6520 2170 1
6521 77 1
6521 285 1
6521 813 1
6521 877 1
6521 1204 1
6521 1460 1
6521 2551 1
6521 4680 1
6521 4923 1
6521 5106 1
6521 5221 1
6521 5335 1
6522 4456 1
6522 4681 1
6522 4736 1
6522 5195 1
6523 484 1
6525 2550 1
6525 4288 1
6525 4545 1
6525 5706 1
6526 801 1
6526 858 1
6526 1166 1
6526 1942 1
6526 2133 1
6526 2472 1
6527 4776 1
6527 5220 1
6527 6130 1
6527 6156 1
6528 5911 1
6528 6083 1
6530 827 1
6530 1514 1
6530 3142 1
6530 3236 1
6530 3538 1
6530 3845 1
6530 3866 1
6530 4740 1
6531 148 1
6531 1206 1
6531 1878 1
6531 3937 1
6532 382 1
6532 2598 1
6532 3230 1
6532 4937 1
6532 5611 1
6533 428 1
6534 323 1
6534 792 1
6534 3680 1
6534 4512 1
6534 4947 1
6534 5008 1
6535 136 1
6535 1937 1
6535 2557 1
6535 4315 1
6536 2417 1
6536 2660 1
6536 3159 1
6536 4219 1
6536 6172 1
6536 6480 1
6537 25 1
6537 38 1
6537 252 1
6537 457 1
6537 781 1
6537 841 1
6537 1428 1
6537 1521 1
6537 1576 1
6537 1582 1
6537 2176 1
6537 2401 1
6537 2402 1
6537 2727 1
6537 2892 1
6537 2912 1
6537 2932 1
6537 2956 1
6537 2978 1
6537 3272 1
6537 3729 1
6537 3767 1
6537 4680 1
6537 4747 1
6537 4926 1
6537 5026 1
6537 5059 1
6537 5568 1
6537 5646 1
6537 6010 1
6538 955 1
6538 957 1
6538 1034 1
6538 4616 1
6539 1588 1
6539 1680 1
6539 2382 1
6540 4404 1
6540 4979 1
6540 5071 1
6541 2008 1
6541 3180 1
6541 4746 1
6541 6028 1
6542 4715 1
6542 5358 1
6542 5360 1
6542 5531 1
6542 5783 1
6542 5864 1
6542 6175 1
6542 6306 1
6542 6346 1
6542 6449 1
6543 3040 1
6543 3885 1
6543 4398 1
6543 4421 1
6543 4877 1
6543 6201 1
6544 265 1
6544 3946 1
6544 4890 1
6544 6120 1
6545 1138 1
6545 5358 1
6546 4219 1
6546 4563 1
6546 6067 1
6547 2231 1
6547 5130 1
6548 578 1
6548 2025 1
6548 2354 1
6548 3613 1
6549 3216 1
6549 5429 1
6549 5800 1
6550 1597 1
6550 1603 1
6550 2266 1
6550 3425 1
6550 3974 1
6550 4366 1
6550 4682 1
6550 6382 1
6551 3187 1
6552 13 1
6552 1827 1
6552 2009 1
6552 2280 1
6552 3676 1
6552 4349 1
6552 4988 1
6552 4989 1
6552 5084 1
6552 6103 1
6553 552 1
6553 1195 1
6553 1226 1
6553 2659 1
6553 2702 1
6553 3981 1
6553 4013 1
6553 5094 1
6553 5535 1
6553 6073 1
6553 6353 1
6553 6462 1
6554 1007 1
6554 1768 1
6554 2017 1
6554 2218 1
6554 2620 1
6554 2769 1
6554 3131 1
6554 4514 1
6554 4766 1
6555 1410 1
6555 3069 1
6555 3853 1
6555 4429 1
6555 5423 1
6555 5565 1
6555 5757 1
6556 1 1
6556 2931 1
6556 3166 1
6556 4224 1
6556 4842 1
6557 6175 1
6558 3920 1
6558 4387 1
6558 5139 1
6558 5157 1
6558 5494 1
6558 6082 1
6558 6227 1
6559 5025 1
6559 5258 1
6559 5434 1
6559 6188 1
6560 17 1
6560 610 1
6560 1036 1
6560 3697 1
6560 4389 1
6560 5425 1
6560 5624 1
6560 5920 1
6561 961 1
6561 2134 1
6561 2961 1
6562 483 1
6562 6109 1
6563 5084 1
6563 5822 1
6564 375 1
6564 1303 1
6564 1824 1
6564 2958 1
6564 4179 1
6564 4830 1
6564 5967 1
6564 6112 1
6565 2215 1
6565 3292 1
6565 5833 1
6565 5874 1
6566 2776 1
6566 2883 1
6566 3419 1
6566 6015 1
6567 1804 1
6567 6352 1
6568 325 1
6568 433 1
6568 1355 1
6568 2442 1
6568 3395 1
6568 3398 1
6568 3627 1
6568 4259 1
6568 5609 1
6569 3278 1
6569 4468 1
6569 5494 1
6570 196 1
6570 1592 1
6570 1752 1
6570 2752 1
6570 3108 1
6570 3715 1
6570 4013 1
6570 4753 1
6570 5497 1
6570 5810 1
6570 5908 1
6570 6300 1
6571 2745 1
6571 4814 1
6571 4883 1
6571 5140 1
6571 5204 1
6571 6001 1
6571 6089 1
6571 6146 1
6571 6271 1
6571 6299 1
6571 6510 1
6572 404 1
6572 483 1
6572 674 1
6572 1436 1
6572 1709 1
6572 5636 1
6572 6262 1
6573 680 1
6573 1293 1
6573 1529 1
6573 1611 1
6573 1787 1
6573 1939 1
6573 2657 1
6573 3185 1
6573 3292 1
6573 4171 1
6573 4447 1
6573 4468 1
6573 5309 1
6573 5510 1
6574 4382 1
6574 4604 1
6574 6002 1
6575 35 1
6575 1272 1
6575 5811 1
6576 1074 1
6576 2167 1
6576 2730 1
6577 112 1
6577 515 1
6577 528 1
6577 629 1
6577 4284 1
6577 5197 1
6578 1630 1
6578 2255 1
6579 792 1
6579 2418 1
6579 4947 1
6579 5317 1
6580 277 1
6580 761 1
6580 2746 1
6580 5406 1
6581 261 1
6581 1358 1
6581 1451 1
6581 4209 1
6582 1707 1
6582 2457 1
6582 4779 1
6582 5301 1
6582 5542 1
6583 4435 1
6583 6126 1
6583 6242 1
6584 632 1
6584 1158 1
6584 1576 1
6584 2138 1
6584 2506 1
6584 2958 1
6584 3024 1
6584 3168 1
6584 3250 1
6584 3424 1
6584 3488 1
6584 4507 1
6584 4680 1
6584 5007 1
6584 5527 1
6584 6062 1
6585 177 1
6585 3399 1
6585 4718 1
6585 5377 1
6585 5529 1
6586 276 1
6586 278 1
6586 901 1
6586 1157 1
6586 1292 1
6586 1565 1
6586 1747 1
6586 2375 1
6586 2545 1
6586 4777 1
6586 4818 1
6586 5247 1
6586 5714 1
6586 5872 1
6587 1318 1
6587 4395 1
6587 4562 1
6587 5773 1
6588 126 1
6588 1780 1
6588 4668 1
6589 2918 1
6590 390 1
6590 708 1
6590 1662 1
6590 1683 1
6590 1781 1
6590 2601 1
6590 3303 1
6590 3597 1
6590 4131 1
6590 4223 1
6590 4716 1
6590 4947 1
6590 5200 1
6590 5314 1
6590 5317 1
6590 5450 1
6590 6051 1
6590 6098 1
6591 587 1
6591 1449 1
6591 3255 1
6591 5763 1
6591 6359 1
6592 155 1
6592 1780 1
6592 2011 1
6592 2329 1
6592 5233 1
6592 5767 1
6592 5828 1
6592 6219 1
6592 6588 1
6593 6404 1
6594 4188 1
6594 6243 1
6594 6418 1
6595 1738 1
6595 2118 1
6596 1038 1
6596 6353 1
6597 176 1
6597 1155 1
6597 1653 1
6597 1894 1
6597 2144 1
6597 4081 1
6597 4322 1
6597 4378 1
6597 4816 1
6597 4984 1
6598 1309 1
6598 3289 1
6598 5244 1
6598 5557 1
6599 6423 1
6600 1939 1
6600 3323 1
6600 4387 1
6600 4573 1
6600 4761 1
6600 6082 1
6601 807 1
6601 2335 1
6601 3586 1
6601 3945 1
6602 1908 1
6602 2134 1
6602 2591 1
6602 3071 1
6602 3346 1
6602 5020 1
6602 6379 1
6603 2605 1
6603 3394 1
6603 3430 1
6603 3571 1
6603 3915 1
6603 4759 1
6603 4917 1
6603 5786 1
6603 5842 1
6604 1683 1
6604 3357 1
6605 38 1
6605 1936 1
6605 2079 1
6605 2252 1
6605 2402 1
6605 4395 1
6605 4416 1
6605 4926 1
6605 5329 1
6605 6537 1
6606 2257 1
6607 3709 1
6607 5230 1
6607 5444 1
6607 5612 1
6607 6277 1
6608 1385 1
6608 5903 1
6608 6229 1
6609 957 1
6609 1639 1
6609 2314 1
6609 3676 1
6609 5309 1
6609 5679 1
6610 4468 1
6610 5640 1
6610 6416 1
6611 3622 1
6611 6433 1
6612 112 1
6612 786 1
6612 1186 1
6612 1325 1
6612 1572 1
6612 1677 1
6612 5331 1
6612 5498 1
6612 5593 1
6612 5623 1
6613 768 1
6613 1042 1
6613 1473 1
6613 2619 1
6613 6031 1
6614 918 1
6614 2519 1
6614 2821 1
6614 5084 1
6615 315 1
6615 1872 1
6615 3765 1
6616 265 1
6616 608 1
6616 663 1
6616 738 1
6616 1298 1
6616 1352 1
6616 1790 1
6616 2734 1
6616 2815 1
6616 3115 1
6616 3287 1
6616 3309 1
6616 3767 1
6616 3996 1
6616 4219 1
6616 4269 1
6616 4563 1
6616 4630 1
6616 4831 1
6616 5175 1
6616 5243 1
6616 5364 1
6616 5552 1
6616 5568 1
6616 5848 1
6616 5867 1
6616 6067 1
6616 6224 1
6616 6582 1
6617 3009 1
6617 4811 1
6617 5905 1
6617 6166 1
6618 4425 1
6618 4818 1
6618 6104 1
6618 6463 1
6619 4448 1
6620 208 1
6620 1263 1
6620 1473 1
6620 3248 1
6620 3858 1
6620 4653 1
6620 5191 1
6620 5341 1
6620 6613 1
6621 1393 1
6621 3402 1
6621 6175 1
6621 6557 1
6622 3186 1
6622 3818 1
6622 4115 1
6622 4326 1
6622 4348 1
6622 4957 1
6622 5364 1
6622 5831 1
6622 6409 1
6623 50 1
6623 521 1
6623 1042 1
6623 1632 1
6623 1638 1
6623 1816 1
6623 2183 1
6623 2352 1
6623 2624 1
6623 3572 1
6623 3577 1
6623 4183 1
6623 4231 1
6623 4780 1
6623 6148 1
6623 6506 1
6624 1000 1
6624 1497 1
6624 1926 1
6624 2009 1
6624 3091 1
6625 287 1
6625 1168 1
6625 5236 1
6626 1160 1
6626 3058 1
6626 4437 1
6626 5491 1
6626 5619 1
6628 2571 1
6628 2945 1
6628 2998 1
6628 3806 1
6628 4811 1
6629 4002 1
6630 712 1
6630 1121 1
6630 1298 1
6630 2005 1
6630 2095 1
6630 2412 1
6630 2446 1
6630 3388 1
6630 4167 1
6630 5879 1
6631 2507 1
6632 1042 1
6632 1836 1
6632 2424 1
6632 3698 1
6632 4127 1
6632 4587 1
6632 5537 1
6632 6300 1
6633 416 1
6633 5668 1
6633 6374 1
6634 128 1
6634 658 1
6634 787 1
6634 2349 1
6634 5309 1
6634 5393 1
6634 6022 1
6634 6472 1
6635 488 1
6635 2819 1
6635 3873 1
6635 4704 1
6636 4776 1
6636 6002 1
6637 4462 1
6638 4670 1
6638 5422 1
6639 256 1
6639 744 1
6639 1320 1
6639 2488 1
6639 3100 1
6639 4563 1
6639 5890 1
6639 5994 1
6639 6010 1
6639 6067 1
6639 6180 1
6639 6338 1
6640 769 1
6640 1160 1
6640 1604 1
6640 3462 1
6640 4316 1
6640 5624 1
6640 6017 1
6641 2011 1
6641 2670 1
6641 3885 1
6641 4660 1
6641 4735 1
6641 5920 1
6641 6451 1
6642 5409 1
6643 383 1
6643 1665 1
6643 1733 1
6643 3987 1
6643 6054 1
6645 4162 1
6645 5260 1
6645 6079 1
6645 6627 1
6646 294 1
6646 2028 1
6646 3361 1
6646 3411 1
6646 5288 1
6647 577 1
6648 46 1
6648 49 1
6648 1494 1
6648 1859 1
6648 4295 1
6648 5373 1
6648 5603 1
6648 5635 1
6649 485 1
6649 3282 1
6650 302 1
6650 3756 1
6650 4885 1
6650 5134 1
6650 6128 1
6651 2215 1
6651 3708 1
6651 3754 1
6651 4414 1
6652 4808 1
6652 4839 1
6652 5555 1
6652 6330 1
6653 1024 1
6653 1076 1
6653 3219 1
6654 1884 1
6654 3408 1
6654 3518 1
6655 1737 1
6656 320 1
6656 886 1
6656 1353 1
6656 1686 1
6656 3180 1
6657 531 1
6657 954 1
6657 979 1
6657 1811 1
6657 2041 1
6657 2205 1
6657 3414 1
6657 5936 1
6658 208 1
6658 1665 1
6658 1857 1
6658 2804 1
6658 3553 1
6658 3871 1
6658 5497 1
6658 5526 1
6659 4146 1
6659 5557 1
6660 264 1
6660 324 1
6660 809 1
6660 1151 1
6660 1644 1
6660 1756 1
6660 2049 1
6660 2116 1
6660 2537 1
6660 2957 1
6660 3697 1
6660 3957 1
6660 4703 1
6660 4876 1
6660 5116 1
6660 5168 1
6660 5182 1
6660 5461 1
6660 5582 1
6660 5895 1
6661 3590 1
6661 5240 1
6662 108 1
6662 156 1
6662 160 1
6662 2437 1
6662 2573 1
6662 3799 1
6662 6184 1
6663 2085 1
6663 3389 1
6664 599 1
6664 3005 1
6664 3384 1
6665 1126 1
6666 1272 1
6666 2114 1
6666 2443 1
6666 2481 1
6666 3326 1
6666 3938 1
6666 4014 1
6666 4430 1
6666 5499 1
6667 153 1
6667 184 1
6667 256 1
6667 299 1
6667 576 1
6667 1388 1
6667 1950 1
6667 2060 1
6667 2202 1
6667 3875 1
6667 3882 1
6667 4982 1
6667 5770 1
6668 3738 1
6668 5290 1
6668 6052 1
6669 3365 1
6669 3524 1
6670 75 1
6670 371 1
6670 1038 1
6670 1113 1
6670 1301 1
6670 1530 1
6670 2091 1
6670 3108 1
6670 3147 1
6670 3370 1
6670 3697 1
6670 3698 1
6670 3896 1
6670 4587 1
6670 4863 1
6670 5079 1
6670 5504 1
6670 5802 1
6671 3168 1
6671 5654 1
6672 1683 1
6672 4131 1
6672 6590 1
6673 25 1
6673 663 1
6673 4506 1
6673 4544 1
6673 5027 1
6673 5575 1
6673 5966 1
6673 6328 1
6674 1638 1
6674 2624 1
6674 3735 1
6674 5341 1
6674 6623 1
6675 141 1
6675 207 1
6675 276 1
6675 278 1
6675 502 1
6675 901 1
6675 1157 1
6675 1292 1
6675 1565 1
6675 1747 1
6675 1900 1
6675 2375 1
6675 2545 1
6675 4777 1
6675 5111 1
6675 5247 1
6675 5314 1
6675 5714 1
6675 5872 1
6675 6586 1
6676 5226 1
6677 5594 1
6678 4134 1
6678 5276 1
6678 5696 1
6678 5995 1
6679 313 1
6679 1528 1
6679 2359 1
6679 2862 1
6679 5645 1
6679 5992 1
6680 14 1
6680 727 1
6680 954 1
6680 1762 1
6680 3946 1
6680 5171 1
6681 31 1
6681 420 1
6681 667 1
6681 713 1
6681 2430 1
6681 2766 1
6681 3493 1
6681 3741 1
6681 3897 1
6681 3980 1
6681 4112 1
6681 4116 1
6681 4200 1
6681 4261 1
6681 4303 1
6681 4365 1
6681 4407 1
6681 4635 1
6681 4699 1
6681 4705 1
6681 4754 1
6681 4791 1
6681 4962 1
6681 5238 1
6681 5272 1
6681 5324 1
6681 5576 1
6681 5589 1
6681 5660 1
6681 5742 1
6681 5867 1
6681 5878 1
6681 5927 1
6681 5940 1
6681 5966 1
6681 6079 1
6681 6131 1
6681 6250 1
6681 6290 1
6681 6327 1
6681 6328 1
6681 6444 1
6682 3590 1
6683 470 1
6683 769 1
6684 265 1
6684 2500 1
6684 3177 1
6684 3180 1
6684 3632 1
6685 57 1
6685 396 1
6685 420 1
6685 559 1
6685 594 1
6685 1137 1
6685 2153 1
6685 2380 1
6685 2386 1
6685 3767 1
6685 3936 1
6685 4051 1
6685 4055 1
6685 4303 1
6685 4444 1
6685 5742 1
6686 696 1
6686 968 1
6686 6467 1
6687 679 1
6687 1228 1
6687 2334 1
6687 2893 1
6688 605 1
6688 1421 1
6688 1769 1
6688 2044 1
6688 2219 1
6688 2650 1
6688 3119 1
6688 3138 1
6688 3353 1
6688 3546 1
6688 5606 1
6689 1000 1
6689 3598 1
6689 4834 1
6690 25 1
6690 466 1
6690 663 1
6690 2558 1
6690 2600 1
6690 5260 1
6690 5364 1
6690 5867 1
6691 141 1
6691 1271 1
6691 1412 1
6691 1458 1
6691 2106 1
6691 3940 1
6691 4451 1
6691 4660 1
6691 4735 1
6691 5460 1
6691 5880 1
6691 5920 1
6691 6075 1
6691 6218 1
6691 6451 1
6691 6641 1
6692 146 1
6692 1977 1
6692 2598 1
6692 3259 1
6692 3491 1
6692 4323 1
6692 5120 1
6692 5676 1
6693 789 1
6693 4762 1
6694 1763 1
6694 4563 1
6694 4730 1
6694 5130 1
6695 4763 1
6695 5145 1
6695 6493 1
6696 901 1
6696 1140 1
6696 1210 1
6696 1292 1
6696 3774 1
6696 4398 1
6696 4725 1
6696 5111 1
6696 5314 1
6696 5714 1
6696 5872 1
6696 5883 1
6697 2235 1
6697 4104 1
6697 5568 1
6698 2679 1
6698 6644 1
6699 3970 1
6699 4642 1
6699 4710 1
6699 5534 1
6700 4197 1
6701 71 1
6701 164 1
6701 309 1
6701 1277 1
6701 1710 1
6701 1980 1
6701 2624 1
6702 1030 1
6703 180 1
6703 383 1
6703 451 1
6703 1038 1
6703 1122 1
6703 1665 1
6703 1733 1
6703 1794 1
6703 1877 1
6703 2435 1
6703 3024 1
6703 3351 1
6703 3370 1
6703 3568 1
6703 3698 1
6703 3987 1
6703 4780 1
6703 5492 1
6703 5573 1
6703 5729 1
6703 5737 1
6703 6054 1
6703 6643 1
6704 1036 1
6704 2250 1
6704 3256 1
6704 4289 1
6705 185 1
6705 415 1
6705 6005 1
6706 569 1
6706 1011 1
6706 1811 1
6706 3226 1
6706 3362 1
6706 3898 1
6706 5840 1
6706 6285 1
6707 1276 1
6707 4462 1
6708 4927 1
6709 24 1
6709 528 1
6709 5197 1
6710 5000 1
6711 2686 1
6711 4908 1
6712 3695 1
6712 4078 1
6713 495 1
6713 842 1
6713 1074 1
6713 1213 1
6713 1859 1
6713 1907 1
6713 2283 1
6713 2424 1
6713 2552 1
6713 3200 1
6713 3399 1
6713 3571 1
6713 4163 1
6713 4576 1
6713 5425 1
6713 5489 1
6713 5626 1
6713 5705 1
6713 5953 1
6713 6198 1
6713 6245 1
6713 6560 1
6714 885 1
6714 2680 1
6715 340 1
6715 1720 1
6715 6241 1
6715 6483 1
6716 77 1
6716 877 1
6716 1204 1
6716 1460 1
6716 1823 1
6716 2197 1
6716 2446 1
6716 2521 1
6716 4051 1
6716 4680 1
6716 4923 1
6716 5255 1
6716 5371 1
6716 5879 1
6717 1744 1
6718 1500 1
6718 4147 1
6718 4877 1
6718 6161 1
6719 977 1
6719 5561 1
6720 4865 1
6720 5052 1
6720 5689 1
6721 229 1
6721 860 1
6721 1378 1
6721 1795 1
6721 3450 1
6721 5066 1
6721 5809 1
6722 566 1
6722 781 1
6722 1298 1
6722 2105 1
6722 2197 1
6722 2521 1
6722 5348 1
6722 5371 1
6722 5622 1
6722 6340 1
6722 6716 1
6723 2333 1
6723 4785 1
6723 4789 1
6723 5196 1
6723 5456 1
6723 5949 1
6723 6311 1
6724 77 1
6724 779 1
6724 1204 1
6724 1460 1
6724 3122 1
6724 3812 1
6724 5382 1
6724 5622 1
6724 5635 1
6725 40 1
6725 1000 1
6725 2589 1
6725 2975 1
6725 3598 1
6726 1892 1
6726 4077 1
6726 4860 1
6726 5588 1
6726 6180 1
6726 6258 1
6726 6338 1
6727 363 1
6727 4406 1
6727 4913 1
6727 5504 1
6729 1615 1
6729 2691 1
6729 3381 1
6730 3611 1
6730 5627 1
6730 6380 1
6731 174 1
6731 667 1
6731 2964 1
6731 3493 1
6731 4635 1
6731 5660 1
6731 6068 1
6731 6290 1
6731 6681 1
6732 896 1
6732 3702 1
6732 4309 1
6732 6455 1
6733 3761 1
6734 720 1
6734 1120 1
6734 2521 1
6734 4051 1
6734 4436 1
6734 5255 1
6735 12 1
6735 1771 1
6735 1778 1
6735 2049 1
6735 2150 1
6735 2187 1
6735 2411 1
6735 2614 1
6735 3362 1
6735 3782 1
6735 4449 1
6735 4483 1
6735 5021 1
6736 1409 1
6736 4086 1
6736 5557 1
6737 3827 1
6738 1725 1
6738 1944 1
6739 1255 1
6739 1707 1
6739 2822 1
6739 4344 1
6739 4729 1
6739 5646 1
6740 2836 1
6740 3278 1
6740 4015 1
6740 4462 1
6740 4468 1
6740 5483 1
6741 443 1
6741 605 1
6741 1644 1
6741 1896 1
6741 1950 1
6741 2044 1
6741 2441 1
6741 2856 1
6741 3119 1
6741 3497 1
6741 3530 1
6741 3875 1
6741 4703 1
6741 4764 1
6741 5549 1
6741 5931 1
6741 6383 1
6741 6429 1
6742 4229 1
6742 4576 1
6742 5128 1
6742 5352 1
6742 5509 1
6742 5688 1
6742 6713 1
6743 2313 1
6743 2641 1
6743 2743 1
6743 3611 1
6743 6224 1
6744 1227 1
6745 81 1
6745 2749 1
6745 3847 1
6745 3900 1
6745 4224 1
6745 4584 1
6746 984 1
6746 1930 1
6747 187 1
6747 1632 1
6747 2115 1
6747 3342 1
6747 3815 1
6747 3848 1
6747 4346 1
6747 5631 1
6748 4525 1
6749 2761 1
6749 3927 1
6749 4082 1
6749 4827 1
6749 4935 1
6750 31 1
6750 229 1
6750 254 1
6750 275 1
6750 317 1
6750 326 1
6750 479 1
6750 543 1
6750 746 1
6750 756 1
6750 782 1
6750 867 1
6750 1120 1
6750 1460 1
6750 1795 1
6750 1924 1
6750 2131 1
6750 2298 1
6750 2371 1
6750 2392 1
6750 2412 1
6750 2455 1
6750 2530 1
6750 2706 1
6750 3042 1
6750 3466 1
6750 3638 1
6750 3725 1
6750 3876 1
6750 3914 1
6750 4168 1
6750 4436 1
6750 4679 1
6750 4867 1
6750 4983 1
6750 5635 1
6750 5644 1
6750 5809 1
6750 5926 1
6750 6077 1
6750 6213 1
6750 6734 1
6751 261 1
6751 863 1
6751 1268 1
6751 1358 1
6751 1451 1
6751 1557 1
6751 1676 1
6751 2793 1
6751 2816 1
6751 3083 1
6751 3400 1
6751 3714 1
6751 4209 1
6751 5273 1
6751 5446 1
6751 6581 1
6752 83 1
6752 180 1
6752 1325 1
6752 2119 1
6752 3351 1
6752 4011 1
6752 4365 1
6752 5369 1
6752 5504 1
6752 6063 1
6752 6262 1
6752 6572 1
6753 1373 1
6753 1687 1
6754 1388 1
6754 2202 1
6754 2488 1
6754 6667 1
6755 276 1
6755 278 1
6755 1565 1
6755 1900 1
6755 2375 1
6755 2545 1
6755 6586 1
6755 6675 1
6756 324 1
6756 677 1
6756 1471 1
6756 1644 1
6756 1778 1
6756 1879 1
6756 1967 1
6756 2387 1
6756 2388 1
6756 2614 1
6756 2872 1
6756 2877 1
6756 3497 1
6756 3994 1
6756 4703 1
6756 5399 1
6756 5475 1
6757 2325 1
6757 2899 1
6757 4952 1
6757 6153 1
6758 767 1
6758 1827 1
6758 2936 1
6758 3454 1
6758 3537 1
6758 4662 1
6758 5647 1
6759 295 1
6759 402 1
6759 468 1
6759 521 1
6759 538 1
6759 561 1
6759 592 1
6759 602 1
6759 977 1
6759 1042 1
6759 1218 1
6759 1277 1
6759 1368 1
6759 1470 1
6759 1583 1
6759 3255 1
6759 3679 1
6759 3781 1
6759 3877 1
6759 3908 1
6759 4271 1
6759 4687 1
6759 4931 1
6759 5579 1
6760 35 1
6760 3708 1
6760 3996 1
6760 4414 1
6760 5347 1
6761 1871 1
6762 560 1
6762 4170 1
6762 5316 1
6762 5534 1
6762 5951 1
6762 6497 1
6763 5470 1
6763 6391 1
6764 94 1
6764 263 1
6764 444 1
6764 553 1
6764 1298 1
6764 1326 1
6764 2530 1
6764 3291 1
6765 4176 1
6766 4083 1
6766 4808 1
6766 5555 1
6766 5919 1
6767 955 1
6767 2931 1
6767 3096 1
6767 5821 1
6767 6132 1
6768 38 1
6768 5065 1
6768 5276 1
6768 5995 1
6768 6678 1
6769 270 1
6769 2013 1
6769 2112 1
6769 3144 1
6770 1253 1
6771 504 1
6771 1288 1
6771 1561 1
6771 1666 1
6771 2036 1
6771 2073 1
6771 2534 1
6771 2720 1
6771 3037 1
6771 3236 1
6771 3449 1
6771 4094 1
6771 4485 1
6771 4928 1
6772 1425 1
6772 2683 1
6772 6170 1
6773 1 1
6773 2931 1
6773 3166 1
6773 6556 1
6774 2526 1
6774 4404 1
6775 1706 1
6775 6022 1
6776 2331 1
6776 2715 1
6776 3779 1
6776 4695 1
6777 4965 1
6777 5570 1
6777 5578 1
6778 4777 1
6778 5672 1
6779 1188 1
6779 1976 1
6780 12 1
6780 116 1
6780 324 1
6780 631 1
6780 677 1
6780 1011 1
6780 1556 1
6780 1644 1
6780 1778 1
6780 1958 1
6780 1981 1
6780 3893 1
6780 3989 1
6780 4114 1
6780 4300 1
6780 4734 1
6780 5138 1
6780 5384 1
6780 5818 1
6780 6190 1
6780 6378 1
6781 382 1
6781 627 1
6781 2558 1
6781 2893 1
6781 4288 1
6781 4545 1
6781 4937 1
6781 4978 1
6781 5260 1
6781 5264 1
6781 6532 1
6782 4901 1
6782 5740 1
6782 6101 1
6782 6515 1
6783 186 1
6783 452 1
6783 1415 1
6783 4145 1
6783 4936 1
6784 859 1
6784 1630 1
6785 353 1
6785 1155 1
6785 2353 1
6785 3693 1
6785 6286 1
6786 408 1
6786 2324 1
6786 2602 1
6786 2950 1
6786 3003 1
6786 3292 1
6786 5833 1
6786 6565 1
6787 12 1
6787 677 1
6787 1575 1
6787 1841 1
6787 3026 1
6787 4150 1
6787 4827 1
6787 4981 1
6787 5384 1
6787 5475 1
6787 6190 1
6787 6378 1
6788 2550 1
6788 4799 1
6789 372 1
6789 1932 1
6789 2490 1
6789 2883 1
6789 3392 1
6789 3754 1
6789 3905 1
6789 4606 1
6789 5798 1
6789 5821 1
6789 6487 1
6790 1041 1
6790 2183 1
6790 4207 1
6790 5900 1
6790 6380 1
6791 84 1
6791 1939 1
6791 2220 1
6791 4360 1
6791 5046 1
6791 5665 1
6791 6698 1
6792 148 1
6792 1206 1
6792 2367 1
6793 5255 1
6794 2174 1
6795 586 1
6795 652 1
6795 801 1
6795 1166 1
6795 1835 1
6795 3867 1
6795 4224 1
6795 5067 1
6795 5117 1
6796 1804 1
6796 2661 1
6797 3343 1
6797 6152 1
6798 3088 1
6798 3117 1
6798 5551 1
6798 5984 1
6799 3827 1
6800 67 1
6800 77 1
6800 174 1
6800 254 1
6800 1676 1
6800 2042 1
6800 2273 1
6800 2283 1
6800 2479 1
6800 3444 1
6800 3712 1
6800 3976 1
6800 4124 1
6800 4305 1
6800 4575 1
6800 4746 1
6800 5301 1
6800 5478 1
6800 6431 1
6801 1562 1
6801 2092 1
6801 4349 1
6801 5215 1
6802 1818 1
6802 1939 1
6802 2171 1
6802 2791 1
6802 3823 1
6803 335 1
6803 940 1
6803 1598 1
6803 1614 1
6803 1665 1
6803 2509 1
6803 2536 1
6803 3735 1
6803 4007 1
6803 4127 1
6803 5512 1
6803 6315 1
6803 6386 1
6804 5721 1
6804 5977 1
6804 6139 1
6805 1777 1
6805 3526 1
6805 5036 1
6806 2576 1
6806 2611 1
6807 4188 1
6807 4911 1
6807 6243 1
6807 6418 1
6807 6594 1
6808 805 1
6808 962 1
6808 1150 1
6808 1419 1
6808 2095 1
6808 2838 1
6808 2930 1
6808 3330 1
6808 3545 1
6808 3755 1
6808 4129 1
6808 4563 1
6808 5097 1
6808 5130 1
6808 5589 1
6808 6504 1
6809 974 1
6809 1315 1
6811 2054 1
6811 3666 1
6811 4113 1
6811 4205 1
6811 4376 1
6811 5074 1
6811 5159 1
6811 5517 1
6811 5662 1
6811 5836 1
6812 1777 1
6812 3132 1
6812 4427 1
6812 4694 1
6812 5888 1
6812 6805 1
6813 940 1
6813 1522 1
6813 2115 1
6814 661 1
6814 2584 1
6814 3180 1
6815 119 1
6815 3828 1
6815 5128 1
6815 5174 1
6815 5530 1
6816 3793 1
6816 5822 1
6817 50 1
6817 521 1
6817 2624 1
6817 4231 1
6817 6148 1
6817 6623 1
6818 3890 1
6818 4406 1
6818 4780 1
6818 5149 1
6819 3357 1
6819 4596 1
6820 1236 1
6820 1504 1
6820 4398 1
6820 5304 1
6820 5402 1
6821 129 1
6821 296 1
6821 451 1
6821 457 1
6821 682 1
6821 781 1
6821 1038 1
6821 1061 1
6821 1092 1
6821 2316 1
6821 3698 1
6821 3728 1
6821 3745 1
6821 5713 1
6821 5843 1
6821 6537 1
6822 624 1
6822 1254 1
6822 4284 1
6822 4417 1
6822 4771 1
6822 4966 1
6823 1014 1
6823 2105 1
6823 2217 1
6823 2594 1
6823 2989 1
6823 3545 1
6823 4305 1
6823 5103 1
6824 175 1
6824 2325 1
6824 3414 1
6824 4989 1
6824 5084 1
6824 5459 1
6825 156 1
6825 4970 1
6826 2860 1
6826 2978 1
6826 3024 1
6826 3238 1
6826 3730 1
6826 4219 1
6826 4926 1
6826 5059 1
6826 5221 1
6826 6172 1
6826 6536 1
6826 6537 1
6826 6584 1
6827 1063 1
6827 1449 1
6827 1980 1
6827 3108 1
6827 3575 1
6827 3737 1
6827 5562 1
6827 6058 1
6828 25 1
6828 31 1
6828 57 1
6828 170 1
6828 197 1
6828 610 1
6828 712 1
6828 1150 1
6828 1298 1
6828 1305 1
6828 1344 1
6828 2020 1
6828 2095 1
6828 2322 1
6828 2380 1
6828 2430 1
6828 2446 1
6828 2511 1
6828 2801 1
6828 3033 1
6828 3388 1
6828 3456 1
6828 3509 1
6828 3633 1
6828 3722 1
6828 3741 1
6828 3852 1
6828 3971 1
6828 4635 1
6828 5032 1
6828 5333 1
6828 6685 1
6829 5594 1
6831 4193 1
6831 6130 1
6831 6510 1
6832 483 1
6832 1436 1
6832 1596 1
6832 1679 1
6832 3718 1
6832 5029 1
6832 5069 1
6832 6051 1
6832 6206 1
6832 6572 1
6833 282 1
6833 1807 1
6833 1842 1
6833 1989 1
6833 2385 1
6833 3867 1
6833 4224 1
6833 5067 1
6833 6484 1
6834 915 1
6835 287 1
6836 1827 1
6836 3461 1
6836 4849 1
6836 6609 1
6837 575 1
6837 1166 1
6837 6085 1
6837 6485 1
6838 923 1
6838 1415 1
6838 1827 1
6838 3280 1
6838 3399 1
6838 3676 1
6838 4989 1
6838 5084 1
6838 5607 1
6838 6505 1
6838 6552 1
6838 6824 1
6839 2641 1
6839 2743 1
6839 6224 1
6839 6743 1
6840 2045 1
6840 3400 1
6840 5670 1
6840 5889 1
6841 3278 1
6841 4021 1
6841 4089 1
6841 4468 1
6841 4763 1
6841 5139 1
6841 5972 1
6842 174 1
6842 1323 1
6842 2562 1
6842 2706 1
6842 2937 1
6842 3270 1
6842 3729 1
6842 3820 1
6842 3985 1
6842 4895 1
6842 5374 1
6843 1630 1
6843 2255 1
6843 3113 1
6843 6578 1
6844 1778 1
6844 3529 1
6844 4628 1
6844 4651 1
6845 2171 1
6845 4915 1
6845 5437 1
6845 6337 1
6846 4583 1
6846 5036 1
6846 5204 1
6846 6302 1
6847 708 1
6847 1851 1
6847 5179 1
6847 6207 1
6849 498 1
6849 535 1
6849 1371 1
6849 2401 1
6849 2706 1
6849 3729 1
6849 6020 1
6849 6328 1
6850 666 1
6850 2384 1
6850 2724 1
6851 53 1
6851 1710 1
6851 4109 1
6851 5217 1
6851 6349 1
6852 831 1
6852 1006 1
6852 1903 1
6852 2269 1
6852 2827 1
6852 4576 1
6853 1831 1
6853 3793 1
6853 5064 1
6853 5822 1
6853 6816 1
6854 50 1
6854 2183 1
6854 3543 1
6854 3735 1
6854 5657 1
6854 5810 1
6854 6373 1
6855 699 1
6855 4873 1
6856 1496 1
6856 3020 1
6856 5907 1
6857 5706 1
6858 462 1
6858 990 1
6858 2296 1
6858 4577 1
6858 4876 1
6858 6017 1
6858 6277 1
6859 3319 1
6859 5128 1
6859 5174 1
6860 214 1
6860 500 1
6860 757 1
6860 1664 1
6860 1849 1
6860 2073 1
6860 2074 1
6860 3308 1
6860 3697 1
6860 4066 1
6860 5118 1
6860 5237 1
6861 129 1
6861 402 1
6861 587 1
6861 765 1
6861 1416 1
6861 1857 1
6861 2083 1
6861 2089 1
6861 2128 1
6861 2752 1
6861 3023 1
6861 3550 1
6861 4564 1
6861 5028 1
6861 5241 1
6861 5380 1
6861 5444 1
6861 5918 1
6861 5957 1
6862 275 1
6862 1058 1
6862 1938 1
6862 3270 1
6862 4305 1
6862 4844 1
6862 5374 1
6862 6431 1
6863 3843 1
6863 5436 1
6864 2921 1
6865 642 1
6865 977 1
6865 2654 1
6865 4281 1
6866 3512 1
6866 5619 1
6867 4647 1
6868 3030 1
6868 4874 1
6868 6447 1
6869 25 1
6869 4403 1
6869 4544 1
6869 5027 1
6869 6328 1
6869 6673 1
6870 560 1
6870 1410 1
6870 2432 1
6870 4053 1
6870 5412 1
6870 5423 1
6872 1218 1
6872 1365 1
6872 1977 1
6872 2598 1
6872 4287 1
6872 5623 1
6873 360 1
6873 1111 1
6873 1598 1
6873 2536 1
6873 4007 1
6873 4127 1
6873 6803 1
6874 1197 1
6874 2288 1
6874 4630 1
6874 5023 1
6874 5086 1
6874 5464 1
6874 5945 1
6874 6327 1
6875 1811 1
6875 2849 1
6875 3226 1
6875 5073 1
6875 5117 1
6875 5118 1
6875 5210 1
6875 5273 1
6875 6009 1
6876 1000 1
6876 1667 1
6876 2470 1
6876 2789 1
6876 3677 1
6876 4486 1
6876 4733 1
6876 4832 1
6876 4890 1
6876 6118 1
6877 294 1
6877 401 1
6877 1124 1
6877 1192 1
6877 1857 1
6877 3735 1
6877 3839 1
6877 5488 1
6877 6790 1
6878 1211 1
6879 613 1
6879 3340 1
6879 3611 1
6880 2417 1
6880 6536 1
6881 1208 1
6881 6615 1
6882 183 1
6882 1314 1
6882 4478 1
6883 2715 1
6883 3969 1
6883 4517 1
6883 6112 1
6884 274 1
6884 730 1
6884 1024 1
6884 1076 1
6884 1660 1
6884 2203 1
6884 2233 1
6884 2248 1
6884 2596 1
6884 2686 1
6884 2794 1
6884 3219 1
6884 4574 1
6884 4908 1
6884 4996 1
6884 5409 1
6884 5755 1
6884 6653 1
6884 6711 1
6885 1573 1
6885 1582 1
6885 2768 1
6885 4232 1
6885 4562 1
6885 6077 1
6885 6316 1
6886 3703 1
6887 4904 1
6887 5464 1
6887 6871 1
6888 197 1
6889 3887 1
6889 4158 1
6889 4225 1
6889 4387 1
6889 4540 1
6889 5343 1
6889 6227 1
6889 6558 1
6890 4320 1
6890 5916 1
6891 1715 1
6891 3526 1
6891 4818 1
6891 6104 1
6891 6463 1
6891 6618 1
6892 113 1
6892 796 1
6892 1476 1
6892 1654 1
6892 1902 1
6892 2657 1
6892 3542 1
6892 3615 1
6892 3634 1
6892 4078 1
6892 4431 1
6892 4574 1
6892 4611 1
6892 4778 1
6892 5417 1
6892 5842 1
6892 6268 1
6893 190 1
6893 453 1
6893 966 1
6893 2886 1
6893 6017 1
6894 218 1
6894 449 1
6894 663 1
6894 667 1
6894 962 1
6894 1519 1
6894 1969 1
6894 2095 1
6894 2105 1
6894 2139 1
6894 2455 1
6894 2530 1
6894 2677 1
6894 2838 1
6894 3042 1
6894 3105 1
6894 3153 1
6894 3330 1
6894 3545 1
6894 3722 1
6894 3810 1
6894 5364 1
6894 5613 1
6894 5994 1
6894 5999 1
6894 6059 1
6894 6077 1
6894 6180 1
6894 6808 1
6895 1701 1
6895 3088 1
6895 3738 1
6895 4033 1
6895 4751 1
6896 293 1
6896 891 1
6896 2615 1
6896 6397 1
6897 965 1
6897 5671 1
6898 4174 1
6899 2738 1
6899 3702 1
6899 3744 1
6899 6732 1
6899 6828 1
6900 4229 1
6900 4501 1
6901 4901 1
6901 5013 1
6901 5740 1
6901 6019 1
6901 6782 1
6902 382 1
6902 627 1
6902 4545 1
6902 6781 1
6903 180 1
6903 1280 1
6903 2238 1
6903 3753 1
6903 6703 1
6904 763 1
6904 3200 1
6904 3311 1
6904 4900 1
6904 6394 1
6905 624 1
6905 3148 1
6905 6577 1
6905 6822 1
6906 64 1
6906 986 1
6906 1635 1
6906 1781 1
6906 2709 1
6906 5184 1
6906 6005 1
6906 6128 1
6907 360 1
6907 848 1
6907 2083 1
6907 2754 1
6907 3715 1
6907 6500 1
6908 3200 1
6908 3399 1
6908 6508 1
6909 1931 1
6909 3737 1
6909 3763 1
6910 1036 1
6910 5040 1
6911 50 1
6911 521 1
6911 558 1
6911 845 1
6911 1325 1
6911 1449 1
6911 1598 1
6911 1614 1
6911 1882 1
6911 2000 1
6911 2128 1
6911 2256 1
6911 2428 1
6911 2509 1
6911 2619 1
6911 2654 1
6911 2702 1
6911 2928 1
6911 3243 1
6911 3553 1
6911 3647 1
6911 3737 1
6911 4231 1
6911 4653 1
6911 5341 1
6911 5369 1
6911 5893 1
6911 5908 1
6911 6300 1
6911 6315 1
6911 6359 1
6911 6591 1
6911 6623 1
6911 6803 1
6911 6873 1
6912 2215 1
6912 3754 1
6913 1685 1
6913 2206 1
6913 4650 1
6913 5560 1
6913 6038 1
6914 981 1
6914 3381 1
6914 5950 1
6915 779 1
6915 2235 1
6915 3084 1
6915 3484 1
6915 4104 1
6915 4712 1
6915 5568 1
6915 6697 1
6916 112 1
6916 336 1
6916 515 1
6916 1572 1
6916 4535 1
6917 1397 1
6917 5194 1
6918 208 1
6918 898 1
6918 1031 1
6918 1665 1
6918 1857 1
6918 2183 1
6918 2416 1
6918 3136 1
6918 3228 1
6918 3550 1
6918 3553 1
6918 3737 1
6918 3871 1
6918 4207 1
6918 4208 1
6918 4330 1
6918 4780 1
6918 5493 1
6918 5497 1
6918 5526 1
6918 6658 1
6918 6703 1
6919 419 1
6919 1007 1
6919 5598 1
6919 6015 1
6919 6554 1
6920 451 1
6920 1061 1
6921 54 1
6921 1143 1
6921 2120 1
6921 2605 1
6921 2961 1
6921 3690 1
6921 4136 1
6922 3634 1
6922 4435 1
6922 4464 1
6922 5136 1
6923 3451 1
6923 4774 1
6924 1827 1
6924 3399 1
6924 3676 1
6924 4989 1
6924 5084 1
6924 5170 1
6924 6552 1
6924 6824 1
6924 6838 1
6925 763 1
6925 4900 1
6925 6424 1
6925 6904 1
6926 680 1
6926 1293 1
6926 1529 1
6926 1611 1
6926 1787 1
6926 1939 1
6926 2220 1
6926 2433 1
6926 2526 1
6926 2657 1
6926 2945 1
6926 2951 1
6926 2954 1
6926 3185 1
6926 3292 1
6926 3338 1
6926 3806 1
6926 3952 1
6926 3962 1
6926 4089 1
6926 4171 1
6926 4292 1
6926 4311 1
6926 4404 1
6926 4447 1
6926 4474 1
6926 5309 1
6926 5483 1
6926 5510 1
6926 6181 1
6927 1926 1
6927 2470 1
6927 3704 1
6928 1201 1
6928 1886 1
6928 2247 1
6928 2552 1
6928 3118 1
6928 3162 1
6928 4222 1
6928 5205 1
6928 5239 1
6929 1197 1
6929 1275 1
6929 1472 1
6929 2153 1
6929 3388 1
6929 4465 1
6929 4635 1
6929 5276 1
6929 5746 1
6930 3185 1
6930 5546 1
6931 4554 1
6931 4834 1
6931 5519 1
6932 2487 1
6932 2555 1
6932 2874 1
6932 3012 1
6932 3705 1
6932 4077 1
6932 5588 1
6932 6180 1
6932 6258 1
6932 6338 1
6932 6726 1
6933 1205 1
6933 4869 1
6934 6732 1
6936 476 1
6936 1298 1
6936 3701 1
6936 5023 1
6936 5410 1
6936 5867 1
6936 5913 1
6937 1422 1
6937 2092 1
6937 2364 1
6937 3040 1
6937 3564 1
6937 3774 1
6937 3885 1
6937 4421 1
6937 4558 1
6937 5899 1
6938 6002 1
6938 6636 1
6939 285 1
6939 2197 1
6939 4051 1
6939 5451 1
6939 6630 1
6939 6734 1
6940 330 1
6940 2583 1
6940 2930 1
6940 2967 1
6940 3388 1
6940 4305 1
6940 5276 1
6940 5542 1
6940 6512 1
6940 6616 1
6941 1189 1
6941 5057 1
6942 421 1
6942 3043 1
6942 4067 1
6943 105 1
6943 576 1
6943 605 1
6943 731 1
6943 864 1
6943 879 1
6943 1074 1
6943 1311 1
6943 1388 1
6943 1426 1
6943 1908 1
6943 2041 1
6943 2314 1
6943 2488 1
6943 2520 1
6943 3154 1
6943 3685 1
6943 3953 1
6943 4215 1
6943 5321 1
6943 5563 1
6943 5923 1
6943 5936 1
6943 6151 1
6943 6657 1
6943 6742 1
6944 138 1
6944 700 1
6944 4576 1
6945 4839 1
6945 5911 1
6945 6528 1
6946 1083 1
6946 2605 1
6947 4357 1
6947 4506 1
6947 4699 1
6947 4870 1
6947 5249 1
6947 5708 1
6947 6622 1
6947 6673 1
6947 6936 1
6948 148 1
6948 295 1
6948 468 1
6948 538 1
6948 602 1
6948 1277 1
6948 1368 1
6948 1470 1
6948 3255 1
6948 3781 1
6948 4665 1
6948 4687 1
6948 4931 1
6948 5253 1
6948 6759 1
6949 307 1
6949 3666 1
6949 4792 1
6949 4942 1
6950 1966 1
6950 2100 1
6950 2811 1
6950 2869 1
6950 2888 1
6950 4880 1
6951 937 1
6951 1160 1
6952 552 1
6952 1030 1
6952 1231 1
6952 2163 1
6952 2713 1
6953 3651 1
6953 5877 1
6953 6524 1
6953 6788 1
6953 6830 1
6954 292 1
6954 1120 1
6954 2105 1
6954 2252 1
6954 2394 1
6954 2430 1
6954 3388 1
6954 3740 1
6954 4436 1
6954 4635 1
6954 4926 1
6954 4983 1
6954 6308 1
6954 6312 1
6954 6734 1
6954 6750 1
6955 197 1
6955 1344 1
6955 2020 1
6955 2322 1
6955 3388 1
6955 4261 1
6955 4509 1
6955 4791 1
6955 4962 1
6955 5172 1
6955 5243 1
6955 5285 1
6955 5589 1
6955 5927 1
6955 5940 1
6955 6681 1
6955 6828 1
6956 3088 1
6956 3919 1
6956 4062 1
6956 4996 1
6956 5031 1
6956 5320 1
6956 5551 1
6956 5984 1
6956 6798 1
6957 1759 1
6957 3752 1
6957 5870 1
6958 182 1
6958 380 1
6958 417 1
6958 609 1
6958 1082 1
6958 1143 1
6958 3661 1
6958 4136 1
6959 398 1
6959 540 1
6959 561 1
6959 587 1
6959 1067 1
6959 1113 1
6959 1277 1
6959 1325 1
6959 1335 1
6959 1470 1
6959 1746 1
6959 2752 1
6959 2784 1
6959 3108 1
6959 3136 1
6959 3255 1
6959 3877 1
6959 3896 1
6959 3923 1
6959 3937 1
6959 4281 1
6959 4330 1
6959 4600 1
6959 4653 1
6959 5028 1
6959 5044 1
6959 5504 1
6959 5526 1
6959 5590 1
6959 5668 1
6959 5763 1
6959 6031 1
6959 6359 1
6959 6374 1
6959 6506 1
6959 6591 1
6959 6613 1
6959 6918 1
6960 4839 1
6960 5495 1
6961 4539 1
6961 5387 1
6961 5434 1
6962 1932 1
6962 1983 1
6962 2883 1
6962 3392 1
6962 3754 1
6962 4075 1
6962 5074 1
6962 5727 1
6962 5821 1
6962 6789 1
6963 3476 1
6963 4412 1
6964 1712 1
6964 3672 1
6964 4468 1
6964 5600 1
6964 6319 1
6965 538 1
6965 602 1
6965 3923 1
6965 4401 1
6965 4687 1
6965 4859 1
6965 5253 1
6965 6948 1
6966 2958 1
6966 3168 1
6966 3720 1
6966 6584 1
6967 3207 1
6967 3412 1
6967 3749 1
6967 4151 1
6967 4224 1
6967 4318 1
6967 4837 1
6967 4872 1
6967 4987 1
6967 5378 1
6967 5388 1
6968 5704 1
6968 6098 1
6969 5309 1
6969 5874 1
6970 1246 1
6970 4294 1
6970 4529 1
6970 4763 1
6970 5145 1
6970 6695 1
6971 331 1
6971 583 1
6971 1237 1
6971 1509 1
6971 3934 1
6971 5631 1
6971 6701 1
6972 2657 1
6973 1036 1
6973 1160 1
6973 6156 1
6974 439 1
6975 787 1
6975 1973 1
6975 2294 1
6975 2349 1
6975 4833 1
6975 5309 1
6975 5770 1
6975 5812 1
6975 6472 1
6976 1855 1
6976 2751 1
6977 148 1
6977 387 1
6977 812 1
6977 1583 1
6977 2183 1
6977 3572 1
6977 6948 1
6978 1778 1
6978 1967 1
6978 2725 1
6978 2877 1
6978 3497 1
6978 3529 1
6978 4628 1
6978 4828 1
6978 5909 1
6979 810 1
6979 879 1
6979 1784 1
6979 2961 1
6979 3813 1
6979 6252 1
6980 3571 1
6980 6273 1
6981 1996 1
6981 2951 1
6981 3022 1
6981 3374 1
6981 3708 1
6981 3926 1
6981 4095 1
6981 4243 1
6981 4272 1
6981 4359 1
6981 4743 1
6981 4888 1
6981 5228 1
6981 5749 1
6981 5848 1
6982 2527 1
6982 2638 1
6982 4235 1
6982 4359 1
6982 5228 1
6983 4105 1
6983 4416 1
6984 800 1
6984 3571 1
6984 4480 1
6984 4489 1
6985 3095 1
6985 4421 1
6985 4807 1
6986 303 1
6986 721 1
6986 1010 1
6986 2624 1
6986 3737 1
6986 3896 1
6986 5512 1
6986 6803 1
6986 6959 1
6987 1736 1
6987 2174 1
6987 2490 1
6987 4581 1
6987 4963 1
6987 5798 1
6987 6789 1
6988 4224 1
6988 5388 1
6988 6967 1
6989 439 1
6989 524 1
6989 1604 1
6989 1778 1
6989 1878 1
6989 2383 1
6989 3229 1
6989 3839 1
6989 3981 1
6989 5262 1
6989 5566 1
6989 5671 1
6989 5888 1
6990 3186 1
6990 3818 1
6990 4115 1
6990 4329 1
6990 4348 1
6990 4467 1
6990 4652 1
6990 4957 1
6990 5481 1
6990 5831 1
6990 5835 1
6990 5982 1
6990 6409 1
6991 6914 1
6992 224 1
6992 489 1
6992 768 1
6992 3334 1
6993 740 1
6993 1465 1
6993 1640 1
6993 2496 1
6993 5583 1
6993 5626 1
6994 67 1
6994 1827 1
6994 2283 1
6994 2592 1
6994 3537 1
6994 3862 1
6994 4849 1
6994 5478 1
6994 6800 1
6995 1056 1
6995 2358 1
6995 2883 1
6995 6021 1
6995 6072 1
6996 308 1
6996 2834 1
6996 3084 1
6996 3484 1
6997 3105 1
6997 3740 1
6997 4343 1
6997 4938 1
6997 5542 1
6998 4716 1
6998 6366 1
6998 6590 1
6999 553 1
6999 1573 1
6999 1582 1
6999 4562 1
7000 216 1
7000 1242 1
7000 1828 1
7000 1913 1
7000 2033 1
7000 2381 1
7000 3091 1
7000 3508 1
7000 3791 1
7000 4677 1
7000 4788 1
7000 4986 1
7000 5054 1
7000 5084 1
7000 5786 1
7000 5897 1
7000 5971 1
7000 6057 1
7000 6244 1
7000 6791 1
7001 113 1
7001 4356 1
7002 660 1
7002 1276 1
7002 1736 1
7002 1956 1
7002 3806 1
7002 4806 1
7002 4811 1
7002 5356 1
7002 5650 1
7002 6441 1
7002 6487 1
7003 89 1
7003 1063 1
7003 2083 1
7003 2210 1
7003 2237 1
7003 2624 1
7003 2754 1
7003 2987 1
7003 3575 1
7003 4587 1
7003 5369 1
7003 5482 1
7003 5802 1
7003 5810 1
7003 6670 1
7003 6827 1
7004 96 1
7004 610 1
7004 1397 1
7004 1539 1
7004 1556 1
7004 1615 1
7004 2009 1
7004 2135 1
7004 2797 1
7004 2899 1
7004 3200 1
7004 3738 1
7004 4598 1
7004 4810 1
7004 4881 1
7004 4988 1
7004 5419 1
7004 5705 1
7004 5998 1
7004 6039 1
7004 6135 1
7004 6245 1
7004 6713 1
7004 6757 1
7006 2550 1
7006 4762 1
7006 5843 1
7006 6061 1
7007 1176 1
7007 3202 1
7007 3594 1
7007 5107 1
7007 6601 1
7008 71 1
7008 309 1
7008 629 1
7008 898 1
7008 1237 1
7008 1277 1
7008 1592 1
7008 1713 1
7008 2624 1
7008 3137 1
7008 4025 1
7008 5620 1
7008 6701 1
7009 400 1
7009 2611 1
7009 2754 1
7009 4536 1
7009 5265 1
7009 5988 1
7009 6058 1
7010 470 1
7010 860 1
7010 2152 1
7010 2250 1
7010 4467 1
7010 4898 1
7010 4970 1
7010 5841 1
7011 6104 1
7011 6279 1
7011 6618 1
7012 5031 1
7012 6225 1
7013 297 1
7013 393 1
7013 941 1
7013 2381 1
7013 3264 1
7013 4304 1
7013 4360 1
7013 4713 1
7013 4849 1
7013 5219 1
7013 5355 1
7013 5595 1
7013 6012 1
7013 6609 1
7014 2998 1
7014 3009 1
7014 3806 1
7014 4193 1
7014 4484 1
7014 4811 1
7014 5363 1
7014 5528 1
7014 5905 1
7014 5992 1
7014 6166 1
7014 6458 1
7014 6617 1
7014 6628 1
7014 7002 1
7015 3088 1
7015 5551 1
7015 5984 1
7015 6798 1
7015 6956 1
7016 388 1
7016 699 1
7016 1049 1
7016 2207 1
7016 2518 1
7016 3800 1
7016 4351 1
7016 4873 1
7016 5663 1
7017 31 1
7017 4248 1
7017 5238 1
7017 5576 1
7017 6681 1
7018 1388 1
7018 1934 1
7018 4277 1
7019 136 1
7019 502 1
7019 882 1
7019 978 1
7019 2141 1
7019 2148 1
7019 2564 1
7020 4296 1
7021 3980 1
7021 4229 1
7021 5568 1
7021 6320 1
7022 4128 1
7022 4216 1
7022 5824 1
7023 4544 1
7023 4924 1
7023 5018 1
7023 5575 1
7024 1818 1
7024 3754 1
7024 3773 1
7024 5681 1
7024 5821 1
7024 6802 1
7025 132 1
7025 330 1
7025 802 1
7025 1014 1
7025 1782 1
7025 2469 1
7025 2479 1
7025 3669 1
7025 4305 1
7025 6401 1
7026 5204 1
7026 5584 1
7027 3436 1
7027 3461 1
7029 1567 1
7029 2021 1
7029 3786 1
7029 3874 1
7029 5826 1
7029 6293 1
7030 1298 1
7030 3388 1
7030 5854 1
7031 99 1
7031 233 1
7031 765 1
7031 848 1
7031 977 1
7031 2367 1
7031 3191 1
7031 3647 1
7031 4290 1
7031 6010 1
7031 6333 1
7031 6861 1
7031 6952 1
7032 2985 1
7032 3362 1
7032 3898 1
7032 5840 1
7032 5976 1
7032 6706 1
7033 3503 1
7033 5284 1
7033 6254 1
7034 3207 1
7034 4224 1
7034 4318 1
7034 5378 1
7034 6967 1
7035 1698 1
7035 2290 1
7035 3146 1
7035 3215 1
7035 3292 1
7035 4121 1
7035 4884 1
7035 5088 1
7035 5499 1
7035 5696 1
7035 5833 1
7035 6002 1
7035 6209 1
7035 6225 1
7035 6357 1
7035 6510 1
7036 691 1
7036 965 1
7036 4301 1
7037 6723 1
7038 102 1
7038 182 1
7038 380 1
7038 609 1
7038 1143 1
7038 3661 1
7038 4136 1
7038 4566 1
7038 6958 1
7039 642 1
7039 766 1
7039 845 1
7039 2000 1
7039 2466 1
7039 2624 1
7039 3575 1
7039 3673 1
7039 3947 1
7039 4013 1
7039 4753 1
7039 5810 1
7039 6911 1
7040 4693 1
7040 6289 1
7041 126 1
7041 175 1
7041 320 1
7041 3180 1
7041 4300 1
7041 6378 1
7042 132 1
7042 1298 1
7042 1609 1
7042 1969 1
7042 2005 1
7042 5879 1
7042 5926 1
7042 6630 1
7042 6939 1
7043 1371 1
7043 2880 1
7043 3982 1
7043 4609 1
7043 6328 1
7043 6849 1
7044 329 1
7044 349 1
7044 1278 1
7044 1285 1
7044 5429 1
7045 918 1
7045 3622 1
7045 4394 1
7045 6433 1
7045 6611 1
7046 695 1
7046 1388 1
7046 1934 1
7046 3499 1
7046 4789 1
7046 5038 1
7046 5084 1
7046 5170 1
7046 6497 1
7046 6924 1
7046 7000 1
7046 7018 1
7047 1765 1
7047 2735 1
7047 2811 1
7047 4128 1
7047 4603 1
7047 5144 1
7047 5698 1
7047 5738 1
7049 6 1
7049 308 1
7049 330 1
7049 449 1
7049 566 1
7049 738 1
7049 825 1
7049 1014 1
7049 1116 1
7049 1969 1
7049 1993 1
7049 2105 1
7049 2197 1
7049 2331 1
7049 2386 1
7049 2412 1
7049 2479 1
7049 2538 1
7049 2966 1
7049 2989 1
7049 3330 1
7049 3456 1
7049 3470 1
7049 3484 1
7049 3545 1
7049 3584 1
7049 4051 1
7049 4305 1
7049 4343 1
7049 4695 1
7049 4878 1
7049 5451 1
7049 5568 1
7049 5589 1
7049 5937 1
7049 6278 1
7049 6320 1
7049 6340 1
7049 6722 1
7049 6894 1
7050 2046 1
7050 5877 1
7050 6953 1
7051 4489 1
7051 5757 1
7051 6841 1
7051 7026 1
7052 2836 1
7052 4181 1
7052 4468 1
7052 4701 1
7052 6391 1
7052 6740 1
7053 764 1
7053 918 1
7053 1828 1
7053 2904 1
7053 4394 1
7053 5786 1
7053 5941 1
7053 7045 1
7054 2655 1
7055 1597 1
7055 2171 1
7055 4433 1
7055 5378 1
7056 1324 1
7056 1937 1
7057 177 1
7057 265 1
7057 610 1
7057 842 1
7057 888 1
7057 931 1
7057 1095 1
7057 1150 1
7057 1316 1
7057 1615 1
7057 2116 1
7057 2135 1
7057 2537 1
7057 2540 1
7057 2887 1
7057 3420 1
7057 4159 1
7057 5436 1
7057 5523 1
7057 5866 1
7057 6039 1
7057 6135 1
7057 6162 1
7057 6179 1
7057 6318 1
7057 6660 1
7058 277 1
7058 5296 1
7059 2749 1
7059 3486 1
7059 3847 1
7059 4224 1
7059 4582 1
7059 4584 1
7060 729 1
7060 1812 1
7060 2403 1
7060 2891 1
7060 3023 1
7060 3316 1
7060 3881 1
7060 3924 1
7060 4536 1
7060 4706 1
7060 5294 1
7061 4923 1
7061 5186 1
7061 5382 1
7062 402 1
7062 1207 1
7062 5028 1
7063 655 1
7063 3369 1
7063 5747 1
7064 471 1
7064 5740 1
7064 6101 1
7064 6782 1
7065 605 1
7065 1221 1
7065 6580 1
7066 279 1
7066 579 1
7066 634 1
7066 1359 1
7066 2953 1
7066 3682 1
7066 4319 1
7066 4483 1
7066 5298 1
7067 4170 1
7067 5951 1
7068 3088 1
7068 5984 1
7068 6956 1
7069 702 1
7069 792 1
7069 2418 1
7069 2764 1
7069 4947 1
7069 6534 1
7069 6579 1
7070 6362 1
7071 239 1
7071 1735 1
7071 3708 1
7071 3843 1
7072 3927 1
7072 4879 1
7072 4935 1
7072 6259 1
7072 6403 1
7073 272 1
7073 768 1
7073 1254 1
7074 4576 1
7074 5866 1
7074 7057 1
7075 4027 1
7075 4497 1
7075 5614 1
7075 6019 1
7075 6391 1
7075 6901 1
7076 5047 1
7076 5623 1
7076 7006 1
7077 1601 1
7077 6056 1
7078 1016 1
7078 2380 1
7078 3746 1
7078 3767 1
7078 6020 1
7079 4901 1
7080 838 1
7080 1222 1
7080 1311 1
7080 3110 1
7080 3167 1
7080 4033 1
7080 4240 1
7080 5415 1
7081 4027 1
7081 6081 1
7081 7075 1
7082 1199 1
7082 1400 1
7082 1789 1
7082 4165 1
7082 6321 1
7083 2155 1
7083 4931 1
7083 5369 1
7083 6315 1
7084 75 1
7084 164 1
7084 468 1
7084 615 1
7084 726 1
7084 1277 1
7084 1466 1
7084 1470 1
7084 1836 1
7084 2619 1
7084 3137 1
7084 3595 1
7084 4046 1
7084 4859 1
7084 5464 1
7085 2244 1
7085 4174 1
7085 6898 1
7086 113 1
7086 1468 1
7086 1536 1
7086 1818 1
7086 4031 1
7086 5162 1
7086 5740 1
7086 6107 1
7086 6422 1
7087 744 1
7087 1502 1
7087 1689 1
7087 1768 1
7087 2017 1
7087 2265 1
7087 2851 1
7087 4817 1
7088 3594 1
7088 4202 1
7088 4990 1
7088 5107 1
7088 7007 1
7089 1951 1
7089 3776 1
7090 2741 1
7091 4015 1
7091 5656 1
7092 484 1
7092 556 1
7092 2106 1
7092 2236 1
7092 4456 1
7092 4570 1
7092 5690 1
7093 1804 1
7093 2474 1
7093 2581 1
7093 2990 1
7093 5633 1
7093 6224 1
7093 6352 1
7093 6567 1
7094 1000 1
7094 2438 1
7094 3096 1
7094 3744 1
7094 6767 1
7094 6899 1
7095 2920 1
7095 2969 1
7095 3465 1
7095 4845 1
7095 4866 1
7095 5859 1
7096 395 1
7096 763 1
7096 954 1
7096 1462 1
7096 2012 1
7096 2224 1
7096 2871 1
7096 3297 1
7096 3542 1
7096 3677 1
7096 4055 1
7096 4432 1
7096 4900 1
7096 5417 1
7096 5498 1
7096 5519 1
7096 5791 1
7096 6424 1
7096 6892 1
7096 6904 1
7096 6925 1
7097 1286 1
7097 1761 1
7097 4978 1
7097 6781 1
7098 1210 1
7098 3213 1
7098 4267 1
7098 6462 1
7099 6935 1
7100 4121 1
7100 6002 1
7100 6357 1
7100 7035 1
7101 483 1
7101 512 1
7101 1851 1
7101 2597 1
7101 2858 1
7101 3113 1
7101 3526 1
7101 4975 1
7101 5134 1
7101 5752 1
7102 3988 1
7102 4985 1
7103 1237 1
7103 1261 1
7103 1509 1
7103 1980 1
7103 2624 1
7103 3581 1
7103 3934 1
7103 6612 1
7103 6701 1
7104 4182 1
7105 5011 1
7106 1129 1
7106 2026 1
7106 2364 1
7106 3095 1
7106 4877 1
7106 5771 1
7106 5817 1
7106 6211 1
7107 444 1
7107 1326 1
7107 1452 1
7107 2035 1
7107 2964 1
7107 3329 1
7107 3551 1
7107 3626 1
7107 4135 1
7107 6155 1
7107 6205 1
7108 415 1
7108 3217 1
7108 4453 1
7109 6670 1
7110 13 1
7110 875 1
7110 1567 1
7110 1695 1
7110 1744 1
7110 1912 1
7110 2280 1
7110 4317 1
7110 4349 1
7110 4909 1
7110 5286 1
7110 6552 1
7111 121 1
7111 3429 1
7111 4344 1
7111 4607 1
7111 5086 1
7111 5691 1
7111 6388 1
7112 745 1
7112 838 1
7112 1768 1
7112 4133 1
7112 4880 1
7112 5244 1
7113 3581 1
7114 794 1
7115 4092 1
7115 5255 1
7115 6180 1
7116 2271 1
7116 3101 1
7116 4272 1
7116 4827 1
7116 5228 1
7116 5574 1
7116 5848 1
7116 6039 1
7116 6469 1
7117 282 1
7117 324 1
7117 1644 1
7117 1778 1
7117 3930 1
7117 4703 1
7117 6660 1
7118 1044 1
7118 1417 1
7118 2022 1
7118 2849 1
7118 3318 1
7118 3560 1
7118 4377 1
7118 4826 1
7118 4992 1
7118 5280 1
7118 5544 1
7118 5592 1
7118 6221 1
7119 484 1
7119 1236 1
7119 1504 1
7119 2092 1
7119 2236 1
7119 3480 1
7119 3564 1
7119 3885 1
7119 4398 1
7119 4570 1
7119 4681 1
7119 4818 1
7119 5048 1
7119 5195 1
7119 5233 1
7119 5690 1
7119 5899 1
7119 6219 1
7119 6451 1
7119 6820 1
7121 3650 1
7121 4487 1
7121 5168 1
7121 5582 1
7122 1318 1
7122 3804 1
7122 3985 1
7122 4562 1
7122 6587 1
7123 210 1
7123 5481 1
7123 5764 1
7124 378 1
7124 571 1
7124 974 1
7124 2700 1
7124 3725 1
7125 4341 1
7125 6236 1
7125 6303 1
7126 5191 1
7126 5253 1
7127 29 1
7127 95 1
7127 141 1
7127 492 1
7127 890 1
7127 949 1
7127 1292 1
7127 1962 1
7127 3807 1
7127 5016 1
7127 5111 1
7127 5314 1
7127 6110 1
7127 6675 1
7128 1038 1
7128 1344 1
7128 4563 1
7128 5173 1
7128 5829 1
7128 6069 1
7128 6694 1
7129 1358 1
7129 1451 1
7129 3308 1
7129 4209 1
7129 4989 1
7129 5084 1
7129 5118 1
7129 5237 1
7129 6751 1
7129 6824 1
7129 6838 1
7129 6860 1
7129 6924 1
7130 644 1
7130 677 1
7130 762 1
7130 831 1
7130 1006 1
7130 1044 1
7130 1417 1
7130 1778 1
7130 1896 1
7130 2682 1
7130 2763 1
7130 3497 1
7130 3958 1
7130 4826 1
7130 5762 1
7130 6221 1
7130 6379 1
7130 7118 1
7131 123 1
7131 1567 1
7131 2656 1
7131 3421 1
7131 3786 1
7131 4035 1
7131 4349 1
7131 4909 1
7131 5286 1
7131 5887 1
7132 992 1
7132 3329 1
7132 3626 1
7132 4135 1
7132 5778 1
7132 6205 1
7132 7107 1
7133 1812 1
7133 3255 1
7133 6204 1
7134 1529 1
7134 2271 1
7134 2340 1
7134 2433 1
7134 2748 1
7134 2954 1
7134 3016 1
7134 4016 1
7134 4031 1
7134 4833 1
7134 5164 1
7134 5510 1
7134 5795 1
7134 6926 1
7135 362 1
7135 470 1
7135 860 1
7135 1757 1
7135 4898 1
7135 5841 1
7135 7010 1
7136 960 1
7136 1410 1
7136 1476 1
7136 5342 1
7136 5423 1
7137 5321 1
7137 6019 1
7138 100 1
7138 137 1
7138 827 1
7138 1672 1
7138 2592 1
7138 3683 1
7138 4352 1
7139 802 1
7139 2217 1
7139 2469 1
7139 2479 1
7139 2594 1
7139 6401 1
7139 6823 1
7139 7025 1
7140 444 1
7140 992 1
7140 1326 1
7140 3329 1
7140 3626 1
7140 4135 1
7140 5778 1
7140 6205 1
7140 7107 1
7140 7132 1
7141 6960 1
7142 1222 1
7142 1793 1
7142 3110 1
7142 4185 1
7143 599 1
7143 2900 1
7143 4671 1
7143 5933 1
7144 1550 1
7144 3653 1
7144 4121 1
7144 4296 1
7144 4362 1
7144 4811 1
7144 4884 1
7144 5954 1
7144 6001 1
7144 6146 1
7144 6458 1
7144 6510 1
7145 338 1
7145 532 1
7145 607 1
7145 948 1
7145 985 1
7145 1166 1
7145 1348 1
7145 2066 1
7145 2543 1
7145 2618 1
7145 4151 1
7145 4224 1
7145 4872 1
7145 6967 1
7146 2120 1
7146 2961 1
7146 3676 1
7146 5584 1
7146 6838 1
7146 6921 1
7147 1166 1
7147 2093 1
7147 4497 1
7147 4998 1
7147 5123 1
7147 5354 1
7147 5718 1
7147 6569 1
7148 1000 1
7148 2738 1
7148 3485 1
7148 3697 1
7148 3744 1
7148 4090 1
7148 4155 1
7149 558 1
7149 642 1
7149 1882 1
7149 2428 1
7149 5893 1
7149 6034 1
7149 6300 1
7150 371 1
7150 1665 1
7150 2509 1
7150 2784 1
7151 1059 1
7151 1371 1
7151 1434 1
7151 3163 1
7151 3536 1
7152 18 1
7152 157 1
7152 926 1
7152 1653 1
7152 2705 1
7152 4418 1
7152 4502 1
7152 5683 1
7153 169 1
7153 965 1
7153 1031 1
7153 1254 1
7153 1261 1
7153 1391 1
7153 1592 1
7153 1665 1
7153 3203 1
7153 4388 1
7153 4780 1
7153 5126 1
7153 5488 1
7153 6457 1
7153 6897 1
7154 777 1
7154 1160 1
7154 2243 1
7154 3317 1
7154 3355 1
7154 4898 1
7154 5009 1
7154 5932 1
7154 6228 1
7154 6415 1
7155 3088 1
7155 5068 1
7156 25 1
7156 193 1
7156 326 1
7156 466 1
7156 482 1
7156 571 1
7156 663 1
7156 835 1
7156 1378 1
7156 1428 1
7156 2386 1
7156 2412 1
7156 2933 1
7156 3112 1
7156 3380 1
7156 3450 1
7156 3482 1
7156 4129 1
7156 4439 1
7156 5225 1
7156 5655 1
7156 6040 1
7156 6721 1
7157 12 1
7157 677 1
7157 1771 1
7157 1958 1
7157 1967 1
7157 4483 1
7157 5384 1
7157 6190 1
7157 6378 1
7157 6780 1
7159 372 1
7159 1775 1
7159 1804 1
7159 1939 1
7159 2114 1
7159 2349 1
7159 2474 1
7159 3003 1
7159 4193 1
7159 4576 1
7159 4636 1
7159 4827 1
7159 6352 1
7160 17 1
7160 157 1
7160 882 1
7160 1165 1
7160 1653 1
7160 2011 1
7160 2141 1
7160 2564 1
7160 3405 1
7160 3480 1
7160 3525 1
7160 3885 1
7160 5233 1
7160 5683 1
7160 5767 1
7160 5828 1
7160 5920 1
7160 6219 1
7160 6592 1
7160 7019 1
7160 7152 1
7161 223 1
7161 4576 1
7161 6713 1
7161 6742 1
7162 1971 1
7162 3009 1
7162 3806 1
7162 3979 1
7162 4014 1
7162 4552 1
7162 4811 1
7162 5905 1
7162 6166 1
7162 6617 1
7162 7002 1
7162 7014 1
7163 725 1
7163 3184 1
7163 3258 1
7163 3665 1
7163 3786 1
7163 3912 1
7163 4152 1
7164 2442 1
7164 4259 1
7164 6247 1
7165 764 1
7165 800 1
7165 2904 1
7165 4080 1
7165 5786 1
7165 6412 1
7165 7053 1
7166 558 1
7166 1665 1
7166 2509 1
7166 2654 1
7166 4231 1
7166 5535 1
7166 6911 1
7167 196 1
7167 342 1
7167 1175 1
7167 1916 1
7167 2057 1
7167 2597 1
7167 4767 1
7167 5039 1
7167 5299 1
7168 3035 1
7168 3412 1
7168 4224 1
7168 4987 1
7169 330 1
7169 663 1
7169 738 1
7169 1209 1
7169 2261 1
7169 2386 1
7169 2469 1
7169 3630 1
7169 4802 1
7169 4824 1
7169 5457 1
7169 5559 1
7169 6401 1
7170 4270 1
7170 5147 1
7170 5181 1
7170 6405 1
7171 4184 1
7171 4777 1
7171 4975 1
7171 5263 1
7171 5336 1
7171 5672 1
7171 6778 1
7172 4438 1
7172 6654 1
7173 848 1
7173 1277 1
7173 1521 1
7173 3595 1
7173 4365 1
7173 4401 1
7173 4913 1
7173 6146 1
7173 6537 1
7173 6965 1
7173 7084 1
7174 791 1
7174 832 1
7174 1916 1
7174 3689 1
7175 2046 1
7175 2882 1
7175 3465 1
7175 6298 1
7176 1495 1
7176 1519 1
7176 1663 1
7176 2105 1
7176 2511 1
7176 3473 1
7176 3804 1
7176 3985 1
7176 5793 1
7176 5896 1
7176 5927 1
7176 5977 1
7176 6954 1
7176 7049 1
7177 25 1
7177 476 1
7177 1038 1
7177 2386 1
7177 2706 1
7177 3493 1
7177 3701 1
7177 4162 1
7177 4506 1
7177 4507 1
7177 4530 1
7177 4630 1
7177 4699 1
7177 4870 1
7177 5364 1
7177 5410 1
7177 5660 1
7177 5708 1
7177 5773 1
7177 5867 1
7177 5878 1
7177 5966 1
7177 6087 1
7177 6180 1
7177 6622 1
7177 6673 1
7177 6681 1
7177 6894 1
7177 6936 1
7177 6947 1
7178 468 1
7178 2619 1
7178 2928 1
7178 6911 1
7179 1189 1
7180 681 1
7180 4400 1
7180 4768 1
7180 6350 1
7181 3621 1
7181 4697 1
7181 5358 1
7181 5585 1
7181 6099 1
7181 6102 1
7182 1185 1
7182 6325 1
7182 6727 1
7183 4027 1
7183 4158 1
7183 4772 1
7183 4901 1
7183 4981 1
7183 5013 1
7183 5162 1
7183 5740 1
7183 6019 1
7183 6101 1
7183 6364 1
7183 6391 1
7183 6426 1
7183 6515 1
7183 6782 1
7183 6901 1
7183 7075 1
7183 7081 1
7184 2526 1
7184 4404 1
7184 5031 1
7184 5525 1
7184 6187 1
7185 1209 1
7185 4079 1
7185 4469 1
7185 6401 1
7185 6428 1
7186 180 1
7186 1038 1
7186 3024 1
7186 3698 1
7186 4277 1
7186 6703 1
7187 160 1
7187 314 1
7187 2192 1
7187 2635 1
7187 3211 1
7187 4075 1
7187 4171 1
7187 4637 1
7187 5517 1
7188 4175 1
7188 6935 1
7189 433 1
7189 2143 1
7189 3629 1
7189 3666 1
7189 3952 1
7189 5398 1
7189 5777 1
7189 6926 1
7189 7116 1
7190 153 1
7190 174 1
7190 713 1
7190 1657 1
7190 1767 1
7190 2894 1
7190 3789 1
7190 5533 1
7190 5994 1
7190 6036 1
7191 4179 1
7191 5220 1
7191 5642 1
7191 6112 1
7191 6677 1
7192 372 1
7192 551 1
7192 748 1
7192 1736 1
7192 1750 1
7192 1775 1
7192 1939 1
7192 2220 1
7192 2349 1
7192 2406 1
7192 2608 1
7192 2833 1
7192 2990 1
7192 3003 1
7192 3954 1
7192 4193 1
7192 4811 1
7192 4899 1
7192 4965 1
7192 5349 1
7192 5740 1
7192 5770 1
7192 6458 1
7192 6926 1
7192 7159 1
7193 276 1
7193 278 1
7193 1491 1
7193 1565 1
7193 1651 1
7193 1800 1
7193 2375 1
7193 2545 1
7193 6586 1
7193 6675 1
7193 6755 1
7194 50 1
7194 1816 1
7194 2183 1
7194 3735 1
7194 3937 1
7194 4330 1
7194 5488 1
7194 5657 1
7194 5810 1
7194 6854 1
7194 6918 1
7195 5219 1
7196 6446 1
7197 1609 1
7197 2734 1
7197 5457 1
7197 5879 1
7197 7042 1
7198 455 1
7198 1038 1
7198 1121 1
7198 1298 1
7198 1645 1
7198 2095 1
7198 3388 1
7198 5238 1
7198 5863 1
7198 5867 1
7198 5913 1
7198 5927 1
7198 6616 1
7198 6630 1
7198 6681 1
7198 6828 1
7198 6936 1
7199 2237 1
7199 5957 1
7199 6861 1
7199 7003 1
7200 849 1
7200 4189 1
7200 4539 1
7200 5387 1
7200 5434 1
7200 5919 1
7200 6961 1
7201 648 1
7201 1748 1
7201 1889 1
7201 1952 1
7201 2171 1
7201 2695 1
7201 3571 1
7201 3606 1
7201 4226 1
7201 4896 1
7201 5125 1
7201 5583 1
7201 6019 1
7201 6192 1
7201 6810 1
7201 6928 1
7202 445 1
7202 4844 1
7202 5329 1
7203 4121 1
7203 5634 1
7203 6001 1
7203 6089 1
7204 2945 1
7204 2954 1
7204 2998 1
7204 3806 1
7205 2014 1
7205 3110 1
7205 5618 1
7205 7142 1
7206 1147 1
7206 2786 1
7206 3880 1
7207 4429 1
7208 78 1
7208 5163 1
7208 5630 1
7208 6474 1
7209 3728 1
7210 3441 1
7211 4224 1
7211 5388 1
7211 6967 1
7211 6988 1
7212 0 1
7212 1136 1
7212 2351 1
7212 2423 1
7212 2885 1
7212 4765 1
7212 5974 1
7212 6297 1
7212 6789 1
7212 6987 1
7213 1534 1
7213 4468 1
7213 4801 1
7213 5790 1
7214 794 1
7214 1542 1
7214 7114 1
7215 586 1
7215 1000 1
7215 1346 1
7215 2090 1
7215 2285 1
7215 2988 1
7215 3867 1
7215 5067 1
7215 6795 1
7215 6815 1
7216 709 1
7216 1422 1
7216 1445 1
7216 1900 1
7216 2092 1
7216 2364 1
7216 3151 1
7216 3564 1
7216 3774 1
7216 3885 1
7216 4398 1
7216 4421 1
7216 4818 1
7216 4877 1
7216 5247 1
7216 5319 1
7216 5714 1
7216 5872 1
7216 5883 1
7216 5899 1
7216 6696 1
7216 6937 1
7216 6985 1
7216 7119 1
7217 3368 1
7217 6453 1
7218 132 1
7218 252 1
7218 330 1
7218 738 1
7218 802 1
7218 866 1
7218 1014 1
7218 1209 1
7218 1782 1
7218 1969 1
7218 2105 1
7218 2360 1
7218 2469 1
7218 2479 1
7218 3140 1
7218 3545 1
7218 3555 1
7218 3669 1
7218 3789 1
7218 4305 1
7218 5994 1
7218 6278 1
7218 6401 1
7218 6431 1
7218 6800 1
7218 7025 1
7218 7049 1
7218 7139 1
7219 1894 1
7219 3458 1
7219 3885 1
7219 4378 1
7219 4605 1
7219 4816 1
7219 4984 1
7219 5233 1
7219 5345 1
7219 6113 1
7220 5425 1
7220 5489 1
7221 25 1
7221 197 1
7221 712 1
7221 2551 1
7221 2706 1
7221 2980 1
7221 3985 1
7221 4248 1
7221 4344 1
7221 4355 1
7221 4357 1
7221 4450 1
7221 4507 1
7221 4870 1
7221 4940 1
7221 5691 1
7221 5867 1
7221 6328 1
7221 6398 1
7222 2256 1
7222 3019 1
7222 5341 1
7222 5893 1
7222 5957 1
7222 6300 1
7222 6377 1
7222 6911 1
7222 7149 1
7223 566 1
7223 835 1
7223 2105 1
7223 2989 1
7223 3450 1
7223 3584 1
7223 4517 1
7223 7049 1
7223 7156 1
7224 546 1
7224 882 1
7224 2690 1
7224 3441 1
7224 3623 1
7224 3836 1
7224 4372 1
7224 4877 1
7224 4943 1
7224 5817 1
7225 1297 1
7225 4424 1
7226 936 1
7226 1552 1
7226 2368 1
7226 3650 1
7226 3747 1
7226 5496 1
7226 5582 1
7227 2175 1
7227 6317 1
7228 1013 1
7228 1572 1
7228 1710 1
7228 3437 1
7228 4162 1
7228 5690 1
7228 6627 1
7228 6645 1
7228 7006 1
7228 7177 1
7229 487 1
7229 598 1
7229 1576 1
7229 2035 1
7229 2138 1
7229 3551 1
7229 3626 1
7229 3876 1
7229 6584 1
7230 310 1
7230 2426 1
7230 2704 1
7230 4142 1
7230 5766 1
7231 224 1
7231 1150 1
7231 2428 1
7231 2961 1
7231 4503 1
7231 4773 1
7231 6911 1
7231 7149 1
7232 238 1
7232 1626 1
7233 4171 1
7233 6573 1
7233 6926 1
7234 501 1
7234 697 1
7234 1974 1
7234 2950 1
7234 3114 1
7234 3724 1
7234 4337 1
7234 6329 1
7234 6509 1
7236 663 1
7236 1790 1
7236 2734 1
7236 6616 1
7237 455 1
7237 1038 1
7237 2880 1
7237 2966 1
7237 3380 1
7237 4513 1
7237 5655 1
7237 5809 1
7238 93 1
7238 123 1
7238 922 1
7238 1037 1
7238 1338 1
7238 1732 1
7238 2036 1
7238 2423 1
7238 2434 1
7238 3421 1
7238 3625 1
7238 4035 1
7238 4119 1
7238 4263 1
7238 4463 1
7238 5447 1
7238 5730 1
7239 3806 1
7239 4811 1
7239 5650 1
7240 850 1
7240 2315 1
7240 2414 1
7240 3306 1
7240 4134 1
7240 5696 1
7240 6678 1
7241 224 1
7241 1107 1
7241 3200 1
7241 4159 1
7241 4389 1
7241 6640 1
7242 4461 1
7242 6236 1
7243 227 1
7243 927 1
7243 3296 1
7243 3407 1
7243 4173 1
7243 5090 1
7243 5352 1
7244 702 1
7244 2779 1
7244 3747 1
7245 1712 1
7245 6583 1
7246 67 1
7246 805 1
7246 2042 1
7246 2283 1
7246 4340 1
7246 5156 1
7246 6274 1
7246 6384 1
7247 2946 1
7247 3663 1
7247 4087 1
7247 4120 1
7247 4169 1
7247 4896 1
7247 5409 1
7247 5780 1
7248 2931 1
7248 3166 1
7248 3723 1
7248 4224 1
7248 4584 1
7248 4847 1
7248 6053 1
7248 6556 1
7248 6773 1
7249 160 1
7249 2492 1
7249 2835 1
7249 3096 1
7249 3143 1
7249 4311 1
7249 4424 1
7249 7225 1
7250 725 1
7250 810 1
7250 2609 1
7250 3258 1
7250 4012 1
7250 4590 1
7250 6396 1
7250 7163 1
7251 694 1
7251 1008 1
7251 1894 1
7251 2144 1
7251 2666 1
7251 3064 1
7251 3223 1
7251 3558 1
7251 3909 1
7251 4023 1
7251 4322 1
7251 4378 1
7251 4418 1
7251 4456 1
7251 4613 1
7251 4984 1
7251 5569 1
7251 5673 1
7251 6597 1
7252 4113 1
7252 4452 1
7252 4529 1
7252 5232 1
7252 5614 1
7252 6329 1
7252 6876 1
7254 737 1
7254 2425 1
7254 5083 1
7255 860 1
7255 876 1
7255 3452 1
7255 6858 1
7256 1319 1
7256 4931 1
7256 5579 1
7257 141 1
7257 345 1
7257 901 1
7257 1292 1
7257 1565 1
7257 2375 1
7257 4818 1
7257 5111 1
7257 5314 1
7257 5714 1
7257 6534 1
7257 6675 1
7257 6696 1
7258 2331 1
7258 3545 1
7258 3584 1
7258 3779 1
7258 4242 1
7258 5721 1
7258 6776 1
7259 7125 1
7260 2557 1
7260 2564 1
7261 176 1
7261 1427 1
7261 1653 1
7261 1714 1
7261 2332 1
7261 2353 1
7261 4081 1
7261 4378 1
7261 5161 1
7261 6597 1
7261 6820 1
7262 3677 1
7262 5417 1
7262 7096 1
7263 660 1
7263 1736 1
7263 2938 1
7263 3806 1
7263 4811 1
7263 6487 1
7263 6998 1
7263 7002 1
7264 1049 1
7264 1136 1
7264 1544 1
7264 1729 1
7264 1798 1
7264 1814 1
7264 2090 1
7264 2093 1
7264 2204 1
7264 2630 1
7264 2837 1
7264 4286 1
7264 4482 1
7264 4812 1
7264 5441 1
7264 6086 1
7264 6329 1
7265 4639 1
7265 4744 1
7265 6453 1
7266 1778 1
7266 3529 1
7266 4628 1
7266 4651 1
7266 6844 1
7266 6935 1
7266 7188 1
7267 2304 1
7267 3271 1
7267 3333 1
7267 4615 1
7267 4632 1
7267 4856 1
7267 5068 1
7267 5231 1
7268 1736 1
7268 1939 1
7268 3806 1
7268 4757 1
7268 4811 1
7268 6116 1
7269 25 1
7269 455 1
7269 476 1
7269 746 1
7269 1038 1
7269 1794 1
7269 3985 1
7269 4450 1
7269 4507 1
7269 5655 1
7269 5809 1
7269 5867 1
7269 7177 1
7269 7221 1
7269 7237 1
7270 250 1
7270 311 1
7270 412 1
7270 823 1
7270 830 1
7270 4770 1
7271 648 1
7271 954 1
7271 1395 1
7271 3022 1
7271 3414 1
7271 4214 1
7271 5286 1
7272 29 1
7272 3282 1
7273 113 1
7273 697 1
7273 900 1
7273 1356 1
7273 2282 1
7273 3863 1
7273 4201 1
7274 702 1
7274 860 1
7274 1278 1
7274 2190 1
7274 2886 1
7274 2903 1
7274 3381 1
7274 6400 1
7275 1000 1
7275 1224 1
7275 2470 1
7275 2623 1
7276 604 1
7276 4327 1
7277 2075 1
7277 2302 1
7277 2765 1
7277 2853 1
7277 6006 1
7278 838 1
7278 1259 1
7278 2265 1
7278 4133 1
7278 7080 1
7279 1083 1
7279 1184 1
7279 1384 1
7279 2887 1
7279 6016 1
7280 497 1
7280 1374 1
7280 1736 1
7280 2433 1
7280 3016 1
7280 3366 1
7280 5510 1
7280 6413 1
7280 6848 1
7280 7104 1
7281 2134 1
7281 2591 1
7281 2961 1
7281 3071 1
7281 5020 1
7281 5723 1
7281 6561 1
7282 25 1
7282 4116 1
7282 4200 1
7282 4261 1
7282 4544 1
7282 5315 1
7282 5575 1
7282 5815 1
7282 6328 1
7283 1967 1
7283 2046 1
7283 2881 1
7283 5329 1
7283 7050 1
7284 653 1
7284 1137 1
7284 1302 1
7284 1856 1
7284 2005 1
7284 2070 1
7284 2380 1
7284 2394 1
7284 3812 1
7284 3999 1
7284 4385 1
7284 4516 1
7284 4656 1
7284 4691 1
7284 6320 1
7284 6392 1
7285 1939 1
7285 3422 1
7285 4628 1
7285 5665 1
7285 5770 1
7285 6791 1
7286 5411 1
7287 256 1
7287 2488 1
7287 2682 1
7287 3120 1
7287 3554 1
7287 4982 1
7287 6338 1
7287 6639 1
7288 4763 1
7288 6477 1
7289 4010 1
7289 5077 1
7290 29 1
7290 95 1
7290 492 1
7290 890 1
7290 949 1
7290 1292 1
7290 1962 1
7290 3807 1
7290 4099 1
7290 5016 1
7290 5314 1
7290 6110 1
7290 7127 1
7291 93 1
7291 123 1
7291 922 1
7291 1037 1
7291 1338 1
7291 1364 1
7291 1444 1
7291 1681 1
7291 1732 1
7291 2036 1
7291 2423 1
7291 2434 1
7291 3421 1
7291 3625 1
7291 3676 1
7291 4035 1
7291 4119 1
7291 4263 1
7291 5730 1
7291 7238 1
7292 4542 1
7292 5962 1
7293 1556 1
7293 6276 1
7293 6780 1
7294 1754 1
7294 5904 1
7295 5084 1
7295 7046 1
7296 416 1
7296 791 1
7296 3689 1
7296 5288 1
7296 6466 1
7297 1244 1
7297 3351 1
7297 5888 1
7298 1462 1
7298 4117 1
7298 5710 1
7298 5936 1
7299 335 1
7299 592 1
7299 1498 1
7299 3923 1
7299 4281 1
7300 249 1
7300 508 1
7300 725 1
7300 1567 1
7300 1695 1
7300 1744 1
7300 2165 1
7300 2285 1
7300 2849 1
7300 3509 1
7300 3786 1
7300 3912 1
7300 4317 1
7300 4349 1
7300 4865 1
7300 4875 1
7300 4909 1
7300 5273 1
7300 5286 1
7300 5459 1
7300 5702 1
7300 5705 1
7300 6875 1
7300 7029 1
7300 7110 1
7300 7131 1
7301 307 1
7301 1250 1
7301 2981 1
7301 3917 1
7301 4942 1
7301 5432 1
7302 4288 1
7302 7097 1
7303 142 1
7303 970 1
7303 3200 1
7303 3399 1
7303 4276 1
7303 5971 1
7304 500 1
7304 1667 1
7304 2738 1
7304 3008 1
7304 3528 1
7304 4309 1
7304 5998 1
7304 6757 1
7304 6876 1
7305 690 1
7305 4774 1
7306 663 1
7306 667 1
7306 2139 1
7306 2530 1
7306 2838 1
7306 5999 1
7306 6059 1
7306 6077 1
7306 6894 1
7306 7177 1
7307 5976 1
7308 996 1
7308 4647 1
7308 4863 1
7308 5211 1
7309 2273 1
7309 6180 1
7309 6800 1
7310 5045 1
7311 1376 1
7311 1647 1
7311 1957 1
7311 2927 1
7311 5404 1
7312 97 1
7312 646 1
7312 717 1
7313 42 1
7313 245 1
7313 356 1
7313 710 1
7313 736 1
7313 1733 1
7313 2367 1
7313 2659 1
7314 1612 1
7314 1833 1
7314 1913 1
7314 2587 1
7314 2828 1
7315 299 1
7315 372 1
7315 658 1
7315 787 1
7315 1320 1
7315 1388 1
7315 1775 1
7315 1939 1
7315 1973 1
7315 2294 1
7315 2349 1
7315 2415 1
7315 2585 1
7315 3003 1
7315 3231 1
7315 3426 1
7315 3459 1
7315 4193 1
7315 4827 1
7315 4833 1
7315 4899 1
7315 4982 1
7315 5115 1
7315 5309 1
7315 5770 1
7315 5804 1
7315 5812 1
7315 6472 1
7315 6634 1
7315 6975 1
7315 7159 1
7315 7192 1
7316 655 1
7316 3775 1
7316 6115 1
7317 2096 1
7317 2175 1
7317 3420 1
7317 4888 1
7317 4979 1
7317 5833 1
7318 3955 1
7318 4212 1
7318 4232 1
7319 2616 1
7319 3827 1
7319 3922 1
7319 5597 1
7320 1182 1
7321 3192 1
7321 5413 1
7322 1933 1
7322 2426 1
7322 5856 1
7322 5872 1
7323 3615 1
7323 4529 1
7323 4901 1
7323 5321 1
7323 5740 1
7323 5972 1
7323 6019 1
7323 6101 1
7323 7137 1
7323 7183 1
7324 461 1
7324 871 1
7324 1116 1
7324 1519 1
7324 1885 1
7324 2076 1
7324 2479 1
7324 2930 1
7324 4614 1
7324 4638 1
7324 4730 1
7324 5588 1
7324 6180 1
7325 141 1
7325 207 1
7325 502 1
7325 2658 1
7325 5216 1
7325 5304 1
7325 6675 1
7326 4017 1
7326 5324 1
7327 6619 1
7328 1210 1
7328 4267 1
7328 7098 1
7329 1306 1
7329 3780 1
7329 4868 1
7330 1847 1
7330 3256 1
7330 5692 1
7331 1801 1
7331 2854 1
7332 306 1
7332 381 1
7332 434 1
7332 664 1
7332 675 1
7332 897 1
7332 1160 1
7332 1231 1
7332 1278 1
7332 1655 1
7332 1801 1
7332 1849 1
7332 1916 1
7332 2347 1
7332 2428 1
7332 2752 1
7332 2804 1
7332 3059 1
7332 3308 1
7332 3697 1
7332 3765 1
7332 4290 1
7332 4389 1
7332 4723 1
7332 4973 1
7332 5524 1
7332 5692 1
7332 6028 1
7332 6615 1
7332 6860 1
7333 126 1
7333 1150 1
7333 1316 1
7333 1753 1
7333 1756 1
7333 1949 1
7333 2116 1
7333 2537 1
7333 4299 1
7333 5523 1
7333 6179 1
7333 6318 1
7333 6368 1
7333 7057 1
7334 954 1
7334 1083 1
7334 1184 1
7334 3233 1
7334 3910 1
7334 4504 1
7334 6946 1
7335 3711 1
7335 6266 1
7336 5284 1
7336 6254 1
7336 7033 1
7337 4546 1
7337 6149 1
7338 443 1
7338 1423 1
7338 1685 1
7338 2206 1
7338 3481 1
7338 6038 1
7338 6913 1
7339 955 1
7339 7310 1
7340 4085 1
7341 1699 1
7341 1927 1
7341 4620 1
7341 5463 1
7342 4763 1
7342 6841 1
7343 488 1
7343 2819 1
7343 3873 1
7343 4704 1
7343 6635 1
7344 2035 1
7344 3626 1
7345 572 1
7346 3839 1
7346 3890 1
7347 4108 1
7347 5235 1
7347 5612 1
7348 4539 1
7348 4900 1
7348 5467 1
7349 168 1
7349 261 1
7349 500 1
7349 879 1
7349 1115 1
7349 1160 1
7349 1358 1
7349 1451 1
7349 2074 1
7349 2080 1
7349 2154 1
7349 2408 1
7349 2499 1
7349 2577 1
7349 3308 1
7349 3400 1
7349 3556 1
7349 3697 1
7349 3714 1
7349 4066 1
7349 4152 1
7349 4209 1
7349 4389 1
7349 4555 1
7349 4918 1
7349 5118 1
7349 5273 1
7349 5383 1
7349 5446 1
7349 6046 1
7349 6284 1
7349 6339 1
7349 6581 1
7349 6751 1
7349 7022 1
7349 7129 1
7349 7300 1
7349 7332 1
7350 50 1
7350 1253 1
7350 1665 1
7350 3108 1
7350 3553 1
7350 3737 1
7350 5497 1
7350 6918 1
7351 781 1
7351 3456 1
7351 4051 1
7351 4829 1
7351 5622 1
7351 6320 1
7351 6722 1
7351 6734 1
7351 6939 1
7352 1314 1
7352 5076 1
7353 4141 1
7354 70 1
7354 1463 1
7354 1587 1
7354 4502 1
7355 5220 1
7355 6087 1
7355 7191 1
7356 321 1
7356 1731 1
7356 2367 1
7356 4183 1
7356 5488 1
7356 5526 1
7356 5631 1
7356 5861 1
7356 7194 1
7356 7243 1
7357 166 1
7357 3550 1
7358 122 1
7358 1454 1
7358 2124 1
7358 2948 1
7358 3618 1
7359 563 1
7359 919 1
7359 1119 1
7359 3269 1
7359 4081 1
7359 5677 1
7359 5817 1
7359 6434 1
7360 16 1
7360 384 1
7360 876 1
7360 2903 1
7360 3317 1
7360 3413 1
7360 3452 1
7360 4236 1
7361 278 1
7361 901 1
7361 1157 1
7361 1565 1
7361 2375 1
7361 2893 1
7361 4512 1
7361 5714 1
7361 6282 1
7361 6579 1
7361 6586 1
7361 6675 1
7361 6687 1
7361 6820 1
7361 7127 1
7361 7193 1
7361 7257 1
7362 81 1
7362 801 1
7362 1166 1
7362 1807 1
7362 2749 1
7362 3439 1
7362 3486 1
7362 3723 1
7362 3847 1
7362 3867 1
7362 3900 1
7362 4224 1
7362 4582 1
7362 4584 1
7362 4847 1
7362 6745 1
7362 6967 1
7362 7059 1
7362 7248 1
7363 2045 1
7363 2080 1
7363 3206 1
7363 3356 1
7363 3400 1
7363 4918 1
7363 5670 1
7363 6370 1
7363 6390 1
7363 6840 1
7364 17 1
7364 1809 1
7364 2243 1
7364 5932 1
7364 6415 1
7364 7154 1
7365 1580 1
7365 3465 1
7365 3599 1
7365 3969 1
7365 4343 1
7365 4395 1
7365 5937 1
7365 6537 1
7365 6997 1
7366 5097 1
7366 6504 1
7366 6808 1
7367 75 1
7367 671 1
7367 883 1
7367 1019 1
7367 1171 1
7367 1746 1
7367 5579 1
7367 6386 1
7367 6759 1
7368 2835 1
7368 4000 1
7368 4311 1
7368 4650 1
7368 5552 1
7368 5617 1
7368 6616 1
7369 473 1
7369 1112 1
7369 3498 1
7369 3880 1
7369 4481 1
7369 4748 1
7369 5011 1
7369 5801 1
7369 7206 1
7370 604 1
7370 4327 1
7370 6078 1
7370 7276 1
7371 2423 1
7371 3037 1
7371 4810 1
7371 5292 1
7372 697 1
7372 4766 1
7372 5710 1
7373 954 1
7373 1852 1
7373 7334 1
7374 670 1
7374 2169 1
7374 3883 1
7374 5281 1
7375 589 1
7375 3967 1
7375 4137 1
7376 1119 1
7376 1894 1
7376 3075 1
7376 3680 1
7376 5299 1
7376 6534 1
7377 1177 1
7377 1929 1
7377 2160 1
7377 2324 1
7377 5205 1
7378 176 1
7378 323 1
7378 882 1
7378 1129 1
7378 1227 1
7378 1588 1
7378 2329 1
7378 2364 1
7378 2382 1
7378 2994 1
7378 3070 1
7378 3693 1
7378 3774 1
7378 3885 1
7378 3935 1
7378 4421 1
7378 4512 1
7378 4558 1
7378 4816 1
7378 4894 1
7378 5403 1
7378 5545 1
7378 5817 1
7378 5979 1
7378 6219 1
7379 767 1
7379 923 1
7379 1079 1
7379 1827 1
7379 2946 1
7379 3454 1
7379 3676 1
7379 3794 1
7379 3802 1
7379 4849 1
7379 5419 1
7379 6609 1
7380 88 1
7380 520 1
7380 2587 1
7380 3234 1
7380 3511 1
7380 3711 1
7380 4258 1
7380 7314 1
7380 7335 1
7381 555 1
7381 808 1
7381 918 1
7381 1678 1
7381 2154 1
7381 2456 1
7381 3556 1
7381 3697 1
7381 4351 1
7381 4389 1
7381 4549 1
7381 5118 1
7381 6370 1
7381 7349 1
7382 64 1
7382 1635 1
7382 1781 1
7382 6128 1
7382 6906 1
7383 307 1
7383 658 1
7383 787 1
7383 1150 1
7383 1973 1
7383 2294 1
7383 2554 1
7383 5281 1
7383 5770 1
7383 5792 1
7383 5812 1
7383 7315 1
7384 3806 1
7384 4811 1
7384 5356 1
7384 7002 1
7384 7014 1
7384 7162 1
7385 229 1
7385 330 1
7385 543 1
7385 1326 1
7385 2035 1
7385 2479 1
7385 2964 1
7385 3329 1
7385 3551 1
7385 3626 1
7385 4167 1
7385 6155 1
7385 7107 1
7385 7229 1
7385 7344 1
7386 62 1
7386 2367 1
7386 3271 1
7386 4365 1
7386 7173 1
7386 7267 1
7387 5879 1
7387 6940 1
7388 5165 1
7388 5901 1
7388 6066 1
7388 7120 1
7389 1652 1
7389 4826 1
7389 5049 1
7389 5710 1
7390 775 1
7390 1078 1
7390 2709 1
7390 3238 1
7390 4470 1
7390 6005 1
7390 6125 1
7390 6454 1
7391 5434 1
7392 4010 1
7392 4492 1
7392 4856 1
7393 3033 1
7393 4339 1
7393 6077 1
7394 323 1
7394 792 1
7394 1165 1
7394 1262 1
7394 2670 1
7394 3680 1
7394 4943 1
7394 4947 1
7394 6534 1
7394 7069 1
7394 7160 1
7394 7376 1
7395 35 1
7395 617 1
7395 1272 1
7395 2064 1
7395 2271 1
7395 2481 1
7395 3326 1
7395 3734 1
7395 4206 1
7395 4714 1
7395 5229 1
7396 2068 1
7396 2319 1
7396 3362 1
7396 3504 1
7396 5040 1
7396 5864 1
7396 6302 1
7396 6542 1
7397 136 1
7397 1937 1
7397 2557 1
7397 3658 1
7397 4315 1
7397 6535 1
7398 1576 1
7398 2138 1
7398 7229 1
7399 993 1
7399 4429 1
7399 4916 1
7399 5757 1
7399 6239 1
7400 5476 1
7400 5783 1
7401 831 1
7401 1006 1
7401 1861 1
7401 1873 1
7401 1897 1
7401 1903 1
7401 2056 1
7401 2763 1
7401 3268 1
7401 5146 1
7401 6196 1
7401 6852 1
7402 3740 1
7402 3971 1
7402 4006 1
7402 4218 1
7402 5385 1
7402 5542 1
7402 6077 1
7402 6316 1
7403 1748 1
7403 2951 1
7403 3606 1
7403 4095 1
7403 4743 1
7403 5749 1
7403 5874 1
7403 6981 1
7403 7201 1
7404 50 1
7404 6148 1
7405 5955 1
7405 6083 1
7405 7335 1
7406 2178 1
7406 4079 1
7406 4893 1
7406 6757 1
7407 566 1
7407 782 1
7407 3267 1
7407 3277 1
7407 5272 1
7407 5684 1
7407 5977 1
7407 6139 1
7407 6804 1
7407 7176 1
7408 994 1
7408 3435 1
7408 3933 1
7408 4549 1
7408 5621 1
7408 5971 1
7408 6412 1
7409 2423 1
7410 2807 1
7410 3238 1
7410 3730 1
7410 5691 1
7411 1201 1
7411 1205 1
7411 1955 1
7411 2561 1
7411 2968 1
7411 3490 1
7411 4149 1
7411 4434 1
7411 6928 1
7412 6017 1
7412 7154 1
7412 7294 1
7413 91 1
7413 203 1
7413 1189 1
7414 5271 1
7415 4230 1
7415 5718 1
7416 928 1
7416 1416 1
7416 3255 1
7416 3737 1
7416 4700 1
7416 5661 1
7416 5849 1
7416 5908 1
7416 6911 1
7417 132 1
7417 566 1
7417 1474 1
7417 2105 1
7417 2401 1
7417 2479 1
7417 2989 1
7417 3330 1
7417 3360 1
7417 3584 1
7417 4104 1
7417 4689 1
7417 5568 1
7417 6290 1
7417 6320 1
7417 7049 1
7417 7223 1
7418 1087 1
7418 3750 1
7419 358 1
7419 4922 1
7419 5814 1
7420 661 1
7420 3305 1
7420 3582 1
7420 3825 1
7420 4853 1
7420 5874 1
7421 599 1
7421 717 1
7421 4734 1
7421 4840 1
7421 5129 1
7421 5232 1
7422 942 1
7422 7264 1
7423 4643 1
7423 5031 1
7424 497 1
7424 575 1
7424 1849 1
7424 2789 1
7424 3697 1
7425 684 1
7425 3165 1
7425 4982 1
7425 5366 1
7425 5507 1
7426 4296 1
7426 4326 1
7426 5057 1
7427 3368 1
7427 6453 1
7427 7217 1
7428 75 1
7428 148 1
7428 169 1
7428 402 1
7428 416 1
7428 460 1
7428 468 1
7428 602 1
7428 710 1
7428 898 1
7428 1031 1
7428 1113 1
7428 1325 1
7428 1368 1
7428 1524 1
7428 1530 1
7428 1600 1
7428 3382 1
7428 3735 1
7428 3737 1
7428 3870 1
7428 4044 1
7428 4665 1
7428 4950 1
7428 5191 1
7428 5288 1
7428 5392 1
7428 5464 1
7428 5623 1
7428 5985 1
7428 6374 1
7428 6759 1
7428 6948 1
7428 7084 1
7428 7296 1
7429 1736 1
7429 1820 1
7429 1932 1
7429 1955 1
7429 2526 1
7429 2868 1
7429 3806 1
7429 4404 1
7429 4811 1
7429 5946 1
7430 938 1
7431 307 1
7431 555 1
7431 680 1
7431 1448 1
7431 2172 1
7431 2572 1
7431 2778 1
7431 2915 1
7431 3185 1
7431 3843 1
7431 3917 1
7431 4076 1
7431 4121 1
7431 4246 1
7431 5432 1
7431 5436 1
7431 5578 1
7431 6053 1
7431 6149 1
7431 6558 1
7431 6863 1
7431 7035 1
7431 7100 1
7431 7248 1
7431 7301 1
7432 2372 1
7432 4406 1
7432 5504 1
7432 5671 1
7432 6727 1
7432 6897 1
7432 6952 1
7432 6989 1
7433 6565 1
7434 3088 1
7434 5551 1
7434 6507 1
7434 6956 1
7435 25 1
7435 197 1
7435 712 1
7435 2322 1
7435 2551 1
7435 3493 1
7435 4116 1
7435 4200 1
7435 4334 1
7435 4494 1
7435 4544 1
7435 4791 1
7435 4940 1
7435 5575 1
7435 5708 1
7435 5794 1
7435 5815 1
7435 5927 1
7435 5966 1
7435 6681 1
7435 6955 1
7435 7023 1
7435 7177 1
7435 7221 1
7435 7282 1
7436 171 1
7437 655 1
7437 6115 1
7437 7316 1
7438 326 1
7438 486 1
7438 1224 1
7438 1605 1
7438 2386 1
7438 2880 1
7438 4305 1
7438 4513 1
7438 5103 1
7438 5994 1
7438 6180 1
7439 4546 1
7439 6149 1
7439 7337 1
7440 399 1
7440 779 1
7440 782 1
7440 2773 1
7441 4245 1
7442 341 1
7442 4661 1
7442 5078 1
7443 1076 1
7443 3020 1
7443 5599 1
7443 5907 1
7443 6260 1
7443 6653 1
7443 6856 1
7443 6884 1
7443 6892 1
7444 1196 1
7444 4985 1
7444 6672 1
7445 4260 1
7445 4552 1
7446 3143 1
7446 3582 1
7446 4311 1
7446 5291 1
7447 642 1
7447 845 1
7447 3851 1
7447 3947 1
7447 5988 1
7447 7039 1
7448 212 1
7448 268 1
7448 368 1
7448 373 1
7448 514 1
7448 520 1
7448 751 1
7448 762 1
7448 865 1
7448 1413 1
7448 1612 1
7448 1701 1
7448 1833 1
7448 1913 1
7448 1947 1
7448 2109 1
7448 2122 1
7448 2321 1
7448 2587 1
7448 2828 1
7448 2875 1
7448 3563 1
7448 3838 1
7448 4928 1
7448 5822 1
7448 5837 1
7448 7314 1
7448 7380 1
7449 3493 1
7449 4116 1
7449 4200 1
7449 5660 1
7449 5927 1
7449 6079 1
7449 6681 1
7450 235 1
7450 1134 1
7450 1163 1
7451 4134 1
7451 5696 1
7451 6678 1
7451 7240 1
7452 260 1
7452 737 1
7452 2033 1
7452 2668 1
7452 2799 1
7452 3053 1
7452 3896 1
7452 4080 1
7452 4626 1
7452 4634 1
7452 4788 1
7452 4839 1
7453 5984 1
7453 7015 1
7454 1899 1
7454 2198 1
7454 3493 1
7454 3626 1
7454 4116 1
7454 4200 1
7454 5023 1
7454 5238 1
7454 5576 1
7454 5927 1
7454 6178 1
7454 6250 1
7454 6308 1
7454 6681 1
7454 6954 1
7454 6955 1
7454 7385 1
7454 7435 1
7455 1129 1
7455 1894 1
7455 2026 1
7455 2364 1
7455 3095 1
7455 4877 1
7455 5403 1
7455 5899 1
7455 7106 1
7456 3827 1
7456 3922 1
7456 7319 1
7457 35 1
7457 1272 1
7457 2064 1
7457 2481 1
7457 3326 1
7457 3734 1
7457 4430 1
7457 4714 1
7457 5468 1
7457 5811 1
7457 6575 1
7457 7395 1
7458 5410 1
7458 5878 1
7458 5977 1
7458 6139 1
7458 6468 1
7458 6681 1
7458 6940 1
7458 7128 1
7458 7387 1
7459 50 1
7459 208 1
7459 288 1
7459 533 1
7459 1002 1
7459 1325 1
7459 1522 1
7459 2183 1
7459 2372 1
7459 3072 1
7459 3735 1
7459 3839 1
7459 4127 1
7459 4207 1
7459 6481 1
7460 3038 1
7460 4260 1
7460 4511 1
7460 4552 1
7460 6470 1
7461 124 1
7461 3727 1
7462 280 1
7462 4629 1
7463 583 1
7463 1237 1
7463 3934 1
7463 6336 1
7464 725 1
7464 1567 1
7464 1744 1
7464 2165 1
7464 3786 1
7464 3912 1
7464 4875 1
7464 7300 1
7465 174 1
7465 1627 1
7465 1657 1
7465 1917 1
7465 2010 1
7465 4412 1
7466 64 1
7466 6206 1
7467 1714 1
7467 2353 1
7467 4816 1
7467 4984 1
7467 7261 1
7468 986 1
7468 1679 1
7468 2758 1
7468 3324 1
7468 6467 1
7469 1166 1
7469 1807 1
7469 2749 1
7469 3412 1
7469 3486 1
7469 3847 1
7469 4224 1
7469 4265 1
7469 4582 1
7469 4584 1
7469 6460 1
7469 6833 1
7469 7059 1
7469 7362 1
7470 4760 1
7470 6306 1
7471 2558 1
7471 2600 1
7471 5260 1
7471 6690 1
7472 293 1
7472 315 1
7472 1061 1
7472 1092 1
7472 1124 1
7472 1264 1
7472 1394 1
7472 2576 1
7472 3761 1
7472 5492 1
7472 5729 1
7472 6055 1
7473 2536 1
7473 3132 1
7473 4694 1
7473 6300 1
7474 261 1
7474 879 1
7474 906 1
7474 1784 1
7474 2272 1
7474 2280 1
7474 2363 1
7474 2961 1
7474 3311 1
7474 3516 1
7474 3583 1
7474 4140 1
7474 4988 1
7474 5099 1
7474 5193 1
7474 5607 1
7474 6103 1
7474 6408 1
7474 7004 1
7475 1496 1
7475 1581 1
7475 2072 1
7475 2150 1
7475 2218 1
7475 2814 1
7475 2929 1
7475 3010 1
7475 3051 1
7475 3144 1
7475 3768 1
7475 5326 1
7475 6036 1
7476 64 1
7476 1596 1
7476 1635 1
7476 1781 1
7476 5029 1
7476 5069 1
7476 6128 1
7476 6206 1
7476 6832 1
7476 6906 1
7476 7382 1
7476 7466 1
7477 131 1
7477 340 1
7477 361 1
7477 643 1
7477 954 1
7477 1311 1
7477 1911 1
7477 1974 1
7477 2400 1
7477 3089 1
7477 3110 1
7477 3950 1
7477 4117 1
7477 4240 1
7477 6241 1
7477 6509 1
7477 7080 1
7478 5271 1
7478 6003 1
7478 7414 1
7479 112 1
7479 927 1
7479 1112 1
7479 1425 1
7479 1524 1
7479 4108 1
7480 4981 1
7480 6391 1
7481 49 1
7481 1494 1
7481 3056 1
7481 4295 1
7481 4343 1
7481 6648 1
7482 37 1
7482 1311 1
7482 3534 1
7482 3828 1
7482 5544 1
7483 800 1
7483 875 1
7483 3571 1
7483 4480 1
7483 6984 1
7484 1357 1
7484 1715 1
7484 2579 1
7484 2597 1
7484 3526 1
7484 4975 1
7484 5310 1
7484 6420 1
7484 7101 1
7484 7171 1
7485 4749 1
7485 5217 1
7485 5623 1
7486 161 1
7486 661 1
7486 3517 1
7486 4279 1
7486 5129 1
7487 90 1
7487 1416 1
7487 1931 1
7487 3553 1
7487 3924 1
7487 5908 1
7487 6300 1
7487 6570 1
7487 6911 1
7488 1993 1
7488 4412 1
7488 5381 1
7488 7049 1
7489 515 1
7489 659 1
7489 1186 1
7489 1286 1
7489 1360 1
7489 4098 1
7489 4287 1
7489 5047 1
7489 5657 1
7489 6167 1
7490 1778 1
7490 3529 1
7490 4628 1
7490 4651 1
7490 6844 1
7490 7266 1
7491 282 1
7491 751 1
7491 776 1
7491 1842 1
7491 1989 1
7491 2441 1
7491 3396 1
7491 5813 1
7491 6484 1
7492 180 1
7492 383 1
7492 1038 1
7492 1473 1
7492 4795 1
7492 6031 1
7492 6148 1
7492 6703 1
7493 2087 1
7493 4220 1
7493 4607 1
7493 7305 1
7494 466 1
7494 1038 1
7494 5863 1
7494 5867 1
7494 7198 1
7495 2009 1
7495 3435 1
7495 3508 1
7495 4788 1
7495 5080 1
7495 5786 1
7496 3175 1
7497 20 1
7497 815 1
7497 897 1
7497 1108 1
7497 1223 1
7497 1594 1
7497 1626 1
7497 1690 1
7497 2191 1
7497 2889 1
7497 3659 1
7497 3765 1
7497 4336 1
7497 4973 1
7497 6253 1
7497 6358 1
7497 7005 1
7497 7232 1
7498 437 1
7498 2805 1
7498 3294 1
7498 5420 1
7499 167 1
7499 237 1
7499 569 1
7499 1090 1
7499 2215 1
7499 2729 1
7499 2845 1
7499 2876 1
7499 2939 1
7499 3175 1
7499 3650 1
7499 3708 1
7499 3754 1
7499 3834 1
7499 4414 1
7499 5327 1
7499 5347 1
7499 5519 1
7500 120 1
7500 655 1
7500 1727 1
7500 1910 1
7500 2339 1
7500 3457 1
7500 3477 1
7500 4484 1
7500 7058 1
7501 1292 1
7501 1747 1
7501 2375 1
7501 4777 1
7501 5247 1
7501 5263 1
7501 5314 1
7501 5336 1
7501 5872 1
7501 6586 1
7501 6675 1
7501 6696 1
7501 7171 1
7501 7257 1
7502 1609 1
7503 1096 1
7503 6331 1
7504 1853 1
7504 1936 1
7504 2252 1
7504 3238 1
7504 4926 1
7504 5221 1
7504 6826 1
7505 1804 1
7505 1818 1
7505 1862 1
7505 2405 1
7505 3654 1
7505 3895 1
7505 5175 1
7506 9 1
7506 434 1
7506 860 1
7506 1278 1
7506 1801 1
7506 2296 1
7506 2824 1
7506 3506 1
7506 3854 1
7506 4383 1
7506 4557 1
7507 5352 1
7507 5688 1
7507 6742 1
7508 560 1
7508 664 1
7508 700 1
7508 740 1
7508 871 1
7508 1046 1
7508 1054 1
7508 1332 1
7508 1476 1
7508 1544 1
7508 1658 1
7508 2730 1
7508 2797 1
7508 2943 1
7508 3002 1
7508 3677 1
7508 4030 1
7508 4110 1
7508 4122 1
7508 4277 1
7508 4412 1
7508 4768 1
7508 4860 1
7508 4954 1
7508 5316 1
7508 5547 1
7508 5679 1
7508 5737 1
7508 5857 1
7508 6039 1
7508 6199 1
7508 6245 1
7508 6348 1
7508 6361 1
7508 6762 1
7509 1714 1
7509 2141 1
7509 2364 1
7509 5939 1
7510 3674 1
7510 5674 1
7510 5783 1
7511 4170 1
7511 4642 1
7511 5534 1
7511 5628 1
7511 6115 1
7511 7067 1
7512 1715 1
7512 7484 1
7513 295 1
7513 538 1
7513 766 1
7513 1206 1
7513 2928 1
7513 3877 1
7513 4401 1
7513 6759 1
7514 1236 1
7514 1504 1
7514 4398 1
7514 6121 1
7514 6820 1
7514 7119 1
7515 742 1
7515 822 1
7515 1402 1
7515 2428 1
7515 3765 1
7515 4389 1
7515 5365 1
7515 5486 1
7515 7332 1
7516 472 1
7516 1873 1
7516 1897 1
7516 2056 1
7516 3268 1
7516 5584 1
7516 6196 1
7516 7401 1
7517 3234 1
7517 4258 1
7517 5326 1
7517 5664 1
7517 7475 1
7518 694 1
7518 1894 1
7518 3223 1
7518 4378 1
7518 4605 1
7518 4613 1
7518 4660 1
7518 4672 1
7518 4816 1
7518 4984 1
7518 5345 1
7518 7251 1
7519 25 1
7519 479 1
7519 663 1
7519 1924 1
7519 2706 1
7519 4275 1
7519 4403 1
7519 4544 1
7519 5027 1
7519 5575 1
7519 5809 1
7519 5867 1
7519 5966 1
7519 6213 1
7519 6328 1
7519 6673 1
7519 6750 1
7519 6869 1
7519 7177 1
7520 1959 1
7520 2423 1
7520 2730 1
7520 3195 1
7520 3200 1
7520 3386 1
7520 3571 1
7520 3865 1
7520 4307 1
7520 4393 1
7520 4428 1
7520 6039 1
7520 6713 1
7520 7004 1
7521 4693 1
7521 7040 1
7522 877 1
7522 1204 1
7522 1460 1
7522 2197 1
7522 4680 1
7522 4923 1
7522 5255 1
7522 5371 1
7522 5451 1
7522 6278 1
7522 6521 1
7522 6716 1
7522 7049 1
7523 3827 1
7523 4105 1
7523 4416 1
7523 5843 1
7523 6500 1
7523 6983 1
7524 6255 1
7525 1246 1
7525 4468 1
7525 4523 1
7525 5256 1
7525 6319 1
7526 6744 1
7527 6398 1
7528 4036 1
7528 5783 1
7529 908 1
7529 6892 1
7530 324 1
7530 631 1
7530 677 1
7530 1644 1
7530 1778 1
7530 1841 1
7530 1981 1
7530 2388 1
7530 2614 1
7530 2872 1
7530 3356 1
7530 3497 1
7530 3837 1
7530 4300 1
7530 4827 1
7530 4981 1
7530 5138 1
7530 5818 1
7530 6108 1
7530 6378 1
7530 6780 1
7531 184 1
7531 299 1
7531 787 1
7531 1388 1
7531 2073 1
7531 2294 1
7531 2534 1
7531 6771 1
7531 7315 1
7532 6391 1
7533 4539 1
7533 5467 1
7533 7348 1
7534 1634 1
7534 3359 1
7534 3446 1
7534 4649 1
7534 4971 1
7535 2396 1
7535 5389 1
7536 1127 1
7536 2539 1
7536 5870 1
7536 6380 1
7536 6957 1
7537 93 1
7537 123 1
7537 452 1
7537 922 1
7537 1037 1
7537 1338 1
7537 1415 1
7537 1444 1
7537 1643 1
7537 1712 1
7537 1732 1
7537 2006 1
7537 2036 1
7537 2423 1
7537 2434 1
7537 2885 1
7537 3421 1
7537 3625 1
7537 4035 1
7537 4119 1
7537 4263 1
7537 4834 1
7537 5730 1
7537 5993 1
7537 7238 1
7537 7291 1
7537 7409 1
7538 7024 1
7539 1112 1
7539 3408 1
7539 3431 1
7539 3939 1
7540 1318 1
7540 4164 1
7540 4544 1
7540 4941 1
7540 5913 1
7541 2671 1
7541 3138 1
7541 5606 1
7542 2008 1
7543 2829 1
7543 3808 1
7544 1412 1
7544 1463 1
7544 4159 1
7544 4451 1
7544 4660 1
7544 4735 1
7544 5880 1
7545 2848 1
7546 1685 1
7546 6038 1
7547 901 1
7547 986 1
7547 1565 1
7547 1679 1
7547 1800 1
7547 2375 1
7547 2758 1
7547 3324 1
7547 3718 1
7547 3733 1
7547 3769 1
7547 5714 1
7547 6467 1
7547 6675 1
7547 7257 1
7547 7361 1
7547 7468 1
7548 794 1
7548 1430 1
7548 2733 1
7548 4091 1
7548 4274 1
7548 4432 1
7548 4948 1
7548 5121 1
7548 5454 1
7548 5701 1
7548 5808 1
7548 6035 1
7549 5783 1
7549 5865 1
7550 4007 1
7550 4127 1
7550 5893 1
7550 6803 1
7550 6873 1
7550 6911 1
7551 38 1
7551 224 1
7551 238 1
7551 1174 1
7551 2190 1
7551 3463 1
7551 4067 1
7551 4843 1
7551 5365 1
7551 5839 1
7551 7010 1
7551 7181 1
7552 1691 1
7552 2072 1
7552 2265 1
7552 5067 1
7553 614 1
7553 4153 1
7553 4884 1
7553 5031 1
7553 5089 1
7553 5194 1
7553 5337 1
7553 5754 1
7553 5783 1
7553 6165 1
7553 6510 1
7554 2192 1
7554 3048 1
7554 5961 1
7555 3610 1
7555 3622 1
7556 2340 1
7556 4965 1
7556 5570 1
7556 5578 1
7556 6777 1
7557 188 1
7557 1213 1
7557 1520 1
7557 4222 1
7557 5205 1
7557 5652 1
7557 5848 1
7557 6275 1
7558 75 1
7558 3848 1
7558 3937 1
7558 4346 1
7558 5085 1
7558 6466 1
7559 2711 1
7559 3302 1
7560 2320 1
7560 2394 1
7560 2700 1
7560 3104 1
7560 5431 1
7561 404 1
7561 855 1
7561 1192 1
7562 3740 1
7562 4938 1
7562 7402 1
7563 1764 1
7563 5101 1
7564 972 1
7564 1308 1
7564 4327 1
7565 4814 1
7565 6403 1
7565 7072 1
7566 443 1
7566 4083 1
7566 4482 1
7566 4808 1
7566 4896 1
7566 5555 1
7566 6330 1
7566 6652 1
7566 6766 1
7567 670 1
7567 1071 1
7567 1115 1
7567 1935 1
7567 1969 1
7567 2412 1
7567 2696 1
7567 3140 1
7567 3158 1
7567 4092 1
7567 6180 1
7567 6491 1
7568 3429 1
7568 4705 1
7568 5691 1
7568 6388 1
7568 6398 1
7568 6744 1
7569 1113 1
7569 3072 1
7569 5562 1
7569 5637 1
7570 502 1
7570 1017 1
7570 3251 1
7570 5970 1
7570 6138 1
7571 7388 1
7572 3963 1
7572 4628 1
7572 5046 1
7572 5665 1
7572 7285 1
7573 1038 1
7573 2616 1
7573 7186 1
7574 157 1
7575 3727 1
7576 1398 1
7576 1936 1
7576 2394 1
7576 3450 1
7576 5032 1
7576 5137 1
7577 1137 1
7577 1831 1
7578 80 1
7578 1064 1
7578 4473 1
7578 7183 1
7579 1472 1
7579 2082 1
7579 5198 1
7579 5854 1
7579 6245 1
7580 296 1
7581 317 1
7581 992 1
7581 2392 1
7581 2964 1
7581 3329 1
7581 3626 1
7581 3638 1
7581 4132 1
7581 4135 1
7581 4168 1
7581 4679 1
7581 4797 1
7581 6205 1
7581 6320 1
7581 6750 1
7581 7132 1
7581 7140 1
7582 1246 1
7582 1534 1
7582 1939 1
7582 2836 1
7582 3522 1
7582 3615 1
7582 4021 1
7582 4113 1
7582 4193 1
7582 4224 1
7582 4452 1
7582 4468 1
7582 4584 1
7582 4763 1
7582 5113 1
7582 5577 1
7582 5972 1
7582 6477 1
7582 6740 1
7582 6841 1
7582 7323 1
7583 875 1
7583 1074 1
7583 1233 1
7583 5786 1
7583 5971 1
7584 941 1
7584 1550 1
7584 1716 1
7584 2111 1
7584 2745 1
7584 2761 1
7584 2780 1
7584 3653 1
7584 3927 1
7584 4121 1
7584 4150 1
7584 4292 1
7584 4296 1
7584 4362 1
7584 4474 1
7584 4643 1
7584 4683 1
7584 4811 1
7584 4814 1
7584 4879 1
7584 4883 1
7584 4884 1
7584 4935 1
7584 5140 1
7584 5204 1
7584 5634 1
7584 5838 1
7584 5954 1
7584 6001 1
7584 6025 1
7584 6089 1
7584 6146 1
7584 6259 1
7584 6271 1
7584 6299 1
7584 6403 1
7584 6458 1
7584 6510 1
7584 6571 1
7584 6749 1
7584 7072 1
7584 7144 1
7584 7203 1
7584 7565 1
7585 631 1
7585 677 1
7585 754 1
7585 1644 1
7585 1778 1
7585 1841 1
7585 1967 1
7585 1981 1
7585 2136 1
7585 2388 1
7585 2614 1
7585 2872 1
7585 3356 1
7585 3497 1
7585 3837 1
7585 3893 1
7585 4300 1
7585 4703 1
7585 5138 1
7585 5818 1
7585 6108 1
7585 6378 1
7585 6780 1
7585 7530 1
7586 3853 1
7586 4429 1
7587 497 1
7587 575 1
7587 2209 1
7587 6413 1
7587 7280 1
7588 35 1
7588 617 1
7588 851 1
7588 2064 1
7588 2443 1
7588 2481 1
7588 2636 1
7588 3326 1
7588 3708 1
7588 3938 1
7588 4430 1
7588 4714 1
7588 5229 1
7588 5468 1
7588 5681 1
7588 5821 1
7588 6426 1
7588 6666 1
7588 7395 1
7588 7457 1
7589 1864 1
7589 5625 1
7589 5885 1
7590 117 1
7590 1625 1
7590 1925 1
7590 3535 1
7590 3819 1
7590 4925 1
7591 2193 1
7591 4756 1
7591 4942 1
7591 5945 1
7591 6174 1
7592 4984 1
7593 173 1
7593 954 1
7593 1274 1
7593 1397 1
7593 1556 1
7593 1652 1
7593 2876 1
7593 3083 1
7593 4826 1
7593 5791 1
7593 6443 1
7594 1334 1
7594 4103 1
7594 5520 1
7595 918 1
7595 1793 1
7595 2272 1
7595 3311 1
7595 4185 1
7595 4400 1
7595 4739 1
7595 5521 1
7595 6093 1
7595 7474 1
7596 196 1
7596 1031 1
7596 1325 1
7596 1530 1
7596 1665 1
7596 3735 1
7596 5497 1
7596 6333 1
7596 7428 1
7597 1846 1
7597 3355 1
7597 4141 1
7597 5092 1
7598 546 1
7598 882 1
7598 1262 1
7598 1450 1
7598 3441 1
7598 3623 1
7598 4372 1
7598 4807 1
7598 5753 1
7598 5817 1
7598 7394 1
7599 1133 1
7599 2933 1
7599 3227 1
7599 4219 1
7600 1277 1
7600 3437 1
7600 4108 1
7601 113 1
7601 1232 1
7601 2266 1
7601 2656 1
7601 3062 1
7601 3286 1
7601 3566 1
7601 3570 1
7601 3894 1
7601 4349 1
7602 4296 1
7602 5844 1
7602 7426 1
7603 2988 1
7604 3803 1
7604 4274 1
7604 4939 1
7605 4122 1
7605 4534 1
7605 4741 1
7605 4935 1
7605 6361 1
7606 16 1
7606 384 1
7606 3413 1
7606 7360 1
7607 1326 1
7607 2964 1
7607 3329 1
7607 4135 1
7607 5778 1
7607 5921 1
7607 6205 1
7607 7140 1
7608 505 1
7608 637 1
7608 2362 1
7608 2958 1
7608 3817 1
7609 35 1
7609 851 1
7609 1272 1
7609 1825 1
7609 2481 1
7609 2612 1
7609 3326 1
7609 7588 1
7610 439 1
7610 552 1
7610 568 1
7610 1231 1
7610 1237 1
7610 1604 1
7610 2345 1
7610 3229 1
7610 3593 1
7610 3635 1
7610 5262 1
7610 5566 1
7610 5671 1
7610 5852 1
7610 6952 1
7610 6989 1
7611 800 1
7611 1913 1
7611 3496 1
7611 4677 1
7611 4788 1
7611 7000 1
7612 1233 1
7612 2039 1
7612 4229 1
7612 5786 1
7612 6412 1
7612 7583 1
7613 1595 1
7613 2213 1
7613 2314 1
7613 3108 1
7613 4033 1
7613 4751 1
7613 5679 1
7613 7452 1
7614 1256 1
7614 2883 1
7614 4075 1
7614 5874 1
7614 6962 1
7615 3884 1
7615 4861 1
7615 6375 1
7616 231 1
7616 2395 1
7616 2682 1
7616 3246 1
7616 3489 1
7616 5833 1
7617 2566 1
7617 3407 1
7617 6326 1
7618 5017 1
7618 7179 1
7619 5484 1
7620 1627 1
7621 605 1
7621 1411 1
7621 1421 1
7621 1620 1
7621 2650 1
7621 2728 1
7621 3138 1
7621 3353 1
7621 3754 1
7621 4166 1
7621 4599 1
7621 4758 1
7621 5606 1
7621 5799 1
7621 6688 1
7622 184 1
7622 2589 1
7622 2653 1
7622 6433 1
7623 619 1
7623 1250 1
7623 1983 1
7623 2451 1
7623 3055 1
7623 5074 1
7623 5127 1
7623 5437 1
7623 5727 1
7623 6848 1
7623 6962 1
7623 7280 1
7624 153 1
7624 201 1
7624 504 1
7624 1074 1
7624 1388 1
7624 1508 1
7624 1658 1
7624 1934 1
7624 2797 1
7624 3449 1
7624 3656 1
7624 4094 1
7624 4928 1
7624 5117 1
7624 6091 1
7624 6427 1
7624 7004 1
7625 4344 1
7625 4845 1
7625 5065 1
7625 5276 1
7625 5859 1
7625 6169 1
7625 6250 1
7626 24 1
7627 116 1
7627 313 1
7627 778 1
7627 846 1
7627 908 1
7627 1283 1
7627 1291 1
7627 1415 1
7627 2029 1
7627 2485 1
7627 2759 1
7627 2862 1
7627 2946 1
7627 3453 1
7627 3612 1
7627 3794 1
7627 4484 1
7627 4769 1
7627 5061 1
7627 5129 1
7627 5269 1
7627 6511 1
7627 7529 1
7628 263 1
7628 650 1
7628 3102 1
7628 4560 1
7628 5960 1
7629 2244 1
7629 4174 1
7629 5740 1
7629 6003 1
7629 6898 1
7629 7085 1
7630 1273 1
7630 2413 1
7630 5377 1
7630 7201 1
7631 2252 1
7631 4926 1
7631 6954 1
7632 136 1
7632 926 1
7632 1937 1
7632 4315 1
7632 5420 1
7632 6535 1
7632 7397 1
7633 551 1
7633 619 1
7633 1246 1
7633 1804 1
7633 1939 1
7633 2171 1
7633 2406 1
7633 2833 1
7633 2990 1
7633 3003 1
7633 3954 1
7633 4113 1
7633 4452 1
7633 4529 1
7633 4586 1
7633 4763 1
7633 4784 1
7633 4965 1
7633 5173 1
7633 5519 1
7633 5577 1
7633 5633 1
7633 5751 1
7633 5770 1
7633 5972 1
7633 6352 1
7633 6802 1
7633 7192 1
7634 1646 1
7634 2767 1
7634 2955 1
7635 57 1
7635 653 1
7635 877 1
7635 2070 1
7635 2394 1
7635 3033 1
7635 3812 1
7635 3999 1
7635 4385 1
7635 4635 1
7635 4691 1
7635 4983 1
7635 5815 1
7635 5940 1
7635 6392 1
7635 7284 1
7636 307 1
7636 1468 1
7636 1818 1
7636 4404 1
7636 7086 1
7637 1620 1
7637 2650 1
7637 2728 1
7637 3138 1
7637 4166 1
7637 5799 1
7637 7621 1
7638 860 1
7638 2190 1
7639 2961 1
7639 3247 1
7639 3663 1
7640 366 1
7640 1688 1
7640 2372 1
7640 3136 1
7640 3255 1
7640 3709 1
7640 5908 1
7640 5978 1
7641 2419 1
7641 3592 1
7641 3698 1
7641 5514 1
7642 2523 1
7642 3437 1
7643 808 1
7643 2693 1
7643 5822 1
7644 312 1
7644 401 1
7644 1543 1
7644 1694 1
7644 1887 1
7644 2730 1
7645 2563 1
7645 3579 1
7645 5288 1
7645 5590 1
7646 1485 1
7646 2504 1
7646 2676 1
7646 2860 1
7646 2890 1
7646 3465 1
7646 4219 1
7646 4747 1
7646 5221 1
7646 6158 1
7646 6172 1
7646 6398 1
7647 2177 1
7647 3399 1
7647 3634 1
7647 4309 1
7647 6713 1
7647 6732 1
7648 1011 1
7648 1508 1
7648 1639 1
7648 1686 1
7648 3744 1
7648 5679 1
7649 6682 1
7649 7028 1
7650 737 1
7651 206 1
7651 2524 1
7652 35 1
7652 1818 1
7652 3754 1
7652 6110 1
7652 7024 1
7652 7538 1
7652 7588 1
7653 181 1
7653 1210 1
7653 2516 1
7653 4411 1
7653 4811 1
7653 6398 1
7653 7095 1
7653 7527 1
7654 2786 1
7654 3690 1
7655 4468 1
7655 4801 1
7655 5790 1
7655 7213 1
7656 381 1
7656 2449 1
7656 4191 1
7657 2027 1
7657 6608 1
7658 297 1
7658 393 1
7658 1086 1
7658 2381 1
7658 4713 1
7658 7013 1
7659 1053 1
7659 1388 1
7659 1725 1
7659 2541 1
7659 3751 1
7659 6496 1
7659 6738 1
7660 1246 1
7660 3278 1
7660 4021 1
7660 4468 1
7660 4529 1
7660 5483 1
7660 5972 1
7660 6841 1
7660 7342 1
7661 196 1
7661 1375 1
7661 1872 1
7661 2083 1
7661 2751 1
7661 3111 1
7661 3228 1
7661 5334 1
7661 5497 1
7661 5843 1
7661 7472 1
7662 2733 1
7662 3803 1
7662 4274 1
7662 4939 1
7662 5701 1
7662 7548 1
7662 7604 1
7663 3023 1
7663 5497 1
7664 2970 1
7664 3255 1
7664 4564 1
7664 4780 1
7664 5028 1
7664 5763 1
7665 646 1
7665 774 1
7665 1225 1
7665 2903 1
7665 4767 1
7665 7312 1
7666 4113 1
7666 4294 1
7666 4452 1
7666 4763 1
7666 4784 1
7666 5145 1
7666 5173 1
7666 6477 1
7666 6695 1
7666 7582 1
7666 7633 1
7667 867 1
7667 2455 1
7667 2530 1
7667 4530 1
7667 6436 1
7667 6750 1
7668 101 1
7668 763 1
7668 1160 1
7668 4845 1
7668 6156 1
7668 6973 1
7668 7235 1
7669 1482 1
7669 1689 1
7669 2100 1
7669 2811 1
7669 2888 1
7669 6554 1
7670 457 1
7670 1306 1
7670 6537 1
7670 6821 1
7670 7329 1
7671 784 1
7671 1038 1
7671 1538 1
7671 1606 1
7671 2005 1
7671 2107 1
7671 2281 1
7671 2880 1
7671 2964 1
7671 3225 1
7671 3329 1
7671 3444 1
7671 3626 1
7671 4962 1
7671 5778 1
7671 5867 1
7671 5896 1
7671 5926 1
7671 6205 1
7671 7185 1
7671 7237 1
7672 160 1
7672 660 1
7672 737 1
7672 1276 1
7672 1393 1
7672 1736 1
7672 1820 1
7672 1956 1
7672 2212 1
7672 2289 1
7672 2516 1
7672 2537 1
7672 2998 1
7672 3009 1
7672 3359 1
7672 3446 1
7672 3806 1
7672 4016 1
7672 4121 1
7672 4193 1
7672 4362 1
7672 4484 1
7672 4649 1
7672 4664 1
7672 4806 1
7672 4884 1
7672 5356 1
7672 5363 1
7672 5528 1
7672 5601 1
7672 5650 1
7672 5855 1
7672 5905 1
7672 5946 1
7672 5992 1
7672 6070 1
7672 6166 1
7672 6441 1
7672 6458 1
7672 6487 1
7672 6617 1
7672 6628 1
7672 6707 1
7672 7002 1
7672 7014 1
7672 7144 1
7672 7162 1
7672 7239 1
7672 7263 1
7672 7268 1
7672 7384 1
7672 7429 1
7672 7534 1
7673 1051 1
7673 1527 1
7673 3754 1
7673 4123 1
7673 4659 1
7673 5548 1
7673 5821 1
7673 5986 1
7674 1131 1
7674 1197 1
7674 5333 1
7674 5414 1
7675 2633 1
7675 2702 1
7675 4007 1
7675 5893 1
7675 6034 1
7675 6803 1
7675 6911 1
7675 7039 1
7675 7149 1
7675 7550 1
7676 3278 1
7676 4827 1
7677 4625 1
7678 440 1
7678 2103 1
7678 4121 1
7678 4910 1
7679 4027 1
7679 4497 1
7679 4901 1
7679 5219 1
7679 6019 1
7679 7183 1
7680 30 1
7681 1806 1
7681 6096 1
7682 50 1
7682 975 1
7682 1872 1
7682 2509 1
7682 3228 1
7682 3839 1
7682 4565 1
7682 5075 1
7683 804 1
7683 2946 1
7683 3663 1
7684 1224 1
7684 2231 1
7684 3639 1
7684 3814 1
7684 3817 1
7684 3835 1
7684 4166 1
7684 4381 1
7684 5186 1
7684 5606 1
7684 6384 1
7685 1378 1
7685 1790 1
7685 3450 1
7685 4831 1
7685 5809 1
7685 6616 1
7685 7236 1
7686 1744 1
7686 2165 1
7686 2961 1
7686 3516 1
7686 4988 1
7686 7004 1
7686 7474 1
7687 4083 1
7687 4391 1
7687 4476 1
7687 4808 1
7687 5074 1
7687 5244 1
7687 5437 1
7687 5484 1
7687 5555 1
7687 5596 1
7687 5643 1
7687 6766 1
7687 6953 1
7687 7566 1
7688 307 1
7688 1388 1
7688 2865 1
7688 3666 1
7688 4792 1
7688 5777 1
7688 5945 1
7688 7591 1
7689 1932 1
7689 4827 1
7689 5311 1
7689 5437 1
7689 7429 1
7690 12 1
7690 324 1
7690 631 1
7690 731 1
7690 1697 1
7690 1708 1
7690 1968 1
7690 3026 1
7690 3190 1
7690 3615 1
7690 6456 1
7690 6787 1
7691 894 1
7691 6248 1
7692 2694 1
7692 7093 1
7693 3306 1
7694 732 1
7694 2706 1
7694 3729 1
7694 5594 1
7694 6842 1
7695 441 1
7695 1058 1
7695 1142 1
7695 1993 1
7695 4755 1
7695 4878 1
7695 7049 1
7695 7488 1
7696 2576 1
7696 3839 1
7696 6806 1
7697 272 1
7697 3024 1
7697 3792 1
7697 6940 1
7697 7073 1
7698 1371 1
7698 2107 1
7698 2880 1
7698 3555 1
7698 3755 1
7698 6328 1
7698 6849 1
7698 7043 1
7698 7671 1
7699 12 1
7699 677 1
7699 1308 1
7699 1778 1
7699 1967 1
7699 4114 1
7699 4300 1
7699 5063 1
7699 5384 1
7699 5818 1
7699 6190 1
7699 6780 1
7699 7157 1
7700 2380 1
7700 4088 1
7700 4302 1
7700 4416 1
7700 4533 1
7700 5023 1
7700 5594 1
7700 5793 1
7700 5896 1
7700 5927 1
7700 5940 1
7700 6079 1
7700 6131 1
7700 6178 1
7700 7218 1
7701 1431 1
7701 3292 1
7701 3461 1
7701 3495 1
7701 4002 1
7701 5084 1
7702 4685 1
7703 478 1
7703 3758 1
7704 1218 1
7705 321 1
7705 1104 1
7705 1207 1
7705 1425 1
7705 2173 1
7705 6455 1
7706 25 1
7706 31 1
7706 1885 1
7706 2678 1
7706 2995 1
7706 4507 1
7706 4544 1
7706 4870 1
7706 5542 1
7706 5966 1
7706 6020 1
7706 6328 1
7706 7023 1
7706 7078 1
7706 7176 1
7706 7177 1
7707 4040 1
7707 6407 1
7708 2242 1
7708 2437 1
7708 3830 1
7709 5429 1
7709 6549 1
7710 1889 1
7710 2406 1
7710 2911 1
7711 297 1
7711 1086 1
7711 1415 1
7711 3280 1
7711 3676 1
7711 4713 1
7711 6838 1
7711 7013 1
7711 7658 1
7712 449 1
7712 2105 1
7712 2838 1
7712 3153 1
7712 3810 1
7712 6894 1
7712 7049 1
7713 136 1
7713 978 1
7713 2181 1
7713 2564 1
7713 7019 1
7714 875 1
7714 3571 1
7714 4325 1
7715 3278 1
7715 4468 1
7715 5139 1
7715 5483 1
7715 6841 1
7716 6393 1
7717 181 1
7717 419 1
7717 1970 1
7717 2323 1
7717 4297 1
7717 4426 1
7718 146 1
7718 624 1
7718 626 1
7718 997 1
7718 1832 1
7718 1977 1
7718 2147 1
7718 2598 1
7718 4545 1
7718 4762 1
7718 5264 1
7718 5616 1
7718 6061 1
7718 7006 1
7719 599 1
7719 5712 1
7719 6960 1
7719 7559 1
7720 3388 1
7720 4509 1
7720 6437 1
7720 6955 1
7721 587 1
7721 1592 1
7721 2702 1
7721 4251 1
7721 4950 1
7721 5094 1
7721 6353 1
7721 6553 1
7722 6953 1
7723 420 1
7723 2386 1
7723 4200 1
7723 4365 1
7723 4395 1
7723 4407 1
7723 4635 1
7723 4746 1
7723 4845 1
7723 5023 1
7723 5742 1
7723 5927 1
7723 5940 1
7723 6681 1
7723 7435 1
7724 75 1
7724 294 1
7724 416 1
7724 905 1
7724 2754 1
7724 4536 1
7724 4600 1
7724 4950 1
7724 6959 1
7724 7009 1
7725 2435 1
7725 3290 1
7725 5932 1
7726 5309 1
7726 5874 1
7726 6969 1
7727 2809 1
7727 4876 1
7728 1062 1
7728 2477 1
7728 5669 1
7728 5859 1
7728 5930 1
7728 6136 1
7728 6194 1
7728 6739 1
7729 113 1
7729 1529 1
7729 4447 1
7729 6926 1
7729 6972 1
7730 863 1
7730 1557 1
7730 1695 1
7730 1700 1
7730 6751 1
7731 2757 1
7731 4305 1
7732 3806 1
7732 4811 1
7732 5356 1
7732 7002 1
7732 7014 1
7732 7162 1
7732 7384 1
7732 7672 1
7733 1419 1
7734 528 1
7734 1033 1
7734 5623 1
7734 6326 1
7734 6781 1
7734 6872 1
7734 7617 1
7735 103 1
7735 132 1
7735 252 1
7735 330 1
7735 486 1
7735 738 1
7735 784 1
7735 802 1
7735 866 1
7735 1014 1
7735 1038 1
7735 1209 1
7735 1224 1
7735 1605 1
7735 1606 1
7735 1782 1
7735 1924 1
7735 1969 1
7735 2005 1
7735 2053 1
7735 2105 1
7735 2169 1
7735 2261 1
7735 2273 1
7735 2386 1
7735 2469 1
7735 2479 1
7735 2501 1
7735 2734 1
7735 2880 1
7735 2966 1
7735 2989 1
7735 3479 1
7735 3555 1
7735 3584 1
7735 3630 1
7735 3669 1
7735 3725 1
7735 4055 1
7735 4249 1
7735 4305 1
7735 4513 1
7735 4614 1
7735 4802 1
7735 4804 1
7735 4824 1
7735 5103 1
7735 5364 1
7735 5457 1
7735 5581 1
7735 5594 1
7735 5994 1
7735 6159 1
7735 6180 1
7735 6278 1
7735 6401 1
7735 6431 1
7735 6800 1
7735 6823 1
7735 6862 1
7735 7025 1
7735 7049 1
7735 7139 1
7735 7169 1
7735 7218 1
7735 7237 1
7735 7309 1
7736 180 1
7736 1936 1
7736 2079 1
7736 2252 1
7736 5221 1
7736 5329 1
7736 6605 1
7736 6677 1
7737 65 1
7737 1729 1
7737 2055 1
7737 2090 1
7737 2630 1
7737 2672 1
7738 1520 1
7738 2271 1
7738 4206 1
7738 5205 1
7738 5848 1
7738 7557 1
7739 3104 1
7739 4830 1
7740 1511 1
7740 1556 1
7740 4175 1
7741 57 1
7741 1856 1
7741 2281 1
7741 2644 1
7741 3033 1
7741 3194 1
7741 3633 1
7741 3741 1
7741 4385 1
7741 4635 1
7741 4691 1
7741 6828 1
7741 7284 1
7741 7635 1
7742 2703 1
7742 2782 1
7742 3800 1
7742 4873 1
7743 912 1
7743 5412 1
7744 3797 1
7744 4271 1
7744 5482 1
7745 324 1
7745 1644 1
7745 1879 1
7745 3026 1
7745 3135 1
7745 3497 1
7745 3994 1
7745 4703 1
7745 5399 1
7745 5475 1
7745 6756 1
7746 2575 1
7746 6008 1
7746 6391 1
7746 7183 1
7747 170 1
7747 174 1
7747 1969 1
7747 2429 1
7747 2559 1
7747 2801 1
7747 2818 1
7747 2838 1
7747 3272 1
7747 3277 1
7747 3406 1
7747 3852 1
7747 4129 1
7747 4607 1
7747 5589 1
7747 5613 1
7747 5793 1
7747 6537 1
7747 6808 1
7747 6828 1
7747 6894 1
7748 1053 1
7748 7022 1
7749 2009 1
7749 2864 1
7749 2905 1
7749 2961 1
7749 3091 1
7749 3512 1
7749 5619 1
7749 5786 1
7750 2384 1
7750 2490 1
7750 2724 1
7750 5560 1
7751 3022 1
7751 4214 1
7751 5286 1
7751 7271 1
7752 1247 1
7752 5019 1
7753 1003 1
7753 1658 1
7753 2803 1
7753 4986 1
7753 5936 1
7754 643 1
7754 1953 1
7755 5205 1
7755 7377 1
7755 7557 1
7756 5614 1
7756 5740 1
7756 6008 1
7756 6391 1
7756 6782 1
7756 7075 1
7756 7746 1
7757 25 1
7757 1676 1
7757 2283 1
7757 4248 1
7757 4507 1
7757 5576 1
7757 7017 1
7758 1710 1
7758 4162 1
7758 6701 1
7758 7228 1
7759 1177 1
7759 1246 1
7759 2040 1
7759 2753 1
7759 3398 1
7759 4468 1
7759 4529 1
7759 4763 1
7759 5145 1
7759 6319 1
7759 6493 1
7759 6695 1
7759 6970 1
7759 7525 1
7760 2058 1
7761 75 1
7761 208 1
7761 587 1
7761 1449 1
7761 4161 1
7761 5253 1
7761 5288 1
7761 5444 1
7761 5647 1
7761 6359 1
7761 6591 1
7761 6861 1
7761 6911 1
7761 7126 1
7761 7645 1
7762 50 1
7762 402 1
7762 558 1
7762 977 1
7762 1038 1
7762 1098 1
7762 1113 1
7762 1208 1
7762 1632 1
7762 1639 1
7762 1688 1
7762 2069 1
7762 2152 1
7762 2213 1
7762 2367 1
7762 2624 1
7762 3023 1
7762 3108 1
7762 3147 1
7762 3255 1
7762 3797 1
7762 4251 1
7762 4587 1
7762 4600 1
7762 4700 1
7762 5079 1
7762 5492 1
7762 5566 1
7762 6353 1
7762 6670 1
7762 6959 1
7762 7744 1
7763 1160 1
7763 3057 1
7763 5491 1
7763 6486 1
7763 6626 1
7764 1460 1
7764 4436 1
7764 5626 1
7764 6010 1
7765 1117 1
7765 1491 1
7765 2188 1
7765 3373 1
7765 3618 1
7765 4711 1
7765 5884 1
7766 295 1
7766 583 1
7766 1261 1
7766 1391 1
7766 3934 1
7766 4025 1
7767 2208 1
7768 244 1
7768 395 1
7769 1403 1
7769 3607 1
7770 4429 1
7770 4945 1
7770 5250 1
7771 344 1
7771 733 1
7771 2212 1
7771 2242 1
7771 2396 1
7771 2492 1
7771 2835 1
7771 3143 1
7771 3561 1
7771 4982 1
7772 1256 1
7772 3292 1
7772 5833 1
7772 6565 1
7772 6786 1
7773 6 1
7773 47 1
7773 1138 1
7773 1804 1
7773 1862 1
7773 2217 1
7773 2405 1
7773 2474 1
7773 3654 1
7773 6224 1
7773 7505 1
7774 7201 1
7775 879 1
7775 5273 1
7776 4284 1
7776 6577 1
7777 5409 1
7778 1683 1
7778 4131 1
7778 4170 1
7778 4663 1
7778 6590 1
7778 6661 1
7778 6672 1
7779 4833 1
7779 5309 1
7779 6969 1
7780 120 1
7780 5296 1
7780 7500 1
7781 33 1
7781 2452 1
7781 3150 1
7781 3369 1
7782 2430 1
7782 4112 1
7782 4200 1
7782 4407 1
7782 4416 1
7782 4635 1
7782 5272 1
7782 5742 1
7782 5927 1
7782 6079 1
7782 6250 1
7782 6681 1
7782 7449 1
7782 7700 1
7783 3827 1
7783 6737 1
7784 148 1
7784 513 1
7784 533 1
7784 1104 1
7784 1206 1
7784 5028 1
7784 6792 1
7785 417 1
7785 2918 1
7785 6529 1
7785 6958 1
7786 667 1
7786 857 1
7786 1460 1
7786 2966 1
7786 4439 1
7786 4516 1
7786 5371 1
7786 5940 1
7786 5966 1
7786 6087 1
7786 6627 1
7786 6645 1
7786 6722 1
7786 7177 1
7786 7228 1
7787 1726 1
7787 2226 1
7787 7651 1
7788 3088 1
7788 6791 1
7788 6956 1
7788 7015 1
7789 3409 1
7789 4471 1
7789 6180 1
7789 6677 1
7790 1557 1
7790 1695 1
7790 1700 1
7790 2816 1
7790 3047 1
7790 7042 1
7790 7110 1
7790 7300 1
7790 7730 1
7791 380 1
7791 4202 1
7791 6601 1
7791 7007 1
7792 455 1
7792 509 1
7792 1038 1
7792 1645 1
7792 2261 1
7792 3279 1
7792 4790 1
7792 4824 1
7792 5457 1
7792 5550 1
7793 3732 1
7793 5418 1
7793 6397 1
7794 941 1
7794 1828 1
7794 1837 1
7794 2111 1
7794 2588 1
7794 3264 1
7794 4198 1
7794 4647 1
7794 5433 1
7794 5505 1
7794 5786 1
7795 507 1
7795 1259 1
7795 1267 1
7795 2017 1
7795 2374 1
7795 2851 1
7795 3122 1
7795 6310 1
7795 6793 1
7795 6842 1
7795 7278 1
7795 7329 1
7796 57 1
7796 720 1
7796 5255 1
7796 6296 1
7796 6685 1
7796 6716 1
7796 6734 1
7796 6828 1
7796 7522 1
7797 586 1
7797 1354 1
7797 1520 1
7797 5652 1
7797 7557 1
7798 4763 1
7799 2659 1
7799 5294 1
7799 5504 1
7799 5761 1
7799 6516 1
7800 3227 1
7801 521 1
7801 1030 1
7801 1042 1
7801 1632 1
7801 1688 1
7801 1816 1
7801 3797 1
7801 3815 1
7801 3848 1
7801 4419 1
7801 4794 1
7801 5541 1
7801 6747 1
7801 6759 1
7801 7744 1
7801 7762 1
7802 551 1
7802 1730 1
7802 1939 1
7802 2171 1
7802 2406 1
7802 3003 1
7802 3842 1
7802 3979 1
7802 5181 1
7802 5973 1
7802 6275 1
7802 6802 1
7802 7192 1
7802 7633 1
7803 389 1
7803 664 1
7803 675 1
7803 897 1
7803 1289 1
7803 1655 1
7803 1794 1
7803 3059 1
7803 3765 1
7803 4389 1
7803 4723 1
7804 2842 1
7804 2918 1
7804 6261 1
7805 584 1
7805 728 1
7805 737 1
7805 3430 1
7806 89 1
7806 1063 1
7807 71 1
7807 75 1
7807 148 1
7807 1459 1
7807 1470 1
7807 1836 1
7807 2619 1
7807 4687 1
7807 6513 1
7807 6613 1
7807 7084 1
7808 4057 1
7808 6891 1
7809 1939 1
7809 3278 1
7809 3979 1
7809 4468 1
7809 6275 1
7809 7802 1
7810 827 1
7810 1615 1
7810 2280 1
7810 3200 1
7810 3311 1
7810 5193 1
7811 12 1
7811 595 1
7811 1778 1
7811 2448 1
7811 2450 1
7811 4228 1
7811 4585 1
7811 4701 1
7811 5820 1
7811 6391 1
7811 6934 1
7812 940 1
7812 958 1
7812 2115 1
7812 2505 1
7812 3553 1
7812 4369 1
7812 6813 1
7813 38 1
7813 713 1
7813 781 1
7813 2980 1
7813 7747 1
7814 4254 1
7814 5266 1
7814 7595 1
7815 718 1
7815 1133 1
7815 2586 1
7816 2883 1
7816 6072 1
7816 6458 1
7816 6995 1
7817 1397 1
7817 1753 1
7817 1756 1
7817 2116 1
7817 2961 1
7817 3352 1
7817 6368 1
7817 7333 1
7818 440 1
7818 3362 1
7818 3421 1
7818 7032 1
7819 858 1
7819 1166 1
7819 1684 1
7819 2287 1
7819 4764 1
7819 4900 1
7819 5022 1
7820 751 1
7820 879 1
7820 1678 1
7820 2014 1
7820 2988 1
7820 3110 1
7820 4069 1
7820 4321 1
7820 5383 1
7820 7000 1
7820 7205 1
7821 367 1
7822 664 1
7822 907 1
7822 1839 1
7822 5202 1
7822 5316 1
7822 6497 1
7824 1105 1
7824 1705 1
7824 2133 1
7824 4619 1
7824 6255 1
7824 6526 1
7824 7524 1
7825 1736 1
7825 3806 1
7825 4743 1
7825 4811 1
7825 7672 1
7826 757 1
7826 2074 1
7826 3308 1
7826 5446 1
7826 6860 1
7826 7349 1
7827 270 1
7827 5710 1
7828 2030 1
7828 3163 1
7828 3536 1
7828 4926 1
7828 6338 1
7828 7191 1
7829 75 1
7829 295 1
7829 552 1
7829 4346 1
7829 4780 1
7829 5369 1
7829 5763 1
7830 1476 1
7830 3127 1
7830 4484 1
7830 5992 1
7831 3811 1
7831 5419 1
7831 6552 1
7831 7379 1
7832 1777 1
7832 5036 1
7832 6710 1
7832 6805 1
7832 6812 1
7833 1186 1
7833 6240 1
7833 6323 1
7833 7485 1
7834 1846 1
7834 3794 1
7835 727 1
7835 1821 1
7835 1896 1
7835 4360 1
7835 5074 1
7836 1894 1
7836 2144 1
7836 4984 1
7836 6597 1
7836 7251 1
7837 270 1
7837 700 1
7837 706 1
7837 808 1
7837 1409 1
7837 3773 1
7837 4602 1
7837 5162 1
7837 5250 1
7837 5557 1
7837 6050 1
7838 154 1
7838 1771 1
7838 2983 1
7838 3022 1
7838 3179 1
7839 3299 1
7839 4403 1
7839 5116 1
7839 5182 1
7839 5792 1
7839 6039 1
7839 6250 1
7839 6660 1
7839 6673 1
7839 7599 1
7840 719 1
7840 3817 1
7840 6849 1
7841 42 1
7841 75 1
7841 371 1
7841 374 1
7841 812 1
7841 1208 1
7841 1368 1
7841 1466 1
7841 1731 1
7841 2367 1
7841 3575 1
7841 4290 1
7841 4330 1
7841 4794 1
7841 5763 1
7841 6358 1
7841 7386 1
7842 156 1
7842 1496 1
7842 1578 1
7842 2050 1
7842 2072 1
7842 2150 1
7842 2814 1
7842 3051 1
7842 3144 1
7842 5326 1
7842 7517 1
7843 4154 1
7844 875 1
7844 1567 1
7844 1912 1
7844 4349 1
7844 4428 1
7844 4909 1
7844 5286 1
7844 5472 1
7844 7110 1
7845 299 1
7845 481 1
7845 887 1
7845 1320 1
7845 1496 1
7845 1850 1
7845 2488 1
7845 2769 1
7845 2843 1
7845 4982 1
7846 648 1
7847 1766 1
7847 3510 1
7847 4676 1
7848 1150 1
7848 2769 1
7848 3492 1
7848 4563 1
7848 4602 1
7848 4827 1
7848 5574 1
7848 6039 1
7848 7116 1
7849 86 1
7849 2712 1
7849 2944 1
7849 5789 1
7850 2292 1
7850 4294 1
7850 4856 1
7850 6319 1
7850 7201 1
7851 714 1
7851 1637 1
7851 2325 1
7851 3414 1
7851 3930 1
7852 3060 1
7852 6150 1
7853 1777 1
7853 4099 1
7853 4630 1
7853 6805 1
7853 6812 1
7853 7832 1
7854 881 1
7854 1923 1
7854 2060 1
7854 4576 1
7854 5084 1
7855 6 1
7855 2412 1
7855 4338 1
7855 5568 1
7855 5809 1
7855 5926 1
7855 6087 1
7856 4879 1
7856 5783 1
7856 7584 1
7857 2818 1
7857 3033 1
7857 3852 1
7857 6955 1
7858 169 1
7858 331 1
7858 1731 1
7858 5392 1
7859 5531 1
7859 5864 1
7859 6542 1
7860 1804 1
7860 6796 1
7860 6933 1
7860 7048 1
7860 7662 1
7861 860 1
7861 4503 1
7861 7627 1
7862 4027 1
7862 4772 1
7862 5013 1
7862 6019 1
7862 6101 1
7862 6901 1
7862 7183 1
7862 7679 1
7863 1996 1
7863 2729 1
7863 6981 1
7864 921 1
7864 5082 1
7865 2336 1
7865 2975 1
7865 3010 1
7865 7475 1
7866 3322 1
7866 4544 1
7866 5220 1
7866 5575 1
7866 5870 1
7867 384 1
7867 1842 1
7867 2258 1
7867 3997 1
7867 6484 1
7868 3676 1
7868 3802 1
7868 5759 1
7868 6609 1
7868 7379 1
7869 2659 1
7869 4780 1
7870 70 1
7870 484 1
7870 792 1
7870 882 1
7870 1119 1
7870 1169 1
7870 1587 1
7870 2747 1
7870 3288 1
7870 3885 1
7870 4023 1
7870 4670 1
7870 4738 1
7870 4820 1
7870 5132 1
7870 6280 1
7870 6395 1
7870 6503 1
7870 6523 1
7871 1187 1
7871 1552 1
7871 1954 1
7871 2308 1
7871 6344 1
7872 1827 1
7872 2171 1
7872 6275 1
7873 484 1
7873 792 1
7873 1501 1
7873 2819 1
7873 3693 1
7873 3885 1
7873 4663 1
7873 4818 1
7873 5883 1
7873 7119 1
7873 7216 1
7874 354 1
7874 5809 1
7874 7828 1
7875 420 1
7875 712 1
7875 1443 1
7875 2446 1
7875 4730 1
7875 4804 1
7876 4162 1
7876 6532 1
7876 7177 1
7876 7228 1
7876 7758 1
7877 156 1
7877 2050 1
7877 3280 1
7877 3676 1
7877 5725 1
7878 1095 1
7878 4158 1
7878 7578 1
7879 1224 1
7879 2734 1
7879 4409 1
7879 4513 1
7879 7438 1
7879 7735 1
7880 945 1
7880 1733 1
7880 2784 1
7880 4653 1
7881 295 1
7881 468 1
7881 1206 1
7881 1391 1
7881 1408 1
7881 2128 1
7881 2928 1
7881 5341 1
7881 6952 1
7881 7513 1
7882 4171 1
7882 5833 1
7882 6573 1
7882 6926 1
7882 7189 1
7882 7233 1
7883 208 1
7883 1733 1
7883 3870 1
7883 4950 1
7883 5288 1
7883 5444 1
7883 7880 1
7884 4122 1
7884 4400 1
7884 4741 1
7884 5313 1
7884 7605 1
7885 1462 1
7885 5936 1
7885 7298 1
7886 844 1
7886 1548 1
7886 2665 1
7886 2896 1
7886 3261 1
7886 6519 1
7887 2882 1
7887 7175 1
7887 7687 1
7888 1592 1
7888 7766 1
7889 69 1
7889 434 1
7889 3052 1
7889 3123 1
7890 116 1
7890 313 1
7890 846 1
7890 908 1
7890 1291 1
7890 2029 1
7890 5129 1
7890 5269 1
7890 7627 1
7891 4468 1
7891 4801 1
7892 281 1
7892 686 1
7892 785 1
7892 1429 1
7892 4547 1
7892 5084 1
7892 6198 1
7892 7345 1
7893 879 1
7893 2228 1
7893 2855 1
7893 5477 1
7894 1039 1
7894 2577 1
7894 2770 1
7894 3574 1
7895 1087 1
7895 1112 1
7895 1126 1
7895 1147 1
7895 1237 1
7895 1572 1
7895 1677 1
7895 3540 1
7895 4618 1
7895 5002 1
7895 5331 1
7895 5623 1
7895 6612 1
7896 747 1
7896 4046 1
7897 1688 1
7897 4419 1
7897 5744 1
7898 745 1
7898 4574 1
7898 6260 1
7898 7443 1
7899 21 1
7899 2198 1
7899 2772 1
7899 5003 1
7900 2759 1
7900 6097 1
7900 7627 1
7901 14 1
7902 1888 1
7902 2133 1
7902 2983 1
7902 3457 1
7902 5296 1
7902 6526 1
7902 7500 1
7902 7780 1
7902 7824 1
7903 3920 1
7903 4452 1
7903 5139 1
7903 5157 1
7903 5494 1
7903 6082 1
7903 6558 1
7903 7582 1
7904 1415 1
7904 1456 1
7904 1544 1
7904 2519 1
7904 3200 1
7904 4363 1
7904 5170 1
7904 6614 1
7904 6924 1
7904 7000 1
7904 7046 1
7904 7231 1
7905 6 1
7905 47 1
7905 1138 1
7905 1506 1
7905 1804 1
7905 1862 1
7905 2217 1
7905 2474 1
7905 2641 1
7905 2743 1
7905 2815 1
7905 3115 1
7905 3654 1
7905 3996 1
7905 5175 1
7905 5848 1
7905 6224 1
7905 6352 1
7905 6567 1
7905 6616 1
7905 6743 1
7905 6839 1
7905 7093 1
7905 7773 1
7906 1975 1
7907 1409 1
7907 4086 1
7907 5557 1
7907 6736 1
7907 7253 1
7908 421 1
7908 860 1
7908 876 1
7908 2190 1
7908 5131 1
7908 5214 1
7908 5501 1
7909 1581 1
7909 2556 1
7909 3016 1
7909 3863 1
7909 4201 1
7909 7372 1
7910 1710 1
7910 4162 1
7910 6627 1
7910 7228 1
7910 7758 1
7910 7876 1
7911 1253 1
7911 1375 1
7911 5245 1
7912 1041 1
7912 2183 1
7912 4207 1
7912 5900 1
7912 6877 1
7913 1304 1
7913 1943 1
7913 2284 1
7913 2423 1
7913 5162 1
7914 4468 1
7914 6082 1
7914 6841 1
7914 7660 1
7914 7676 1
7915 1001 1
7915 2534 1
7915 3449 1
7915 7624 1
7916 3088 1
7916 5036 1
7916 7434 1
7917 4576 1
7918 1826 1
7918 1870 1
7918 2472 1
7918 5022 1
7919 25 1
7919 663 1
7919 4439 1
7919 4544 1
7919 4563 1
7919 4924 1
7919 5018 1
7919 5367 1
7920 313 1
7920 846 1
7920 1727 1
7920 1845 1
7920 4213 1
7920 4296 1
7920 4553 1
7920 5992 1
7920 6341 1
7920 7500 1
7920 7627 1
7921 3136 1
7922 3650 1
7922 5582 1
7922 7226 1
7923 931 1
7923 1580 1
7923 4082 1
7923 7365 1
7924 560 1
7924 983 1
7924 1310 1
7924 1388 1
7924 1499 1
7924 1540 1
7924 1854 1
7924 4110 1
7924 4170 1
7924 4500 1
7924 5283 1
7924 5316 1
7924 5971 1
7924 6762 1
7924 7046 1
7924 7508 1
7924 7805 1
7925 882 1
7925 1119 1
7925 3269 1
7925 4081 1
7925 5817 1
7926 150 1
7926 190 1
7926 421 1
7926 695 1
7926 1847 1
7926 6017 1
7926 6893 1
7926 7412 1
7927 658 1
7927 3150 1
7928 419 1
7928 1802 1
7928 2216 1
7929 1503 1
7929 1517 1
7929 2227 1
7929 2578 1
7929 5089 1
7929 5687 1
7929 6351 1
7930 986 1
7930 1679 1
7930 2758 1
7930 3324 1
7930 6467 1
7930 7468 1
7930 7547 1
7931 1993 1
7931 2005 1
7931 2479 1
7931 2562 1
7931 6278 1
7931 6320 1
7931 7417 1
7932 2593 1
7932 3879 1
7932 7823 1
7933 764 1
7933 1828 1
7933 2284 1
7933 3264 1
7933 4198 1
7933 4647 1
7933 5897 1
7933 5908 1
7933 5971 1
7933 6288 1
7933 6412 1
7933 7000 1
7933 7053 1
7933 7794 1
7934 1918 1
7934 2607 1
7934 3039 1
7934 4241 1
7934 5842 1
7934 6475 1
7935 1660 1
7935 2596 1
7935 2686 1
7935 2794 1
7935 3219 1
7936 800 1
7936 875 1
7936 1304 1
7936 1883 1
7936 2284 1
7936 2961 1
7936 4428 1
7936 4480 1
7936 5786 1
7936 6412 1
7936 6414 1
7936 7844 1
7936 7933 1
7937 19 1
7937 641 1
7937 1031 1
7937 1598 1
7937 1614 1
7937 1656 1
7937 2372 1
7937 2616 1
7937 4108 1
7937 5493 1
7938 510 1
7938 937 1
7938 2674 1
7938 3256 1
7938 4289 1
7938 5624 1
7938 6704 1
7939 478 1
7939 5017 1
7939 5901 1
7939 7120 1
7939 7571 1
7939 7618 1
7939 7703 1
7940 2111 1
7940 2745 1
7940 5838 1
7940 7584 1
7941 1417 1
7941 1778 1
7941 3958 1
7941 5762 1
7941 7130 1
7942 2076 1
7942 7021 1
7942 7324 1
7943 1514 1
7943 2507 1
7943 3236 1
7943 3866 1
7943 6631 1
7944 114 1
7944 3107 1
7944 6512 1
7945 324 1
7945 1644 1
7945 4901 1
7945 7079 1
7946 632 1
7946 1247 1
7946 2850 1
7946 2969 1
7946 3465 1
7946 4460 1
7946 4845 1
7946 4866 1
7946 5691 1
7946 6136 1
7946 6194 1
7946 7095 1
7947 120 1
7947 1828 1
7947 1837 1
7947 1966 1
7947 2339 1
7947 2929 1
7947 4880 1
7947 5054 1
7947 5252 1
7947 5295 1
7947 5786 1
7947 6892 1
7947 6950 1
7947 7000 1
7947 7475 1
7947 7500 1
7947 7933 1
7948 1899 1
7948 7899 1
7949 560 1
7949 664 1
7949 1275 1
7949 1476 1
7949 4860 1
7949 6180 1
7949 7508 1
7950 566 1
7950 3688 1
7950 7049 1
7951 105 1
7951 443 1
7951 497 1
7951 864 1
7951 875 1
7951 1001 1
7951 1103 1
7951 1166 1
7951 1347 1
7951 1685 1
7951 1769 1
7951 1863 1
7951 1896 1
7951 1950 1
7951 2044 1
7951 2206 1
7951 2219 1
7951 2491 1
7951 2682 1
7951 2792 1
7951 3119 1
7951 3546 1
7951 3644 1
7951 4420 1
7951 5406 1
7951 5894 1
7951 6182 1
7951 6429 1
7951 6837 1
7951 7065 1
7951 7338 1
7952 616 1
7952 3440 1
7952 5190 1
7953 624 1
7953 1832 1
7953 1977 1
7953 2147 1
7953 2598 1
7953 6822 1
7953 6905 1
7953 7718 1
7954 6723 1
7955 1265 1
7955 4527 1
7955 4904 1
7955 5403 1
7955 5817 1
7956 284 1
7956 782 1
7956 877 1
7956 1892 1
7956 1905 1
7956 2487 1
7956 3100 1
7956 3267 1
7956 3277 1
7956 3976 1
7956 4077 1
7956 4277 1
7956 4436 1
7956 4860 1
7956 5588 1
7956 5684 1
7956 5743 1
7956 5994 1
7956 6010 1
7956 6180 1
7956 6347 1
7956 6639 1
7956 6726 1
7956 6932 1
7956 7407 1
7956 7764 1
7956 7949 1
7957 71 1
7957 786 1
7957 1524 1
7957 1713 1
7957 5989 1
7958 1825 1
7958 2365 1
7958 2926 1
7958 4026 1
7958 7609 1
7959 108 1
7959 160 1
7959 2694 1
7959 3799 1
7959 5430 1
7959 5716 1
7959 5869 1
7959 6662 1
7960 456 1
7960 1276 1
7960 1634 1
7960 1736 1
7960 1820 1
7960 2212 1
7960 2516 1
7960 2998 1
7960 3062 1
7960 3446 1
7960 3653 1
7960 3806 1
7960 4016 1
7960 4193 1
7960 4341 1
7960 4483 1
7960 4664 1
7960 4731 1
7960 5363 1
7960 5601 1
7960 5855 1
7960 5954 1
7960 5992 1
7960 6166 1
7960 6458 1
7960 6628 1
7960 7014 1
7960 7144 1
7960 7268 1
7960 7429 1
7961 639 1
7961 2171 1
7961 4884 1
7961 5074 1
7961 5342 1
7962 670 1
7962 1460 1
7962 3033 1
7962 3227 1
7962 4092 1
7962 4386 1
7962 5594 1
7962 5603 1
7962 7599 1
7963 4296 1
7963 6375 1
7964 4152 1
7964 6046 1
7965 140 1
7965 752 1
7965 1341 1
7965 3337 1
7965 5095 1
7966 1838 1
7966 1939 1
7966 2253 1
7966 2481 1
7966 3734 1
7966 4193 1
7966 4519 1
7966 6114 1
7967 388 1
7967 699 1
7967 1049 1
7967 1333 1
7967 1693 1
7967 1887 1
7967 2059 1
7967 2207 1
7967 2518 1
7967 2730 1
7967 2782 1
7967 3800 1
7967 4351 1
7967 4906 1
7967 5515 1
7967 5663 1
7967 7016 1
7967 7742 1
7968 123 1
7968 879 1
7968 1099 1
7968 2312 1
7968 2462 1
7968 2495 1
7968 3845 1
7968 4035 1
7968 6530 1
7969 154 1
7969 755 1
7969 1213 1
7969 3589 1
7969 3798 1
7969 4529 1
7969 5286 1
7969 6179 1
7969 7738 1
7969 7838 1
7970 344 1
7970 2396 1
7970 2492 1
7970 2835 1
7970 3096 1
7970 3143 1
7970 4311 1
7970 4982 1
7970 7249 1
7970 7771 1
7971 725 1
7971 1000 1
7971 1497 1
7971 1695 1
7971 1745 1
7971 3778 1
7971 4317 1
7971 4393 1
7971 5445 1
7972 5013 1
7972 5740 1
7972 6019 1
7972 6101 1
7972 6515 1
7972 6782 1
7972 6901 1
7972 7079 1
7972 7183 1
7972 7679 1
7972 7945 1
7973 992 1
7973 1326 1
7973 1452 1
7973 2035 1
7973 2964 1
7973 3329 1
7973 3551 1
7973 6155 1
7973 7107 1
7973 7132 1
7973 7140 1
7973 7385 1
7974 9 1
7974 44 1
7974 1278 1
7974 2190 1
7974 2308 1
7974 2809 1
7974 3043 1
7974 3381 1
7974 3452 1
7974 4383 1
7974 4503 1
7974 4557 1
7974 4973 1
7974 5214 1
7974 5338 1
7974 6440 1
7974 7506 1
7975 513 1
7975 1583 1
7975 2752 1
7975 4413 1
7975 5761 1
7975 6759 1
7976 2026 1
7976 2565 1
7976 2744 1
7976 3095 1
7976 3609 1
7976 4721 1
7976 4816 1
7976 7455 1
7977 3626 1
7977 3740 1
7977 3971 1
7977 4218 1
7977 4938 1
7977 5385 1
7977 5542 1
7977 6077 1
7977 6997 1
7977 7402 1
7977 7562 1
7978 2602 1
7978 3246 1
7978 4049 1
7978 4311 1
7978 4833 1
7978 4982 1
7978 5309 1
7978 7616 1
7978 7872 1
7979 4625 1
7980 694 1
7980 2480 1
7980 3558 1
7980 4378 1
7980 4551 1
7980 4816 1
7980 5759 1
7980 5922 1
7980 7518 1
7981 324 1
7981 1006 1
7981 1560 1
7981 1644 1
7981 1778 1
7981 2472 1
7981 2591 1
7981 3471 1
7981 3742 1
7982 180 1
7982 2079 1
7982 4926 1
7982 5221 1
7982 5329 1
7982 6172 1
7982 7504 1
7982 7736 1
7983 1912 1
7983 2184 1
7983 3827 1
7983 6361 1
7984 3 1
7984 129 1
7984 293 1
7984 673 1
7984 682 1
7984 1041 1
7984 1061 1
7984 2615 1
7984 2689 1
7984 3735 1
7984 4800 1
7984 6152 1
7984 6821 1
7984 7472 1
7985 4379 1
7985 5055 1
7985 7097 1
7986 7340 1
7987 5031 1
7987 5194 1
7987 6134 1
7988 2730 1
7988 3800 1
7988 4873 1
7988 7967 1
7989 2171 1
7989 2919 1
7989 3315 1
7989 3412 1
7989 3868 1
7989 4224 1
7990 591 1
7990 4693 1
7990 5783 1
7990 6289 1
7990 7040 1
7990 7521 1
7991 782 1
7991 877 1
7991 1892 1
7991 2244 1
7991 3267 1
7991 3277 1
7991 4077 1
7991 4926 1
7991 5588 1
7991 5684 1
7991 5721 1
7991 5743 1
7991 5977 1
7991 6139 1
7991 6338 1
7991 6468 1
7991 6804 1
7991 6932 1
7991 7458 1
7991 7828 1
7991 7956 1
7992 521 1
7992 1921 1
7992 4646 1
7992 4687 1
7993 1049 1
7993 1544 1
7993 1798 1
7993 1918 1
7993 2837 1
7993 4812 1
7993 5441 1
7993 5842 1
7993 6329 1
7993 6824 1
7993 7934 1
7994 1606 1
7994 2273 1
7994 2331 1
7994 2501 1
7994 2628 1
7994 2715 1
7994 7324 1
7994 7735 1
7995 56 1
7995 256 1
7995 372 1
7995 481 1
7995 658 1
7995 748 1
7995 787 1
7995 1388 1
7995 1939 1
7995 1973 1
7995 2220 1
7995 2294 1
7995 2349 1
7995 3003 1
7995 3422 1
7995 3459 1
7995 4094 1
7995 4193 1
7995 4224 1
7995 4584 1
7995 4982 1
7995 5812 1
7995 5822 1
7995 5976 1
7995 6472 1
7995 6926 1
7995 6975 1
7995 7159 1
7995 7192 1
7995 7285 1
7995 7315 1
7995 7383 1
7995 7582 1
7996 4400 1
7996 7155 1
7996 7595 1
7996 7778 1
7997 1187 1
7997 4579 1
7997 5244 1
7998 1825 1
7998 2365 1
7998 2926 1
7998 7958 1
7999 77 1
7999 1032 1
7999 1298 1
7999 3056 1
7999 3467 1
7999 5255 1
7999 5622 1
7999 6320 1
7999 6716 1
7999 7351 1
7999 7522 1
7999 7620 1
8000 4808 1
8000 4828 1
8000 7125 1
8000 7259 1
8000 7687 1
8001 137 1
8001 2170 1
8001 3692 1
8001 5083 1
8001 6162 1
8001 7057 1
8002 3035 1
8002 3412 1
8002 4224 1
8002 4987 1
8002 7168 1
8003 700 1
8003 7597 1
8004 256 1
8004 480 1
8004 658 1
8004 787 1
8004 2242 1
8004 2294 1
8004 2349 1
8004 3771 1
8004 5309 1
8004 5770 1
8004 6472 1
8004 7315 1
8005 1001 1
8005 1642 1
8005 2653 1
8005 2849 1
8005 6009 1
8006 275 1
8006 756 1
8006 1133 1
8006 6750 1
8007 763 1
8007 2627 1
8007 3092 1
8007 4448 1
8007 5626 1
8007 6424 1
8007 6619 1
8007 6925 1
8007 7096 1
8008 1887 1
8008 4873 1
8008 7967 1
8009 4058 1
8009 7883 1
8010 229 1
8010 330 1
8010 2298 1
8010 2739 1
8010 3456 1
8010 3664 1
8010 4829 1
8010 5568 1
8010 5926 1
8011 661 1
8011 1515 1
8011 2584 1
8011 3180 1
8011 5110 1
8012 2918 1
8012 5914 1
8013 794 1
8013 1830 1
8013 6147 1
8014 970 1
8014 3200 1
8014 4276 1
8014 5522 1
8014 6317 1
8014 6471 1
8014 7303 1
8014 7647 1
8015 2579 1
8015 3549 1
8015 4975 1
8015 5310 1
8015 6590 1
8015 7484 1
8016 4390 1
8016 4464 1
8016 4479 1
8016 6944 1
8017 237 1
8017 727 1
8017 954 1
8017 1762 1
8017 3708 1
8017 4414 1
8017 5347 1
8017 5519 1
8017 5768 1
8018 23 1
8018 4146 1
8018 6180 1
8018 6338 1
8018 6708 1
8018 7848 1
8018 7956 1
8019 1260 1
8019 7653 1
8020 141 1
8020 1013 1
8020 1109 1
8020 1271 1
8020 1843 1
8020 2011 1
8020 2670 1
8020 3525 1
8020 3885 1
8020 3940 1
8020 4570 1
8020 4660 1
8020 4732 1
8020 4735 1
8020 5880 1
8020 5920 1
8020 6218 1
8020 6451 1
8020 6641 1
8020 7127 1
8021 1358 1
8021 1451 1
8021 3206 1
8021 3400 1
8021 4209 1
8021 5118 1
8021 5237 1
8021 6370 1
8021 6751 1
8021 7349 1
8022 307 1
8022 555 1
8022 1448 1
8022 2915 1
8022 6053 1
8022 7431 1
8023 1871 1
8023 5109 1
8024 1007 1
8024 2620 1
8024 3131 1
8024 6919 1
8024 7669 1
8025 2946 1
8025 3794 1
8025 7379 1
8026 18 1
8026 176 1
8026 1475 1
8026 1653 1
8026 2705 1
8026 3223 1
8026 3458 1
8026 3885 1
8026 3909 1
8026 4081 1
8026 4378 1
8026 4418 1
8026 4502 1
8026 4816 1
8026 4984 1
8026 5233 1
8026 5304 1
8026 5683 1
8026 5922 1
8026 6113 1
8026 6597 1
8026 7152 1
8026 7219 1
8026 7251 1
8026 7261 1
8026 7467 1
8027 1142 1
8027 1993 1
8027 3105 1
8027 3626 1
8027 4878 1
8027 7049 1
8027 7695 1
8028 2526 1
8029 1939 1
8029 4014 1
8029 5499 1
8029 7159 1
8030 543 1
8030 553 1
8030 1795 1
8030 2401 1
8030 2412 1
8030 3725 1
8030 5066 1
8030 5478 1
8030 5655 1
8030 5809 1
8030 6721 1
8030 6999 1
8031 1379 1
8031 2280 1
8031 2634 1
8031 5548 1
8032 751 1
8032 762 1
8032 1778 1
8032 3958 1
8032 5762 1
8032 6379 1
8032 7130 1
8032 7941 1
8033 4655 1
8033 4839 1
8034 1166 1
8035 6627 1
8035 6645 1
8035 7228 1
8035 7786 1
8036 272 1
8036 460 1
8036 538 1
8036 592 1
8036 602 1
8036 1170 1
8036 1408 1
8036 1632 1
8036 1733 1
8036 2619 1
8036 3737 1
8036 3923 1
8036 4401 1
8036 4408 1
8036 4687 1
8036 4859 1
8036 5253 1
8036 5265 1
8036 5579 1
8036 5807 1
8036 5849 1
8036 5989 1
8036 6462 1
8036 6759 1
8036 6948 1
8036 6965 1
8036 7173 1
8036 7513 1
8037 167 1
8037 1090 1
8037 1205 1
8037 2729 1
8037 3650 1
8037 3842 1
8037 4414 1
8037 5327 1
8037 6495 1
8037 7499 1
8038 183 1
8038 3006 1
8038 3045 1
8038 4347 1
8038 5587 1
8039 129 1
8039 2624 1
8039 2752 1
8039 3108 1
8039 3550 1
8039 3575 1
8039 3896 1
8039 4753 1
8039 5369 1
8039 5535 1
8039 5562 1
8039 5810 1
8039 5957 1
8039 6071 1
8039 6249 1
8039 6861 1
8040 3256 1
8040 7330 1
8041 666 1
8041 2384 1
8041 6850 1
8042 4889 1
8042 5558 1
8043 858 1
8043 1499 1
8043 4853 1
8043 5022 1
8044 405 1
8044 6267 1
8045 3100 1
8045 6338 1
8045 6347 1
8045 6639 1
8046 5794 1
8046 5815 1
8046 5940 1
8046 7635 1
8047 169 1
8047 309 1
8047 402 1
8047 468 1
8047 552 1
8047 558 1
8047 1113 1
8047 1391 1
8047 1592 1
8047 1980 1
8047 2624 1
8047 4025 1
8047 4281 1
8047 5620 1
8047 6358 1
8047 6701 1
8047 6971 1
8047 7103 1
8047 7762 1
8047 7888 1
8048 2160 1
8048 2817 1
8048 5546 1
8048 6930 1
8049 12 1
8049 677 1
8049 1417 1
8049 1697 1
8049 1778 1
8049 1958 1
8049 1967 1
8049 5384 1
8049 6190 1
8049 6378 1
8049 6780 1
8049 7130 1
8049 7157 1
8050 554 1
8050 3764 1
8051 3369 1
8051 3806 1
8051 4811 1
8051 5356 1
8051 7002 1
8051 7014 1
8051 7384 1
8051 7672 1
8052 4884 1
8052 5062 1
8053 4152 1
8054 35 1
8054 1272 1
8054 2481 1
8054 2636 1
8054 3326 1
8054 4204 1
8054 4714 1
8054 5229 1
8054 7395 1
8054 7588 1
8054 7609 1
8055 4170 1
8055 4884 1
8055 6354 1
8055 6762 1
8055 7247 1
8056 1419 1
8056 7733 1
8057 827 1
8057 1197 1
8057 1514 1
8057 3001 1
8057 3236 1
8057 3866 1
8057 6014 1
8057 7943 1
8058 7860 1
8059 605 1
8059 2044 1
8059 2219 1
8059 2491 1
8059 2792 1
8059 3119 1
8059 3554 1
8059 4420 1
8059 7951 1
8060 725 1
8060 1000 1
8060 1697 1
8060 1926 1
8060 2166 1
8060 2325 1
8060 2590 1
8060 2738 1
8060 2961 1
8060 3485 1
8060 3640 1
8060 3697 1
8060 3744 1
8060 4090 1
8060 4155 1
8060 4349 1
8060 4472 1
8060 5118 1
8060 5607 1
8060 6044 1
8060 6153 1
8060 6208 1
8060 6630 1
8060 6757 1
8060 7094 1
8060 7129 1
8060 7349 1
8060 8049 1
8061 1149 1
8061 3176 1
8062 610 1
8062 1150 1
8062 2009 1
8062 3575 1
8063 4245 1
8063 5082 1
8063 7441 1
8063 7864 1
8064 1355 1
8064 5274 1
8064 5608 1
8064 5700 1
8064 6568 1
8065 560 1
8065 664 1
8065 1476 1
8065 1854 1
8065 4122 1
8065 4277 1
8065 4860 1
8065 5316 1
8065 5357 1
8065 6361 1
8065 6497 1
8065 6762 1
8065 7949 1
8066 928 1
8066 1050 1
8066 2034 1
8066 2161 1
8066 2190 1
8066 4161 1
8066 4275 1
8066 5365 1
8066 5541 1
8066 7416 1
8066 7551 1
8067 1180 1
8067 5245 1
8067 6818 1
8068 4452 1
8068 4981 1
8068 6391 1
8069 6612 1
8069 7103 1
8070 1971 1
8070 3003 1
8070 3487 1
8070 3954 1
8070 3979 1
8070 4014 1
8070 4510 1
8070 4552 1
8070 6275 1
8070 7162 1
8070 7802 1
8070 7809 1
8071 663 1
8071 1538 1
8071 3360 1
8071 3545 1
8071 3767 1
8071 4055 1
8072 1765 1
8072 2735 1
8072 5698 1
8072 7047 1
8073 5257 1
8074 75 1
8074 552 1
8074 749 1
8074 1816 1
8074 1916 1
8074 2089 1
8074 2152 1
8074 3023 1
8074 3136 1
8074 3689 1
8074 3990 1
8074 5566 1
8074 7762 1
8075 439 1
8075 1098 1
8075 1595 1
8075 1639 1
8075 1816 1
8075 2213 1
8075 2841 1
8075 3108 1
8075 5079 1
8075 5492 1
8075 5566 1
8075 5756 1
8075 7613 1
8075 8074 1
8076 1411 1
8076 1620 1
8076 1967 1
8076 2650 1
8076 4839 1
8076 5475 1
8076 5495 1
8076 6960 1
8076 7621 1
8077 12 1
8077 595 1
8077 941 1
8077 1166 1
8077 1467 1
8077 1476 1
8077 1967 1
8077 2093 1
8077 2151 1
8077 2448 1
8077 2450 1
8077 4228 1
8077 4304 1
8077 4449 1
8077 4483 1
8077 4585 1
8077 4701 1
8077 5144 1
8077 5738 1
8077 5820 1
8077 6236 1
8077 6391 1
8077 6934 1
8078 100 1
8078 137 1
8078 158 1
8078 181 1
8078 737 1
8078 931 1
8078 6520 1
8078 8001 1
8079 2356 1
8079 5876 1
8079 6654 1
8080 2171 1
8080 5437 1
8081 572 1
8081 2340 1
8081 4095 1
8081 4222 1
8081 4965 1
8081 5084 1
8081 5435 1
8081 5570 1
8081 5578 1
8081 6777 1
8082 7013 1
8083 156 1
8083 1003 1
8083 1567 1
8083 1883 1
8083 2033 1
8083 3571 1
8083 4325 1
8083 4896 1
8083 5056 1
8083 5167 1
8083 5786 1
8083 7110 1
8083 7844 1
8084 514 1
8084 1648 1
8084 3346 1
8084 4273 1
8085 176 1
8085 347 1
8085 546 1
8085 563 1
8085 882 1
8085 919 1
8085 2329 1
8085 2690 1
8085 3441 1
8085 3623 1
8085 3836 1
8085 4081 1
8085 4372 1
8085 4527 1
8085 4816 1
8085 4949 1
8085 7359 1
8085 7378 1
8085 7598 1
8086 552 1
8086 1665 1
8086 2702 1
8086 2804 1
8086 3229 1
8086 3593 1
8086 4600 1
8086 4753 1
8086 5241 1
8086 5497 1
8086 5562 1
8086 5590 1
8086 6553 1
8086 6570 1
8087 87 1
8088 689 1
8089 113 1
8089 575 1
8089 960 1
8089 964 1
8089 1304 1
8089 6837 1
8089 7252 1
8090 476 1
8090 535 1
8090 2554 1
8090 3493 1
8090 3701 1
8090 4635 1
8090 5023 1
8090 5238 1
8090 6355 1
8090 6444 1
8090 6681 1
8090 6936 1
8090 7158 1
8091 517 1
8091 651 1
8091 725 1
8091 1100 1
8091 1279 1
8091 1497 1
8091 1686 1
8091 2470 1
8091 2623 1
8091 3414 1
8091 3639 1
8091 3665 1
8091 3744 1
8091 3859 1
8091 5289 1
8092 365 1
8092 841 1
8092 1576 1
8092 2958 1
8092 3817 1
8093 369 1
8093 1035 1
8093 2846 1
8093 5697 1
8094 2516 1
8094 5528 1
8094 6038 1
8094 7546 1
8094 7672 1
8095 1616 1
8095 1631 1
8095 1896 1
8095 2682 1
8095 5951 1
8096 797 1
8096 4101 1
8096 4225 1
8096 4247 1
8096 4497 1
8096 4805 1
8096 6297 1
8096 7075 1
8096 7195 1
8096 7679 1
8097 747 1
8097 1113 1
8097 1231 1
8097 1604 1
8097 1916 1
8097 2347 1
8097 3147 1
8097 4587 1
8097 4780 1
8097 5369 1
8097 5802 1
8097 5810 1
8097 6670 1
8097 7003 1
8097 7332 1
8098 336 1
8098 659 1
8098 1977 1
8098 3998 1
8098 4323 1
8098 5120 1
8098 6692 1
8099 219 1
8099 3618 1
8099 3850 1
8100 426 1
8100 1108 1
8100 1594 1
8100 4316 1
8100 6017 1
8101 861 1
8101 3283 1
8101 4019 1
8101 5070 1
8102 712 1
8102 897 1
8102 1108 1
8102 1223 1
8102 1278 1
8102 1594 1
8102 3317 1
8102 3776 1
8102 7089 1
8102 7497 1
8103 3361 1
8103 3411 1
8103 5774 1
8103 6646 1
8104 168 1
8104 1871 1
8105 6770 1
8106 1326 1
8106 1576 1
8106 2138 1
8106 3626 1
8106 5308 1
8106 6205 1
8106 7140 1
8106 7398 1
8107 6338 1
8107 6639 1
8107 6932 1
8107 7956 1
8107 7991 1
8108 35 1
8108 151 1
8108 2636 1
8108 3734 1
8108 4096 1
8108 5229 1
8108 5811 1
8109 5435 1
8109 8081 1
8110 7280 1
8111 541 1
8111 941 1
8112 4425 1
8112 4818 1
8112 6104 1
8112 6463 1
8112 6891 1
8113 4311 1
8113 5084 1
8114 4400 1
8114 4727 1
8114 5783 1
8114 6728 1
8115 1534 1
8115 3200 1
8115 3278 1
8115 5790 1
8116 2752 1
8117 5535 1
8118 115 1
8118 440 1
8118 698 1
8118 3427 1
8118 7818 1
8119 992 1
8119 1326 1
8119 2964 1
8119 3329 1
8119 3626 1
8119 4132 1
8119 6205 1
8119 7107 1
8119 7132 1
8119 7140 1
8119 7581 1
8119 7607 1
8119 7973 1
8119 8106 1
8120 363 1
8120 749 1
8120 1325 1
8120 5504 1
8121 1120 1
8121 1523 1
8121 2394 1
8121 3473 1
8121 4436 1
8121 7176 1
8122 2085 1
8122 2116 1
8122 2215 1
8122 3926 1
8122 4272 1
8122 5228 1
8122 6660 1
8122 6981 1
8123 4614 1
8123 7324 1
8123 7994 1
8124 12 1
8124 731 1
8124 1467 1
8124 1771 1
8124 1778 1
8124 2150 1
8124 2614 1
8124 3362 1
8124 3782 1
8124 4449 1
8124 4483 1
8124 6735 1
8124 6943 1
8125 408 1
8125 1929 1
8125 2324 1
8125 2608 1
8125 2951 1
8125 3293 1
8125 3374 1
8125 3798 1
8125 4942 1
8125 6981 1
8125 7403 1
8126 3200 1
8126 3399 1
8126 5656 1
8126 7091 1
8127 667 1
8127 1298 1
8127 1645 1
8127 2005 1
8127 2380 1
8127 2430 1
8127 3388 1
8127 5032 1
8127 6630 1
8127 6828 1
8127 6940 1
8127 7042 1
8127 7197 1
8127 7198 1
8127 7387 1
8128 1685 1
8128 2206 1
8128 5560 1
8128 6038 1
8128 6913 1
8128 7338 1
8129 1264 1
8129 2089 1
8129 6861 1
8130 1173 1
8130 2580 1
8130 2603 1
8130 4226 1
8130 4283 1
8130 6019 1
8130 6192 1
8131 4 1
8131 209 1
8131 311 1
8131 643 1
8131 830 1
8131 2913 1
8131 5581 1
8132 7627 1
8132 7890 1
8133 245 1
8133 356 1
8133 558 1
8133 1038 1
8133 2633 1
8133 2702 1
8133 2970 1
8133 3145 1
8133 6034 1
8133 7009 1
8133 7149 1
8133 7675 1
8134 617 1
8134 3211 1
8134 3389 1
8134 3392 1
8134 3419 1
8134 3906 1
8134 4029 1
8134 4075 1
8134 6566 1
8134 6995 1
8134 7816 1
8135 440 1
8135 2103 1
8135 4121 1
8135 4910 1
8135 5544 1
8135 7678 1
8136 327 1
8136 446 1
8136 1788 1
8136 2464 1
8136 2760 1
8136 3060 1
8136 3288 1
8136 3373 1
8136 3618 1
8136 4820 1
8136 4821 1
8136 7852 1
8136 8099 1
8137 265 1
8137 957 1
8137 1034 1
8137 4890 1
8137 5519 1
8137 6120 1
8137 6538 1
8137 6680 1
8137 6984 1
8138 160 1
8138 344 1
8138 1844 1
8138 1906 1
8138 2212 1
8138 2242 1
8138 2396 1
8138 2423 1
8138 2492 1
8138 2635 1
8138 2835 1
8138 3096 1
8138 3143 1
8138 3246 1
8138 3561 1
8138 3648 1
8138 3670 1
8138 3979 1
8138 4552 1
8138 4850 1
8138 4951 1
8138 4982 1
8138 5088 1
8138 5389 1
8138 5617 1
8138 6212 1
8138 7162 1
8138 7249 1
8138 7446 1
8138 7970 1
8138 8070 1
8139 314 1
8139 3666 1
8139 3952 1
8139 4376 1
8139 5176 1
8139 5517 1
8139 5653 1
8139 5662 1
8139 5833 1
8139 6080 1
8140 1524 1
8140 3844 1
8140 5852 1
8140 7479 1
8141 132 1
8141 326 1
8141 476 1
8141 784 1
8141 1038 1
8141 1298 1
8141 2005 1
8141 2020 1
8141 2107 1
8141 2281 1
8141 2283 1
8141 2360 1
8141 2386 1
8141 2734 1
8141 2964 1
8141 2966 1
8141 3112 1
8141 3225 1
8141 3360 1
8141 3555 1
8141 3755 1
8141 4305 1
8141 4513 1
8141 5103 1
8141 5251 1
8141 5655 1
8141 5867 1
8141 5896 1
8141 6401 1
8141 7237 1
8141 7438 1
8141 7671 1
8141 7698 1
8141 7735 1
8142 366 1
8142 1688 1
8142 2372 1
8142 3136 1
8142 3255 1
8142 5763 1
8142 5978 1
8142 6752 1
8143 1166 1
8143 1557 1
8143 1695 1
8143 1700 1
8143 1702 1
8143 2793 1
8143 4308 1
8144 1494 1
8144 1964 1
8144 2676 1
8144 2860 1
8144 3000 1
8144 3465 1
8144 5106 1
8144 5221 1
8144 5691 1
8144 6172 1
8144 7946 1
8145 4462 1
8146 246 1
8146 1430 1
8146 2733 1
8146 4610 1
8146 4948 1
8147 1391 1
8147 1665 1
8147 4515 1
8147 5482 1
8147 5900 1
8148 521 1
8148 3136 1
8148 8074 1
8149 3650 1
8149 3747 1
8149 4487 1
8149 5168 1
8149 6344 1
8149 7121 1
8150 848 1
8150 2367 1
8150 5028 1
8150 5060 1
8150 5149 1
8150 6324 1
8151 3097 1
8151 6017 1
8152 4563 1
8152 7458 1
8153 6389 1
8154 6826 1
8155 1205 1
8155 3161 1
8155 3278 1
8155 4294 1
8155 4452 1
8155 4462 1
8155 4468 1
8155 4529 1
8155 4541 1
8155 4586 1
8155 4645 1
8155 4763 1
8155 5145 1
8155 5483 1
8155 5577 1
8155 5632 1
8155 5790 1
8155 5972 1
8155 6186 1
8155 6319 1
8155 6477 1
8155 6493 1
8155 6695 1
8155 6970 1
8155 7323 1
8155 7582 1
8155 7633 1
8155 7655 1
8155 7660 1
8155 7666 1
8156 694 1
8156 4378 1
8156 4551 1
8156 4841 1
8156 4984 1
8156 5673 1
8156 5784 1
8157 1141 1
8157 2960 1
8157 3925 1
8158 1716 1
8158 2745 1
8158 2761 1
8158 3927 1
8158 4121 1
8158 4362 1
8158 4643 1
8158 4814 1
8158 4879 1
8158 4884 1
8158 4935 1
8158 5464 1
8158 5838 1
8158 6089 1
8158 6299 1
8158 6403 1
8158 6510 1
8158 7144 1
8158 7565 1
8158 7672 1
8158 7856 1
8158 7940 1
8159 258 1
8159 423 1
8159 1411 1
8159 2068 1
8159 2650 1
8159 3639 1
8159 4166 1
8159 4554 1
8159 5289 1
8159 5606 1
8159 6030 1
8159 7621 1
8159 8076 1
8160 5404 1
8161 1195 1
8161 1614 1
8161 1752 1
8161 2754 1
8161 3715 1
8161 6570 1
8161 6803 1
8161 6911 1
8161 6986 1
8162 4617 1
8162 4962 1
8162 5096 1
8162 5206 1
8162 5376 1
8162 5940 1
8162 6681 1
8162 6955 1
8163 12 1
8163 1778 1
8164 576 1
8164 1642 1
8164 2060 1
8164 3449 1
8164 6667 1
8164 6943 1
8164 7622 1
8164 7915 1
8165 238 1
8165 897 1
8165 1569 1
8165 1637 1
8165 1690 1
8165 3334 1
8165 3858 1
8165 5810 1
8165 6167 1
8165 6253 1
8165 7005 1
8165 7497 1
8166 343 1
8166 374 1
8166 721 1
8166 1134 1
8166 1864 1
8166 3577 1
8166 6100 1
8166 6877 1
8167 2348 1
8167 4170 1
8167 4657 1
8167 5951 1
8167 5983 1
8167 6115 1
8167 7511 1
8167 8095 1
8168 174 1
8168 430 1
8168 724 1
8168 805 1
8168 1344 1
8168 1856 1
8168 1924 1
8168 2086 1
8168 2457 1
8168 2706 1
8168 3270 1
8168 3897 1
8168 3985 1
8168 4157 1
8168 5374 1
8168 6842 1
8168 6862 1
8169 1293 1
8169 1842 1
8169 1989 1
8169 2311 1
8169 3930 1
8169 4224 1
8169 6484 1
8169 6833 1
8169 7851 1
8170 882 1
8170 978 1
8170 2141 1
8170 2181 1
8170 2564 1
8170 5339 1
8170 5683 1
8170 7019 1
8170 7160 1
8171 132 1
8171 476 1
8171 2360 1
8171 3360 1
8171 3729 1
8171 5023 1
8171 5086 1
8171 6327 1
8171 6681 1
8171 6874 1
8171 8141 1
8172 307 1
8172 527 1
8172 1177 1
8172 1820 1
8172 2040 1
8172 2865 1
8172 2907 1
8172 3398 1
8172 4259 1
8172 4942 1
8172 4956 1
8173 5805 1
8173 8073 1
8174 2094 1
8174 7846 1
8175 1511 1
8175 2049 1
8175 2211 1
8175 2638 1
8175 4314 1
8175 4359 1
8175 5228 1
8175 6982 1
8176 383 1
8176 2238 1
8176 3370 1
8176 3987 1
8176 5787 1
8176 6054 1
8176 6903 1
8176 7459 1
8177 1748 1
8177 1758 1
8177 3571 1
8177 4226 1
8177 5125 1
8177 7403 1
8178 1518 1
8178 2836 1
8179 242 1
8179 416 1
8179 1466 1
8179 2367 1
8179 4046 1
8179 7386 1
8179 7428 1
8180 589 1
8180 2545 1
8180 4446 1
8180 6590 1
8181 1643 1
8181 2423 1
8181 3959 1
8181 4834 1
8181 7537 1
8182 77 1
8182 326 1
8182 2197 1
8182 3056 1
8182 3467 1
8182 3721 1
8182 4051 1
8182 5255 1
8182 5539 1
8182 6256 1
8182 6442 1
8182 7999 1
8183 6260 1
8183 6892 1
8184 1205 1
8184 1246 1
8184 3842 1
8184 4529 1
8184 4586 1
8184 4763 1
8184 6235 1
8184 6477 1
8184 6695 1
8184 6970 1
8184 7582 1
8184 7666 1
8184 7802 1
8184 8155 1
8185 4199 1
8185 6518 1
8185 6943 1
8185 7421 1
8186 941 1
8186 1550 1
8186 1716 1
8186 2111 1
8186 2745 1
8186 3927 1
8186 4082 1
8186 4121 1
8186 4199 1
8186 4292 1
8186 4296 1
8186 4362 1
8186 4474 1
8186 4581 1
8186 4643 1
8186 4683 1
8186 4814 1
8186 4879 1
8186 4883 1
8186 4884 1
8186 4935 1
8186 5140 1
8186 5204 1
8186 5634 1
8186 5783 1
8186 5838 1
8186 5954 1
8186 6001 1
8186 6025 1
8186 6089 1
8186 6146 1
8186 6259 1
8186 6271 1
8186 6299 1
8186 6458 1
8186 6510 1
8186 6571 1
8186 7072 1
8186 7144 1
8186 7203 1
8186 7940 1
8186 7960 1
8187 1543 1
8188 254 1
8188 330 1
8188 738 1
8188 784 1
8188 1150 1
8188 1209 1
8188 1782 1
8188 1969 1
8188 2511 1
8188 3140 1
8188 3341 1
8188 3424 1
8188 4249 1
8188 5103 1
8188 5926 1
8188 6062 1
8188 6278 1
8188 7049 1
8188 7218 1
8188 7735 1
8189 668 1
8189 809 1
8189 860 1
8189 1023 1
8189 2190 1
8189 3697 1
8189 4973 1
8189 7638 1
8190 238 1
8190 1626 1
8190 1637 1
8190 2268 1
8190 3331 1
8190 3858 1
8190 4389 1
8190 4973 1
8190 5692 1
8190 6031 1
8190 7332 1
8190 8165 1
8191 1039 1
8191 3574 1
8191 7894 1
8192 600 1
8192 1131 1
8192 1562 1
8192 6486 1
8193 444 1
8193 992 1
8193 1326 1
8193 2964 1
8193 3329 1
8193 4132 1
8193 4135 1
8193 5778 1
8193 6155 1
8193 6205 1
8193 6320 1
8193 7107 1
8193 7140 1
8193 7385 1
8193 7581 1
8193 8119 1
8194 25 1
8194 326 1
8194 330 1
8194 509 1
8194 663 1
8194 738 1
8194 1398 1
8194 2412 1
8194 2734 1
8194 2956 1
8194 3140 1
8194 4305 1
8194 4513 1
8194 5032 1
8194 5103 1
8194 6537 1
8194 6616 1
8194 7438 1
8194 7576 1
8194 7735 1
8194 8141 1
8195 335 1
8195 628 1
8195 3896 1
8195 6701 1
8195 8047 1
8196 558 1
8196 2128 1
8196 3023 1
8196 3145 1
8196 4572 1
8196 4753 1
8196 5212 1
8197 740 1
8197 1476 1
8197 4110 1
8197 4458 1
8197 4484 1
8198 1080 1
8198 1992 1
8198 3821 1
8198 4322 1
8198 5970 1
8198 6160 1
8198 7325 1
8199 1137 1
8199 1645 1
8199 2005 1
8199 2316 1
8199 2419 1
8199 3592 1
8199 4051 1
8199 5032 1
8199 5485 1
8199 5514 1
8199 5867 1
8199 5879 1
8199 7198 1
8199 7494 1
8199 7641 1
8199 8127 1
8199 8182 1
8200 2103 1
8200 7678 1
8201 550 1
8201 712 1
8201 1298 1
8201 2005 1
8201 4055 1
8201 8071 1
8202 877 1
8202 1120 1
8202 3812 1
8202 4436 1
8202 4983 1
8202 7284 1
8202 7741 1
8202 8121 1
8203 35 1
8203 2443 1
8203 2481 1
8203 3326 1
8203 3734 1
8203 3938 1
8203 4430 1
8203 5229 1
8203 5468 1
8203 7395 1
8203 7457 1
8204 408 1
8204 658 1
8204 1520 1
8204 1929 1
8204 2602 1
8204 2608 1
8204 3022 1
8204 4942 1
8204 5437 1
8204 5652 1
8204 5858 1
8204 7927 1
8204 8125 1
8205 2005 1
8205 2105 1
8205 2964 1
8205 3669 1
8205 5568 1
8205 5896 1
8205 5926 1
8205 6320 1
8205 6340 1
8205 6436 1
8205 7581 1
8205 8193 1
8206 2384 1
8206 2724 1
8206 3222 1
8206 5560 1
8206 7750 1
8207 299 1
8207 5071 1
8207 7845 1
8208 556 1
8208 882 1
8208 1155 1
8208 3441 1
8208 4456 1
8208 4820 1
8208 4943 1
8208 5685 1
8208 5690 1
8208 6395 1
8208 6503 1
8208 7160 1
8209 1308 1
8209 1479 1
8209 1939 1
8209 3003 1
8209 3522 1
8209 4529 1
8209 4541 1
8209 5113 1
8209 5577 1
8209 5972 1
8209 7323 1
8209 7582 1
8209 7633 1
8209 8155 1
8210 19 1
8210 3351 1
8210 3579 1
8210 5888 1
8211 1974 1
8211 2542 1
8211 3451 1
8211 6509 1
8211 6923 1
8212 196 1
8212 293 1
8212 1092 1
8212 1124 1
8212 1264 1
8212 1872 1
8212 2576 1
8212 5334 1
8212 5492 1
8212 5497 1
8212 5849 1
8212 6055 1
8212 7472 1
8212 7515 1
8213 153 1
8213 504 1
8213 971 1
8213 1075 1
8213 1388 1
8213 1642 1
8213 1658 1
8213 2072 1
8213 3449 1
8213 4094 1
8213 4928 1
8213 6091 1
8213 6425 1
8213 6771 1
8213 7753 1
8214 119 1
8214 3494 1
8214 3828 1
8214 5174 1
8215 180 1
8215 1137 1
8215 3370 1
8215 4688 1
8215 5262 1
8215 6703 1
8215 7459 1
8216 1362 1
8216 2389 1
8216 3215 1
8216 3292 1
8216 3864 1
8216 4631 1
8216 4888 1
8216 4979 1
8217 100 1
8217 156 1
8217 277 1
8217 393 1
8217 1161 1
8217 2445 1
8217 3565 1
8217 4002 1
8217 6717 1
8217 7878 1
8218 4827 1
8218 5415 1
8218 5659 1
8218 7676 1
8219 2289 1
8219 2516 1
8219 3402 1
8219 3772 1
8219 4811 1
8219 5528 1
8219 5703 1
8219 5765 1
8219 6175 1
8220 553 1
8220 613 1
8220 2313 1
8220 3102 1
8220 3291 1
8220 4793 1
8220 5960 1
8220 7628 1
8221 1736 1
8222 3451 1
8222 4774 1
8223 99 1
8223 383 1
8223 1251 1
8223 3023 1
8223 4600 1
8223 4795 1
8223 5631 1
8224 3362 1
8224 4193 1
8224 4827 1
8224 4884 1
8224 4935 1
8224 5531 1
8224 5783 1
8225 408 1
8225 2602 1
8225 4434 1
8225 5792 1
8225 8125 1
8226 75 1
8226 169 1
8226 196 1
8226 898 1
8226 1592 1
8226 2372 1
8226 2416 1
8226 3870 1
8226 4491 1
8226 5305 1
8227 4121 1
8227 5100 1
8227 5394 1
8227 7020 1
8227 8186 1
8228 1024 1
8228 2596 1
8228 4908 1
8228 6711 1
8228 6884 1
8229 261 1
8229 3516 1
8229 5099 1
8229 5193 1
8229 5607 1
8229 7686 1
8230 252 1
8230 330 1
8230 738 1
8230 866 1
8230 1209 1
8230 1224 1
8230 1767 1
8230 1782 1
8230 3153 1
8230 3555 1
8230 3789 1
8230 4077 1
8230 4269 1
8230 4305 1
8230 4436 1
8230 5721 1
8230 6180 1
8230 6338 1
8230 6401 1
8230 6431 1
8230 6616 1
8230 6804 1
8230 7190 1
8230 7218 1
8230 7700 1
8230 7735 1
8230 7879 1
8230 7991 1
8230 8107 1
8231 4400 1
8231 7595 1
8231 7814 1
8232 1544 1
8232 3454 1
8232 5355 1
8232 6497 1
8232 6964 1
8233 3355 1
8233 4141 1
8233 7834 1
8234 298 1
8234 414 1
8234 827 1
8234 1514 1
8234 3142 1
8234 3236 1
8234 3866 1
8235 314 1
8235 3666 1
8235 3952 1
8235 4204 1
8235 4376 1
8235 5176 1
8235 5517 1
8235 6080 1
8235 7882 1
8236 112 1
8236 336 1
8236 515 1
8236 3992 1
8236 4535 1
8236 5720 1
8236 6376 1
8236 6417 1
8236 6916 1
8236 7228 1
8236 8035 1
8237 882 1
8237 2486 1
8237 2747 1
8237 5132 1
8237 6280 1
8237 6534 1
8237 7870 1
8238 4854 1
8239 7201 1
8239 7923 1
8240 4162 1
8240 6627 1
8240 6645 1
8240 7228 1
8241 363 1
8241 1208 1
8241 1261 1
8241 1592 1
8241 1731 1
8241 2593 1
8241 6251 1
8242 2430 1
8242 3493 1
8242 4116 1
8242 4200 1
8242 4365 1
8242 4635 1
8242 5927 1
8242 5940 1
8242 6681 1
8242 7282 1
8242 7435 1
8242 7454 1
8242 7723 1
8243 1297 1
8243 1578 1
8243 1581 1
8243 2556 1
8243 2662 1
8243 3442 1
8243 3831 1
8243 3863 1
8243 4201 1
8243 5664 1
8243 6036 1
8243 7225 1
8243 7372 1
8243 7909 1
8244 324 1
8244 2959 1
8244 3190 1
8244 3292 1
8244 3989 1
8244 4300 1
8244 5833 1
8244 6787 1
8245 1320 1
8245 3121 1
8246 555 1
8246 2778 1
8246 2915 1
8246 3917 1
8246 4246 1
8246 5119 1
8246 5432 1
8246 5436 1
8246 6863 1
8246 7035 1
8246 7248 1
8246 7301 1
8246 7381 1
8246 8022 1
8247 86 1
8247 2712 1
8248 451 1
8248 466 1
8248 663 1
8248 2706 1
8248 4790 1
8248 7792 1
8249 6729 1
8250 421 1
8250 876 1
8250 3043 1
8250 7908 1
8250 8165 1
8250 8189 1
8250 8190 1
8251 169 1
8251 196 1
8251 898 1
8251 1113 1
8251 1261 1
8251 1731 1
8252 4884 1
8252 5040 1
8253 108 1
8253 160 1
8253 3799 1
8253 5430 1
8253 7959 1
8254 1197 1
8254 2007 1
8255 4056 1
8255 6474 1
8256 35 1
8256 617 1
8256 660 1
8256 856 1
8256 1818 1
8256 2064 1
8256 2883 1
8256 2979 1
8256 3783 1
8256 4298 1
8256 6107 1
8256 6405 1
8256 6469 1
8256 6495 1
8256 7395 1
8256 7588 1
8257 700 1
8257 7597 1
8258 941 1
8258 2111 1
8258 2745 1
8258 3860 1
8258 4082 1
8258 4814 1
8258 4883 1
8258 5204 1
8258 5838 1
8258 6571 1
8258 6749 1
8258 7940 1
8259 174 1
8259 411 1
8259 713 1
8259 2559 1
8259 2838 1
8259 3033 1
8259 3406 1
8259 4129 1
8259 5300 1
8259 5568 1
8259 5613 1
8259 5940 1
8259 6681 1
8259 6894 1
8259 7049 1
8259 7747 1
8260 420 1
8260 4200 1
8260 4365 1
8260 4407 1
8260 5742 1
8260 5927 1
8260 5940 1
8260 6681 1
8260 7454 1
8260 7723 1
8260 8242 1
8261 3774 1
8261 3885 1
8261 4398 1
8261 4421 1
8261 4877 1
8261 5883 1
8261 6098 1
8261 6543 1
8261 6696 1
8261 6985 1
8261 7216 1
8262 967 1
8262 1535 1
8262 1984 1
8262 2688 1
8262 3974 1
8262 4366 1
8262 4603 1
8262 6334 1
8263 179 1
8263 1062 1
8263 1869 1
8263 2414 1
8263 2826 1
8263 3129 1
8263 3306 1
8263 7240 1
8264 237 1
8264 2845 1
8264 3708 1
8264 4414 1
8264 5327 1
8264 6651 1
8264 6760 1
8264 7499 1
8265 1028 1
8265 3031 1
8265 4463 1
8265 5797 1
8266 6065 1
8267 2089 1
8267 2582 1
8267 3464 1
8267 5566 1
8267 5731 1
8268 496 1
8268 1222 1
8268 2036 1
8268 2595 1
8268 2855 1
8268 3110 1
8268 5273 1
8268 5323 1
8268 5477 1
8268 5725 1
8268 6771 1
8268 7893 1
8268 7915 1
8269 6 1
8269 57 1
8269 553 1
8269 738 1
8269 2217 1
8269 2455 1
8269 2530 1
8269 2594 1
8269 3033 1
8269 3042 1
8269 4212 1
8269 4218 1
8269 4232 1
8269 4338 1
8269 5066 1
8269 5809 1
8269 6750 1
8269 6823 1
8269 6940 1
8269 6999 1
8269 7139 1
8269 7393 1
8269 7402 1
8269 7773 1
8269 7905 1
8269 8030 1
8269 8227 1
8270 1107 1
8270 4796 1
8270 5920 1
8270 6640 1
8270 7241 1
8271 7653 1
8272 860 1
8272 1223 1
8272 3462 1
8272 4319 1
8272 4973 1
8272 7497 1
8272 7638 1
8272 8189 1
8273 321 1
8273 853 1
8273 1731 1
8273 2403 1
8273 2616 1
8273 6877 1
8273 7356 1
8274 1038 1
8274 3555 1
8274 3914 1
8274 4030 1
8274 4412 1
8274 6064 1
8274 7237 1
8274 7269 1
8274 7735 1
8275 2121 1
8275 2146 1
8275 2857 1
8275 2949 1
8275 3220 1
8275 3947 1
8276 1953 1
8276 2772 1
8276 5003 1
8276 7948 1
8277 5687 1
8277 7929 1
8278 2857 1
8278 2949 1
8278 2987 1
8278 7003 1
8278 8275 1
8279 257 1
8279 383 1
8279 5369 1
8280 3160 1
8280 4846 1
8280 5221 1
8280 5739 1
8280 8144 1
8281 879 1
8281 1099 1
8281 2462 1
8281 2495 1
8281 3571 1
8281 3845 1
8281 4662 1
8282 2523 1
8282 3437 1
8282 6376 1
8282 6455 1
8282 6501 1
8282 7642 1
8283 3227 1
8283 4092 1
8283 7800 1
8284 408 1
8284 2324 1
8284 2951 1
8284 3374 1
8284 3708 1
8284 3787 1
8284 3798 1
8284 4243 1
8284 4743 1
8284 6760 1
8284 6981 1
8284 7403 1
8285 712 1
8285 1121 1
8285 1298 1
8285 2281 1
8285 2446 1
8285 2644 1
8285 2890 1
8285 3194 1
8285 3722 1
8285 3741 1
8285 3820 1
8285 4167 1
8285 4635 1
8285 6828 1
8285 7875 1
8286 1061 1
8286 1137 1
8286 6369 1
8286 6806 1
8286 7472 1
8286 7589 1
8286 7984 1
8287 35 1
8287 669 1
8287 1961 1
8287 2271 1
8287 2406 1
8287 2572 1
8287 2817 1
8287 3101 1
8287 4206 1
8287 4222 1
8287 4272 1
8287 5205 1
8287 5821 1
8287 5848 1
8287 6928 1
8287 7588 1
8288 639 1
8288 1550 1
8288 3653 1
8288 4811 1
8288 5074 1
8288 5954 1
8288 6001 1
8288 6510 1
8288 7144 1
8288 7584 1
8288 7960 1
8289 89 1
8289 335 1
8289 400 1
8289 1524 1
8289 4207 1
8289 4515 1
8289 5187 1
8289 6481 1
8290 941 1
8290 2111 1
8290 2588 1
8290 4198 1
8290 4647 1
8290 5433 1
8290 5505 1
8290 5786 1
8291 2013 1
8291 3449 1
8291 6769 1
8291 7475 1
8292 638 1
8292 801 1
8292 1034 1
8292 1166 1
8292 1873 1
8292 1942 1
8292 2472 1
8292 3268 1
8292 7401 1
8293 684 1
8293 3165 1
8293 4982 1
8293 5366 1
8293 7425 1
8294 2342 1
8294 3685 1
8294 3827 1
8294 5006 1
8294 5597 1
8294 7456 1
8295 115 1
8295 605 1
8295 698 1
8295 1172 1
8295 2341 1
8295 2618 1
8295 3427 1
8295 4910 1
8295 6221 1
8295 7145 1
8295 8118 1
8296 1726 1
8296 2226 1
8296 5203 1
8296 6943 1
8297 547 1
8297 612 1
8297 655 1
8297 1049 1
8297 1496 1
8297 2318 1
8297 2542 1
8297 3114 1
8297 6509 1
8297 7234 1
8297 7264 1
8297 8211 1
8298 445 1
8298 457 1
8298 841 1
8298 1576 1
8298 2402 1
8298 4305 1
8298 4844 1
8298 4926 1
8298 5059 1
8298 5276 1
8298 5329 1
8298 6537 1
8298 6932 1
8298 7202 1
8299 304 1
8299 3163 1
8299 3536 1
8299 5722 1
8300 1825 1
8300 2120 1
8300 2381 1
8300 2961 1
8300 4890 1
8300 5125 1
8300 5553 1
8300 7654 1
8301 1074 1
8301 6338 1
8301 7956 1
8302 318 1
8302 1004 1
8302 1351 1
8302 1502 1
8302 2213 1
8302 4389 1
8302 4863 1
8302 4977 1
8303 971 1
8303 1075 1
8303 1388 1
8303 2488 1
8303 3037 1
8303 4982 1
8303 5770 1
8303 6091 1
8303 6771 1
8303 8213 1
8304 4425 1
8304 6104 1
8304 6463 1
8304 6618 1
8305 71 1
8305 272 1
8305 309 1
8305 331 1
8305 587 1
8305 1019 1
8305 1391 1
8305 1569 1
8305 1592 1
8305 2514 1
8305 3737 1
8305 5562 1
8305 6386 1
8305 6513 1
8305 7008 1
8305 8047 1
8306 4188 1
8306 6243 1
8306 6418 1
8306 6594 1
8306 6807 1
8307 670 1
8307 4092 1
8307 6008 1
8307 7567 1
8308 1665 1
8308 3023 1
8308 3447 1
8308 6073 1
8308 7487 1
8309 180 1
8309 383 1
8309 870 1
8309 1038 1
8309 1632 1
8309 2316 1
8309 3370 1
8309 5631 1
8309 6670 1
8309 6703 1
8310 521 1
8310 3108 1
8310 6148 1
8310 6623 1
8310 7404 1
8311 1218 1
8311 1604 1
8311 3839 1
8311 5671 1
8312 671 1
8312 4330 1
8313 552 1
8313 2152 1
8313 3635 1
8313 3641 1
8313 3889 1
8313 3890 1
8313 3981 1
8313 4108 1
8313 5241 1
8313 5566 1
8313 5731 1
8313 6989 1
8313 7829 1
8314 5884 1
8315 658 1
8315 1213 1
8315 1388 1
8315 1520 1
8315 1939 1
8315 1973 1
8315 2271 1
8315 2294 1
8315 2349 1
8315 2488 1
8315 2585 1
8315 3101 1
8315 3120 1
8315 3231 1
8315 3422 1
8315 3426 1
8315 4204 1
8315 4272 1
8315 4359 1
8315 4827 1
8315 4833 1
8315 4982 1
8315 5115 1
8315 5228 1
8315 5309 1
8315 5652 1
8315 5770 1
8315 5804 1
8315 5812 1
8315 5848 1
8315 6472 1
8315 6975 1
8315 7116 1
8315 7315 1
8315 7383 1
8315 7995 1
8316 4335 1
8316 4666 1
8316 6170 1
8317 229 1
8317 482 1
8317 1474 1
8317 5185 1
8317 5189 1
8318 6420 1
8318 7484 1
